date,name,ticker,market,sector_group,close,ma20,ma60,ma120,ma200,above_ma200,RSI14,macd_hist,volume_ratio_20d,breakout_20d_high,return_5d,return_20d,trailing_eps_dart,consensus_eps_scrape,forward_eps_auto,source_primary,eps_source_used,manual_forward_eps,expected_eps,pe_now,fair_price_base,upside_base_pct,valuation_score,technical_score,market_regime,regime_weight_multiplier
2026-05-09,삼성전자,005930,KS,반도체와반도체장비,268500.0,224425.0,200032.5,161737.91666666666,129000.0,1,77.71739130434783,4858.942057850361,1.0157596113259237,0,18.805309734513266,27.55344418052257,7732.577940801414,36464.0,36464.0,DART|DAILY_DISC,TRAILING_DART,,7732.577940801414,34.72321935266162,92790.93528961697,-65.44099244334564,0.0,90.0,NEUTRAL,1.0
2026-05-09,SK하이닉스,000660,KS,반도체와반도체장비,1686000.0,1260300.0,1042550.0,848950.0,649977.5,1,92.7536231884058,45577.72319971133,1.0518050148541696,1,30.39443155452437,63.21393998063891,60260.64190203718,224066.0,224066.0,DART|DAILY_DISC,TRAILING_DART,,60260.64190203718,27.978460679872093,723127.7028244461,-57.109863414920156,0.0,100.0,NEUTRAL,1.0
2026-05-09,현대차,005380,KS,자동차,613000.0,531400.0,519216.6666666667,432937.5,350515.0,1,68.20276497695852,6808.251551644955,3.79332882592793,1,10.251798561151082,20.669291338582685,50619.69175811383,40715.0,40715.0,DART|DAILY_DISC,TRAILING_DART,,50619.69175811383,12.109911749941508,607436.301097366,-0.9076180917836796,47.7309547705408,100.0,NEUTRAL,1.0
2026-05-09,LG에너지솔루션,373220,KS,전기제품,476500.0,449925.0,410616.6666666667,410937.5,400345.0,1,67.95252225519287,952.9412691567923,0.7336142502350862,0,0.7399577167019,17.364532019704427,345.3119658119658,-416.0,-416.0,DART|DAILY_DISC,TRAILING_DART,,345.3119658119658,1379.9116369441729,4143.74358974359,-99.13037909973902,0.0,95.0,NEUTRAL,1.0
2026-05-09,SK스퀘어,402340,KS,복합기업,1098000.0,776250.0,631550.0,501158.3333333333,377538.5,1,97.22222222222223,39493.42337111721,1.0655648067786727,1,32.28915662650602,89.96539792387543,66829.3639178036,187971.0,187971.0,DART,TRAILING_DART,,66829.3639178036,16.42990349796654,801952.3670136431,-26.962443805679126,0.0,100.0,NEUTRAL,1.0
2026-05-09,삼성바이오로직스,207940,KS,제약,1472000.0,1535650.0,1598733.3333333333,1684324.853125,1668667.981875,0,16.972477064220186,-5754.009627329822,1.0671911864337535,0,-0.06788866259335169,-7.88485607008761,38546.45502083118,39968.0,39968.0,DART,TRAILING_DART,,38546.45502083118,38.187688055996475,462557.46024997416,-68.57625949388762,0.0,55.0,NEUTRAL,1.0
2026-05-09,한화에어로스페이스,012450,KS,우주항공과국방,1307000.0,1439500.0,1365783.3333333333,1200191.6666666667,1101425.0,1,29.051383399209485,-17824.614539550126,1.1816166709525107,0,-7.95774647887324,-11.92722371967655,42704.38030261037,46112.0,46112.0,DART|DAILY_DISC,TRAILING_DART,,42704.38030261037,30.6057596606807,512452.56363132445,-60.79169367778696,0.0,70.0,NEUTRAL,1.0
2026-05-09,두산에너빌리티,034020,KS,기계,129600.0,117410.0,105245.0,93677.5,83636.0,1,71.46118721461187,1041.7332612966538,1.0406870343713952,0,0.3095975232198178,28.06324110671936,320.2863634192387,512.0,512.0,DART,TRAILING_DART,,320.2863634192387,404.637895339803,3843.436361030864,-97.03438552389593,0.0,90.0,NEUTRAL,1.0
2026-05-09,기아,000270,KS,자동차,164500.0,155075.0,161268.33333333334,145885.0,129817.5,1,59.375,898.5629413958702,2.9571023160769374,1,4.843849585723392,3.3291457286432236,19349.186729689773,21385.0,21385.0,DART|DAILY_DISC,TRAILING_DART,,19349.186729689773,8.501649309507565,232190.2407562773,41.14908252661233,100.0,100.0,NEUTRAL,1.0
2026-05-09,KB금융,105560,KS,은행,161700.0,158940.0,155265.0,141962.5,130898.0,1,48.125,-24.12286449459043,1.0979816420269717,1,0.6849315068493178,3.653846153846163,15665.033853854356,16924.0,16924.0,DART|DAILY_DISC,TRAILING_DART,,15665.033853854356,10.32235241293232,187980.40624625227,16.25257034400265,90.63142586000663,100.0,NEUTRAL,1.0
2026-05-09,HD현대중공업,329180,KS,조선,658000.0,590825.0,559258.3333333334,561837.5,535717.5,1,74.88653555219365,7622.968954583404,1.1362887171223366,0,-4.637681159420293,35.81011351909184,13485.785488879346,25210.0,25210.0,DART|DAILY_DISC,TRAILING_DART,,13485.785488879346,48.79211526407566,161829.42586655216,-75.40586233031122,0.0,90.0,NEUTRAL,1.0
2026-05-09,삼성전기,009150,KS,전자장비와기기,914000.0,747200.0,523766.6666666667,392441.6666666667,307578.5,1,84.98727735368956,9925.606764537035,0.699027785365077,1,10.519951632406288,77.82101167315174,9786.495465668211,14602.0,14602.0,DART|DAILY_DISC,TRAILING_DART,,9786.495465668211,93.39400434061236,117437.94558801854,-87.15120945426493,0.0,95.0,NEUTRAL,1.0
2026-05-09,삼성생명,032830,KS,생명보험,295000.0,256675.0,230858.33333333334,196966.66666666666,176295.0,1,68.5,4283.564917987758,0.8953896863045071,0,17.06349206349207,23.689727463312373,12257.575,12321.0,12321.0,DART,TRAILING_DART,,12257.575,24.066750560367772,147090.90000000002,-50.13867796610169,0.0,95.0,NEUTRAL,1.0
2026-05-09,삼성물산,028260,KS,복합기업,422500.0,319550.0,303558.3333333333,280225.0,242340.0,1,82.63305322128852,11822.046092387303,1.8724004425156502,1,36.95299837925445,36.731391585760505,24090.01117695868,15388.0,15388.0,DART,TRAILING_DART,,24090.01117695868,17.53838953815462,289080.13412350416,-31.578666479643992,0.0,100.0,NEUTRAL,1.0
2026-05-09,신한지주,055550,KS,은행,98000.0,99060.0,96058.33333333333,87847.5,80623.5,1,39.784946236559136,-403.51177048106047,1.1606870094448811,0,-2.0000000000000018,1.3443640124095158,10712.045264448756,11394.0,11394.0,DART|DAILY_DISC,TRAILING_DART,,10712.045264448756,9.148579713833303,128544.54317338507,31.167901197331705,100.0,75.0,NEUTRAL,1.0
2026-05-09,셀트리온,068270,KS,제약,198400.0,202520.0,210531.66666666666,203213.33333333334,191777.0,1,38.00904977375566,-402.784702419101,1.2297456810796439,0,-2.7450980392156876,-1.7821782178217838,4647.615893683153,6378.0,6378.0,DART|DAILY_DISC,TRAILING_DART,,4647.615893683153,42.68855355918225,55771.390724197845,-71.88941999788415,0.0,70.0,NEUTRAL,1.0
2026-05-09,삼성SDI,006400,KS,전기제품,678000.0,599075.0,470491.6666666667,391112.5,324631.5,1,77.9020979020979,3501.4490593048395,0.4888666253949895,0,-4.7752808988763995,43.796394485684,-7257.821081948583,1135.0,1135.0,DART|DAILY_DISC,TRAILING_DART,,-7257.821081948583,-93.41646650484394,-87093.852983383,-112.84570102999749,0.0,85.0,NEUTRAL,1.0
2026-05-09,한화오션,042660,KS,조선,126100.0,129685.0,129810.0,127345.0,120658.75,1,37.16814159292036,-407.07180657045706,0.8539608904162936,0,-4.686318972033254,-1.2529365700861383,4066.145810218727,4475.0,4475.0,DART|DAILY_DISC,TRAILING_DART,,4066.145810218727,31.01216874296419,48793.74972262472,-61.30551171877501,0.0,65.0,NEUTRAL,1.0
2026-05-09,HD현대일렉트릭,267260,KS,전기장비,1403000.0,1172400.0,1024150.0,931425.0,793772.5,1,78.29181494661921,24613.26823911321,0.9901192560212729,0,11.349206349206353,43.16326530612245,20301.646477729784,27050.0,27050.0,DART|DAILY_DISC,TRAILING_DART,,20301.646477729784,69.10769535559804,243619.75773275743,-82.63579773822114,0.0,85.0,NEUTRAL,1.0
2026-05-09,미래에셋증권,006800,KS,증권,79600.0,70360.0,66342.5009765625,46617.81357421875,36336.296875,1,61.82336182336183,1129.7264173338483,1.220036402432714,0,17.577548005908426,17.577548005908426,2828.823607287122,3466.0,3466.0,DART|DAILY_DISC,TRAILING_DART,,2828.823607287122,28.138905442866204,33945.88328744546,-57.35441798059615,0.0,100.0,NEUTRAL,1.0
2026-05-09,현대모비스,012330,KS,자동차부품,509000.0,430825.0,425541.6666666667,399787.5,361235.0,1,69.71153846153845,5154.987462263287,4.480628807632604,1,15.945330296127569,25.06142506142506,40390.51770409755,47937.0,47937.0,DART|DAILY_DISC,TRAILING_DART,,40390.51770409755,12.601967712544642,484686.21244917053,-4.776775550261192,38.05806112434702,100.0,NEUTRAL,1.0
2026-05-09,고려아연,010130,KS,비철금속,1559000.0,1637400.0,1649733.3333333333,1521325.0,1285215.0,1,37.43016759776536,-7184.025585546398,0.8175169942820683,0,-2.8054862842892714,-1.6403785488959044,36901.76213513276,65142.0,65142.0,DART|DAILY_DISC,TRAILING_DART,,36901.76213513276,42.24730500107298,442821.1456215931,-71.59582131997479,0.0,65.0,NEUTRAL,1.0
2026-05-09,하나금융지주,086790,KS,은행,126500.0,123365.0,117975.0,106935.0,98948.0,1,59.09090909090909,147.65842169840744,0.8484383543139234,0,-0.4720692368214041,8.027327070879586,14712.50913937596,15539.0,15539.0,DART|DAILY_DISC,TRAILING_DART,,14712.50913937596,8.598125499982906,176550.10967251152,39.56530408894192,100.0,95.0,NEUTRAL,1.0
2026-05-09,NAVER,035420,KS,양방향미디어와서비스,215000.0,211400.0,221716.66666666666,236825.0,238453.75,0,45.45454545454546,354.0776171600115,1.9304115997100972,0,-2.2727272727272707,6.699751861042191,11595.25484050195,13899.0,13899.0,DART|DAILY_DISC,TRAILING_DART,,11595.25484050195,18.542067678323903,139143.0580860234,-35.28229856464028,0.0,85.0,NEUTRAL,1.0
2026-05-09,POSCO홀딩스,005490,KS,철강,525000.0,425925.0,380191.6666666667,351937.5,330457.5,1,86.72985781990522,11866.424321764498,0.7957929511404549,0,11.940298507462677,44.827586206896555,6365.393138701126,22435.0,22435.0,DART|DAILY_DISC,TRAILING_DART,,6365.393138701126,82.47723095185407,76384.71766441352,-85.45052996868314,0.0,85.0,NEUTRAL,1.0
2026-05-09,HD한국조선해양,009540,KS,조선,452000.0,438100.0,414216.6666666667,419883.3333333333,409640.0,1,63.0952380952381,594.2914449512064,1.3080738408496264,0,-4.23728813559322,16.04621309370988,41377.22670003678,47566.0,47566.0,DART|DAILY_DISC,TRAILING_DART,,41377.22670003678,10.923883402741398,496526.7204004413,9.85104433638082,74.62761084095204,100.0,NEUTRAL,1.0
2026-05-09,한국전력,015760,KS,전기유틸리티,44050.0,44857.5,48881.666666666664,50762.916666666664,46025.0,0,35.53719008264463,104.16492550426346,0.7053495356331246,0,-1.0112359550561778,0.3416856492027387,13500.219576928132,14016.0,14016.0,DART,TRAILING_DART,,13500.219576928132,3.2629098918717907,162002.63492313758,267.769886318133,100.0,60.0,NEUTRAL,1.0
2026-05-09,LS ELECTRIC,010120,KS,전기장비,313000.0,227875.0,175311.66666666666,137366.66666666666,107693.5,1,93.13453536754508,9924.519155208509,0.8980065133856476,0,14.652014652014644,98.6040609137056,1895.0448878133327,3040.0,3040.0,DART,TRAILING_DART,,1895.0448878133327,165.16759155038622,22740.53865375999,-92.73465218729713,0.0,85.0,NEUTRAL,1.0
2026-05-09,효성중공업,298040,KS,전기장비,4398000.0,3520400.0,2900283.3333333335,2480450.0,2054365.0,1,85.37688442211055,110513.37954719597,0.9823549776857119,0,10.44701155198393,50.10238907849829,53926.22440948344,85605.0,85605.0,DART|DAILY_DISC,TRAILING_DART,,53926.22440948344,81.5558672642131,647114.6929138013,-85.28615977913138,0.0,85.0,NEUTRAL,1.0
2026-05-09,한미반도체,042700,KS,반도체와반도체장비,390000.0,324600.0,285520.0,216279.16666666666,170961.5,1,82.02614379084967,8155.163138072097,0.6224873936956286,0,9.090909090909083,39.037433155080215,2245.3321653576354,,2469.865381893399,DART,TRAILING_DART,,2245.3321653576354,173.69367705017532,26943.985984291627,-93.09128564505342,0.0,85.0,NEUTRAL,1.0
2026-05-09,SK,034730,KS,석유와가스,550000.0,410900.0,367566.6666666667,321183.3333333333,278685.5,1,96.1340206185567,16973.697413205962,0.9006883816718689,1,29.41176470588236,60.81871345029239,49036.04766294023,43752.0,43752.0,DART,TRAILING_DART,,49036.04766294023,11.216238384066813,588432.5719552828,6.987740355505978,67.46935088876495,95.0,NEUTRAL,1.0
2026-05-09,우리금융지주,316140,KS,은행,32850.0,34247.5,34333.333333333336,31175.0,28872.75,1,23.58490566037736,-245.922139138194,1.2308469868515086,0,-1.94029850746269,-1.646706586826352,4396.692703559761,4486.0,4486.0,DART|DAILY_DISC,TRAILING_DART,,4396.692703559761,7.4715251246472505,52760.31244271713,60.60977912547072,100.0,70.0,NEUTRAL,1.0
2026-05-09,삼성중공업,010140,KS,조선,31950.0,30945.0,28852.5,27770.416666666668,25318.7,1,62.645914396887164,27.490074311280978,1.1250521720743807,0,-3.1818181818181857,12.897526501766787,608.811062740909,1358.0,1358.0,DART|DAILY_DISC,TRAILING_DART,,608.811062740909,52.47933547094055,7305.732752890908,-77.13385679846351,0.0,100.0,NEUTRAL,1.0
2026-05-09,LG화학,051910,KS,화학,429500.0,383950.0,343408.3333333333,348783.3333333333,332445.0,1,77.90697674418604,3965.745466973509,0.916598985123944,1,5.39877300613496,24.67343976777938,-13840.920395573214,-3822.0,-3822.0,DART|DAILY_DISC,TRAILING_DART,,-13840.920395573214,-31.031173341432435,-166091.04474687856,-138.67079039508232,0.0,95.0,NEUTRAL,1.0
2026-05-09,한화시스템,272210,KS,우주항공과국방,115900.0,127030.0,127196.66666666667,96331.66666666667,79884.25,1,27.605633802816897,-1489.1334532898886,0.9960592626946122,0,-1.8628281117696877,-11.255742725880546,1107.0609349578194,1603.0,1603.0,DART|DAILY_DISC,TRAILING_DART,,1107.0609349578194,104.69161754354195,13284.731219493833,-88.53776426273181,0.0,65.0,NEUTRAL,1.0
2026-05-09,현대로템,064350,KS,우주항공과국방,223000.0,230775.0,212690.0,204784.16666666666,204807.5,1,53.53982300884957,-459.138610843087,1.1033519935669138,0,-15.530303030303028,7.9903147699757815,7059.519988278054,8562.0,8562.0,DART|DAILY_DISC,TRAILING_DART,,7059.519988278054,31.58854998219132,84714.23985933665,-62.011551632584464,0.0,85.0,NEUTRAL,1.0
2026-05-09,카카오,035720,KS,양방향미디어와서비스,46000.0,48032.5,50795.0,55265.0,57479.0,0,20.886075949367083,-178.51099745047475,2.288144059546171,0,-4.958677685950407,-3.866248693834906,1169.206374540987,1485.0,1485.0,DART,TRAILING_DART,,1169.206374540987,39.34292610922422,14030.476494491846,-69.49896414240904,0.0,60.0,NEUTRAL,1.0
2026-05-09,SK이노베이션,096770,KS,석유와가스,134700.0,132685.0,122603.33333333333,116760.0,114516.0,1,58.40163934426229,173.23526781997225,0.8286082110281779,0,-10.08010680907877,11.877076411960141,-32158.24770071228,995.0,995.0,DART,TRAILING_DART,,-32158.24770071228,-4.188661063053399,-385898.97240854736,-386.4877300731606,0.0,95.0,NEUTRAL,1.0
2026-05-09,두산,000150,KS,복합기업,1735000.0,1494000.0,1219016.6666666667,1037600.0,878790.0,1,83.55704697986577,25465.09912376228,0.9123410090255512,0,10.368956743002556,44.102990033222596,15407.777095419337,19872.0,19872.0,DART,TRAILING_DART,,15407.777095419337,112.60547120167047,184893.32514503202,-89.3433241991336,0.0,85.0,NEUTRAL,1.0
2026-05-09,삼성화재,000810,KS,손해보험,499000.0,474500.0,489891.6666666667,491104.1666666667,476057.5,1,53.62903225806451,3667.3768821478916,1.022543762626426,1,7.543103448275867,6.623931623931623,45249.75315523456,44013.0,44013.0,DART,TRAILING_DART,,45249.75315523456,11.027684466877028,542997.0378628147,8.817041655874691,72.04260413968673,100.0,NEUTRAL,1.0
2026-05-09,SK텔레콤,017670,KS,무선통신서비스,93500.0,96415.0,84391.66666666667,70641.66666666667,64349.5,1,44.73684210526316,-1191.6440892770902,0.9030832911021628,0,-2.1966527196652708,5.0561797752809,1746.281984482773,5734.0,5734.0,DART,TRAILING_DART,,1746.281984482773,53.542326400219686,20955.383813793276,-77.58782479808207,0.0,70.0,NEUTRAL,1.0
2026-05-09,포스코퓨처엠,003670,KS,화학,290000.0,247700.0,224765.0,215000.0,193447.0,1,75.87548638132296,4548.63390642979,0.7487612281429501,0,11.111111111111116,33.33333333333333,410.6064444784725,313.0,313.0,DART|DAILY_DISC,TRAILING_DART,,410.6064444784725,706.2724024420525,4927.27733374167,-98.30093885043391,0.0,85.0,NEUTRAL,1.0
2026-05-09,HD현대,267250,KS,조선,289000.0,273100.0,266941.6666666667,240542.5,206181.0,1,64.15094339622641,1929.7259630971494,1.1269446205398195,0,-3.9867109634551534,15.139442231075705,46529.16929374261,19327.0,19327.0,DART|DAILY_DISC,TRAILING_DART,,46529.16929374261,6.211157525197116,558350.0315249113,93.2007029497963,100.0,100.0,NEUTRAL,1.0
2026-05-09,LG전자,066570,KS,전자제품,154100.0,131610.0,121820.0,107965.83333333333,96563.5,1,72.26624405705229,2448.0064224540447,1.379872799862169,1,13.475699558173782,32.047986289631524,7492.412487484298,9479.0,9479.0,DART,TRAILING_DART,,7492.412487484298,20.56747412898267,89908.94984981159,-41.65545110330202,0.0,100.0,NEUTRAL,1.0
2026-05-09,HMM,011200,KS,해운사,20600.0,20952.5,21013.5,20539.083333333332,21242.65,0,41.66666666666667,-28.533157047582165,0.8330240426828179,0,-0.7228915662650603,-0.2421307506053294,1991.7900463655,1280.0,1280.0,DART,TRAILING_DART,,1991.7900463655,10.342455540226066,23901.480556386,16.02660464265049,90.06651160662622,50.0,NEUTRAL,1.0
2026-05-09,메리츠금융지주,138040,KS,湲고?,112400.0,115225.0,117708.33333333333,113968.33333333333,115526.0,0,32.044198895027634,-383.26628482799015,1.0248659446366983,0,-1.316944688323085,-4.340425531914893,,,,,FORWARD_AUTO,,,,,,,55.0,NEUTRAL,1.0
2026-05-09,현대건설,000720,KS,건설,164000.0,172050.0,155161.66666666666,117470.83333333333,95693.5,1,34.151329243353786,-2080.4953107268843,0.6610029508437482,0,-2.7283511269276417,-13.089560148383683,5020.557310167103,4318.0,4318.0,DART|DAILY_DISC,TRAILING_DART,,5020.557310167103,32.66569623015447,60246.68772200524,-63.264214803655335,0.0,70.0,NEUTRAL,1.0
2026-05-09,KT&G,033780,KS,담배,181000.0,172995.0,165165.0,154870.83333333334,147478.5,1,69.68503937007874,240.92028866973124,1.2600333003326716,1,2.5495750708215192,14.195583596214512,9612.384457183936,11414.0,11414.0,DART,TRAILING_DART,,9612.384457183936,18.829875230877533,115348.61348620724,-36.27148426176395,0.0,100.0,NEUTRAL,1.0
2026-05-09,LIG디펜스앤에어로스페이스,079550,KS,우주항공과국방,840000.0,929900.0,743616.6666666666,594079.1666666666,564130.0,1,46.126126126126124,-18935.255710292695,1.1269799243455003,0,-13.223140495867769,0.8403361344537785,10794.524381636364,17024.0,17024.0,DART,TRAILING_DART,,10794.524381636364,77.81723124633517,129534.29257963636,-84.57925088337662,0.0,85.0,NEUTRAL,1.0
2026-05-09,한국항공우주,047810,KS,우주항공과국방,166800.0,181655.0,180290.0,154481.66666666666,131709.0,1,29.98266897746967,-1432.1704348107733,0.8565347445215173,0,0.30066145520144527,-12.394957983193278,1921.6456556852,3750.0,3750.0,DART|DAILY_DISC,TRAILING_DART,,1921.6456556852,86.80060213313585,23059.7478682224,-86.17521111017842,0.0,65.0,NEUTRAL,1.0
2026-05-09,기업은행,024110,KS,은행,21800.0,22295.0,23330.833333333332,22120.416666666668,21087.85,1,28.57142857142857,-36.17021266202573,0.9466011114531924,0,-3.325942350332589,-0.9090909090909038,3409.5558041145014,3499.0,3499.0,DART|DAILY_DISC,TRAILING_DART,,3409.5558041145014,6.393794749947404,40914.66964937402,87.68197086868814,100.0,65.0,NEUTRAL,1.0
2026-05-09,현대글로비스,086280,KS,항공화물운송과물류,251000.0,227200.0,234600.0,217647.5,197244.5,1,62.08791208791209,1758.3916053021562,4.92481735949545,1,5.2410901467505155,13.832199546485269,23129.296707266665,24033.0,24033.0,DART|DAILY_DISC,TRAILING_DART,,23129.296707266665,10.852037706842244,277551.5604872,10.578310951075686,76.44577737768921,100.0,NEUTRAL,1.0
2026-05-09,KT,030200,KS,다각화된통신서비스,59300.0,61725.0,61320.0,56973.333333333336,55264.5,1,23.4567901234568,-419.0951468666791,0.58235545780798,0,-1.983471074380161,-2.786885245901638,7288.142685023315,5829.0,5829.0,DART,TRAILING_DART,,7288.142685023315,8.136503710589785,87457.71222027978,47.48349446927449,100.0,65.0,NEUTRAL,1.0
2026-05-09,에이피알,278470,KS,화장품,434000.0,420250.0,348558.3333333333,296958.3333333333,265707.0,1,55.96330275229357,-4644.181937962148,1.680830954007999,0,-3.7694013303769425,29.359165424739196,7736.888030059174,13387.0,13387.0,DART|DAILY_DISC,TRAILING_DART,,7736.888030059174,56.094905123847404,92842.65636071008,-78.60768286619584,0.0,95.0,NEUTRAL,1.0
2026-05-09,삼성에피스홀딩스,0126Z0,KS,제약,530000.0,558050.0,559133.3333333334,,,0,25.766871165644176,-5461.232601130252,0.7918777601549156,0,-5.187835420393561,0.5692599620493288,,,-8583.300000000001,SCRAPE,FORWARD_AUTO,,-8583.300000000001,-61.74781261286451,-102999.6,-119.43388679245284,0.0,50.0,NEUTRAL,1.0
2026-05-09,LG,003550,KS,복합기업,108900.0,96770.0,94016.66666666667,89016.66666666667,84242.0,1,85.11627906976744,1255.13311321128,2.0481226778713575,1,10.783316378433373,18.627450980392158,6484.961232890973,7820.0,7820.0,DART|DAILY_DISC,TRAILING_DART,,6484.961232890973,16.792698689958513,77819.53479469169,-28.54037208935566,0.0,100.0,NEUTRAL,1.0
2026-05-09,한국금융지주,071050,KS,증권,268500.0,257550.0,240916.66666666666,206915.0,183799.0,1,55.399061032863855,1163.3928311889395,0.5905016347793847,0,7.831325301204828,12.343096234309625,36326.89033153506,36407.0,36407.0,DART,TRAILING_DART,,36326.89033153506,7.391218944136197,435922.68397842074,62.35481712417905,100.0,95.0,NEUTRAL,1.0
2026-05-09,삼성에스디에스,018260,KS,IT서비스,175400.0,170260.0,166138.33333333334,169573.33333333334,167183.5,1,31.69014084507043,-52.2428117049476,0.6912132574742855,0,3.055229142185656,13.896103896103895,10114.90659483728,10437.0,10437.0,DART|DAILY_DISC,TRAILING_DART,,10114.90659483728,17.340743422141475,121378.87913804737,-30.798814630531712,0.0,75.0,NEUTRAL,1.0
2026-05-09,S-Oil,010950,KS,석유와가스,116800.0,120335.0,115468.33333333333,101214.16666666667,86322.25,1,48.77126654064272,-375.1703638810336,0.6926045405746201,0,-13.030528667163066,4.192685102586968,1571.749970457297,10828.0,10828.0,DART,TRAILING_DART,,1571.749970457297,74.31207392739273,18860.999645487565,-83.85188386516475,0.0,80.0,NEUTRAL,1.0
2026-05-09,포스코인터내셔널,047050,KS,무역회사와판매업체,78000.0,79030.0,75111.66666666667,65122.083333333336,59451.25,1,60.07751937984496,-159.4930390794293,0.9338130515547303,0,-8.127208480565374,6.267029972752036,3619.7835041131793,4563.0,4563.0,DART|DAILY_DISC,TRAILING_DART,,3619.7835041131793,21.548250029696025,43437.40204935815,-44.3110230136434,0.0,80.0,NEUTRAL,1.0
2026-05-09,NH투자증권,005940,KS,증권,36600.0,35347.5,33397.5,27703.333333333332,24689.55,1,56.60377358490566,149.53057737719587,0.8415468633442033,0,5.780346820809257,8.124076809453463,2894.6746174064,3532.0,3532.0,DART|DAILY_DISC,TRAILING_DART,,2894.6746174064,12.643908154621274,34736.095408876805,-5.0926354948721215,37.2684112628197,95.0,NEUTRAL,1.0
2026-05-09,크래프톤,259960,KS,게임엔터테인먼트,273000.0,262825.0,249083.33333333334,248650.0,274587.5,0,57.674418604651166,480.7086413543475,0.8352814534683207,0,-1.6216216216216162,16.666666666666675,15476.264619080754,21054.0,21054.0,DART|DAILY_DISC,TRAILING_DART,,15476.264619080754,17.639915491197865,185715.17542896903,-31.972463212831858,0.0,80.0,NEUTRAL,1.0
2026-05-09,카카오뱅크,323410,KS,은행,23650.0,24905.0,25176.666666666668,23583.333333333332,24232.25,0,28.26086956521739,-143.08062431921095,1.361729605694596,0,-3.665987780040736,-4.828973843058348,1006.62214978647,1229.0,1229.0,DART|DAILY_DISC,TRAILING_DART,,1006.62214978647,23.494416455088697,12079.46579743764,-48.92403468313894,0.0,55.0,NEUTRAL,1.0
2026-05-09,DB손해보험,005830,KS,손해보험,164600.0,169270.0,176156.66666666666,152279.16666666666,145057.5,1,41.29032258064517,-665.1761457260648,1.062627688897262,0,-4.4134727061556305,-1.9070321811680557,25806.828663668857,,28387.511530035747,DART,TRAILING_DART,,25806.828663668857,6.378156810554787,309681.9439640263,88.1421287752286,100.0,70.0,NEUTRAL,1.0
2026-05-09,현대오토에버,307950,KS,IT서비스,592000.0,440825.0,423941.6666666667,374984.1666666667,290288.5,1,77.00348432055749,10065.628929548351,6.6033430572267,1,24.894514767932495,42.47894103489771,6811.167028916516,8097.0,8097.0,DART|DAILY_DISC,TRAILING_DART,,6811.167028916516,86.91608904710301,81734.00434699819,-86.19358034679084,0.0,100.0,NEUTRAL,1.0
2026-05-09,대우건설,047040,KS,건설,32850.0,30645.0,18290.166666666668,11137.958333333334,8192.6,1,62.03966005665722,-527.4659899953222,0.17230251314390793,0,-10.97560975609756,45.67627494456763,-2229.4049795492,698.0,698.0,DART|DAILY_DISC,TRAILING_DART,,-2229.4049795492,-14.734873341245734,-26752.8597545904,-181.43945130773332,0.0,85.0,NEUTRAL,1.0
2026-05-09,키움증권,039490,KS,증권,452500.0,449800.0,442383.3333333333,377654.1666666667,322422.0,1,48.372093023255815,878.7211824133256,0.5963868242802552,0,6.847697756788662,-1.5233949945593017,42510.32405957744,55287.0,55287.0,DART|DAILY_DISC,TRAILING_DART,,42510.32405957744,10.644473078253403,510123.8887149293,12.734561041973326,81.83640260493331,95.0,NEUTRAL,1.0
2026-05-09,하이브,352820,KS,방송과엔터테인먼트,247500.0,252625.0,312341.6666666667,317520.8333333333,303962.5,0,35.460992907801426,2653.3547604911982,0.8832663509198497,0,-1.980198019801982,-4.99040307101728,-5901.903587443894,9772.0,9772.0,DART,TRAILING_DART,,-5901.903587443894,-41.93562235183715,-70822.84304932674,-128.61529012094007,0.0,60.0,NEUTRAL,1.0
2026-05-09,삼양식품,003230,KS,식품,1360000.0,1311700.0,1207083.3333333333,1234975.0,1315165.0,1,48.717948717948715,-6609.524204665679,1.5591669287727181,0,3.5007610350076046,16.140051238257904,51596.03090196953,70582.0,70582.0,DART|DAILY_DISC,TRAILING_DART,,51596.03090196953,26.358616665377763,619152.3708236343,-54.474090380615124,0.0,95.0,NEUTRAL,1.0
2026-05-09,LS,006260,KS,전기장비,543000.0,388125.0,303875.0,252596.66666666666,224041.0,1,83.38658146964856,16289.392232784863,1.1560121412655229,1,29.749103942652333,89.19860627177701,15549.51923076923,14858.0,14858.0,DART,TRAILING_DART,,15549.51923076923,34.92069381318987,186594.23076923075,-65.63642158946026,0.0,100.0,NEUTRAL,1.0
2026-05-09,한화,000880,KS,복합기업,141300.0,131035.0,124428.33333333333,109264.16666666667,101095.5,1,63.79928315412186,1052.9190039441337,1.0227886567197721,1,6.641509433962267,14.135702746365109,28246.47256998182,10406.0,10406.0,DART|DAILY_DISC,TRAILING_DART,,28246.47256998182,5.0023945343944565,338957.6708397818,139.88511736714918,100.0,100.0,NEUTRAL,1.0
2026-05-09,삼성증권,016360,KS,증권,137200.0,116055.0,104320.0,92658.33333333333,84658.75,1,69.91017964071857,3330.370780574407,1.4707175804857187,0,26.21895124195033,31.417624521072796,11279.13476087346,15228.0,15228.0,DART|DAILY_DISC,TRAILING_DART,,11279.13476087346,12.164053618362406,135349.61713048152,-1.3486755608735246,46.62831109781619,100.0,NEUTRAL,1.0
2026-05-09,삼성E&A,028050,KS,건설,62400.0,53170.0,41192.5,33647.5,31118.75,1,69.10828025477707,476.79913958948964,1.0734855845252627,0,14.917127071823199,23.564356435643564,3307.693569505102,3544.0,3544.0,DART|DAILY_DISC,TRAILING_DART,,3307.693569505102,18.865109082440277,39692.322834061226,-36.39050827874804,0.0,100.0,NEUTRAL,1.0
2026-05-09,LG이노텍,011070,KS,전자장비와기기,624000.0,487575.0,350666.6666666667,307741.6666666667,257267.0,1,88.1619937694704,11748.086286061458,0.6755895202463682,0,5.405405405405395,79.82708933717579,14419.252847422376,26048.0,26048.0,DART|DAILY_DISC,TRAILING_DART,,14419.252847422376,43.2754738822371,173031.0341690685,-72.27066760111082,0.0,85.0,NEUTRAL,1.0
2026-05-09,대한항공,003490,KS,항공사,27050.0,24957.5,24881.666666666668,23729.166666666668,23678.75,1,65.54621848739495,186.49033430161543,2.032361411589021,1,7.768924302788838,8.416833667334679,1757.8396566047118,498.0,498.0,DART,TRAILING_DART,,1757.8396566047118,15.388206710643562,21094.07587925654,-22.018203773543288,0.0,100.0,NEUTRAL,1.0
2026-05-09,이수페타시스,007660,KS,전자장비와기기,141100.0,138310.0,120468.33333333333,122395.83333333333,102994.75,1,60.40723981900452,-425.8022987994318,0.6536751685449528,0,-3.356164383561644,17.485428809325555,2186.136344768904,3578.0,3578.0,DART,TRAILING_DART,,2186.136344768904,64.5430923545236,26233.63613722685,-81.40777027836509,0.0,85.0,NEUTRAL,1.0
2026-05-09,현대차2우B,005387,KS,자동차,271500.0,250025.0,258908.33333333334,243500.83333333334,215979.5,1,64.58333333333334,2124.949519877941,2.251050102194031,1,5.029013539651839,10.141987829614596,,40715.0,40715.0,SCRAPE,CONSENSUS_SCRAPE,,40715.0,6.668304064840967,488580.0,79.95580110497238,100.0,100.0,NEUTRAL,1.0
2026-05-09,HD현대마린솔루션,443060,KS,조선,240500.0,228365.0,193270.0,193396.66666666666,200319.5,1,66.89694876223373,1095.1535985671144,1.284718583115047,0,-10.42830540037244,36.029411764705884,6012.725498478146,7713.0,7713.0,DART|DAILY_DISC,TRAILING_DART,,6012.725498478146,39.998499858487115,72152.70598173774,-69.99887485166829,0.0,100.0,NEUTRAL,1.0
2026-05-09,SK바이오팜,326030,KS,제약,99400.0,101495.0,102593.33333333333,114442.5,110572.5,0,22.65625,-325.4921612987792,0.9803883392687791,0,-2.3575638506876273,0.20161290322580072,3233.8569478217287,3458.0,3458.0,DART,TRAILING_DART,,3233.8569478217287,30.73729036374171,38806.283373860744,-60.959473466940906,0.0,50.0,NEUTRAL,1.0
2026-05-09,HD건설기계,267270,KS,기계,185100.0,177955.0,149186.66666666666,126658.33333333333,113423.5,1,65.95477386934674,-705.3577838424335,0.7086620393816425,0,-5.561224489795913,15.040397762585457,1814.20521373629,9801.0,9801.0,DART,TRAILING_DART,,1814.20521373629,102.02814907514968,21770.46256483548,-88.2385399433628,0.0,85.0,NEUTRAL,1.0
2026-05-09,한진칼,180640,KS,항공사,114100.0,114295.0,122120.0,117920.83333333333,114571.0,0,41.711229946524064,155.00164429694632,1.0715947559667074,0,0.7060900264783676,-0.5231037489102031,2384.3059941078404,,2622.736593518625,DART,TRAILING_DART,,2384.3059941078404,47.85459596292041,28611.671929294083,-74.9240386246327,0.0,65.0,NEUTRAL,1.0
2026-05-09,유한양행,000100,KS,제약,86600.0,93425.0,98848.33333333333,106410.83333333333,110869.0,0,2.564102564102569,-663.9613093282223,1.342500759944975,0,-7.081545064377681,-8.067940552016983,2326.7367031808026,2025.0,2025.0,DART|DAILY_DISC,TRAILING_DART,,2326.7367031808026,37.219510003694054,27920.84043816963,-67.75884475961936,0.0,55.0,NEUTRAL,1.0
2026-05-09,아모레퍼시픽,090430,KS,화장품,129400.0,134150.0,139021.66666666666,132341.66666666666,129190.5,1,45.70135746606335,-734.4391226481018,0.9389200598473972,0,-8.48656294200849,-0.6907137375287808,4228.1518939805865,5086.0,5086.0,DART,TRAILING_DART,,4228.1518939805865,30.604387743075282,50737.82272776704,-60.789936068186215,0.0,75.0,NEUTRAL,1.0
2026-05-09,카카오페이,377300,KS,IT서비스,57000.0,55760.0,57714.166666666664,54972.083333333336,56010.75,1,53.431372549019606,462.67261462666266,0.8327687846902916,0,0.7067137809187329,8.571428571428562,411.7767402043429,673.0,673.0,DART|DAILY_DISC,TRAILING_DART,,411.7767402043429,138.4245258042354,4941.320882452115,-91.33101599569804,0.0,90.0,NEUTRAL,1.0
2026-05-09,한화솔루션,009830,KS,에너지장비및서비스,47300.0,45822.5,46025.416666666664,36996.041666666664,34491.0,1,58.15217391304348,132.2207746722288,0.3914975125652531,0,-1.3555787278415,17.369727047146412,-3579.457341882489,235.0,235.0,DART|DAILY_DISC,TRAILING_DART,,-3579.457341882489,-13.214293531746419,-42953.488102589865,-190.81075708792784,0.0,95.0,NEUTRAL,1.0
2026-05-09,LG유플러스,032640,KS,무선통신서비스,15050.0,16601.0,16133.0,15707.833333333334,15387.25,0,19.590643274853804,-236.0843111813444,1.5187098959503857,0,-6.230529595015577,-6.695598264104152,1184.7194213141197,1712.0,1712.0,DART,TRAILING_DART,,1184.7194213141197,12.703429798851591,14216.633055769436,-5.537321888575175,36.15669527856206,60.0,NEUTRAL,1.0
2026-05-09,엘앤에프,066970,KS,전기제품,195800.0,192925.0,148828.33333333334,133813.33333333334,113469.5,1,62.30121608980355,-1202.6051616877303,0.900581161394601,0,-6.315789473684208,6.3552417164584485,-13246.394061626868,-71.0,-71.0,DART|DAILY_DISC,TRAILING_DART,,-13246.394061626868,-14.781381188651777,-158956.72873952243,-181.18321181793792,0.0,85.0,NEUTRAL,1.0
2026-05-09,한국타이어앤테크놀로지,161390,KS,자동차부품,62100.0,61805.0,62113.333333333336,61408.333333333336,53892.5,1,53.679653679653676,72.14810125895974,1.7445230094451853,0,1.4705882352941124,0.9756097560975618,971594538868.0,11517.0,11517.0,DART|DAILY_DISC,TRAILING_DART,,971594538868.0,6.391555069088017e-08,11659134466416.0,18774773597.93237,100.0,100.0,NEUTRAL,1.0
2026-05-09,대한전선,001440,KS,전기장비,72300.0,45942.5,35627.5,30258.75,25030.15,1,81.85654008438819,2906.054415906454,1.2190668655559451,1,41.2109375,130.25477707006368,482.0525579560551,562.0,562.0,DART|DAILY_DISC,TRAILING_DART,,482.0525579560551,149.98364557291907,5784.6306954726615,-91.99912766877917,0.0,100.0,NEUTRAL,1.0
2026-05-09,LG디스플레이,034220,KS,디스플레이패널,12330.0,13111.5,12378.833333333334,12345.333333333334,12329.9,1,37.5,-171.68390907394735,0.4560475154749257,0,-0.8045052292839916,1.8166804293971994,607.614,1442.0,1442.0,DART|DAILY_DISC,TRAILING_DART,,607.614,20.29248832317886,7291.368,-40.864817518248174,0.0,65.0,NEUTRAL,1.0
2026-05-09,한전기술,052690,KS,전기유틸리티,173600.0,182095.0,167210.0,136185.83333333334,119078.75,1,36.33156966490299,-1708.4633821404732,1.493763790794878,0,-10.191412312467662,0.4629629629629539,85367742275.0,1633.0,1633.0,DART|DAILY_DISC,TRAILING_DART,,85367742275.0,2.033555010050194e-06,1024412907300.0,590099500.9792627,100.0,75.0,NEUTRAL,1.0
2026-05-09,두산밥캣,241560,KS,기계,74900.0,72400.0,65105.0,62075.0,59833.5,1,60.48780487804878,-135.60829618052776,0.6212736610186446,0,0.5369127516778427,13.141993957703924,2.951289519343403,5316.0,5316.0,DART|DAILY_DISC,TRAILING_DART,,2.951289519343403,25378.736823035782,35.415474232120836,-99.95271632278757,0.0,85.0,NEUTRAL,1.0
2026-05-09,한미약품,128940,KS,제약,436000.0,488050.0,524775.0,490200.0,424722.5,1,14.0625,-7128.111153142116,0.6827793833882148,0,-9.730848861283647,-11.651469098277612,14607.420576519022,14682.0,14682.0,DART|DAILY_DISC,TRAILING_DART,,14607.420576519022,29.84784327363426,175289.04691822827,-59.796090156369665,0.0,65.0,NEUTRAL,1.0
2026-05-09,GS,078930,KS,석유와가스,79400.0,75120.0,70095.0,64610.833333333336,57806.5,1,63.675213675213676,282.88112950806135,1.0617729787786616,0,-3.2886723507917215,15.74344023323615,11172.929845907744,8318.0,8318.0,DART|DAILY_DISC,TRAILING_DART,,11172.929845907744,7.106461876611663,134075.15815089294,68.86040069381983,100.0,100.0,NEUTRAL,1.0
2026-05-09,LG씨엔에스,064400,KS,IT서비스,71000.0,66045.0,65580.0,64565.833333333336,65799.5,1,62.4203821656051,371.0587693810494,3.4783337343121037,1,6.446776611694149,15.63517915309447,4532.727449805208,5114.0,5114.0,DART|DAILY_DISC,TRAILING_DART,,4532.727449805208,15.66385819272041,54392.7293976625,-23.390521975123235,0.0,100.0,NEUTRAL,1.0
2026-05-09,삼성카드,029780,KS,카드,50900.0,53515.0,57048.333333333336,55739.166666666664,53918.5,0,21.212121212121204,-147.08087907940535,1.2903987997340447,0,-3.9622641509433953,-5.037313432835822,5575.083572999158,5697.0,5697.0,DART|DAILY_DISC,TRAILING_DART,,5575.083572999158,9.129907979588898,66901.00287598989,31.43615496265204,100.0,55.0,NEUTRAL,1.0
2026-05-09,CJ,001040,KS,복합기업,222000.0,213830.0,205565.0,194121.66666666666,183828.5,1,60.0,209.72570337988327,0.9635599400909679,0,-2.41758241758242,13.496932515337434,4888.489795968729,11404.0,11404.0,DART,TRAILING_DART,,4888.489795968729,45.412798075812965,58661.87755162474,-73.57573083260147,0.0,95.0,NEUTRAL,1.0
2026-05-09,산일전기,062040,KS,전기장비,331000.0,226670.0,174906.66666666666,158385.0,142876.0,1,86.97916666666667,12506.706849611393,0.6204770286232819,1,49.7737556561086,125.17006802721089,4864.205152886495,6661.0,6661.0,DART|DAILY_DISC,TRAILING_DART,,4864.205152886495,68.04811672130634,58370.46183463794,-82.36541938530576,0.0,95.0,NEUTRAL,1.0
2026-05-09,두산로보틱스,454910,KS,기계,101000.0,96600.0,93820.0,90868.33333333333,80962.0,1,59.556786703601105,673.7349314125772,2.20996835537885,0,-1.1741682974559686,13.866967305524236,-856.14561342043,,-941.7601747624732,DART|DAILY_DISC,TRAILING_DART,,-856.14561342043,-117.97058633109135,-10273.74736104516,-110.17202709014373,0.0,100.0,NEUTRAL,1.0
2026-05-09,BNK금융지주,138930,KS,은행,17900.0,18628.0,18963.166666666668,17297.75,16256.8,1,20.379146919431278,-101.9355146371425,0.8876630749571057,0,-5.090137857900324,1.3590033975084959,2694.438949970562,2763.0,2763.0,DART|DAILY_DISC,TRAILING_DART,,2694.438949970562,6.643312516023258,32333.267399646746,80.63277876897624,100.0,65.0,NEUTRAL,1.0
2026-05-09,코웨이,021240,KS,가정용기기와용품,87600.0,83025.0,79413.33333333333,82057.5,89683.5,0,59.55555555555556,255.26217226111794,0.8930810936570194,1,0.22883295194509046,12.020460358056262,617510076654.0,9702.0,9702.0,DART|DAILY_DISC,TRAILING_DART,,617510076654.0,1.4186003323972246e-07,7410120919848.0,8459042045.945205,100.0,90.0,NEUTRAL,1.0
2026-05-09,JB금융지주,175330,KS,은행,26050.0,29117.5,30332.5,27516.666666666668,25799.75,1,9.016393442622942,-382.88200343334233,1.0469606071374065,0,-3.874538745387457,-14.729950900163669,3877.960697948784,3953.0,3953.0,DART|DAILY_DISC,TRAILING_DART,,3877.960697948784,6.717448171607035,46535.52837538541,78.63926439687296,100.0,70.0,NEUTRAL,1.0
2026-05-09,NC,036570,KS,게임엔터테인먼트,255500.0,259825.0,233026.66666666666,224277.5,218154.0,1,43.75,-2345.0968804031545,0.6919677926496256,0,-7.927927927927925,17.20183486238531,16126.123259064623,17084.0,17084.0,DART,TRAILING_DART,,16126.123259064623,15.84385756548037,193513.47910877547,-24.260869233355976,0.0,70.0,NEUTRAL,1.0
2026-05-09,맥쿼리인프라,088980,KS,기타,11290.0,11348.0,11374.166666666666,11390.0,11416.8,0,36.95652173913044,-12.022823502334168,0.7563296155314835,0,-0.7036059806508344,-0.17683465959328348,,,,EMPTY,FORWARD_AUTO,,,,,,,50.0,NEUTRAL,1.0
2026-05-09,오리온,271560,KS,식품,141200.0,138420.0,133785.0,120748.33333333333,115346.0,1,55.627009646302255,-138.87524676968678,0.6523231915677656,0,-3.28767123287671,8.615384615384624,9879.50877880517,11854.0,11854.0,DART,TRAILING_DART,,9879.50877880517,14.292208566373354,118554.10534566204,-16.038169018652948,9.904577453367637,85.0,NEUTRAL,1.0
2026-05-09,현대제철,004020,KS,철강,42900.0,41282.5,37724.166666666664,34370.0,34277.75,1,60.6060606060606,-15.027971639577117,0.8180287041814638,0,-6.229508196721312,13.342140026420068,10.408811533462822,2060.0,2060.0,DART|DAILY_DISC,TRAILING_DART,,10.408811533462822,4121.507999456298,124.90573840155386,-99.7088444326304,0.0,85.0,NEUTRAL,1.0
2026-05-09,에코프로머티,450080,KS,전기제품,80100.0,78690.0,70998.33333333333,65282.5,60871.0,1,60.3448275862069,-342.5890851654044,0.7101219538145932,0,-4.3010752688172005,4.569190600522188,341.6123018697297,,375.7735320567027,DART,TRAILING_DART,,341.6123018697297,234.47633343879195,4099.347622436757,-94.88221270607147,0.0,85.0,NEUTRAL,1.0
2026-05-09,포스코DX,022100,KS,IT서비스,35250.0,34182.5,33895.833333333336,32200.833333333332,28947.25,1,60.869565217391305,45.4018853026364,1.0413897341103546,0,-3.0261348005502064,8.294930875576046,346.1308198931311,,380.7439018824442,DART|DAILY_DISC,TRAILING_DART,,346.1308198931311,101.84010776874345,4153.5698387175735,-88.21682315257426,0.0,100.0,NEUTRAL,1.0
2026-05-09,OCI홀딩스,010060,KS,화학,318500.0,299775.0,212208.33333333334,161555.0,135997.0,1,54.15730337078652,-3607.1879280045396,0.4045708828947308,0,-14.266487213997303,61.51115618661258,-7833.207428809669,13027.0,13027.0,DART|DAILY_DISC,TRAILING_DART,,-7833.207428809669,-40.660227996592084,-93998.48914571603,-129.5128694335058,0.0,85.0,NEUTRAL,1.0
2026-05-09,KCC,002380,KS,건축자재,606000.0,557450.0,542208.3333333334,486179.1666666667,448952.5,1,60.648148148148145,5657.687380179677,0.7863871830220998,0,5.208333333333326,16.988416988417,173127.92396137904,60152.0,60152.0,DART|DAILY_DISC,TRAILING_DART,,173127.92396137904,3.5003018931549423,2077535.0875365485,242.8275722007506,100.0,95.0,NEUTRAL,1.0
2026-05-09,한화엔진,082740,KS,조선,79400.0,67562.5,55645.833333333336,51271.666666666664,47394.75,1,71.72701949860723,1278.3727364047954,0.8776618986540017,0,-9.464082098061578,70.3862660944206,2082.1974541800364,,2290.41719959804,DART|DAILY_DISC,TRAILING_DART,,2082.1974541800364,38.1327908362406,24986.369450160437,-68.53102084362665,0.0,85.0,NEUTRAL,1.0
2026-05-09,대덕전자,353200,KS,전자장비와기기,123200.0,103250.0,80845.0,65186.25,50009.15,1,73.17829457364341,1398.580399513039,0.4123929941948243,0,6.7590987868284325,39.05191873589165,963.3405496193864,3113.0,3113.0,DART,TRAILING_DART,,963.3405496193864,127.88831535086531,11560.086595432636,-90.61681282838259,0.0,85.0,NEUTRAL,1.0
2026-05-09,DB하이텍,000990,KS,반도체와반도체장비,168100.0,131485.0,102936.66666666667,89166.66666666667,73949.25,1,83.71607515657621,2578.4767228828387,1.3186372557407005,1,10.157273918741815,78.07203389830508,5805.880538346898,,6386.468592181588,DART|DAILY_DISC,TRAILING_DART,,5805.880538346898,28.953403172822245,69670.56646016278,-58.55409490769614,0.0,100.0,NEUTRAL,1.0
2026-05-09,SKC,011790,KS,화학,159900.0,119515.0,107333.39453125,108937.53059895833,106960.518359375,1,66.84444444444443,5671.7609989358425,1.8203926286644145,0,30.000000000000004,66.3891779396462,-18996.38190150505,,-20896.02009165556,DART|DAILY_DISC,TRAILING_DART,,-18996.38190150505,-8.41739236603426,-227956.5828180606,-242.56196548971892,0.0,100.0,NEUTRAL,1.0
2026-05-09,한온시스템,018880,KS,자동차부품,4770.0,4311.25,4206.083333333333,3803.195345052083,3680.5456164550783,1,63.24951644100581,82.61017210705344,1.0445939496082297,0,9.529276693455802,20.759493670886076,-192.2201044036536,196.0,196.0,DART|DAILY_DISC,TRAILING_DART,,-192.2201044036536,-24.8153023056486,-2306.641252843843,-148.3572589694726,0.0,100.0,NEUTRAL,1.0
2026-05-09,한화생명,088350,KS,생명보험,4800.0,4904.0,4820.333333333333,4012.5,3725.625,1,44.19354838709677,-5.567496213900199,1.0555861129803965,0,-5.511811023622048,-0.4149377593360981,962.9131981624124,,1059.2045179786537,DART,TRAILING_DART,,962.9131981624124,4.984872997026254,11554.95837794895,140.72829954060313,100.0,70.0,NEUTRAL,1.0
2026-05-09,넷마블,251270,KS,게임엔터테인먼트,43000.0,49917.5,51994.166666666664,51521.25,54712.0,0,18.214285714285708,-584.427128007623,3.8967493538736346,0,-16.179337231968816,-14.342629482071711,2816.2225225896063,4052.0,4052.0,DART,TRAILING_DART,,2816.2225225896063,15.268679820250897,33794.67027107527,-21.407743555638902,0.0,60.0,NEUTRAL,1.0
2026-05-09,일진전기,103590,KS,전기장비,144100.0,103465.0,85831.66666666667,72228.33333333333,60025.125,1,96.32,5233.028253708842,0.7511472681989927,1,20.48494983277591,80.125,2178.643773281502,3108.0,3108.0,DART,TRAILING_DART,,2178.643773281502,66.14206588852049,26143.725279378024,-81.85723436545591,0.0,95.0,NEUTRAL,1.0
2026-05-09,한화비전,489790,KS,통신장비,80000.0,81830.0,77351.66666666667,62331.25,59558.75,1,50.21645021645021,-196.36846218699975,0.7991794185795398,0,-2.0807833537331732,5.263157894736836,844.1495923122128,3417.0,3417.0,DART,TRAILING_DART,,844.1495923122128,94.769932638209,10129.795107746553,-87.33775611531681,0.0,80.0,NEUTRAL,1.0
2026-05-09,현대엘리베이터,017800,KS,기계,97900.0,97685.0,94470.0,91348.33333333333,87161.5,1,45.833333333333336,-242.44542329683145,0.6262088836716047,0,-1.1111111111111072,10.496613995485337,6888.3638595087,,7577.200245459571,DART,TRAILING_DART,,6888.3638595087,14.212373503594588,82660.36631410441,-15.56653083339693,11.083672916507673,85.0,NEUTRAL,1.0
2026-05-09,LG생활건강,051900,KS,화장품,275500.0,256100.0,254491.66666666666,262975.0,277105.0,0,67.1875,2841.559909877439,0.8654097785804148,0,8.251473477406691,11.538461538461542,-5605.568608875215,7409.0,7409.0,DART|DAILY_DISC,TRAILING_DART,,-5605.568608875215,-49.14755651439264,-67266.82330650259,-124.41626980272326,0.0,80.0,NEUTRAL,1.0
2026-05-09,롯데케미칼,011170,KS,화학,99900.0,96035.0,85621.66666666667,80593.33333333333,75108.0,1,59.29824561403509,217.52824767181573,0.7317184425174791,0,-15.338983050847455,9.06113537117903,-57887.83334302348,-13282.0,-13282.0,DART|DAILY_DISC,TRAILING_DART,,-57887.83334302348,-1.725751237017748,-694654.0001162817,-795.3493494657474,0.0,95.0,NEUTRAL,1.0
2026-05-09,DL이앤씨,375500,KS,건설,95400.0,97530.0,70230.0,56058.75,51085.75,1,45.52238805970149,-1855.6346846108645,0.5621823976407121,0,-5.637982195845693,0.21008403361344463,9567.184222811082,8020.0,8020.0,DART|DAILY_DISC,TRAILING_DART,,9567.184222811082,9.971585973283272,114806.21067373297,20.34193990957336,100.0,80.0,NEUTRAL,1.0
2026-05-09,영원무역,111770,KS,"섬유,의류,신발,호화품",84500.0,83680.0,85986.66666666667,85561.66666666667,75270.0,1,48.9795918367347,39.53977326010883,1.1007606223046564,0,0.3562945368170922,2.1765417170495738,9619.42136579632,13371.0,13371.0,DART,TRAILING_DART,,9619.42136579632,8.78431215212755,115433.05638955583,36.60716732491813,100.0,95.0,NEUTRAL,1.0
2026-05-09,강원랜드,035250,KS,"호텔,레스토랑,레저",16270.0,16896.5,17698.333333333332,17812.166666666668,17957.9,0,28.140703517587937,-40.120680754055684,1.101163416997935,0,-5.406976744186043,-2.8076463560334552,1487.295431187643,1360.0,1360.0,DART|DAILY_DISC,TRAILING_DART,,1487.295431187643,10.939319558729494,17847.545174251718,9.696036719432799,74.240091798582,55.0,NEUTRAL,1.0
2026-05-09,SK바이오사이언스,302440,KS,제약,42300.0,43497.5,44470.0,47787.083333333336,48105.5,0,38.64734299516908,-121.67088849411248,0.8306385987072812,0,-3.0927835051546393,1.3173652694610682,-715.9785644928857,,-787.5764209421743,DART|DAILY_DISC,TRAILING_DART,,-715.9785644928857,-59.07998101865006,-8591.742773914628,-120.31144863809604,0.0,50.0,NEUTRAL,1.0
2026-05-09,더존비즈온,012510,KS,소프트웨어,120000.0,119500.0,114966.66666666667,103165.0,94482.5,1,59.45945945945946,-150.2263318713368,0.1882994028378233,1,0.0,0.6711409395973256,3036.3447477892614,3590.0,3590.0,DART,TRAILING_DART,,3036.3447477892614,39.52120393686226,36436.13697347113,-69.6365525221074,0.0,95.0,NEUTRAL,1.0
2026-05-09,신세계,004170,KS,백화점과일반상점,428500.0,385525.0,353991.6666666667,305154.1666666667,254027.0,1,80.45977011494253,3525.9356306343398,0.8062172031541965,0,5.412054120541199,29.84848484848486,6839.837304758903,26485.0,26485.0,DART|DAILY_DISC,TRAILING_DART,,6839.837304758903,62.64768895918997,82078.04765710683,-80.84526309052349,0.0,85.0,NEUTRAL,1.0
2026-05-09,CJ제일제당,097950,KS,식품,229000.0,236200.0,221246.66666666666,217048.33333333334,225386.5,1,41.05263157894737,-1735.5692125018295,0.7241745888218187,0,-5.954825462012325,0.0,-27696.974648778752,22916.0,22916.0,DART|DAILY_DISC,TRAILING_DART,,-27696.974648778752,-8.268051038205984,-332363.69578534504,-245.13698505910267,0.0,70.0,NEUTRAL,1.0
2026-05-09,에스원,012750,KS,상업서비스와공급품,72900.0,86205.0,87001.66666666667,81495.0,79738.0,0,9.442060085836914,-2037.4939842994127,1.5590267862242275,0,-15.819861431870674,-18.63839285714286,4699.139455253479,5211.0,5211.0,DART|DAILY_DISC,TRAILING_DART,,4699.139455253479,15.513478732473082,56389.67346304175,-22.647910201588818,0.0,60.0,NEUTRAL,1.0
2026-05-09,대한조선,439260,KS,조선,82600.0,89710.0,89943.33333333333,79766.66666666667,,0,34.72222222222223,-979.7240188139547,0.6837762213400179,0,-8.425720620842569,-6.981981981981978,6457.269960176826,7809.0,7809.0,DART,TRAILING_DART,,6457.269960176826,12.791783603505726,77487.23952212192,-6.189782660869348,34.52554334782663,50.0,NEUTRAL,1.0
2026-05-09,서울보증보험,031210,KS,손해보험,46200.0,48350.0,52849.166666666664,51322.916666666664,49438.5,0,31.17647058823529,-96.26039481276689,0.5740164717146814,0,-3.9501039501039448,-4.149377593360992,3844.2397252781298,,4228.663697805943,DART,TRAILING_DART,,3844.2397252781298,12.017981005765046,46130.876703337555,-0.149617525243384,49.62595618689154,50.0,NEUTRAL,1.0
2026-05-09,금호석유화학,011780,KS,화학,150800.0,137670.0,133265.0,130099.16666666667,123352.25,1,59.290780141843975,624.9979964493796,3.372839738834793,1,0.3994673768308976,16.08929946112394,11564.61510311609,12452.0,12452.0,DART,TRAILING_DART,,11564.61510311609,13.03977682399191,138775.38123739307,-7.9738851210921275,30.065287197269683,100.0,NEUTRAL,1.0
2026-05-09,롯데쇼핑,023530,KS,백화점과일반상점,138100.0,123490.0,111258.33333333333,92975.0,83459.5,1,71.13402061855669,932.6211685147746,1.0772323032470816,1,2.829486224869693,28.824626865671643,2600.169485189433,9616.0,9616.0,DART,TRAILING_DART,,2600.169485189433,53.11192242914075,31202.033822273195,-77.40620288032353,0.0,100.0,NEUTRAL,1.0
2026-05-09,신영증권,001720,KS,증권,201000.0,204355.0,203710.0,176238.33333333334,161059.5,1,42.690058479532155,-108.942689515638,0.7682711645732934,0,0.0,-3.597122302158273,6829.573249878345,,7512.53057486618,DART|DAILY_DISC,TRAILING_DART,,6829.573249878345,29.430828639780735,81954.87899854014,-59.22642835893526,0.0,65.0,NEUTRAL,1.0
2026-05-09,한국가스공사,036460,KS,가스유틸리티,38000.0,37450.0,37960.0,39275.416666666664,40059.25,0,64.0,106.99473197875926,0.7235374304384454,0,-3.0612244897959218,5.117565698478566,1432.636790051239,8295.0,8295.0,DART,TRAILING_DART,,1432.636790051239,26.524517773022506,17191.641480614868,-54.758838208908244,0.0,80.0,NEUTRAL,1.0
2026-05-09,이수스페셜티케미컬,457190,KS,화학,115000.0,114360.0,102451.66666666667,84617.08333333333,70156.25,1,60.35087719298246,-762.8882970817012,0.454402197368087,0,-8.657664813343924,15.810674723061435,25.4649809562713,,28.01147905189844,DART,TRAILING_DART,,25.4649809562713,4516.005733421873,305.5797714752556,-99.73427845958673,0.0,85.0,NEUTRAL,1.0
2026-05-09,GS건설,006360,KS,건설,37350.0,39135.0,29146.5,24156.333333333332,22129.7,1,45.31914893617021,-928.0259435451635,0.39935005700952825,0,-10.431654676258994,-0.13368983957219305,1091.6262383372853,3140.0,3140.0,DART|DAILY_DISC,TRAILING_DART,,1091.6262383372853,34.21500756237757,13099.514860047424,-64.92767105743663,0.0,80.0,NEUTRAL,1.0
2026-05-09,한솔케미칼,014680,KS,화학,286000.0,285025.0,287966.6666666667,264354.1666666667,235073.5,1,50.94339622641509,-3.3753218071396986,0.9520600705486878,0,-3.050847457627115,4.954128440366978,13028.345038761428,15688.0,15688.0,DART,TRAILING_DART,,13028.345038761428,21.952135835296335,156340.14046513714,-45.33561522198002,0.0,80.0,NEUTRAL,1.0
2026-05-09,HD현대마린엔진,071970,KS,조선,94800.0,96220.0,85400.0,86270.83333333333,84316.25,1,57.299843014128726,-704.4649576929014,0.7273106089180578,0,-13.582497721057429,19.54602774274905,4867.168798279675,4170.0,4170.0,DART,TRAILING_DART,,4867.168798279675,19.477442416525093,58406.025579356094,-38.39026837620665,0.0,80.0,NEUTRAL,1.0
2026-05-09,두산퓨얼셀,336260,KS,전기제품,86300.0,52290.0,43093.333333333336,37919.166666666664,34309.25,1,88.09073724007561,3801.925567342586,1.9665072007091178,1,47.26962457337884,135.79234972677594,-2027.740013997677,-532.0,-532.0,DART,TRAILING_DART,,-2027.740013997677,-42.55969670878077,-24332.880167972122,-128.19568965002563,0.0,100.0,NEUTRAL,1.0
2026-05-09,iM금융지주,139130,KS,은행,19100.0,18769.5,18133.333333333332,16412.666666666668,15436.0,1,57.70750988142293,-17.868058260058262,0.6861446102639269,0,0.5263157894736858,11.95779601406799,2848.1692618619904,3056.0,3056.0,DART|DAILY_DISC,TRAILING_DART,,2848.1692618619904,6.706062120589483,34178.03114234388,78.94257142588421,100.0,85.0,NEUTRAL,1.0
2026-05-09,팬오션,028670,KS,해운사,5980.0,5583.0,5302.166666666667,4695.916666666667,4408.075,1,63.2,26.45325697089342,1.113316493892011,1,7.747747747747757,15.891472868217061,563.8312571780187,678.0,678.0,DART,TRAILING_DART,,563.8312571780187,10.606010085233589,6765.9750861362245,13.143396089234516,82.85849022308628,100.0,NEUTRAL,1.0
2026-05-09,미래에셋생명,085620,KS,생명보험,15800.0,16913.5,15233.5,12234.666666666666,10442.725,1,35.5421686746988,-271.48438957116076,0.4351824762514971,0,-5.389221556886225,-4.933814681107096,783.0164987179776,,861.3181485897754,DART,TRAILING_DART,,783.0164987179776,20.17837430739854,9396.19798461573,-40.530392502432086,0.0,70.0,NEUTRAL,1.0
2026-05-09,롯데지주,004990,KS,복합기업,29250.0,29080.0,30789.166666666668,29769.583333333332,29610.25,0,50.3875968992248,148.09541011911335,1.139024449554919,0,-6.549520766773165,3.3568904593639592,-5970.105804369684,,-6567.116384806653,DART,TRAILING_DART,,-5970.105804369684,-4.899410656774479,-71641.26965243621,-344.9274176151665,0.0,80.0,NEUTRAL,1.0
2026-05-09,풍산,103140,KS,비철금속,95000.0,100205.0,103921.66666666667,106867.5,115337.0,0,28.994082840236686,-362.79165312003033,0.675832934723531,0,-6.8627450980392135,-8.38958534233365,5251.319385213064,8676.0,8676.0,DART|DAILY_DISC,TRAILING_DART,,5251.319385213064,18.090691696929706,63015.83262255677,-33.66754460783498,0.0,50.0,NEUTRAL,1.0
2026-05-09,미래에셋증권2우B,00680K,KS,증권,22900.0,20816.5,20382.642724609374,15956.781388346355,13231.941020507813,1,60.97271648873073,271.38501198402906,0.9049514713604195,0,12.807881773399021,12.254901960784315,,3466.0,3466.0,SCRAPE,CONSENSUS_SCRAPE,,3466.0,6.607039815349106,41592.0,81.62445414847161,100.0,95.0,NEUTRAL,1.0
2026-05-09,영원무역홀딩스,009970,KS,"섬유,의류,신발,호화품",209000.0,211650.0,220650.0,204277.5,176790.5,1,44.03669724770642,81.90939692827487,0.9526937062269006,0,-1.4150943396226467,-3.0162412993039456,44925.16507132959,,49417.68157846255,DART,TRAILING_DART,,44925.16507132959,4.652181014096706,539101.980855955,157.94353151002633,100.0,75.0,NEUTRAL,1.0
2026-05-09,에스엘,005850,KS,자동차부품,68300.0,61940.0,61161.666666666664,53078.333333333336,45572.0,1,65.75875486381324,460.98530108367413,3.6274952845925155,1,2.706766917293235,15.959252971137516,6906.362346356784,7950.0,7950.0,DART,TRAILING_DART,,6906.362346356784,9.889431885372963,82876.3481562814,21.341651766151394,100.0,100.0,NEUTRAL,1.0
2026-05-09,이마트,139480,KS,백화점과일반상점,112900.0,102785.0,100968.33333333333,92332.5,87292.5,1,69.42148760330579,688.6822070577327,1.6333590637517814,1,4.4403330249768835,20.490928495197448,8926.67539046404,8079.0,8079.0,DART|DAILY_DISC,TRAILING_DART,,8926.67539046404,12.647485772878658,107120.10468556848,-5.1194821208428,37.201294697893,100.0,NEUTRAL,1.0
2026-05-09,롯데에너지머티리얼즈,020150,KS,전자장비와기기,71400.0,60487.5,47710.0,42154.166666666664,35357.75,1,76.37426900584796,1050.7364337012978,0.5516917641758075,0,4.538799414348471,58.3148558758315,-3191.990340828267,-818.0,-818.0,DART,TRAILING_DART,,-3191.990340828267,-22.36848874093802,-38303.88408993921,-153.64689648450872,0.0,85.0,NEUTRAL,1.0
2026-05-09,동서,026960,KS,식품,25350.0,26757.5,26900.0,26996.25,27457.0,0,15.151515151515156,-216.42622640841745,1.1098908248643444,0,-4.519774011299438,-7.985480943738654,1469.0440861584757,,1615.9484947743233,DART,TRAILING_DART,,1469.0440861584757,17.256119294751596,17628.52903390171,-30.459451542794046,0.0,55.0,NEUTRAL,1.0
2026-05-09,한미사이언스,008930,KS,제약,37100.0,38592.5,39543.333333333336,39060.416666666664,40115.25,0,22.0183486238532,-230.32846102750705,0.812591448786251,0,-2.368421052631575,-3.7613488975356657,1721.1074393547156,,1893.2181832901872,DART|DAILY_DISC,TRAILING_DART,,1721.1074393547156,21.55588846557405,20653.28927225659,-44.330756678553676,0.0,50.0,NEUTRAL,1.0
2026-05-09,씨에스윈드,112610,KS,에너지장비및서비스,60500.0,67330.0,59362.5,50688.333333333336,48293.75,1,39.29824561403509,-1360.8801428000024,0.8716937245390486,0,-16.551724137931036,-6.635802469135799,951.6662022603326,4496.0,4496.0,DART|DAILY_DISC,TRAILING_DART,,951.6662022603326,63.5727105326474,11419.994427123991,-81.12397615351406,0.0,70.0,NEUTRAL,1.0
2026-05-09,현대해상,001450,KS,손해보험,31050.0,30525.0,31358.333333333332,30190.833333333332,29198.0,1,55.91397849462366,86.81092108055657,0.9538439917907163,0,-1.2718600953895098,2.4752475247524774,11407.383087058166,,12548.121395763985,DART,TRAILING_DART,,11407.383087058166,2.7219213874939165,136888.597044698,340.8650468428276,100.0,90.0,NEUTRAL,1.0
2026-05-09,세아베스틸지주,001430,KS,철강,74000.0,70585.0,69560.0,59307.083333333336,46859.0,1,56.09756097560975,52.75654861554494,1.1755307769294838,0,1.2311901504787892,7.558139534883712,1565.3372286785395,2057.0,2057.0,DART,TRAILING_DART,,1565.3372286785395,47.27415833741521,18784.046744142473,-74.61615304845613,0.0,100.0,NEUTRAL,1.0
2026-05-09,한전KPS,051600,KS,전기유틸리티,58900.0,60520.0,59515.0,56515.0,54271.25,1,45.794392523364486,-305.1562128263324,0.9999348079538339,0,-7.097791798107256,2.0797227036395194,2761.145848377778,3456.0,3456.0,DART|DAILY_DISC,TRAILING_DART,,2761.145848377778,21.331723579399036,33133.75018053333,-43.745755211318624,0.0,75.0,NEUTRAL,1.0
2026-05-09,효성,004800,KS,복합기업,263000.0,189690.0,161220.0,147932.5,126190.5,1,83.39646464646465,9673.231893707154,1.2547108670658789,0,17.149220489977736,72.91255752794214,25215.68690934456,17204.0,17204.0,DART|DAILY_DISC,TRAILING_DART,,25215.68690934456,10.43001528951155,302588.24291213474,15.052563844918154,87.63140961229539,90.0,NEUTRAL,1.0
2026-05-09,한국카본,017960,KS,조선,45800.0,49737.5,44440.833333333336,38018.333333333336,35619.0,1,27.86885245901638,-811.3544331996545,0.7063311133340454,0,-9.126984126984128,4.090909090909101,1996.151009165024,2421.0,2421.0,DART,TRAILING_DART,,1996.151009165024,22.94415592293181,23953.81210998029,-47.699100196549594,0.0,70.0,NEUTRAL,1.0
2026-05-09,코오롱인더,120110,KS,화학,91900.0,91045.0,76516.66666666667,60908.75,51728.25,1,56.875,-463.42303620420716,0.7013618185612905,0,-8.919722497522297,10.324129651860737,51573520480.0,4528.0,4528.0,DART|DAILY_DISC,TRAILING_DART,,51573520480.0,1.7819221791469218e-06,618882245760.0,673429982.437432,100.0,85.0,NEUTRAL,1.0
2026-05-09,HJ중공업,097230,KS,건설,26650.0,28550.0,25991.5,24554.083333333332,22860.1,1,47.017543859649116,-439.6383021480606,0.5527797243913534,0,-12.479474548440061,2.895752895752901,569.7303728085914,,626.7034100894506,DART,TRAILING_DART,,569.7303728085914,46.776512666200134,6836.764473703097,-74.34609953582327,0.0,80.0,NEUTRAL,1.0
2026-05-09,F&F,383220,KS,"섬유,의류,신발,호화품",83100.0,69045.0,66816.66666666667,68937.5,68169.0,1,89.80582524271844,1760.0581095542352,1.9400250290770862,1,22.928994082840237,31.9047619047619,10459.855496040876,10579.0,10579.0,DART|DAILY_DISC,TRAILING_DART,,10459.855496040876,7.944660423985197,125518.26595249052,51.044844708171496,100.0,100.0,NEUTRAL,1.0
2026-05-09,케이뱅크,279570,KS,은행,5950.0,6274.0,,,,0,29.807692307692307,-4.409965176348464,0.7493073836394781,0,-5.254777070063699,-4.340836012861738,277.57048543082044,,305.3275339739025,DART|DAILY_DISC,TRAILING_DART,,277.57048543082044,21.435996665009014,3330.8458251698453,-44.01939789630512,0.0,50.0,NEUTRAL,1.0
2026-05-09,한올바이오파마,009420,KS,제약,44050.0,48102.5,52972.5,50185.0,42888.75,1,35.0609756097561,-403.53019628330617,0.8236028568887895,0,-11.010101010101014,-5.876068376068377,-106.41452414880538,151.0,151.0,DART,TRAILING_DART,,-106.41452414880538,-413.9472534632812,-1276.9742897856645,-102.89892006761785,0.0,65.0,NEUTRAL,1.0
2026-05-09,HL만도,204320,KS,자동차부품,59900.0,54530.0,54440.833333333336,54388.333333333336,46751.75,1,72.6027397260274,606.6583173740746,4.409211998588307,1,3.4542314335060498,17.681728880157177,2615.200139212115,4351.0,4351.0,DART,TRAILING_DART,,2615.200139212115,22.904556749544284,31382.401670545383,-47.60867834633492,0.0,100.0,NEUTRAL,1.0
2026-05-09,달바글로벌,483650,KS,화장품,212000.0,209525.0,174863.33333333334,159125.83333333334,165883.5,1,62.54036598493003,-2042.8829066002872,0.8922392069524573,0,-11.111111111111116,27.403846153846146,6378.543724798113,9622.0,9622.0,DART|DAILY_DISC,TRAILING_DART,,6378.543724798113,33.236426549182276,76542.52469757735,-63.89503552001068,0.0,85.0,NEUTRAL,1.0
2026-05-09,CJ대한통운,000120,KS,항공화물운송과물류,100600.0,103275.0,113378.33333333333,104934.16666666667,96994.0,1,32.37410071942446,16.723782831544668,0.6462326626705397,0,-1.178781925343808,-3.6398467432950166,11342.234705166642,12929.0,12929.0,DART|DAILY_DISC,TRAILING_DART,,11342.234705166642,8.869504345045376,136106.8164619997,35.295046184890346,100.0,75.0,NEUTRAL,1.0
2026-05-09,가온전선,000500,KS,전기장비,477000.0,206350.0,136080.0,109096.66666666667,90708.5,1,97.0464135021097,27288.056981547103,2.061572380191895,1,119.815668202765,347.4671669793621,3106.828732073736,,3417.51160528111,DART,TRAILING_DART,,3106.828732073736,153.53276319213566,37281.94478488483,-92.18407866144972,0.0,100.0,NEUTRAL,1.0
2026-05-09,코스맥스,192820,KS,화장품,210000.0,209300.0,195036.66666666666,183910.83333333334,198456.0,1,56.19047619047619,-1545.8081991114395,1.183064197617126,0,-5.405405405405405,13.268608414239491,11549.061129252375,12485.0,12485.0,DART,TRAILING_DART,,11549.061129252375,18.1832962567057,138588.7335510285,-34.005364975700715,0.0,90.0,NEUTRAL,1.0
2026-05-09,코리안리,003690,KS,손해보험,12110.0,12202.5,12814.5,12130.333333333334,11641.2,1,47.97687861271676,4.226749629823331,0.9792032194733787,0,-3.429027113237637,1.6792611251049472,1822.3155821957605,,2004.5471404153368,DART,TRAILING_DART,,1822.3155821957605,6.64539123646647,21867.786986349125,80.57627569239574,100.0,85.0,NEUTRAL,1.0
2026-05-09,한국앤컴퍼니,000240,KS,자동차부품,25100.0,24980.0,26590.833333333332,26632.5,25434.25,0,46.93877551020408,88.74553369002615,1.4156988576020801,0,-0.1988071570576566,4.583333333333339,3657.538424182632,,4023.2922666008953,DART,TRAILING_DART,,3657.538424182632,6.862538978140529,43890.46109019158,74.86239478163976,100.0,80.0,NEUTRAL,1.0
2026-05-09,농심,004370,KS,식품,377500.0,378175.0,391641.6666666667,409995.8333333333,413945.0,0,45.348837209302324,306.24594711909776,1.2201208908145298,0,-1.9480519480519431,1.6150740242261152,27957.33328477987,30570.0,30570.0,DART,TRAILING_DART,,27957.33328477987,13.502718451531038,335487.9994173584,-11.129006776858697,22.17748305785326,75.0,NEUTRAL,1.0
2026-05-09,BGF리테일,282330,KS,백화점과일반상점,138600.0,133845.0,129703.33333333333,120531.66666666667,117239.0,1,51.74418604651163,-156.90003673300475,2.527617459759289,0,4.210526315789465,3.7425149700598848,11297.393339503236,12474.0,12474.0,DART|DAILY_DISC,TRAILING_DART,,11297.393339503236,12.268316755455595,135568.72007403884,-2.187070653651635,44.532323365870916,95.0,NEUTRAL,1.0
2026-05-09,DN오토모티브,007340,KS,자동차부품,51100.0,41777.5,35745.833333333336,30366.25,28335.25,1,74.16520210896309,1024.3438391550026,0.9468877186723267,1,19.39252336448598,40.57771664374141,5554.27368916867,,6109.701058085538,DART,TRAILING_DART,,5554.27368916867,9.200122799070842,66651.28427002404,30.433041624313194,100.0,95.0,NEUTRAL,1.0
2026-05-09,제일기획,030000,KS,광고,19190.0,19625.0,20342.166666666668,21098.166666666668,20794.95,0,32.786885245901644,-28.303232502531444,1.3186560659797266,0,-3.080808080808084,-0.9803921568627416,1813.371840338105,1989.0,1989.0,DART|DAILY_DISC,TRAILING_DART,,1813.371840338105,10.582495863849967,21760.46208405726,13.394799812700686,83.4869995317517,55.0,NEUTRAL,1.0
2026-05-09,현대위아,011210,KS,자동차부품,90500.0,83170.0,83910.0,78470.83333333333,67752.25,1,59.55882352941176,418.5922868775908,6.237958531836336,1,4.988399071925764,13.408521303258137,4299.7478625088215,7116.0,7116.0,DART|DAILY_DISC,TRAILING_DART,,4299.7478625088215,21.04774579670236,51596.974350105855,-42.98676867391619,0.0,100.0,NEUTRAL,1.0
2026-05-09,미스토홀딩스,081660,KS,"섬유,의류,신발,호화품",38100.0,41332.5,45206.666666666664,44441.25,42133.5,0,15.753424657534254,-240.6667447540815,0.9301973418919758,0,-7.971014492753625,-8.523409363745493,6566.31588924023,4899.0,4899.0,DART,TRAILING_DART,,6566.31588924023,5.802340405589053,78795.79067088276,106.81309887370803,100.0,50.0,NEUTRAL,1.0
2026-05-09,SK가스,018670,KS,가스유틸리티,263500.0,254350.0,245758.33333333334,241287.5,245315.0,1,60.0,615.3271896437636,0.6099225160961907,0,-7.3813708260105475,8.436213991769549,25257.89698899586,27168.0,27168.0,DART,TRAILING_DART,,25257.89698899586,10.432380815980023,303094.7638679503,15.026475851214528,87.56618962803631,95.0,NEUTRAL,1.0
2026-05-09,현대지에프홀딩스,005440,KS,복합기업,14880.0,14440.5,14384.0,11441.083333333334,10149.3,1,52.68022181146026,10.3274456803899,1.6771876208410612,0,-0.33489618218351946,10.961968680089495,518661888000.0,1788.0,1788.0,DART|DAILY_DISC,TRAILING_DART,,518661888000.0,2.8689210339665443e-08,6223942656000.0,41827571512.90323,100.0,100.0,NEUTRAL,1.0
2026-05-09,다우기술,023590,KS,증권,48300.0,48387.5,49466.666666666664,44738.333333333336,41169.5,1,40.816326530612244,83.11574520328676,0.804681832790985,0,2.114164904862581,2.9850746268656803,26705.72355943469,,29376.29591537816,DART,TRAILING_DART,,26705.72355943469,1.8086010623343103,320468.6827132163,563.4962375014829,100.0,75.0,NEUTRAL,1.0
2026-05-09,코리아써키트,007810,KS,전자장비와기기,102200.0,91765.0,71501.66666666667,57841.666666666664,40809.35,1,63.68286445012788,-62.37546900161942,0.7807761447998574,1,7.127882599580704,28.71536523929472,2243.0731565191795,3753.0,3753.0,DART,TRAILING_DART,,2243.0731565191795,45.562490774306646,26916.877878230152,-73.6625461074069,0.0,95.0,NEUTRAL,1.0
2026-05-09,아모레퍼시픽홀딩스,002790,KS,화장품,27250.0,28057.5,28947.5,28352.083333333332,28132.5,0,46.02272727272727,-132.20205908514345,0.8503458472592248,0,-5.21739130434783,-1.446654611211573,3821.118067040047,,4203.229873744052,DART,TRAILING_DART,,3821.118067040047,7.131420574268899,45853.41680448057,68.26941946598374,100.0,60.0,NEUTRAL,1.0
2026-05-09,효성티앤씨,298020,KS,"섬유,의류,신발,호화품",488500.0,506900.0,421183.3333333333,341054.1666666667,294360.0,1,46.04810996563573,-8338.877500725423,0.5145347946814365,0,-8.34896810506567,19.43765281173595,8825.910448595807,37914.0,37914.0,DART|DAILY_DISC,TRAILING_DART,,8825.910448595807,55.34839752172195,105910.92538314968,-78.31915549986701,0.0,80.0,NEUTRAL,1.0
2026-05-09,호텔신라,008770,KS,백화점과일반상점,64200.0,58085.0,49605.0,47792.5,48488.25,1,69.8473282442748,353.1815137376807,0.425267414379585,0,-5.169867060561295,34.873949579831944,-4403.995544321727,2252.0,2252.0,DART|DAILY_DISC,TRAILING_DART,,-4403.995544321727,-14.57767142448089,-52847.946531860725,-182.31767372563976,0.0,95.0,NEUTRAL,1.0
2026-05-09,SK리츠,395400,KS,湲고?,6370.0,6635.0,6181.0,5878.166666666667,5538.2,1,44.44444444444444,-95.0951494727169,0.9798658498461194,0,-3.0441400304414,0.4731861198738141,,,,,FORWARD_AUTO,,,,,,,70.0,NEUTRAL,1.0
2026-05-09,한국콜마,161890,KS,화장품,93600.0,86420.0,77626.66666666667,71330.83333333333,75870.5,1,72.8643216080402,-107.69401583863237,2.591298910820011,1,4.5810055865921795,21.875,168220449431.0,6209.0,6209.0,DART|DAILY_DISC,TRAILING_DART,,168220449431.0,5.564127329144515e-07,2018645393172.0,2156672328.602564,100.0,95.0,NEUTRAL,1.0
2026-05-09,현대백화점,069960,KS,백화점과일반상점,112100.0,97535.0,94011.66666666667,93191.66666666667,87431.0,1,72.66811279826464,1747.0488856926613,0.8247606961351335,0,0.17873100983021306,41.89873417721519,6254.349664739375,11377.0,11377.0,DART|DAILY_DISC,TRAILING_DART,,6254.349664739375,17.92352618722211,75052.19597687249,-33.048888513048624,0.0,85.0,NEUTRAL,1.0
2026-05-09,SK아이이테크놀로지,361610,KS,전기제품,26400.0,25557.5,24178.333333333332,25772.916666666668,27119.5,0,64.1025641025641,9.80144423681952,0.7198594992940528,0,-3.296703296703296,18.120805369127524,-2584.9789025408654,-2306.0,-2306.0,DART,TRAILING_DART,,-2584.9789025408654,-10.21284930954389,-31019.746830490385,-217.4990410245848,0.0,80.0,NEUTRAL,1.0
2026-05-09,시프트업,462870,KS,게임엔터테인먼트,31150.0,33530.0,32437.5,34314.166666666664,36986.5,0,31.38686131386862,-378.14753235767034,1.417523173727681,0,-9.31586608442504,-6.736526946107779,3263.704743706945,,3590.07521807764,DART|DAILY_DISC,TRAILING_DART,,3263.704743706945,9.544368270464181,39164.45692448334,25.728593658052446,100.0,55.0,NEUTRAL,1.0
2026-05-09,GS리테일,007070,KS,백화점과일반상점,25800.0,23277.5,21753.833333333332,21617.833333333332,19753.05,1,63.29113924050633,56.447010537652204,4.983491059944122,1,9.554140127388532,19.721577726218097,600.8920694534091,2294.0,2294.0,DART|DAILY_DISC,TRAILING_DART,,600.8920694534091,42.93616326717128,7210.70483344091,-72.0515316533298,0.0,100.0,NEUTRAL,1.0
2026-05-09,대신증권,003540,KS,증권,39300.0,38905.0,39160.0,33512.083333333336,30993.75,1,50.495049504950494,121.68760423433957,0.9718242495348942,0,1.81347150259068,3.0144167758846763,186726503000.0,,4173.10325732369,DART|DAILY_DISC,TRAILING_DART,,186726503000.0,2.1046824831288143e-07,2240718036000.0,5701572510.687022,100.0,95.0,NEUTRAL,1.0
2026-05-09,LX인터내셔널,001120,KS,무역회사와판매업체,47700.0,51057.5,47360.0,40435.833333333336,36605.75,1,44.10112359550562,-775.3903487376022,1.279036498986653,0,-15.873015873015872,3.3586132177681582,4083.128182017544,7006.0,7006.0,DART|DAILY_DISC,TRAILING_DART,,4083.128182017544,11.682219581073893,48997.53818421053,2.7202058369193427,56.800514592298356,75.0,NEUTRAL,1.0
2026-05-09,코스모신소재,005070,KS,화학,61900.0,59790.0,54473.333333333336,51546.666666666664,48923.25,1,62.007168458781365,-39.743678652706876,0.5679366216807994,0,1.3093289689034338,14.842300556586263,-15.741605634466874,,-17.31576619791356,DART|DAILY_DISC,TRAILING_DART,,-15.741605634466874,-3932.2545258323257,-188.8992676136025,-100.30516844525623,0.0,85.0,NEUTRAL,1.0
2026-05-09,SK이터닉스,475150,KS,에너지장비및서비스,51100.0,55365.0,44823.333333333336,32478.75,28510.1,1,40.09661835748793,-1070.1658115351443,0.4828420830761395,0,-13.389830508474576,-11.744386873920554,901.8046132850426,1208.0,1208.0,DART,TRAILING_DART,,901.8046132850426,56.664159006523406,10821.65535942051,-78.82259225162326,0.0,70.0,NEUTRAL,1.0
2026-05-09,SNT다이내믹스,003570,KS,자동차부품,52700.0,55860.0,52850.0,50449.583333333336,54213.5,0,42.24137931034483,-465.0157714028651,0.7858118751201112,0,-9.450171821305842,3.9447731755424043,1851.72758949447,,2036.9003484439168,DART|DAILY_DISC,TRAILING_DART,,1851.72758949447,28.459909707554413,22220.73107393364,-57.835424907146795,0.0,50.0,NEUTRAL,1.0
2026-05-09,HD현대에너지솔루션,322000,KS,에너지장비및서비스,197200.0,184300.0,138365.0,97310.0,77981.5,1,64.67065868263472,-101.5704214276011,0.3113542772088078,0,-8.49187935034803,15.052508751458582,3721.132036517857,6027.0,6027.0,DART,TRAILING_DART,,3721.132036517857,52.994625846314996,44653.58443821428,-77.35619450394813,0.0,85.0,NEUTRAL,1.0
2026-05-09,대웅제약,069620,KS,제약,145200.0,149895.0,160988.33333333334,166679.16666666666,157085.5,0,28.35249042145594,-207.9284103183154,1.2731825400891439,0,-2.941176470588236,-3.070761014686252,16649.347980572344,13861.0,13861.0,DART,TRAILING_DART,,16649.347980572344,8.721062240360991,199792.1757668681,37.59791719481276,100.0,55.0,NEUTRAL,1.0
2026-05-09,LS에코에너지,229640,KS,전기장비,90100.0,65920.0,51149.166666666664,44105.416666666664,42469.5,1,78.28282828282829,2527.476576578214,1.034481484845675,0,-0.8800880088008833,98.45814977973568,1582.8891834642025,1518.0,1518.0,DART,TRAILING_DART,,1582.8891834642025,56.92123045708944,18994.67020157043,-78.91823507039908,0.0,90.0,NEUTRAL,1.0
2026-05-09,녹십자,006280,KS,제약,138100.0,142440.0,150863.33333333334,151276.66666666666,144670.5,0,23.25581395348837,-361.6821966415255,2.4552013384712055,0,-0.7902298850574696,-3.155680224403923,-29685159445.0,3616.0,3616.0,DART|DAILY_DISC,TRAILING_DART,,-29685159445.0,-4.652156248507561e-06,-356221913340.0,-257945004.66328746,0.0,60.0,NEUTRAL,1.0
2026-05-09,STX엔진,077970,KS,조선,55000.0,49032.5,38489.166666666664,36747.083333333336,35873.75,1,72.2397476340694,260.5031929842953,0.4347134680958859,0,-17.29323308270677,57.14285714285714,1717.3484929023848,,1889.083342192624,DART,TRAILING_DART,,1717.3484929023848,32.02611480856043,20608.181914828616,-62.53057833667525,0.0,85.0,NEUTRAL,1.0
2026-05-09,동원산업,006040,KS,식품,39100.0,38667.5,39866.666666666664,41507.083333333336,43173.0,0,45.54455445544555,12.998670079139913,2.360760604756483,0,1.822916666666674,2.2222222222222143,387148699085.0,6682.0,6682.0,DART|DAILY_DISC,TRAILING_DART,,387148699085.0,1.0099478596314602e-07,4645784389020.0,11881801406.445013,100.0,85.0,NEUTRAL,1.0
2026-05-09,금호타이어,073240,KS,자동차부품,5610.0,5971.5,6225.666666666667,6040.083333333333,5545.325,1,27.966101694915253,-45.16823151527598,1.2055872459511294,0,-7.7302631578947345,-9.95184590690209,1311.6083163872909,1498.0,1498.0,DART|DAILY_DISC,TRAILING_DART,,1311.6083163872909,4.277191544082497,15739.29979664749,180.5579286389927,100.0,70.0,NEUTRAL,1.0
2026-05-09,HDC,012630,KS,건설,27800.0,27540.0,25850.333333333332,21782.916666666668,21184.45,1,56.470588235294116,-48.1675635613463,0.6333366038676675,0,-3.472222222222221,2.583025830258312,416483422703.0,,7668.539796054754,DART|DAILY_DISC,TRAILING_DART,,416483422703.0,6.674935539949343e-08,4997801072436.0,17977701599.410072,100.0,85.0,NEUTRAL,1.0
2026-05-09,한화투자증권,003530,KS,증권,8550.0,7775.0,7466.5,6282.75,6075.4,1,62.953367875647665,103.00035473148449,1.1620051695179279,0,9.195402298850585,18.75,475.46519650460135,,523.0117161550615,DART|DAILY_DISC,TRAILING_DART,,475.46519650460135,17.98238874865209,5705.582358055216,-33.26804259584543,0.0,100.0,NEUTRAL,1.0
2026-05-09,롯데관광개발,032350,KS,"호텔,레스토랑,레저",20100.0,19710.0,20537.5,21231.833333333332,19749.85,1,58.3206106870229,75.26148430167808,0.7811516249947036,0,-6.0747663551401825,18.165784832451504,346.68499759187875,1065.0,1065.0,DART,TRAILING_DART,,346.68499759187875,57.977703504960814,4160.219971102545,-79.30238820346993,0.0,90.0,NEUTRAL,1.0
2026-05-09,오리온홀딩스,001800,KS,식품,24450.0,24585.0,24165.833333333332,22307.5,21708.7,1,46.616541353383454,-47.92686603248342,0.9098358871814871,0,-3.359683794466406,6.5359477124183,5391.900149862508,,5931.09016484876,DART,TRAILING_DART,,5391.900149862508,4.534579521214514,64702.801798350105,164.633136189571,100.0,80.0,NEUTRAL,1.0
2026-05-09,IPARK현대산업개발,294870,KS,건설,23250.0,23157.5,22445.833333333332,21393.833333333332,21238.5,1,47.26027397260274,-91.38781257340224,0.5700654395959921,0,-1.0638297872340385,5.203619909502266,2399.5619063767263,5108.0,5108.0,DART|DAILY_DISC,TRAILING_DART,,2399.5619063767263,9.689268669507625,28794.742876520715,23.848356458153617,100.0,85.0,NEUTRAL,1.0
2026-05-09,교보증권,030610,KS,증권,14830.0,13818.0,13262.333333333334,11578.833333333334,10625.4,1,65.91375770020534,138.9877643793626,1.066924132688234,0,5.476529160739685,18.26156299840511,1254.0110817232978,,1379.4121898956278,DART|DAILY_DISC,TRAILING_DART,,1254.0110817232978,11.826051791839184,15048.132980679573,1.4708899573808054,53.67722489345201,100.0,NEUTRAL,1.0
2026-05-09,아시아나항공,020560,KS,항공사,7060.0,7109.0,7204.333333333333,7607.166666666667,8303.05,0,32.65306122448979,-3.6447026559575626,1.4262430941184896,0,0.0,-0.42313117066290484,-1419.9696119841055,,-1561.9665731825162,DART,TRAILING_DART,,-1419.9696119841055,-4.971937385431193,-17039.635343809266,-341.3546082692531,0.0,55.0,NEUTRAL,1.0
2026-05-09,후성,093370,KS,화학,13210.0,12822.0,9404.0,8706.666666666666,7691.225,1,60.766629086809466,-127.2967811000135,0.1862910224710966,0,-5.710206995003563,36.0453141091658,65.5276775429249,,72.08044529721741,DART,TRAILING_DART,,65.5276775429249,201.59420408798385,786.3321305150989,-94.04744791434445,0.0,85.0,NEUTRAL,1.0
2026-05-09,오뚜기,007310,KS,식품,360000.0,365075.0,372575.0,379462.5,386850.0,0,31.14754098360656,-550.1473118226218,1.3124660719224033,0,-1.5047879616963078,0.6993006993007089,17998.68295012513,,19798.551245137645,DART,TRAILING_DART,,17998.68295012513,20.001463495833022,215984.19540150155,-40.00439016624957,0.0,55.0,NEUTRAL,1.0
2026-05-09,파라다이스,034230,KS,"호텔,레스토랑,레저",15810.0,15608.0,17184.0,17098.583333333332,18201.8,0,48.18481848184819,104.65905770155013,0.837505324543532,0,-2.0446096654275103,6.464646464646462,1563.0187047669172,1033.0,1033.0,DART|DAILY_DISC,TRAILING_DART,,1563.0187047669172,10.115042098845286,18756.224457203007,18.63519580773565,96.58798951933912,75.0,NEUTRAL,1.0
2026-05-09,SK오션플랜트,100090,KS,에너지장비및서비스,21550.0,23507.5,22209.333333333332,20786.166666666668,21311.25,1,32.35294117647058,-300.91488831806043,0.5514524873196521,0,-11.134020618556706,-18.984962406015036,600.3835848861607,813.0,813.0,DART,TRAILING_DART,,600.3835848861607,35.89371951947373,7204.6030186339285,-66.56796743093305,0.0,65.0,NEUTRAL,1.0
2026-05-09,태광산업,003240,KS,화학,1123000.0,1206200.0,1177450.0,985858.3333333334,958585.0,1,15.289256198347104,-14220.83663219723,1.3212487411883183,0,-7.875307629204265,-5.2320675105485215,74675.45160499371,,82142.99676549308,DART,TRAILING_DART,,74675.45160499371,15.038409221015044,896105.4192599244,-20.204325978635406,0.0,70.0,NEUTRAL,1.0
2026-05-09,롯데정밀화학,004000,KS,화학,62600.0,58645.0,52618.333333333336,49325.0,47320.0,1,65.68265682656826,388.3965446244856,0.5543082177742243,0,-12.078651685393261,23.715415019762844,4112.129535581395,5901.0,5901.0,DART|DAILY_DISC,TRAILING_DART,,4112.129535581395,15.223255847933611,49345.55442697674,-21.173235739653773,0.0,95.0,NEUTRAL,1.0
2026-05-09,대웅,003090,KS,제약,22200.0,22750.0,24025.0,23635.0,23471.75,0,25.000000000000014,-61.02929727149518,0.7695278512037773,0,-2.2026431718061623,-1.9867549668874163,3919.831402439339,,4311.814542683273,DART,TRAILING_DART,,3919.831402439339,5.66350889127139,47037.97682927207,111.88277851023454,100.0,50.0,NEUTRAL,1.0
2026-05-09,롯데리츠,330590,KS,湲고?,4210.0,4638.75,4638.0,4362.375,4169.9,1,21.73913043478261,-74.25207907884156,0.6653150361967406,0,-3.550973654066436,-10.993657505285414,,,,,FORWARD_AUTO,,,,,,,65.0,NEUTRAL,1.0
2026-05-09,동양생명,082640,KS,생명보험,8140.0,8528.0,8247.166666666666,7443.666666666667,7586.4,1,35.882352941176464,-81.27366570405121,0.2646716438021681,0,-1.5719467956469169,-6.2211981566820285,771.5362650211639,,848.6898915232804,DART|DAILY_DISC,TRAILING_DART,,771.5362650211639,10.550378989348884,9258.435180253968,13.739989929409923,84.3499748235248,65.0,NEUTRAL,1.0
2026-05-09,DL,000210,KS,화학,64000.0,66540.0,56876.666666666664,47918.75,45295.75,1,50.78369905956114,-861.3009596605934,1.1114086147413886,0,-16.666666666666664,-4.191616766467066,-96298295176.0,,-5054.815377561739,DART|DAILY_DISC,TRAILING_DART,,-96298295176.0,-6.64601589083484e-07,-1155579542112.0,-1805593134.55,0.0,85.0,NEUTRAL,1.0
2026-05-09,NHN,181710,KS,IT서비스,38700.0,40520.0,38437.5,34881.666666666664,32009.75,1,43.70860927152317,-346.65166170961436,0.7675249759081352,0,-8.076009501187652,4.172274562584111,1584.8642941368155,3160.0,3160.0,DART|DAILY_DISC,TRAILING_DART,,1584.8642941368155,24.418494468687406,19018.371529641787,-50.85692111203672,0.0,70.0,NEUTRAL,1.0
2026-05-09,한일시멘트,300720,KS,건축자재,16880.0,17142.5,17132.166666666668,17488.25,18172.4,0,37.55458515283843,-38.720044422239575,0.3753815681662605,0,-3.707929264118659,-1.516919486581092,1103.2930256952563,,1213.622328264782,DART,TRAILING_DART,,1103.2930256952563,15.299652591715441,13239.516308343076,-21.566846514555237,0.0,50.0,NEUTRAL,1.0
2026-05-09,종근당,185750,KS,제약,82800.0,87295.0,88751.66666666667,87066.66666666667,85315.0,0,20.15503875968993,-632.8791355918896,0.8496415316674559,0,-4.718066743383198,-6.015891032917143,5638.483010958662,5216.0,5216.0,DART,TRAILING_DART,,5638.483010958662,14.68480083013006,67661.79613150394,-18.282854913642577,4.292862715893563,50.0,NEUTRAL,1.0
2026-05-09,하이트진로,000080,KS,음료,17070.0,17179.5,17149.666666666668,17796.416666666668,18479.95,0,33.83458646616542,-34.213042226692494,1.3203913246134162,0,-1.158077591198614,1.3056379821958508,586.2702345669895,1526.0,1526.0,DART,TRAILING_DART,,586.2702345669895,29.116265833634976,7035.242814803874,-58.7859237562749,0.0,55.0,NEUTRAL,1.0
2026-05-09,KB발해인프라,415640,KS,기타,10020.0,9957.0,9974.833333333334,9955.583333333334,9525.4,1,54.128440366972484,4.058501069091354,0.756709224793348,0,1.0080645161290258,0.8048289738430636,,,,EMPTY,FORWARD_AUTO,,,,,,,95.0,NEUTRAL,1.0
2026-05-09,영풍,000670,KS,핸드셋,66700.0,65085.0,60475.0,58452.289713541664,51922.83009765625,1,60.80402010050252,48.56673069423505,1.0156945886650373,0,-0.5961251862891204,9.703947368421062,1658.77930097711,,1824.6572310748213,DART,TRAILING_DART,,1658.77930097711,40.210291966333386,19905.35161172532,-70.15689413534434,0.0,100.0,NEUTRAL,1.0
2026-05-09,SK네트웍스,001740,KS,복합기업,6730.0,5759.0,5488.5,5060.0,4859.975,1,83.15217391304347,133.5419431426579,0.9173530003623932,1,13.299663299663301,23.71323529411764,225.87433967988363,296.0,296.0,DART,TRAILING_DART,,225.87433967988363,29.795327833776835,2710.4920761586036,-59.725229180407084,0.0,95.0,NEUTRAL,1.0
2026-05-09,롯데렌탈,089860,KS,도로와철도운송,33250.0,32910.0,32502.5,31952.083333333332,31210.5,1,56.30252100840336,-102.5730701586636,1.7339467632161432,0,-0.5979073243647215,5.723370429252772,126714957828.0,4267.0,4267.0,DART|DAILY_DISC,TRAILING_DART,,126714957828.0,2.62399961061683e-07,1520579493936.0,4573171310.333835,100.0,95.0,NEUTRAL,1.0
2026-05-09,SNT에너지,100840,KS,에너지장비및서비스,56800.0,57470.0,50164.166666666664,44980.416666666664,47484.25,1,54.263565891472865,-124.43761776799329,0.7536058234618455,0,-2.9059829059829068,1.7921146953405076,4079.7811126880447,,4487.759223956849,DART|DAILY_DISC,TRAILING_DART,,4079.7811126880447,13.922315543682734,48957.37335225654,-13.807441281238486,15.481396796903788,80.0,NEUTRAL,1.0
2026-05-09,에스디바이오센서,137310,KS,건강관리장비와용품,7950.0,8391.5,8231.833333333334,8623.666666666666,9194.25,0,34.28571428571429,-77.23647633819505,0.8668855891149713,0,-4.790419161676651,3.3810143042912966,-4251.697128762084,,-4676.8668416382925,DART,TRAILING_DART,,-4251.697128762084,-1.8698415619069997,-51020.365545145,-741.7656043414465,0.0,50.0,NEUTRAL,1.0
2026-05-09,롯데칠성,005300,KS,음료,119400.0,120975.0,124615.0,126848.33333333333,124976.0,0,46.788990825688074,-65.84642749736969,1.7340675744650291,0,-3.3198380566801577,3.645833333333326,5517.727491258647,10718.0,10718.0,DART|DAILY_DISC,TRAILING_DART,,5517.727491258647,21.639343405261883,66212.72989510377,-44.54545234915932,0.0,70.0,NEUTRAL,1.0
2026-05-09,케이씨텍,281820,KS,반도체와반도체장비,68300.0,58362.5,50527.5,45599.583333333336,41142.75,1,83.49514563106797,1027.6165852232584,1.0000629144103155,0,9.630818619582659,46.72395273899033,2580.537244971961,,2838.5909694691577,DART,TRAILING_DART,,2580.537244971961,26.46735680063479,30966.446939663532,-54.66113185993626,0.0,90.0,NEUTRAL,1.0
2026-05-09,파미셀,005690,KS,화학,19320.0,18545.0,16682.0,16046.25,14832.4,1,49.69818913480885,21.236553311962666,0.8697084227734624,0,-2.2761760242792084,18.165137614678905,671.293309621593,958.0,958.0,DART,TRAILING_DART,,671.293309621593,28.780265977759637,8055.519715459117,-58.3047633775408,0.0,95.0,NEUTRAL,1.0
2026-05-09,ESR켄달스퀘어리츠,365550,KS,湲고?,4420.0,4511.25,4399.0,4379.333333333333,4398.525,1,46.69811320754717,-31.97065435277306,0.9678702536091662,0,0.9132420091324311,-1.3392857142857095,,,,,FORWARD_AUTO,,,,,,,80.0,NEUTRAL,1.0
2026-05-09,SK디스커버리,006120,KS,석유와가스,59100.0,59635.0,57653.333333333336,59149.166666666664,57425.75,1,45.86466165413534,14.288499305391838,0.7966286690388672,0,0.16949152542373724,8.241758241758234,8305.309969402917,,9135.84096634321,DART,TRAILING_DART,,8305.309969402917,7.115929473761567,99663.71963283501,68.63573541934858,100.0,90.0,NEUTRAL,1.0
2026-05-09,더블유게임즈,192080,KS,게임엔터테인먼트,58700.0,54890.0,52685.0,52810.0,53019.5,1,71.25,423.8231719407927,0.5120585134111351,0,-5.016181229773464,20.040899795501034,8492.266220913834,8230.0,8230.0,DART|DAILY_DISC,TRAILING_DART,,8492.266220913834,6.912171436105004,101907.194650966,73.60680519755707,100.0,85.0,NEUTRAL,1.0
2026-05-09,롯데웰푸드,280360,KS,식품,127600.0,117975.0,118145.0,117724.16666666667,117351.5,1,72.40143369175627,658.1340126414821,2.957753523439216,1,4.333605887162717,14.030384271671137,71390131647.0,11712.0,11712.0,DART|DAILY_DISC,TRAILING_DART,,71390131647.0,1.7873618812042363e-06,856681579764.0,671380448.4043887,100.0,100.0,NEUTRAL,1.0
2026-05-09,세진중공업,075580,KS,조선,19140.0,19454.5,18181.833333333332,18453.5,18168.5,1,59.379042690815005,-122.28652166378583,0.9865015513844253,0,-9.716981132075475,5.74585635359115,1052.6832157021872,,1157.951537272406,DART,TRAILING_DART,,1052.6832157021872,18.182108078195924,12632.198588426247,-34.0010523070729,0.0,80.0,NEUTRAL,1.0
2026-05-09,엠앤씨솔루션,484870,KS,우주항공과국방,109000.0,114680.0,119936.66666666667,132382.5,153776.0,0,34.26573426573427,-377.09919084752255,0.5088269668450514,0,-6.8376068376068355,4.206500956022952,4980.139806749036,,5478.15378742394,DART,TRAILING_DART,,4980.139806749036,21.886935754752162,59761.67768098843,-45.17277276973538,0.0,50.0,NEUTRAL,1.0
2026-05-09,비에이치,090460,KS,전자장비와기기,32200.0,30702.5,23522.5,20335.583333333332,18917.0,1,58.67052023121387,-488.46211428231845,0.5246292634296535,0,-8.78186968838527,43.75,1205.7601516430368,2657.0,2657.0,DART,TRAILING_DART,,1205.7601516430368,26.70514526137098,14469.121819716442,-55.0648390692036,0.0,85.0,NEUTRAL,1.0
2026-05-09,SNT홀딩스,036530,KS,자동차부품,58800.0,62160.0,61170.0,59080.833333333336,61191.0,0,30.935251798561154,-493.8338746208558,1.3202675444790886,0,-7.9812206572769995,-0.8431703204047181,13473.50692534283,,14820.857617877116,DART|DAILY_DISC,TRAILING_DART,,13473.50692534283,4.36411992258681,161682.08310411396,174.9695290886292,100.0,55.0,NEUTRAL,1.0
2026-05-09,쿠쿠홀딩스,192400,KS,가정용기기와용품,29200.0,28812.5,28529.166666666668,28601.25,29532.75,0,54.166666666666664,-6.3637688356011495,1.2067764496085152,0,-4.262295081967215,4.472271914132375,4083.512211102889,,4491.863432213178,DART,TRAILING_DART,,4083.512211102889,7.150707158559852,49002.14653323467,67.81557031929681,100.0,75.0,NEUTRAL,1.0
2026-05-09,한화리츠,451800,KS,湲고?,5700.0,5954.5,5346.75,4783.916666666667,4470.8,1,50.63694267515924,-118.97281621633707,0.6729784788055195,0,-3.8785834738617186,6.145251396648055,,,,,FORWARD_AUTO,,,,,,,80.0,NEUTRAL,1.0
2026-05-09,해성디에스,195870,KS,반도체와반도체장비,87500.0,69735.0,61039.166666666664,57670.0,47124.25,1,80.92105263157895,1534.9635604739933,0.8904548112917144,1,16.356382978723396,57.37410071942446,1401.223774764706,4854.0,4854.0,DART|DAILY_DISC,TRAILING_DART,,1401.223774764706,62.445414912184916,16814.68529717647,-80.78321680322689,0.0,95.0,NEUTRAL,1.0
2026-05-09,SK케미칼,285130,KS,화학,55400.0,58050.0,58706.666666666664,64257.5,64322.5,0,36.875,-180.49420342681663,0.744979475536531,0,-11.217948717948723,2.02578268876612,27297323639.0,,1735.791790171623,DART|DAILY_DISC,TRAILING_DART,,27297323639.0,2.029502992038728e-06,327567883668.0,591277668.3537906,100.0,50.0,NEUTRAL,1.0
2026-05-09,경동나비엔,009450,KS,가정용기기와용품,73000.0,71310.0,65993.33333333333,61754.166666666664,68130.0,1,56.52173913043478,66.31915616780498,0.9135673525997874,0,-5.1948051948051965,12.307692307692308,6157.003532393522,,6772.7038856328745,DART,TRAILING_DART,,6157.003532393522,11.856416780651319,73884.04238872226,1.2110169708523966,53.02754242713099,95.0,NEUTRAL,1.0
2026-05-09,대한유화,006650,KS,화학,172200.0,162660.0,151221.66666666666,149345.0,135155.0,1,64.5305514157973,1065.0878683239753,0.6278458413863137,0,-8.404255319148934,10.384615384615392,8599.392465846155,12419.0,12419.0,DART,TRAILING_DART,,8599.392465846155,20.024670426884168,103192.70959015386,-40.07392009863307,0.0,95.0,NEUTRAL,1.0
2026-05-09,전진건설로봇,079900,KS,기계,67300.0,66820.0,59745.833333333336,54198.333333333336,52121.75,1,50.0,-461.5544260552474,0.6042791254722841,0,1.9696969696969768,-7.8082191780821875,2004.201589921429,,2204.621748913572,DART,TRAILING_DART,,2004.201589921429,33.57945644711237,24050.41907905715,-64.26386466707706,0.0,85.0,NEUTRAL,1.0
2026-05-09,유안타증권,003470,KS,증권,7170.0,5493.75,5107.583333333333,4487.916666666667,4177.225,1,75.72115384615384,255.21467931856137,3.91534559115972,0,31.55963302752294,46.775844421699084,479.1241408870661,,527.0365549757728,DART|DAILY_DISC,TRAILING_DART,,479.1241408870661,14.964806379251163,5749.489690644794,-19.811859265762987,0.47035183559253824,95.0,NEUTRAL,1.0
2026-05-09,HS효성첨단소재,298050,KS,화학,257500.0,237775.0,231986.66666666666,217808.33333333334,207256.0,1,69.10112359550563,2400.2371974135676,1.09063115501073,0,-7.207207207207212,21.176470588235286,3494.08801396802,13489.0,13489.0,DART,TRAILING_DART,,3494.08801396802,73.69591119932127,41929.05616761624,-83.716871391217,0.0,100.0,NEUTRAL,1.0
2026-05-09,한화3우B,00088K,KS,복합기업,50600.0,49532.5,48436.666666666664,44791.25,42066.5,1,51.72413793103448,112.18998699993165,1.4100216872386973,0,1.810865191146882,7.774227902023423,,10406.0,10406.0,SCRAPE,CONSENSUS_SCRAPE,,10406.0,4.862579281183932,124872.0,146.78260869565216,100.0,100.0,NEUTRAL,1.0
2026-05-09,GS피앤엘,499790,KS,"호텔,레스토랑,레저",54800.0,51315.0,50589.166666666664,48255.416666666664,47231.75,1,59.716599190283404,519.2509439915077,0.7267663641478258,0,-7.118644067796609,25.54410080183276,1509.967729961629,2777.0,2777.0,DART|DAILY_DISC,TRAILING_DART,,1509.967729961629,36.29216632423831,18119.61275953955,-66.93501321251907,0.0,95.0,NEUTRAL,1.0
2026-05-09,현대홈쇼핑,057050,KS,인터넷과카탈로그소매,85700.0,82945.0,80506.66666666667,67775.83333333333,62609.5,1,55.938697318007655,41.78270801116696,1.53827830431101,0,-1.6073478760045945,11.73402868318123,9559.69225,,10515.661475,DART|DAILY_DISC,TRAILING_DART,,9559.69225,8.964723733653665,114716.307,33.85800116686115,100.0,100.0,NEUTRAL,1.0
2026-05-09,NICE평가정보,030190,KS,상업서비스와공급품,14910.0,15409.5,16334.833333333334,16556.25,15985.9,0,38.50415512465374,-43.60141462055651,1.0884633041234149,0,-4.484304932735428,-2.036793692509853,1325.2974399390462,,1457.827183932951,DART,TRAILING_DART,,1325.2974399390462,11.250304686837506,15903.569279268555,6.663777862297482,66.6594446557437,55.0,NEUTRAL,1.0
2026-05-09,한샘,009240,KS,가구,39700.0,40157.5,42620.833333333336,44097.916666666664,44390.5,0,49.049429657794676,142.09090793823995,0.9151072569602922,0,-10.686164229471318,-0.7499999999999951,1966.5686221611625,999.0,999.0,DART,TRAILING_DART,,1966.5686221611625,20.187447085559437,23598.82346593395,-40.55711973316385,0.0,70.0,NEUTRAL,1.0
2026-05-09,솔루엠,248070,KS,전자장비와기기,22750.0,19905.5,18204.666666666668,17381.416666666668,17250.15,1,68.56796116504854,334.76379061170246,1.7639418083871352,0,14.035087719298245,33.823529411764696,296.6923694914004,1085.0,1085.0,DART,TRAILING_DART,,296.6923694914004,76.67874990852908,3560.308433896805,-84.3502925982558,0.0,100.0,NEUTRAL,1.0
2026-05-09,일동제약,249420,KS,제약,23100.0,27142.5,30800.0,33042.916666666664,29169.7,0,10.897435897435884,-324.3400663473683,2.6174774596351496,0,-15.539305301645335,-15.693430656934304,749.0210709491788,,823.9231780440967,DART,TRAILING_DART,,749.0210709491788,30.840253893962,8988.252851390145,-61.08981449614655,0.0,60.0,NEUTRAL,1.0
2026-05-09,SNT모티브,064960,KS,자동차부품,34150.0,34702.5,34221.666666666664,34207.083333333336,34265.25,0,51.66666666666667,-176.11089245694774,1.6041549130931094,0,-8.322147651006706,-0.4373177842565634,2618.968963920189,3801.0,3801.0,DART|DAILY_DISC,TRAILING_DART,,2618.968963920189,13.039482510278688,31427.627567042266,-7.971808002804492,30.070479992988773,70.0,NEUTRAL,1.0
2026-05-09,디아이,003160,KS,반도체와반도체장비,33200.0,32725.0,33410.833333333336,29465.333333333332,24322.7,1,55.506607929515425,201.29947331036897,0.634866975932456,0,-3.907380607814759,10.116086235489231,477.64271056537103,,525.4069816219081,DART,TRAILING_DART,,477.64271056537103,69.50802192857121,5731.712526784452,-82.7358056422155,0.0,90.0,NEUTRAL,1.0
2026-05-09,세아제강지주,003030,KS,철강,205000.0,224550.0,186968.33333333334,160191.66666666666,166890.0,1,42.79069767441861,-4059.9417079340164,1.1228805000690998,0,-16.496945010183296,-12.765957446808507,23626.740122129864,,25989.414134342853,DART,TRAILING_DART,,23626.740122129864,8.67660959321205,283520.88146555837,38.30286900758946,100.0,75.0,NEUTRAL,1.0
2026-05-09,자화전자,033240,KS,통신장비,47900.0,43095.0,40262.5,31677.833333333332,26933.0,1,72.29729729729729,198.74644409140137,1.219797948721578,0,-3.5246727089627394,38.43930635838151,2181.4326902471416,,2399.575959271856,DART,TRAILING_DART,,2181.4326902471416,21.95804629414133,26177.192282965698,-45.350329263119626,0.0,90.0,NEUTRAL,1.0
2026-05-09,LX세미콘,108320,KS,디스플레이장비및부품,62400.0,57795.0,54334.166666666664,53034.166666666664,54385.0,1,69.46902654867256,315.4480719703074,0.714625726744186,0,0.9708737864077666,22.113502935420737,5080.641733366945,,5588.70590670364,DART|DAILY_DISC,TRAILING_DART,,5080.641733366945,12.281913048540716,60967.70080040334,-2.2953512814049004,44.26162179648775,95.0,NEUTRAL,1.0
2026-05-09,대한해운,005880,KS,해운사,2545.0,2688.75,2423.8333333333335,2130.2083333333335,1990.605,1,32.02247191011236,-29.71436483462692,0.21919895940062498,0,-3.7807183364839347,8.067940552016983,536.828793253571,476.0,476.0,DART,TRAILING_DART,,536.828793253571,4.74080383165638,6441.9455190428525,153.12163139657576,100.0,70.0,NEUTRAL,1.0
2026-05-09,지역난방공사,071320,KS,복합유틸리티,75500.0,76155.0,83653.33333333333,93995.0,91220.0,0,45.36082474226804,264.02833265931713,2.0264468049060844,0,-1.436031331592691,2.0270270270270174,338886000000.0,15978.0,15978.0,DART|DAILY_DISC,TRAILING_DART,,338886000000.0,2.2278878442898201e-07,4066632000000.0,5386267449.668874,100.0,80.0,NEUTRAL,1.0
2026-05-09,아이에스동서,010780,KS,건설,24800.0,27715.0,28931.666666666668,25198.0,22881.95,1,30.0,-374.91447729756635,1.637036033289294,0,-16.216216216216218,-13.438045375218156,-2379.0957638154946,1982.0,1982.0,DART,TRAILING_DART,,-2379.0957638154946,-10.424128518570768,-28549.149165785937,-215.11753695881427,0.0,75.0,NEUTRAL,1.0
2026-05-09,KG모빌리티,003620,KS,자동차,4180.0,4169.25,3845.5,3691.5,3599.8,1,45.72649572649573,-9.267905098564881,0.7427702740195652,0,-5.429864253393668,18.581560283687935,230.1248183569315,,253.13730019262468,DART|DAILY_DISC,TRAILING_DART,,230.1248183569315,18.164055619227806,2761.497820283178,-33.93545884490005,0.0,85.0,NEUTRAL,1.0
2026-05-09,OCI,456040,KS,화학,134300.0,119475.0,98445.0,80846.66666666667,71449.5,1,70.36144578313252,717.267913068752,0.25549126257990423,0,-5.088339222614846,45.032397408207345,-7649.69452649792,,-8414.663979147714,DART,TRAILING_DART,,-7649.69452649792,-17.55625659754069,-91796.33431797504,-168.35170090690622,0.0,85.0,NEUTRAL,1.0
2026-05-09,보령,003850,KS,제약,9620.0,9921.0,9655.166666666666,9319.166666666666,9010.15,1,32.73809523809524,-57.41687317604209,0.8391790948026937,0,-4.563492063492058,-1.130524152106882,749.5632139999616,,824.5195353999578,DART|DAILY_DISC,TRAILING_DART,,749.5632139999616,12.834141030833049,8994.758567999539,-6.499391185035974,33.75152203741007,65.0,NEUTRAL,1.0
2026-05-09,한국단자,025540,KS,자동차부품,90200.0,84160.0,78101.66666666667,73242.5,68996.5,1,67.34693877551021,281.90836137940096,0.6887947151938177,0,0.33370411568409697,19.470198675496686,10494.880672268908,,11544.3687394958,DART,TRAILING_DART,,10494.880672268908,8.59466656332163,125938.5680672269,39.621472358344676,100.0,95.0,NEUTRAL,1.0
2026-05-09,SK증권,001510,KS,증권,5130.0,4342.35,3826.55,2605.5916666666667,2105.315,1,72.911227154047,111.73952259278661,0.5467120906488366,0,-3.57142857142857,37.681159420289845,124.09624558602272,,68.25293492476736,DART|DAILY_DISC,TRAILING_DART,,124.09624558602272,41.33888157352768,1489.1549470322725,-70.97163845940989,0.0,85.0,NEUTRAL,1.0
2026-05-09,신성이엔지,011930,KS,반도체와반도체장비,3995.0,3955.5,3018.483333333333,2327.9666666666667,2071.13,1,30.26315789473685,-55.62900888624546,0.0,0,0.0,19.076005961251873,-39.80866134668366,,-43.789527481352025,DART,TRAILING_DART,,-39.80866134668366,-100.35504497899454,-477.70393616020385,-111.95754533567468,0.0,75.0,NEUTRAL,1.0
2026-05-09,세방전지,004490,KS,자동차부품,64400.0,63435.0,63258.333333333336,63446.666666666664,64150.5,1,60.869565217391305,94.62139767308281,0.8735794065293508,0,-4.4510385756676545,5.400981996726673,10204.202214502164,,11224.62243595238,DART,TRAILING_DART,,10204.202214502164,6.3111254212970245,122450.42657402597,90.14041393482294,100.0,95.0,NEUTRAL,1.0
2026-05-09,명인제약,317450,KS,제약,53800.0,56350.0,58446.666666666664,63355.833333333336,,0,27.5,-237.58594680095666,1.010238069026961,0,-4.946996466431097,-5.448154657293502,5577.754563972603,,6135.530020369864,DART,TRAILING_DART,,5577.754563972603,9.645458469524772,66933.05476767124,24.41088246779042,100.0,55.0,NEUTRAL,1.0
2026-05-09,코오롱,002020,KS,복합기업,83600.0,65060.0,62496.666666666664,56584.583333333336,52065.75,1,76.04938271604938,1749.4456252057516,3.911257603624353,1,11.466666666666669,27.63358778625955,-22979.015572201977,,-25276.91712942217,DART,TRAILING_DART,,-22979.015572201977,-3.6381018907151113,-275748.1868664237,-429.8423287875881,0.0,100.0,NEUTRAL,1.0
2026-05-09,CJ CGV,079160,KS,방송과엔터테인먼트,4990.0,4856.0,5082.5,5462.708333333333,5271.775,0,57.823129251700685,16.94801662850422,1.8943892848123536,1,2.149437052200609,4.831932773109249,-143369293871.0,-343.0,-343.0,DART|DAILY_DISC,TRAILING_DART,,-143369293871.0,-3.4805221294385904e-08,-1720431526452.0,-34477585800.44089,0.0,95.0,NEUTRAL,1.0
2026-05-09,삼아알미늄,006110,KS,비철금속,72900.0,62965.0,42330.0,33764.583333333336,29597.35,1,72.78617710583154,-189.47278953925797,0.4698036999512822,1,0.4132231404958775,72.74881516587676,-1645.694032415212,,-1810.2634356567328,DART,TRAILING_DART,,-1645.694032415212,-44.29742015471268,-19748.328388982543,-127.089613702308,0.0,85.0,NEUTRAL,1.0
2026-05-09,광전자,017900,KS,전자장비와기기,11210.0,11784.5,5703.5,3770.733333333333,3029.57,1,40.57971014492753,-439.1253410136778,0.4041980490836844,0,5.456255879586069,38.39506172839506,72.94191680302158,,80.23610848332375,DART,TRAILING_DART,,72.94191680302158,153.68392402234804,875.3030016362591,-92.19176626551062,0.0,70.0,NEUTRAL,1.0
2026-05-09,부광약품,003000,KS,제약,5980.0,7214.0,6490.833333333333,5184.875,4521.5,1,17.771084337349407,-229.0734948899007,0.5398045126168048,0,-9.118541033434646,-17.85714285714286,126.01349225600724,,138.61484148160798,DART,TRAILING_DART,,126.01349225600724,47.455235887369234,1512.161907072087,-74.7130115874233,0.0,65.0,NEUTRAL,1.0
2026-05-09,부국증권,001270,KS,증권,74700.0,75360.0,77836.66666666667,70335.83333333333,67570.0,1,44.07894736842105,159.56236125726036,0.808303659368134,0,1.0825439783491264,-2.860858257477239,4401.29596506654,,4841.4255615731945,DART,TRAILING_DART,,4401.29596506654,16.972273755934673,52815.55158079848,-29.29645036037687,0.0,75.0,NEUTRAL,1.0
2026-05-09,한화손해보험,000370,KS,손해보험,6630.0,6687.5,6939.5,6238.666666666667,6091.5,1,42.7710843373494,17.966605079920193,0.798738879560621,0,-2.500000000000002,0.9132420091324311,2504.159516987116,,2754.575468685828,DART,TRAILING_DART,,2504.159516987116,2.6475949135927634,30049.914203845394,353.2415415361296,100.0,75.0,NEUTRAL,1.0
2026-05-09,CJ4우(전환),00104K,KS,복합기업,192400.0,183300.0,176373.33333333334,167185.0,157252.5,1,64.88764044943821,499.20031013289827,0.5023760132022825,0,-1.0796915167095134,13.443396226415105,,11404.0,11404.0,SCRAPE,CONSENSUS_SCRAPE,,11404.0,16.87127323746054,136848.0,-28.87318087318087,0.0,95.0,NEUTRAL,1.0
2026-05-09,F&F홀딩스,007700,KS,"섬유,의류,신발,호화품",20500.0,19371.0,19403.833333333332,19648.916666666668,19305.85,1,64.16666666666666,121.34602706450181,1.1987749099794713,1,5.506948018528046,11.29207383279045,9405.895715224024,,10346.485286746429,DART,TRAILING_DART,,9405.895715224024,2.179484083245733,112870.74858268828,450.5890174765282,100.0,100.0,NEUTRAL,1.0
2026-05-09,PI첨단소재,178920,KS,화학,29100.0,26180.0,22627.5,19519.25,18882.05,1,68.59504132231405,357.516949662619,1.8549206753819532,0,9.193245778611626,28.761061946902643,1034.6942918830623,1406.0,1406.0,DART|DAILY_DISC,TRAILING_DART,,1034.6942918830623,28.124249092976328,12416.331502596748,-57.33219414915207,0.0,100.0,NEUTRAL,1.0
2026-05-09,솔루스첨단소재,336370,KS,전자장비와기기,12940.0,12668.5,10063.0,9092.0,8835.4,1,60.59574468085107,-194.90505467727735,0.29232990194099023,0,-16.137394685677254,36.067297581493165,-1970.9441760571287,-176.0,-176.0,DART|DAILY_DISC,TRAILING_DART,,-1970.9441760571287,-6.565381281313838,-23651.330112685544,-282.7768942247724,0.0,85.0,NEUTRAL,1.0
2026-05-09,LF,093050,KS,"섬유,의류,신발,호화품",24850.0,25275.0,23388.333333333332,20784.25,19941.5,1,43.75,-198.6943703368612,1.5806482887890638,0,-2.5490196078431393,0.0,4019.376897024624,,4421.314586727087,DART,TRAILING_DART,,4019.376897024624,6.182550339679618,48232.52276429549,94.09465901124948,100.0,80.0,NEUTRAL,1.0
2026-05-09,동원시스템즈,014820,KS,포장재,26750.0,26755.0,26290.833333333332,26431.25,27617.0,0,56.57894736842105,-60.613259647942414,1.286407485228051,0,-5.975395430579966,7.214428857715438,1853.1409104985423,,2038.4550015483967,DART|DAILY_DISC,TRAILING_DART,,1853.1409104985423,14.434951950201977,22237.690925982508,-16.868445136513987,7.828887158715034,70.0,NEUTRAL,1.0
2026-05-09,이노션,214320,KS,광고,20200.0,19058.5,19155.333333333332,18829.75,18757.7,1,76.56765676567656,114.45850352506045,0.9856324188106225,1,4.7174701918092365,13.101903695408733,108971717082.0,2562.0,2562.0,DART|DAILY_DISC,TRAILING_DART,,108971717082.0,1.8536919983374883e-07,1307660604984.0,6473567251.405941,100.0,95.0,NEUTRAL,1.0
2026-05-09,SGC에너지,005090,KS,에너지장비및서비스,61800.0,57595.0,53071.666666666664,37889.166666666664,32217.25,1,61.78660049627792,-22.74364920736639,0.7319795234076386,0,2.148760330578514,18.16443594646271,-6579.734319694048,1254.0,1254.0,DART,TRAILING_DART,,-6579.734319694048,-9.392476503956111,-78956.81183632858,-227.76183145036987,0.0,85.0,NEUTRAL,1.0
2026-05-09,GKL,114090,KS,"호텔,레스토랑,레저",11470.0,11988.0,12252.333333333334,13144.166666666666,14383.4,0,36.160714285714285,-8.28849265326825,2.6702969413538526,0,-4.892205638474301,0.7908611599297011,761.0031827640053,868.0,868.0,DART|DAILY_DISC,TRAILING_DART,,761.0031827640053,15.072210287400285,9132.038193168064,-20.38327643271086,0.0,60.0,NEUTRAL,1.0
2026-05-09,TKG휴켐스,069260,KS,화학,17550.0,18071.5,18585.666666666668,18712.333333333332,18329.25,0,37.87878787878788,-21.933910103514982,0.6740957642360225,0,-7.387862796833778,-0.28409090909090606,59207938448.0,,1593.2236282916626,DART|DAILY_DISC,TRAILING_DART,,59207938448.0,2.9641295508732287e-07,710495261376.0,4048405947.7264957,100.0,50.0,NEUTRAL,1.0
2026-05-09,신풍제약,019170,KS,제약,11510.0,11535.0,11407.333333333334,12615.916666666666,12823.65,0,52.281134401972864,-60.6538691278476,0.8994218394525925,0,-3.3585222502099055,9.933142311365817,160.04206116303698,,176.0462672793407,DART,TRAILING_DART,,160.04206116303698,71.91859387685972,1920.5047339564437,-83.31446799342794,0.0,65.0,NEUTRAL,1.0
2026-05-09,흥아해운,003280,KS,해운사,2685.0,3076.75,2819.8,2223.3333333333335,2019.37,1,27.77777777777777,-72.35016037612823,0.29282961261126295,0,-6.7708333333333375,-10.200668896321075,126.1283023519124,,138.74113258710364,DART,TRAILING_DART,,126.1283023519124,21.28784697750504,1513.5396282229487,-43.62980900473189,0.0,65.0,NEUTRAL,1.0
2026-05-09,신한알파리츠,293940,KS,湲고?,5760.0,6029.0,5862.333333333333,5755.5,5668.6,1,37.27272727272727,-59.084019953510214,0.6812564517050231,0,-2.3728813559321993,-0.34602076124568004,,,,,FORWARD_AUTO,,,,,,,65.0,NEUTRAL,1.0
2026-05-09,대상,001680,KS,식품,20150.0,20770.0,21124.166666666668,21215.25,21686.15,0,27.58620689655173,-78.12525542848005,0.8496102496413716,0,-3.3573141486810565,0.9013520280420684,-8747.655523799696,,-9622.421076179668,DART,TRAILING_DART,,-8747.655523799696,-2.303474336086739,-104971.86628559636,-620.9521900029596,0.0,50.0,NEUTRAL,1.0
2026-05-09,JW중외제약,001060,KS,제약,30450.0,31210.0,32001.666666666668,29700.0,26791.0,1,41.66666666666667,-86.79377680151102,0.4552374868580402,0,-5.1401869158878455,4.2808219178082085,2641.560496703374,,2905.716546373712,DART|DAILY_DISC,TRAILING_DART,,2641.560496703374,11.527277167417184,31698.72596044049,4.100906274024596,60.25226568506149,65.0,NEUTRAL,1.0
2026-05-09,티엠씨,217590,KS,조선,31500.0,29907.5,21710.666666666668,,,0,55.6,-165.46878461961205,0.4722551392672919,0,6.598984771573613,44.827586206896555,-24.293163942812026,,-26.72248033709323,DART,TRAILING_DART,,-24.293163942812026,-1296.6610719852474,-291.5179673137443,-100.92545386448808,0.0,70.0,NEUTRAL,1.0
2026-05-09,넥센타이어,002350,KS,자동차부품,7220.0,7489.5,7821.166666666667,7780.0,7097.85,1,37.79527559055118,-32.988686040567124,1.6974504337541954,0,-6.838709677419352,-3.346720214190091,1547.8373423024236,1587.0,1587.0,DART,TRAILING_DART,,1547.8373423024236,4.664572822141749,18574.04810762908,157.25828403918393,100.0,75.0,NEUTRAL,1.0
2026-05-09,애경케미칼,161000,KS,화학,15320.0,15137.5,12209.333333333334,11093.583333333334,11099.05,1,53.01120448179272,-264.7268020256115,0.4592728899834074,0,-8.263473053892213,21.587301587301578,-101.38283422896176,,-111.52111765185794,DART,TRAILING_DART,,-101.38283422896176,-151.11039375168284,-1216.594010747541,-107.94121416937037,0.0,85.0,NEUTRAL,1.0
2026-05-09,빙그레,005180,KS,식품,72900.0,74430.0,76320.0,75747.5,75846.0,0,23.214285714285722,-217.92126907051178,0.7956770920398314,0,-3.1872509960159334,0.8298755186721962,5994.740426696167,,6594.214469365784,DART,TRAILING_DART,,5994.740426696167,12.16065998043168,71936.885120354,-1.3211452395692769,46.69713690107681,50.0,NEUTRAL,1.0
2026-05-09,세아홀딩스,058650,KS,철강,154500.0,156800.0,156950.0,145869.16666666666,138120.5,1,43.33333333333333,-317.21331373132426,0.6550212450259661,0,-5.039950829748008,-3.917910447761197,19911.624296004207,,21902.78672560463,DART,TRAILING_DART,,19911.624296004207,7.759286620881276,238939.4915520505,54.65339259032393,100.0,65.0,NEUTRAL,1.0
2026-05-09,녹십자홀딩스,005250,KS,제약,13500.0,14022.5,14408.0,15149.583333333334,15414.65,0,24.59016393442623,-61.556216807266615,1.2220719135973752,0,-2.877697841726623,-1.098901098901095,-889.2431566287554,,-978.167472291631,DART,TRAILING_DART,,-889.2431566287554,-15.181449415006329,-10670.917879545064,-179.04383614477825,0.0,55.0,NEUTRAL,1.0
2026-05-09,현대차증권,001500,KS,증권,12220.0,11311.5,11170.0,9752.333333333334,9269.4,1,62.4390243902439,129.83080406340673,1.6744805804880918,0,7.8552515445719395,12.834718374884591,933.7240456737017,,1027.0964502410718,DART|DAILY_DISC,TRAILING_DART,,933.7240456737017,13.08737849969689,11204.68854808442,-8.308604352827997,29.22848911793001,100.0,NEUTRAL,1.0
2026-05-09,롯데손해보험,000400,KS,손해보험,2065.0,2148.25,2109.5666666666666,1927.1583333333333,1886.525,1,37.0,-10.373978294884685,0.47120719725853377,0,-4.398148148148151,-2.3640661938534313,165.4044231754762,,181.94486549302383,DART,TRAILING_DART,,165.4044231754762,12.484551261420973,1984.8530781057145,-3.881206871393972,40.29698282151507,65.0,NEUTRAL,1.0
2026-05-09,고려제강,002240,KS,철강,24400.0,24492.5,22785.833333333332,21407.916666666668,19976.925,1,39.57219251336899,-75.25594872928002,0.46778137327976443,0,-7.400379506641364,15.914489311163905,170.46703603703705,,187.5137396407408,DART,TRAILING_DART,,170.46703603703705,143.13617792180455,2045.6044324444447,-91.61637527686703,0.0,70.0,NEUTRAL,1.0
2026-05-09,삼화콘덴서,001820,KS,전기제품,66000.0,64890.0,55240.0,43022.5,37797.5,1,50.48543689320388,-266.3278027671927,0.4426102097253267,0,-7.042253521126762,9.816971713810307,1212.931936026936,,1334.2251296296297,DART,TRAILING_DART,,1212.931936026936,54.41360561103596,14555.183232323232,-77.94669207223752,0.0,85.0,NEUTRAL,1.0
2026-05-09,E1,017940,KS,가스유틸리티,102300.0,100000.0,100153.33333333333,92431.66666666667,87051.0,1,58.53658536585366,237.82413564681883,0.4295127472645933,0,-5.627306273062727,5.791106514994837,16647.301354081632,,18312.0314894898,DART,TRAILING_DART,,16647.301354081632,6.145140153597196,199767.61624897958,95.27626221796635,100.0,95.0,NEUTRAL,1.0
2026-05-09,하나투어,039130,KS,"호텔,레스토랑,레저",42250.0,42100.0,43412.5,45325.416666666664,47812.25,0,41.605839416058394,41.8627995905828,0.7587756354120431,0,-1.1695906432748537,2.6731470230862753,3104.705232405152,3711.0,3711.0,DART|DAILY_DISC,TRAILING_DART,,3104.705232405152,13.608377233052101,37256.46278886183,-11.819022984942418,20.452442537643957,65.0,NEUTRAL,1.0
2026-05-09,미원상사,002840,KS,화학,144600.0,141925.0,141218.33333333334,144439.16666666666,148958.5,0,59.701492537313435,239.08252013632045,0.7021331561854148,0,-2.757229320780097,9.545454545454547,9162.47011136842,,10078.717122505264,DART,TRAILING_DART,,9162.47011136842,15.781770444258933,109949.64133642105,-23.9629036400961,0.0,80.0,NEUTRAL,1.0
2026-05-09,동아쏘시오홀딩스,000640,KS,제약,95900.0,97005.0,101371.5046875,104678.47083333334,106242.0340234375,0,45.333333333333336,40.11998554820974,1.1549711931719098,0,-4.1958041958041985,0.8412197686645584,13585.759087041166,12688.0,12688.0,DART|DAILY_DISC,TRAILING_DART,,13585.759087041166,7.058862105944056,163029.109044494,69.99907095359123,100.0,75.0,NEUTRAL,1.0
2026-05-09,맵스리얼티,094800,KS,기타,6250.0,7135.5,6830.166666666667,6062.916666666667,5583.275,1,38.81401617250674,-190.58623291010227,1.2755286853982204,0,-14.965986394557829,-10.458452722063038,,,,EMPTY,FORWARD_AUTO,,,,,,,70.0,NEUTRAL,1.0
2026-05-09,퍼스텍,010820,KS,우주항공과국방,12990.0,13414.5,9148.666666666666,6615.875,5766.45,1,55.04,-358.10946234946096,0.12608454540089226,0,-6.479481641468688,72.73936170212767,301.9529084122103,,332.14819925343136,DART,TRAILING_DART,,301.9529084122103,43.019953238094764,3623.434900946524,-72.10596689032698,0.0,80.0,NEUTRAL,1.0
2026-05-09,한국쉘석유,002960,KS,화학,482000.0,496775.0,491591.6666666667,471133.3333333333,457097.5,1,37.14285714285714,-2237.413825955873,0.8253892596123292,0,-4.174950298210733,0.6263048016701411,37098.43268384616,,40808.275952230775,DART,TRAILING_DART,,37098.43268384616,12.992462622548423,445181.1922061539,-7.638756803702518,30.903107990743706,65.0,NEUTRAL,1.0
2026-05-09,풍산홀딩스,005810,KS,비철금속,43600.0,45677.5,41575.833333333336,39816.666666666664,40864.25,1,37.91469194312797,-487.0088581987002,0.21987760640534504,0,-5.010893246187365,-19.408502772643253,5157.935458267752,,5673.729004094528,DART|DAILY_DISC,TRAILING_DART,,5157.935458267752,8.452994488349546,61895.22549921303,41.96152637434183,100.0,70.0,NEUTRAL,1.0
2026-05-09,율촌화학,008730,KS,포장재,24300.0,26377.5,25714.166666666668,27020.833333333332,29031.5,0,35.625000000000014,-315.0653472207485,0.9511099961426703,0,-8.98876404494382,-4.330708661417326,167.94407262096777,,184.73847988306457,DART,TRAILING_DART,,167.94407262096777,144.69102493925203,2015.3288714516134,-91.70646554958184,0.0,50.0,NEUTRAL,1.0
2026-05-09,한전산업,130660,KS,전기유틸리티,18880.0,19786.5,20355.666666666668,16019.583333333334,14554.0,1,41.609589041095894,-81.6402063582081,0.8018410188719237,0,-8.79227053140097,-2.579979360165119,124.54195653374234,,136.9961521871166,DART,TRAILING_DART,,124.54195653374234,151.59549862126033,1494.503478404908,-92.08419767794011,0.0,65.0,NEUTRAL,1.0
2026-05-09,LX홀딩스,383800,KS,무역회사와판매업체,9000.0,8758.5,8588.166666666666,8384.083333333334,8308.65,1,62.61682242990654,21.39822887807918,0.6423306368814996,0,-3.1216361679224924,10.294117647058831,1777.57962074019,,1955.337582814209,DART,TRAILING_DART,,1777.57962074019,5.063064346030458,21330.95544888228,137.010616098692,100.0,95.0,NEUTRAL,1.0
2026-05-09,코스모화학,005420,KS,화학,18000.0,17357.0,16148.833333333334,16096.583333333334,16456.45,1,64.08227848101266,3.44679454031791,0.8195313518645908,0,-2.28013029315961,12.711333750782728,-806.1065914574345,,-886.7172506031781,DART|DAILY_DISC,TRAILING_DART,,-806.1065914574345,-22.329553176653892,-9673.279097489214,-153.74043943049563,0.0,95.0,NEUTRAL,1.0
2026-05-09,금양,001570,KS,화학,9900.0,9900.0,9900.0,9900.0,9900.0,0,,0.0,,1,0.0,0.0,-1079.3320864650686,,-1187.2652951115756,DART,TRAILING_DART,,-1079.3320864650686,-9.172339193976518,-12951.985037580824,-230.82813169273558,0.0,60.0,NEUTRAL,1.0
2026-05-09,미원에스씨,268280,KS,화학,119400.0,121900.0,126836.66666666667,132305.0,136212.0,0,32.27848101265822,-97.83842568251998,0.7050523225531512,0,-1.6474464579901205,-1.8092105263157854,12260.5502104,,13486.605231440002,DART,TRAILING_DART,,12260.5502104,9.738551529173549,147126.6025248,23.221610154773863,100.0,50.0,NEUTRAL,1.0
2026-05-09,태영건설,009410,KS,건설,1961.0,2023.7,1873.25,1769.55,1822.885,1,38.69499241274658,-17.769919828783976,0.4139890371979451,0,-2.9207920792079234,-2.6799007444168743,322.0178640263672,,354.21965042900393,DART,TRAILING_DART,,322.0178640263672,6.08972426399124,3864.2143683164063,97.05325692587488,100.0,70.0,NEUTRAL,1.0
2026-05-09,삼양바이오팜,0120G0,KS,건강관리장비와용품,72000.0,77795.0,92991.66666666667,,,0,19.04761904761905,-212.84707723013435,0.5337843563741137,0,-7.573812580231065,-7.096774193548383,,,2047.1,SCRAPE,FORWARD_AUTO,,2047.1,35.17170631625226,24565.199999999997,-65.88166666666667,0.0,50.0,NEUTRAL,1.0
2026-05-09,카프로,006380,KS,화학,3660.0,3660.0,3660.0,3660.0,3660.0,0,,0.0,,1,0.0,0.0,-191.4799804847333,,-210.62797853320663,DART,TRAILING_DART,,-191.4799804847333,-19.114269756737375,-2297.7597658167997,-162.78032147040435,0.0,60.0,NEUTRAL,1.0
2026-05-09,일진하이솔루스,271940,KS,자동차부품,17800.0,17313.0,16422.166666666668,15363.583333333334,16318.05,1,61.92660550458715,63.17525435035259,0.8845233412764125,0,-3.05010893246187,12.302839116719234,-55.053591794056096,,-60.55895097346171,DART,TRAILING_DART,,-55.053591794056096,-323.32132055227305,-660.6431015286731,-103.7114780984757,0.0,95.0,NEUTRAL,1.0
2026-05-09,삼성FN리츠,448730,KS,湲고?,5930.0,6376.5,5687.75,5204.958333333333,4881.175,1,42.443729903536976,-157.0777783702084,0.8583828091782596,0,-4.9679487179487225,6.2724014336917655,,,,,FORWARD_AUTO,,,,,,,70.0,NEUTRAL,1.0
2026-05-09,프레스티지바이오파마,950210,KS,제약,8000.0,9046.0,9950.0,11206.416666666666,12350.8,0,21.73913043478261,-107.59801997166142,0.9731981287756314,0,-11.504424778761058,-14.163090128755362,0.0494923344097471,,0.0544415678507218,DART,TRAILING_DART,,0.0494923344097471,161641.19343751276,0.5939080129169653,-99.99257614983854,0.0,50.0,NEUTRAL,1.0
2026-05-09,유니드,014830,KS,화학,84500.0,88070.0,83898.33333333333,76835.0,76878.5,1,49.74489795918368,-752.508982662675,0.7594859787350002,0,-13.77551020408163,3.8083538083538038,9642.876812016077,12781.0,12781.0,DART|DAILY_DISC,TRAILING_DART,,9642.876812016077,8.762945088617515,115714.52174419293,36.94026241916322,100.0,80.0,NEUTRAL,1.0
2026-05-09,KG스틸,016380,KS,철강,7170.0,6253.0,5871.5,5630.75,5640.375,1,89.26553672316385,112.42508671548882,0.6609080314948349,1,6.065088757396442,32.28782287822878,1355.2919371863486,,1490.8211309049836,DART,TRAILING_DART,,1355.2919371863486,5.290373094733571,16263.503246236183,126.8271024579663,100.0,95.0,NEUTRAL,1.0
2026-05-09,DB증권,016610,KS,증권,15230.0,14001.5,13963.166666666666,12558.916666666666,11291.2,1,68.31168831168831,181.7655760958504,1.3676101607827988,0,8.167613636363647,15.72948328267476,2248.926010667244,,2473.8186117339687,DART|DAILY_DISC,TRAILING_DART,,2248.926010667244,6.772121416071551,26987.112128006927,77.19705927778679,100.0,100.0,NEUTRAL,1.0
2026-05-09,현대차3우B,005389,KS,자동차,260500.0,242650.0,248025.0,234398.33333333334,209014.5,1,64.54545454545453,1531.091070010105,4.084314088187011,1,4.61847389558232,8.768267223382043,,40715.0,40715.0,SCRAPE,CONSENSUS_SCRAPE,,40715.0,6.3981333660812965,488580.0,87.55470249520154,100.0,100.0,NEUTRAL,1.0
2026-05-09,쿠쿠홈시스,284740,KS,가정용기기와용품,24250.0,24377.5,24533.333333333332,24386.25,25317.75,0,40.67796610169491,-35.700981345091336,0.9004164172415711,0,-2.2177419354838745,3.6324786324786418,5986.431598946933,,6585.074758841627,DART,TRAILING_DART,,5986.431598946933,4.050827208025861,71837.1791873632,196.23579046335342,100.0,50.0,NEUTRAL,1.0
2026-05-09,삼천리,004690,KS,가스유틸리티,145400.0,140440.0,143351.66666666666,136069.16666666666,134990.5,1,70.0507614213198,955.8427141639424,0.882950456441481,0,-1.6238159675236785,5.4387237128353805,32386.00962090246,,35624.61058299271,DART,TRAILING_DART,,32386.00962090246,4.489592935406172,388632.1154508295,167.2848111766365,100.0,85.0,NEUTRAL,1.0
2026-05-09,한섬,020000,KS,"섬유,의류,신발,호화품",25650.0,24987.5,23806.666666666668,19890.5,18138.5,1,53.801169590643276,-67.58278223095749,1.7182616789980452,0,-6.043956043956045,13.99999999999999,2061.029523151322,3201.0,3201.0,DART|DAILY_DISC,TRAILING_DART,,2061.029523151322,12.44523657321563,24732.354277815863,-3.577566168359214,41.05608457910196,95.0,NEUTRAL,1.0
2026-05-09,명신산업,009900,KS,자동차부품,12800.0,11718.0,10461.333333333334,9705.75,9361.85,1,63.092269326683294,51.52652655123404,0.9091695724109448,0,-9.732016925246823,31.68724279835391,1302.3581119758169,,1432.5939231733987,DART,TRAILING_DART,,1302.3581119758169,9.828325928404613,15628.297343709803,22.09607299773284,100.0,95.0,NEUTRAL,1.0
2026-05-09,아세아,002030,KS,건축자재,248000.0,267475.0,278000.0,307241.6666666667,322445.0,0,32.0,-814.588390187972,0.7520925652387986,0,-7.116104868913853,-10.630630630630634,24905.06456996424,,27395.571026960664,DART,TRAILING_DART,,24905.06456996424,9.957813974073792,298860.77483957086,20.508376951439857,100.0,50.0,NEUTRAL,1.0
2026-05-09,신대양제지,016590,KS,포장재,12020.0,13095.5,13364.833333333334,13304.166666666666,12621.85,0,25.072886297376087,-133.60354649831316,0.2534631958446678,0,-6.5318818040435485,-0.6611570247933907,552.6959035501176,,607.9654939051294,DART,TRAILING_DART,,552.6959035501176,21.747944797115807,6632.3508426014105,-44.82237235772537,0.0,50.0,NEUTRAL,1.0
2026-05-09,한일홀딩스,003300,KS,건축자재,17960.0,17421.5,17287.5,16850.916666666668,17148.4,1,60.14760147601476,3.340642308541483,3.1439840499306517,1,2.687249857061169,4.967855055523085,2008.9107962135488,,2209.801875834904,DART,TRAILING_DART,,2008.9107962135488,8.940167992452183,24106.929554562586,34.22566567128389,100.0,100.0,NEUTRAL,1.0
2026-05-09,바이오노트,377740,KS,건강관리장비와용품,4985.0,5077.5,5334.75,5430.708333333333,5494.225,0,40.28776978417266,-2.053524523412875,1.1786332801633481,0,-2.826510721247566,1.3211382113821113,-860.1325936106355,,-946.1458529716992,DART,TRAILING_DART,,-860.1325936106355,-5.795618067528561,-10321.591123327626,-307.05298141078487,0.0,55.0,NEUTRAL,1.0
2026-05-09,삼양홀딩스,000070,KS,화학,65400.0,68215.0,68891.66666666667,68684.66692708334,81976.98,0,31.372549019607845,-362.5123792650706,1.511350031909591,0,-6.571428571428573,-2.3880597014925398,-38403.39315443869,,-42243.73246988256,DART,TRAILING_DART,,-38403.39315443869,-1.7029745193867336,-460840.71785326424,-804.649415677774,0.0,60.0,NEUTRAL,1.0
2026-05-09,현대그린푸드,453340,KS,식품,19300.0,16483.5,16086.666666666666,15884.333333333334,15978.3,1,88.48039215686275,265.6017368123924,3.052296079918299,1,19.135802469135797,22.53968253968255,2699.4712250194725,,2969.41834752142,DART|DAILY_DISC,TRAILING_DART,,2699.4712250194725,7.149548334178217,32393.65470023367,67.84277046753198,100.0,100.0,NEUTRAL,1.0
2026-05-09,동국제강,460860,KS,철강,14490.0,12373.0,10184.833333333334,9263.5,9422.95,1,73.12722948870393,192.61607553133445,0.3973711277366438,0,-11.158798283261806,45.04504504504505,165.93795865696467,562.0,562.0,DART|DAILY_DISC,TRAILING_DART,,165.93795865696467,87.32179253786326,1991.255503883576,-86.25772599114164,0.0,85.0,NEUTRAL,1.0
2026-05-09,케이카,381970,KS,자동차,10330.0,10525.5,12807.166666666666,14321.916666666666,14857.4,0,45.070422535211264,100.3870980357409,0.4674673138218802,0,-6.7689530685920545,1.0763209393346296,1042.305827502218,1179.0,1179.0,DART,TRAILING_DART,,1042.305827502218,9.91071883839968,12507.669930026617,21.081025460083413,100.0,70.0,NEUTRAL,1.0
2026-05-09,우진,105840,KS,기계,26300.0,26475.0,25628.333333333332,22423.833333333332,18544.85,1,56.31578947368421,8.406334154058072,1.025070486098902,0,-8.362369337979093,8.008213552361386,547.0984810624195,,601.8083291686615,DART,TRAILING_DART,,547.0984810624195,48.07178398471807,6565.181772749034,-75.0373316625512,0.0,95.0,NEUTRAL,1.0
2026-05-09,신도리코,029530,KS,사무용전자제품,49450.0,51022.5,53616.666666666664,51096.666666666664,48894.5,1,20.0,-145.29274152496373,1.4357171826416113,0,-2.079207920792081,-1.6898608349900646,2065.599573228113,,2272.1595305509245,DART,TRAILING_DART,,2065.599573228113,23.939780314109807,24787.194878737355,-49.8742267366282,0.0,70.0,NEUTRAL,1.0
2026-05-09,NICE,034310,KS,IT서비스,14340.0,13853.0,13994.5,13745.25,13650.225,1,64.9402390438247,83.71849987821764,0.5233960329291567,0,-1.1034482758620734,5.286343612334798,2083.1976860451964,,2291.5174546497165,DART,TRAILING_DART,,2083.1976860451964,6.883648199141137,24998.37223254236,74.32616619625077,100.0,95.0,NEUTRAL,1.0
2026-05-09,제주은행,006220,KS,은행,12240.0,12872.0,13669.833333333334,13045.5,13562.5,0,15.723270440251568,-55.42280896632303,0.7366082779977255,0,-4.895104895104896,-4.821150855365475,368.5325871037881,,405.3858458141669,DART,TRAILING_DART,,368.5325871037881,33.2128024178033,4422.3910452454575,-63.869354205510966,0.0,50.0,NEUTRAL,1.0
2026-05-09,삼양사,145990,KS,식품,46200.0,47242.5,47600.0,48477.083333333336,49686.0,0,35.65217391304347,-132.6594517139079,0.7145055596904256,0,-5.521472392638039,3.4714445688689866,-29317.37433355224,,-32249.111766907467,DART,TRAILING_DART,,-29317.37433355224,-1.575857355927214,-351808.4920026269,-861.4902424299285,0.0,50.0,NEUTRAL,1.0
2026-05-09,신세계인터내셔날,031430,KS,"섬유,의류,신발,호화품",14840.0,14127.5,12935.666666666666,11947.0,11450.95,1,65.5440414507772,-12.768163963909501,0.9685310462614689,0,-3.1331592689295085,20.945395273023635,117.74988149545533,1074.0,1074.0,DART,TRAILING_DART,,117.74988149545533,126.0298508289604,1412.998577945464,-90.47844624025969,0.0,85.0,NEUTRAL,1.0
2026-05-09,대원전선,006340,KS,전기장비,18010.0,9838.0,6813.333333333333,5275.0,4402.575,1,91.37055837563452,1085.824746767344,0.47337208112275847,1,37.5859434682964,219.89342806394316,164.72041939329114,,181.19246133262027,DART,TRAILING_DART,,164.72041939329114,109.33677844152893,1976.6450327194937,-89.0247360759606,0.0,95.0,NEUTRAL,1.0
2026-05-09,유진투자증권,001200,KS,증권,6170.0,5404.75,5046.333333333333,4325.958333333333,4034.7,1,66.07142857142858,89.96790180743642,0.6754171515562671,0,3.350083752093802,23.647294589178358,666.2604596053093,,732.8865055658403,DART|DAILY_DISC,TRAILING_DART,,666.2604596053093,9.26064260762989,7995.125515263711,29.58064044187538,100.0,95.0,NEUTRAL,1.0
2026-05-09,케이씨,029460,KS,반도체와반도체장비,39600.0,37295.0,33599.166666666664,30357.083333333332,28049.5,1,77.56410256410257,68.04229154712175,1.0309066744664583,1,0.8917197452229297,27.331189710610925,3919.13736649628,,4311.051103145908,DART,TRAILING_DART,,3919.13736649628,10.10426435636843,47029.64839795536,18.76173837867514,96.90434594668784,100.0,NEUTRAL,1.0
2026-05-09,덴티움,145720,KS,건강관리장비와용품,51100.0,53385.0,51730.833333333336,50265.833333333336,54022.5,0,22.772277227722782,-446.1174827450534,1.000266525184139,0,-5.5452865064695045,2.507522567703102,1893.298227215534,6556.0,6556.0,DART|DAILY_DISC,TRAILING_DART,,1893.298227215534,26.98993706614967,22719.57872658641,-55.53898487947866,0.0,55.0,NEUTRAL,1.0
2026-05-09,한화갤러리아,452260,KS,백화점과일반상점,2920.0,2767.0,2664.75,2037.2,1674.68,1,62.280701754385966,12.351689604127984,0.2454797524848231,0,-8.176100628930815,16.103379721669974,17.088213001150677,,18.797034301265747,DART,TRAILING_DART,,17.088213001150677,170.8780198259101,205.05855601380813,-92.97744671185588,0.0,95.0,NEUTRAL,1.0
2026-05-09,BGF,027410,KS,화학,5040.0,5065.25,4599.916666666667,4284.125,4163.675,1,56.2753036437247,-20.787187935852955,0.9547454403822637,0,-4.9056603773584895,-2.135922330097084,589.4039993045734,,648.3443992350308,DART|DAILY_DISC,TRAILING_DART,,589.4039993045734,8.551010861729138,7072.84799165488,40.334285548707946,100.0,80.0,NEUTRAL,1.0
2026-05-09,풀무원,017810,KS,식품,11250.0,12134.5,12302.833333333334,12732.0,13317.25,0,15.957446808510625,-110.27350637523998,1.259847383811932,0,-8.312958435207829,-6.328059950041631,397.6842979567289,,437.4527277524018,DART,TRAILING_DART,,397.6842979567289,28.28877091150349,4772.211575480747,-57.580341551282245,0.0,55.0,NEUTRAL,1.0
2026-05-09,대덕,008060,KS,전자장비와기기,19620.0,15910.5,13611.833333333334,12008.666666666666,10609.15,1,84.26051560379918,268.2340841207051,1.2549271658555339,1,16.163410301953828,53.76175548589342,199.001512636295,,218.9016638999245,DART,TRAILING_DART,,199.001512636295,98.59221540621394,2388.0181516355397,-87.82865366138869,0.0,100.0,NEUTRAL,1.0
2026-05-09,드림텍,192650,KS,핸드셋,6590.0,6694.0,7036.333333333333,7118.0,6809.8,0,43.44262295081967,-2.6656868530313886,1.4688076190896253,0,-3.795620437956204,1.228878648233489,192.0530053708924,,211.25830590798168,DART,TRAILING_DART,,192.0530053708924,34.31344376659664,2304.636064450709,-65.02828430272065,0.0,55.0,NEUTRAL,1.0
2026-05-09,한세실업,105630,KS,"섬유,의류,신발,호화품",11060.0,11568.0,12221.166666666666,12930.333333333334,11910.8,0,33.507853403141354,-16.495979325600047,2.9342197134952617,0,-6.745362563237778,-3.0674846625766916,1431.3801308,1579.0,1579.0,DART,TRAILING_DART,,1431.3801308,7.726808387244103,17176.5615696,55.30344999638335,100.0,60.0,NEUTRAL,1.0
2026-05-09,KCC글라스,344820,KS,건축자재,28050.0,28425.0,27438.333333333332,27074.166666666668,27992.25,1,42.57425742574257,-81.30056584109957,1.2516525016617541,0,-4.2662116040955596,10.433070866141737,-5237.333611971864,,-5761.066973169051,DART,TRAILING_DART,,-5237.333611971864,-5.355778737463152,-62848.00334366237,-324.05705291858243,0.0,75.0,NEUTRAL,1.0
2026-05-09,조광피혁,004700,KS,"섬유,의류,신발,호화품",67300.0,68215.0,69115.0,69094.16666666667,67807.5,0,43.20987654320988,-152.00640289905667,0.7366006696369725,0,-3.3045977011494254,0.14880952380953438,1735.7999430903676,,1909.3799373994043,DART,TRAILING_DART,,1735.7999430903676,38.771749168386904,20829.599317084412,-69.04962954370815,0.0,50.0,NEUTRAL,1.0
2026-05-09,코람코라이프인프라리츠,357120,KS,湲고?,4530.0,4679.0,4605.416666666667,4530.875,4470.125,1,42.857142857142854,-42.105057073087906,0.7634259772235727,0,-2.580645161290318,-1.7353579175705014,,,,,FORWARD_AUTO,,,,,,,65.0,NEUTRAL,1.0
2026-05-09,DI동일,001530,KS,"섬유,의류,신발,호화품",27450.0,27457.5,23878.666666666668,21483.972241210937,25376.621323242187,1,64.74358974358975,-236.96788912265538,0.7107505021347419,0,-13.406940063091488,24.77272727272728,-505.2692008020566,,-555.7961208822624,DART,TRAILING_DART,,-505.2692008020566,-54.327475247702196,-6063.230409624679,-122.08827107331395,0.0,80.0,NEUTRAL,1.0
2026-05-09,동아에스티,170900,KS,제약,43250.0,44897.5,46063.769856770836,48609.265787760414,47013.4166015625,0,34.54545454545455,-204.0887206562969,0.6188789018009814,0,-3.45982142857143,-2.038505096262744,-3866.3649482993055,,-4253.001443129237,DART|DAILY_DISC,TRAILING_DART,,-3866.3649482993055,-11.186217695001694,-46396.379379591664,-207.27486561755296,0.0,50.0,NEUTRAL,1.0
2026-05-09,농심홀딩스,072710,KS,식품,96400.0,96180.0,95486.66666666667,93433.33333333333,91921.5,1,55.99999999999999,-107.04882397108304,0.676579854278062,0,-1.4314928425357865,1.6877637130801704,24705.90139764845,,27176.49153741329,DART,TRAILING_DART,,24705.90139764845,3.9019017540957046,296470.8167717814,207.54234104956578,100.0,85.0,NEUTRAL,1.0
2026-05-09,TCC스틸,002710,KS,철강,18970.0,18405.0,15760.333333333334,15620.5,16492.25,1,57.68595041322314,-25.362634635058612,0.43089880713380146,0,-11.147540983606552,27.916385704652736,-289.9552255448745,,-318.950748099362,DART,TRAILING_DART,,-289.9552255448745,-65.42389420419028,-3479.462706538494,-118.34192254369265,0.0,85.0,NEUTRAL,1.0
2026-05-09,퍼시스,016800,KS,가구,34700.0,36927.5,38810.833333333336,42071.25,43464.75,0,19.148936170212764,-182.21878749864277,0.44051989284651255,0,-3.878116343490301,-8.443271767810023,3093.9279331304347,,3403.320726443478,DART,TRAILING_DART,,3093.9279331304347,11.215516569867404,37127.135197565214,6.994625929582754,67.48656482395688,50.0,NEUTRAL,1.0
2026-05-09,제주항공,089590,KS,항공사,5420.0,5333.5,5457.916666666667,5464.458333333333,5866.375,0,51.37614678899082,4.966643066973736,1.2708453185626813,0,0.743494423791824,1.3084112149532645,-116400560741.0,-182.0,-182.0,DART|DAILY_DISC,TRAILING_DART,,-116400560741.0,-4.656334957062542e-08,-1396806728892.0,-25771341961.476017,0.0,80.0,NEUTRAL,1.0
2026-05-09,남해화학,025860,KS,화학,9300.0,9335.0,8382.5,7510.083333333333,7321.3,1,53.63636363636363,22.183733629921107,0.2503838039354638,0,-1.4830508474576232,18.925831202046027,541.9961683487677,,596.1957851836445,DART,TRAILING_DART,,541.9961683487677,17.15879289023971,6503.954020185212,-30.065010535642877,0.0,90.0,NEUTRAL,1.0
2026-05-09,INVENI,015360,KS,가스유틸리티,17400.0,16138.5,15881.166666666666,14668.083333333334,13766.25,1,70.46783625730994,70.99975751525443,4.712936387381611,1,6.35696821515892,6.227106227106227,3182.2162935779816,,3500.43792293578,DART,TRAILING_DART,,3182.2162935779816,5.467887281928282,38186.59552293578,119.46319266055045,100.0,100.0,NEUTRAL,1.0
2026-05-09,SPC삼립,005610,KS,식품,47750.0,49517.5,50513.333333333336,51201.666666666664,52242.0,0,16.129032258064512,-199.89212026507334,1.02065546681355,0,-3.9235412474849074,-3.535353535353536,1626.502234265835,,1789.1524576924187,DART,TRAILING_DART,,1626.502234265835,29.35747581161684,19518.026811190022,-59.12455118075388,0.0,55.0,NEUTRAL,1.0
2026-05-09,아세아시멘트,183190,KS,건축자재,11560.0,11641.5,11955.166666666666,12046.0,12414.8,0,41.73913043478261,-8.336181107862444,0.40627892843415914,0,-4.46280991735537,2.5732031943212164,450.1711315059365,,495.1882446565302,DART,TRAILING_DART,,450.1711315059365,25.679123317678926,5402.053578071238,-53.26943271564672,0.0,50.0,NEUTRAL,1.0
2026-05-09,수산인더스트리,126720,KS,에너지장비및서비스,33500.0,31415.0,28712.5,25584.583333333332,24308.0,1,64.3939393939394,236.65157182742814,0.6554070692344074,0,-2.6162790697674465,16.724738675958186,3418.2857781744365,,3760.114355991881,DART,TRAILING_DART,,3418.2857781744365,9.800233852270523,41019.429338093236,22.446057725651446,100.0,95.0,NEUTRAL,1.0
2026-05-09,광동제약,009290,KS,제약,8030.0,8321.0,8442.333333333334,7196.583333333333,6717.3,1,37.80487804878049,-38.48952512638655,0.7734317355389685,0,-5.529411764705882,-4.970414201183438,428.2907790327224,,471.1198569359947,DART,TRAILING_DART,,428.2907790327224,18.74894439272177,5139.489348392669,-35.99639665762554,0.0,65.0,NEUTRAL,1.0
2026-05-09,두산2우B,000157,KS,복합기업,602000.0,522200.0,470516.6666666667,463504.1666666667,437652.5,1,85.49222797927462,10787.93004862476,1.027526455449343,0,7.117437722419928,40.8187134502924,,19872.0,19872.0,SCRAPE,CONSENSUS_SCRAPE,,19872.0,30.293880837359097,238464.0,-60.38803986710963,0.0,90.0,NEUTRAL,1.0
2026-05-09,트리니티항공,091810,KS,항공사,929.0,955.0,1104.3,1305.702474975586,1783.7614849853517,0,33.027522935779814,2.400479423079716,0.6760256111252634,0,-1.2752391073326264,0.9782608695652284,-819.0914263774235,,-901.000569015166,DART,TRAILING_DART,,-819.0914263774235,-1.1341835234543554,-9829.097116529083,-1158.0298295510315,0.0,60.0,NEUTRAL,1.0
2026-05-09,세아제강,306200,KS,철강,174000.0,160235.0,142505.0,130905.0,133430.5,1,73.85159010600707,1454.1042316591065,0.4333197690533902,0,-3.9735099337748325,22.621564482029587,10576.864998413426,16782.0,16782.0,DART,TRAILING_DART,,10576.864998413426,16.45099942431909,126922.37998096112,-27.056103459217752,0.0,85.0,NEUTRAL,1.0
2026-05-09,넥스틸,092790,KS,철강,19840.0,17914.5,13889.333333333334,12055.916666666666,12500.85,1,62.281879194630875,156.59804314366102,0.2600377302570232,0,-9.199084668192214,35.33424283765348,1385.961203522806,,1524.5573238750867,DART,TRAILING_DART,,1385.961203522806,14.314975014864139,16631.534442273674,-16.171701399830273,9.57074650042432,95.0,NEUTRAL,1.0
2026-05-09,코람코더원리츠,417310,KS,湲고?,10190.0,10229.5,9602.833333333334,8858.666666666666,7728.55,1,48.45360824742268,-47.955603282791486,0.8975322020696873,0,-0.48828125,4.298874104401218,,,,,FORWARD_AUTO,,,,,,,80.0,NEUTRAL,1.0
2026-05-09,엠씨넥스,097520,KS,핸드셋,23000.0,23190.0,24229.166666666668,26310.416666666668,27649.25,0,41.77215189873418,-18.20766048027538,1.2870406277801858,0,-3.157894736842104,2.9082774049216997,2962.654793897078,2797.0,2797.0,DART,TRAILING_DART,,2962.654793897078,7.763307438780536,35551.857526764936,54.573293594630144,100.0,55.0,NEUTRAL,1.0
2026-05-09,스틱인베스트먼트,026890,KS,창업투자,9620.0,9720.5,10248.333333333334,10320.5,10335.05,0,43.7246963562753,19.74916644378355,1.135975897491742,0,-8.901515151515149,0.9443861490031402,356.43601815578535,,392.0796199713639,DART,TRAILING_DART,,356.43601815578535,26.98941608026674,4277.232217869424,-55.53812663337396,0.0,65.0,NEUTRAL,1.0
2026-05-09,일진홀딩스,015860,KS,전기장비,13700.0,9682.0,8367.0,7829.916666666667,7076.5,1,83.47718865598027,494.7443633395285,1.7098585083641162,1,32.36714975845412,87.41450068399452,1815.7691979751023,,1997.3461177726128,DART,TRAILING_DART,,1815.7691979751023,7.545011786342601,21789.230375701227,59.045477194899476,100.0,100.0,NEUTRAL,1.0
2026-05-09,화신,010690,KS,자동차부품,12890.0,12006.0,11889.166666666666,10228.916666666666,9538.7,1,62.404580152671755,49.79301994755724,3.0886254688313968,1,0.546021840873645,9.795570698466772,1909.724814542556,,2100.697295996812,DART,TRAILING_DART,,1909.724814542556,6.7496635650553625,22916.69777451067,77.78663905749164,100.0,100.0,NEUTRAL,1.0
2026-05-09,애경산업,018250,KS,화장품,14420.0,14946.5,14800.0,14054.25,14708.15,0,37.984496124031004,-107.68594600964806,0.44514004665071316,0,-6.7873303167420795,0.3479471120389599,572.7580544215652,,630.0338598637218,DART|DAILY_DISC,TRAILING_DART,,572.7580544215652,25.1764246503053,6873.096653058783,-52.336361629273355,0.0,50.0,NEUTRAL,1.0
2026-05-09,KG케미칼,001390,KS,자동차,6110.0,6012.5,5608.916666666667,5509.25,5238.4,1,52.81690140845071,5.021614142737349,0.5712681176031735,0,-3.9308176100628978,10.88929219600725,3628.948809580648,,3991.843690538713,DART,TRAILING_DART,,3628.948809580648,1.683683160222383,43547.38571496777,612.7231704577378,100.0,95.0,NEUTRAL,1.0
2026-05-09,국도화학,007690,KS,화학,38750.0,40595.0,38275.833333333336,35818.333333333336,36140.0,1,46.63072776280323,-402.51157786548856,0.873037142335582,0,-12.626832018038336,3.471295060080104,2364.6661338851627,,2601.13274727368,DART|DAILY_DISC,TRAILING_DART,,2364.6661338851627,16.387091371894215,28375.993606621952,-26.77162940226593,0.0,80.0,NEUTRAL,1.0
2026-05-09,대한제강,084010,KS,철강,11690.0,12067.5,11880.666666666666,11182.142447916667,10556.051791992188,1,51.102204408817634,-16.976862380575028,0.6970651559240498,0,-13.726937269372696,3.1774051191526986,402.9178071626351,718.0,718.0,DART,TRAILING_DART,,402.9178071626351,29.013361514899266,4835.013685951621,-58.63974605687237,0.0,75.0,NEUTRAL,1.0
2026-05-09,한국토지신탁,034830,KS,부동산,1545.0,1557.0,1533.8833333333334,1405.3083333333334,1361.51,1,48.86363636363636,-3.8302453368016973,1.029318836284999,0,-5.098280098280094,0.9803921568627416,76.94603899738614,,84.64064289712476,DART,TRAILING_DART,,76.94603899738614,20.07900627675563,923.3524679686336,-40.23608621562242,0.0,85.0,NEUTRAL,1.0
2026-05-09,KISCO홀딩스,001940,KS,철강,24950.0,26647.5,25508.333333333332,25676.666666666668,25688.5,0,39.449541284403665,-308.50214455671363,1.4443344068497104,0,-8.10313075506446,-4.770992366412219,-1636.0787873914214,,-1799.6866661305637,DART,TRAILING_DART,,-1636.0787873914214,-15.249876834953959,-19632.945448697057,-178.68916011501827,0.0,55.0,NEUTRAL,1.0
2026-05-09,제이에스코퍼레이션,194370,KS,"섬유,의류,신발,호화품",14400.0,13820.5,12852.333333333334,12436.25,11757.45,1,62.725450901803605,47.55325840933688,0.5415619112926556,0,-3.0303030303030276,23.499142367066895,2955.336888945347,,3250.8705778398817,DART|DAILY_DISC,TRAILING_DART,,2955.336888945347,4.872540945793439,35464.04266734416,146.2780740787789,100.0,95.0,NEUTRAL,1.0
2026-05-09,HL홀딩스,060980,KS,자동차부품,43800.0,42730.0,44161.666666666664,44883.75,42932.0,1,59.73154362416108,150.94240727624614,1.2984238024850356,0,-1.016949152542368,4.910179640718559,2368.0841704899312,,2604.8925875389245,DART,TRAILING_DART,,2368.0841704899312,18.495964183122027,28417.010045879175,-35.12098163041284,0.0,95.0,NEUTRAL,1.0
2026-05-09,에코프로,086520,KQ,화학,155000.0,154680.0,155391.66666666666,130020.0,101465.5,1,55.330882352941174,86.56453125745702,1.0264625012657684,0,-3.064415259537212,1.241018941868055,-777.3058936594402,,-855.0364830253843,DART,TRAILING_DART,,-777.3058936594402,-199.40669595374237,-9327.670723913283,-106.01785207994405,0.0,95.0,NEUTRAL,1.0
2026-05-09,에코프로비엠,247540,KQ,전기제품,237500.0,211915.0,204061.66666666666,184882.5,162462.5,1,70.70063694267516,2699.5862066415602,1.1162029666053108,1,11.764705882352944,13.90887290167866,936.1865336506634,302.0,302.0,DART,TRAILING_DART,,936.1865336506634,253.68875909148974,11234.23840380796,-95.26979435629138,0.0,100.0,NEUTRAL,1.0
2026-05-09,알테오젠,196170,KQ,생물공학,340500.0,365525.0,369616.6666666667,419754.1666666667,436965.0,0,35.35353535353535,-1973.6148849957747,1.7987995250712994,0,-10.394736842105267,-9.078771695594124,145172981930.0,,2982.978078427884,DART|DAILY_DISC,TRAILING_DART,,145172981930.0,2.345477756764571e-06,1742075783160.0,511622743.8061674,100.0,60.0,NEUTRAL,1.0
2026-05-09,레인보우로보틱스,277810,KQ,기계,784000.0,637450.0,666950.0,577500.0,469125.0,1,86.84210526315789,17280.333246799913,4.090640535063952,1,18.07228915662651,29.37293729372936,53.28059117752305,,58.60865029527536,DART,TRAILING_DART,,53.28059117752305,14714.551446845398,639.3670941302767,-99.91844807472829,0.0,100.0,NEUTRAL,1.0
2026-05-09,삼천당제약,000250,KQ,제약,404000.0,455125.0,643241.6666666666,458170.8333333333,356346.5,1,30.725190839694648,4399.941437282163,0.49492814638584515,0,-8.803611738148987,-16.70103092783505,512.8364480622635,,564.1200928684899,DART,TRAILING_DART,,512.8364480622635,787.7755208829275,6154.037376747161,-98.47672342159723,0.0,75.0,NEUTRAL,1.0
2026-05-09,코오롱티슈진,950160,KQ,생물공학,127800.0,104620.0,102036.66666666667,89213.33333333333,70615.5,1,68.05293005671078,1919.4824928125995,3.4174963590355514,1,18.99441340782122,25.911330049261096,-1.5980598694416368,,-1.7578658563858007,DART,TRAILING_DART,,-1.5980598694416368,-79971.97254233873,-19.17671843329964,-100.01500525699005,0.0,100.0,NEUTRAL,1.0
2026-05-09,에이비엘바이오,298380,KQ,생물공학,130100.0,149805.0,170066.66666666666,180692.5,144184.5,0,31.42857142857143,-2155.7295291641913,0.7726857040264553,0,-8.380281690140844,-17.866161616161612,-676.5353762502151,-3830.0,-3830.0,DART,TRAILING_DART,,-676.5353762502151,-192.303321551485,-8118.424515002582,-106.24014182552082,0.0,50.0,NEUTRAL,1.0
2026-05-09,리노공업,058470,KQ,반도체와반도체장비,112600.0,115610.0,109545.0,88209.16666666667,73234.75,1,47.22222222222222,-724.1264856984735,0.7696413861658303,0,0.4460303300624524,-3.595890410958902,1993.9244409629207,2413.0,2413.0,DART|DAILY_DISC,TRAILING_DART,,1993.9244409629207,56.471548112235574,23927.093291555047,-78.75036119755325,0.0,80.0,NEUTRAL,1.0
2026-05-09,HLB,028300,KQ,건강관리장비와용품,58200.0,61175.0,54558.333333333336,52716.666666666664,48924.0,1,31.034482758620683,-664.2724997719888,0.7272558085246603,0,-7.619047619047614,6.0109289617486406,-1768.2770862102916,,-1945.104794831321,DART,TRAILING_DART,,-1768.2770862102916,-32.91339375139004,-21219.3250345235,-136.45932136516066,0.0,70.0,NEUTRAL,1.0
2026-05-09,리가켐바이오,141080,KQ,제약,187100.0,191305.0,189558.33333333334,183727.5,168425.0,1,42.74300932090545,-1516.4124603998805,1.241124561920955,0,-3.8046272493573285,6.488332384746731,-2500.718270096277,865.0,865.0,DART,TRAILING_DART,,-2500.718270096277,-74.81850404235928,-30008.619241155327,-116.0388130631509,0.0,70.0,NEUTRAL,1.0
2026-05-09,펩트론,087010,KQ,생물공학,257000.0,264625.0,278558.3333333333,277533.3333333333,282263.5,0,43.82022471910113,160.44993135639015,0.8984385015768827,0,-4.814814814814817,-9.507042253521124,-592.8539311714238,,-652.1393242885663,DART,TRAILING_DART,,-592.8539311714238,-433.49632428377777,-7114.247174057085,-102.76818956188991,0.0,60.0,NEUTRAL,1.0
2026-05-09,원익IPS,240810,KQ,반도체와반도체장비,132900.0,122005.0,120118.33333333333,96394.16666666667,75747.0,1,64.21800947867298,1381.7987675778727,0.9078822107049226,1,10.016556291390732,9.472817133443169,84028556164.0,3131.0,3131.0,DART|DAILY_DISC,TRAILING_DART,,84028556164.0,1.5816051836070675e-06,1008342673968.0,758722754.7539504,100.0,100.0,NEUTRAL,1.0
2026-05-09,이오테크닉스,039030,KQ,반도체와반도체장비,478500.0,479275.0,429666.6666666667,360441.6666666667,307364.0,1,52.142857142857146,-4576.800896932546,0.8988092396527139,0,-7.267441860465118,8.257918552036191,4672.636037030574,9034.0,9034.0,DART,TRAILING_DART,,4672.636037030574,102.40472320289754,56071.632444366885,-88.28179050274464,0.0,80.0,NEUTRAL,1.0
2026-05-09,보로노이,310210,KQ,제약,284500.0,298000.0,294550.0,256157.5,213525.0,1,45.2991452991453,-2202.1003308163167,0.7049326914832371,0,-3.8851351351351315,1.6071428571428514,-2320.7225704510624,,-2552.794827496169,DART,TRAILING_DART,,-2320.7225704510624,-122.59112899682091,-27848.67084541275,-109.78863650102382,0.0,75.0,NEUTRAL,1.0
2026-05-09,케어젠,214370,KQ,건강관리업체및서비스,97200.0,99510.0,110153.33333333333,93925.83333333333,79118.75,1,47.688564476885645,86.3927630441097,0.5621596303671859,0,-8.301886792452828,12.240184757505768,374.1701557293121,,411.58717130224335,DART|DAILY_DISC,TRAILING_DART,,374.1701557293121,259.7748604790327,4490.041868751745,-95.38061536136652,0.0,85.0,NEUTRAL,1.0
2026-05-09,ISC,095340,KQ,반도체와반도체장비,253500.0,239175.0,218470.0,162980.83333333334,125318.5,1,69.81132075471697,679.2391154619845,0.4519381306103944,0,3.8934426229508157,-1.3618677042801508,2658.0703091438445,4009.0,4009.0,DART|DAILY_DISC,TRAILING_DART,,2658.0703091438445,95.36993778078485,31896.843709726134,-87.41741865494038,0.0,95.0,NEUTRAL,1.0
2026-05-09,로보티즈,108490,KQ,기계,334500.0,288675.0,269283.3333333333,264906.6666666667,210881.5,1,65.82914572864323,2838.7336231570716,2.183926363544518,0,1.82648401826484,30.6640625,361.92159125590814,658.0,658.0,DART,TRAILING_DART,,361.92159125590814,924.2333369480606,4343.0590950708975,-98.70162657845414,0.0,100.0,NEUTRAL,1.0
2026-05-09,우리기술,032820,KQ,우주항공과국방,20150.0,21960.0,20356.0,12663.916666666666,9211.675,1,27.131782945736433,-333.5887761063774,0.6111335890098525,0,-9.641255605381161,-14.799154334038056,-23.99035962686787,,-26.38939558955466,DART,TRAILING_DART,,-23.99035962686787,-839.9207145454009,-287.88431552241445,-101.42870628050827,0.0,65.0,NEUTRAL,1.0
2026-05-09,클래시스,214150,KQ,건강관리장비와용품,55600.0,56430.0,56859.166666666664,57774.583333333336,55910.75,0,43.33333333333333,-298.1269613561734,1.011666182808906,0,-3.304347826086962,5.303030303030298,2022.977194849829,2830.0,2830.0,DART,TRAILING_DART,,2022.977194849829,27.484244578509614,24275.726338197946,-56.33862169388859,0.0,55.0,NEUTRAL,1.0
2026-05-09,성호전자,043260,KQ,전기제품,43750.0,46400.0,39849.166666666664,24212.708333333332,15031.37,1,39.260563380281695,-1007.5728408194622,1.3783594324621735,0,-0.11415525114155667,2.699530516431925,1283.6949236919122,,1412.0644160611037,DART,TRAILING_DART,,1283.6949236919122,34.081306385612876,15404.339084302947,-64.79008209302184,0.0,75.0,NEUTRAL,1.0
2026-05-09,HPSP,403870,KQ,반도체와반도체장비,53900.0,49215.0,46145.0,39704.166666666664,35753.75,1,74.93606138107417,533.4455222938427,0.44203965903454784,0,0.9363295880149725,17.429193899782124,882.8945995868772,1271.0,1271.0,DART,TRAILING_DART,,882.8945995868772,61.049189818604404,10594.735195042527,-80.34371948971702,0.0,85.0,NEUTRAL,1.0
2026-05-09,현대무벡스,319400,KQ,기계,37950.0,31307.5,29951.666666666668,24382.75,17562.825,1,71.21212121212122,461.3411772135885,6.508029810740746,1,19.339622641509436,29.965753424657528,101.4027367053339,,111.5430103758673,DART,TRAILING_DART,,101.4027367053339,374.2502543129469,1216.8328404640067,-96.79358935319102,0.0,100.0,NEUTRAL,1.0
2026-05-09,올릭스,226950,KQ,생명과학도구및서비스,168000.0,172090.0,170613.33333333334,153105.0,122328.5,1,41.26040428061831,-954.8761548981015,0.9077169257953034,0,-8.99241603466956,2.4390243902439046,-775.4778005636587,,-853.0255806200246,DART,TRAILING_DART,,-775.4778005636587,-216.64063094764109,-9305.733606763904,-105.53912714688327,0.0,65.0,NEUTRAL,1.0
2026-05-09,펄어비스,263750,KQ,게임엔터테인먼트,52500.0,56480.0,56583.333333333336,48568.75,43299.75,1,43.069306930693074,-575.5469853141199,0.4660102625894903,0,-12.353923205342232,-7.079646017699115,-130.9758782919679,3844.0,3844.0,DART,TRAILING_DART,,-130.9758782919679,-400.8371670008459,-1571.7105395036147,-102.99373436095927,0.0,65.0,NEUTRAL,1.0
2026-05-09,디앤디파마텍,347850,KQ,생물공학,70800.0,76905.0,78745.0,87111.04166666667,120554.125,0,29.23076923076924,-859.7765664407826,0.7740337297086046,0,-8.645161290322578,1.4326647564469885,-547.4293430254446,,-602.1722773279891,DART,TRAILING_DART,,-547.4293430254446,-129.33175925264425,-6569.152116305335,-109.27846344110922,0.0,50.0,NEUTRAL,1.0
2026-05-09,티씨케이,064760,KQ,반도체와반도체장비,299000.0,287450.0,246466.66666666666,204536.66666666666,176357.0,1,47.61904761904762,-1501.250281444216,0.4131774338069074,0,-5.379746835443033,23.298969072164954,6252.806457153039,8972.0,8972.0,DART|DAILY_DISC,TRAILING_DART,,6252.806457153039,47.81852789605413,75033.67748583647,-74.90512458667678,0.0,85.0,NEUTRAL,1.0
2026-05-09,솔브레인,357780,KQ,반도체와반도체장비,461000.0,449275.0,427400.0,360704.1666666667,315383.0,1,61.478599221789885,404.1823754928846,1.3365062279945275,0,-3.75782881002088,11.89320388349515,10797.519150959188,20725.0,20725.0,DART,TRAILING_DART,,10797.519150959188,42.69499257697982,129570.22981151025,-71.89365947689583,0.0,100.0,NEUTRAL,1.0
2026-05-09,휴젤,145020,KQ,생물공학,291500.0,262425.0,257200.0,247183.33333333334,270687.5,1,64.5320197044335,1287.7990876538543,4.450427059904102,1,10.836501901140693,17.303822937625757,11945.21272008942,13420.0,13420.0,DART|DAILY_DISC,TRAILING_DART,,11945.21272008942,24.403081538243036,143342.55264107304,-50.82588245589261,0.0,100.0,NEUTRAL,1.0
2026-05-09,에임드바이오,0009K0,KQ,생물공학,44100.0,47795.0,52730.0,,,0,25.51020408163265,-259.5876797123444,0.7045469028217162,0,-9.53846153846154,-8.220603537981274,,,101.2,SCRAPE,FORWARD_AUTO,,101.2,435.77075098814225,1214.4,-97.24625850340136,0.0,50.0,NEUTRAL,1.0
2026-05-09,주성엔지니어링,036930,KQ,반도체와반도체장비,138900.0,103745.0,75296.66666666667,53250.416666666664,43742.75,1,87.8409090909091,2172.416899544076,0.4255052199899812,1,10.325655281969826,104.26470588235293,767.912131508188,1740.0,1740.0,DART|DAILY_DISC,TRAILING_DART,,767.912131508188,180.8800698684091,9214.945578098257,-93.36576992217547,0.0,95.0,NEUTRAL,1.0
2026-05-09,파마리서치,214450,KQ,건강관리장비와용품,341000.0,315025.0,319733.3333333333,373837.5,462592.5,0,65.34653465346535,4068.8531956556963,3.6427933323858444,1,5.900621118012417,15.789473684210531,168255434874.0,18767.0,18767.0,DART|DAILY_DISC,TRAILING_DART,,168255434874.0,2.0266804472340626e-06,2019065218488.0,592101137.0932552,100.0,100.0,NEUTRAL,1.0
2026-05-09,비에이치아이,083650,KQ,에너지장비및서비스,94700.0,96815.0,93830.0,74570.41666666667,63577.5,1,44.48979591836734,-240.75972643272394,1.6219594001435138,0,-5.2052052052052105,0.0,2106.8902526226493,,2317.5792778849145,DART,TRAILING_DART,,2106.8902526226493,44.94776122397348,25282.68303147179,-73.30234104385238,0.0,80.0,NEUTRAL,1.0
2026-05-09,유진테크,084370,KQ,반도체와반도체장비,148600.0,133825.0,126903.33333333333,105320.83333333333,88068.25,1,63.09751434034417,1140.0594474914292,1.0709274390322998,1,6.142857142857139,11.227544910179631,1941.0855408625976,,2135.1940949488576,DART,TRAILING_DART,,1941.0855408625976,76.5551011904214,23293.02649035117,-84.32501582075965,0.0,100.0,NEUTRAL,1.0
2026-05-09,서진시스템,178320,KQ,전기장비,66100.0,53820.0,46365.833333333336,36867.5,31090.8,1,71.54471544715447,1321.524057765313,0.43485147152902853,0,16.578483245149922,49.04171364148817,-1728.8987235389534,,-1901.788595892849,DART,TRAILING_DART,,-1728.8987235389534,-38.23243033270174,-20746.78468246744,-131.38696623671322,0.0,85.0,NEUTRAL,1.0
2026-05-09,파두,440110,KQ,반도체와반도체장비,92400.0,69095.0,60271.666666666664,41891.666666666664,32094.45,1,86.70886075949367,2006.793591002569,1.9430759127926613,1,13.374233128834344,62.10526315789473,-1522.0686285060565,,-1674.2754913566623,DART|DAILY_DISC,TRAILING_DART,,-1522.0686285060565,-60.706855308287,-18264.823542072678,-119.76712504553319,0.0,100.0,NEUTRAL,1.0
2026-05-09,에스티팜,237690,KQ,제약,156000.0,149410.0,149998.33333333334,136862.5,119301.0,1,56.378600823045275,645.5423332455919,0.9426897226440668,0,-4.528763769889843,11.428571428571432,2617.642286551857,3094.0,3094.0,DART|DAILY_DISC,TRAILING_DART,,2617.642286551857,59.59561426763708,31411.707438622285,-79.86429010344726,0.0,95.0,NEUTRAL,1.0
2026-05-09,실리콘투,257720,KQ,인터넷과카탈로그소매,45050.0,45817.5,41875.0,42835.0,44139.75,1,41.85022026431718,-462.3373533935403,0.8544671314825293,0,0.11111111111110628,9.212121212121204,2755.916321197632,3359.0,3359.0,DART,TRAILING_DART,,2755.916321197632,16.34665016985085,33070.995854371584,-26.590464252227342,0.0,70.0,NEUTRAL,1.0
2026-05-09,심텍,222800,KQ,전자장비와기기,115800.0,83180.0,63818.333333333336,58016.666666666664,49209.25,1,86.82745825602969,2455.334877694,1.1285678338826015,1,29.675251959686456,70.29411764705881,-4407.353560867756,2366.0,2366.0,DART|DAILY_DISC,TRAILING_DART,,-4407.353560867756,-26.274270580007734,-52888.24273041307,-145.6720576255726,0.0,100.0,NEUTRAL,1.0
2026-05-09,동진쎄미켐,005290,KQ,반도체와반도체장비,59600.0,56662.5,52198.333333333336,45856.25,41745.75,1,55.6,41.17638578170954,0.30615990144108046,0,2.0547945205479534,24.425887265135703,1830.0719996388568,,2013.0791996027424,DART,TRAILING_DART,,1830.0719996388568,32.56702469179429,21960.86399566628,-63.152912758949185,0.0,95.0,NEUTRAL,1.0
2026-05-09,메지온,140410,KQ,식품,82500.0,89645.0,106120.0,100618.33333333333,80822.5,1,34.768211920529794,36.729726033853694,1.3380249216984779,0,-14.0625,-6.1433447098976135,-1149.2718623848043,,-1264.1990486232849,DART,TRAILING_DART,,-1149.2718623848043,-71.78458178625188,-13791.262348617653,-116.71668163468807,0.0,80.0,NEUTRAL,1.0
2026-05-09,알지노믹스,476830,KQ,생물공학,171000.0,186970.0,178095.0,,,0,29.794933655006034,-3250.3975570391785,1.1063660345187922,0,-5.000000000000004,-8.458244111349034,-7450.241896312589,,-8195.26608594385,DART,TRAILING_DART,,-7450.241896312589,-22.95227488984411,-89402.90275575107,-152.28239927236905,0.0,55.0,NEUTRAL,1.0
2026-05-09,셀트리온제약,068760,KQ,제약,53700.0,56720.0,61406.666666666664,62140.588151041666,58985.33328125,0,21.686746987951807,-165.6434525783459,1.3097973013077355,0,-6.932409012131712,-5.12367491166078,872.7401740971623,,960.0141915068784,DART|DAILY_DISC,TRAILING_DART,,872.7401740971623,61.53034040807382,10472.882089165947,-80.4974262771584,0.0,55.0,NEUTRAL,1.0
2026-05-09,피에스케이홀딩스,031980,KQ,반도체와반도체장비,124300.0,117875.0,103003.33333333333,77534.58333333333,62787.0,1,50.680786686838125,338.89758886912296,0.6355795928184326,0,-4.677914110429448,15.735567970204833,4252.075763522558,4859.0,4859.0,DART,TRAILING_DART,,4252.075763522558,29.232781096314667,51024.9091622707,-58.95019375521263,0.0,95.0,NEUTRAL,1.0
2026-05-09,비츠로셀,082920,KQ,전기제품,59000.0,53532.5,35989.166666666664,26997.916666666668,22050.625,1,55.36480686695279,-395.0277109203171,0.628351172035385,1,7.468123861566478,51.86615186615187,1255.5231602914166,1673.0,1673.0,DART,TRAILING_DART,,1255.5231602914166,46.992362917706465,15066.277923497,-74.46393572288645,0.0,95.0,NEUTRAL,1.0
2026-05-09,에스피지,058610,KQ,전기제품,135300.0,119835.0,123088.33333333333,102690.41666666667,72743.75,1,70.36328871892925,1570.8656334454504,3.835027811728958,1,3.9969254419677247,18.892794376098408,411.831043235083,,453.0141475585913,DART,TRAILING_DART,,411.831043235083,328.5327860113924,4941.972518820996,-96.34739651232742,0.0,100.0,NEUTRAL,1.0
2026-05-09,RFHIC,218410,KQ,통신장비,99700.0,95915.0,79149.16666666667,56745.833333333336,45565.25,1,56.287425149700596,-568.3439297515288,0.8251152838363033,0,8.842794759825324,17.15628672150411,1337.1457800084825,1657.0,1657.0,DART|DAILY_DISC,TRAILING_DART,,1337.1457800084825,74.5618028270392,16045.749360101789,-83.90596854553482,0.0,85.0,NEUTRAL,1.0
2026-05-09,미래에셋벤처투자,100790,KQ,창업투자,57500.0,48590.0,32198.333333333332,22357.5,16279.25,1,71.46118721461187,-424.5021699188319,0.32285098740955637,0,0.8771929824561431,93.929173693086,582.2234962597578,,640.4458458857337,DART,TRAILING_DART,,582.2234962597578,98.75932587637531,6986.681955117094,-87.8492487737094,0.0,75.0,NEUTRAL,1.0
2026-05-09,피에스케이,319660,KQ,반도체와반도체장비,104000.0,90370.0,76476.66666666667,57391.25,45374.3,1,66.2280701754386,1316.8916023076981,0.6920348810560571,0,11.468381564844577,22.497055359246175,2711.583487826752,3854.0,3854.0,DART,TRAILING_DART,,2711.583487826752,38.353973044493166,32539.00185392102,-68.71249821738363,0.0,95.0,NEUTRAL,1.0
2026-05-09,원익홀딩스,030530,KQ,반도체와반도체장비,33800.0,31697.5,32020.0,33494.583333333336,25390.3,1,59.7444089456869,302.1883257645902,1.242549065396722,0,-2.0289855072463725,15.1618398637138,652.8789639775799,,718.1668603753379,DART,TRAILING_DART,,652.8789639775799,51.77069849835245,7834.547567730959,-76.82086518422793,0.0,100.0,NEUTRAL,1.0
2026-05-09,대한광통신,010170,KQ,통신장비,22350.0,16880.5,10084.5,6347.291666666667,4381.54,1,74.94894486044929,366.10863605506484,1.5308671080168987,1,48.30789648307896,52.14431586113002,-179.90680153398068,,-197.8974816873788,DART,TRAILING_DART,,-179.90680153398068,-124.23098965370993,-2158.881618407768,-109.65942558571709,0.0,100.0,NEUTRAL,1.0
2026-05-09,하나마이크론,067310,KQ,반도체와반도체장비,42800.0,37777.5,34465.0,30720.833333333332,25628.9,1,72.57617728531856,450.8328969541426,0.4380659600216242,0,6.600249066002495,37.62057877813505,986.6739431374708,,1085.341337451218,DART,TRAILING_DART,,986.6739431374708,43.37805847380808,11840.08731764965,-72.33624458493072,0.0,85.0,NEUTRAL,1.0
2026-05-09,스피어,347700,KQ,우주항공과국방,41650.0,42725.0,44281.666666666664,29390.166666666668,21941.65,1,35.0,-198.84262448753736,0.5120842775595654,0,2.586206896551735,-8.461538461538465,3.399153147597664,,3.739068462357431,DART,TRAILING_DART,,3.399153147597664,12253.051919545298,40.78983777117197,-99.90206521543537,0.0,65.0,NEUTRAL,1.0
2026-05-09,고영,098460,KQ,전자장비와기기,40700.0,35025.0,31392.5,28619.166666666668,23362.2,1,68.07817589576547,485.91768643486694,0.4647781166785633,0,-2.979737783075087,43.5626102292769,214.93176354645792,547.0,547.0,DART|DAILY_DISC,TRAILING_DART,,214.93176354645792,189.3624252108396,2579.181162557495,-93.66294554654178,0.0,95.0,NEUTRAL,1.0
2026-05-09,JYP Ent.,035900,KQ,방송과엔터테인먼트,59900.0,61845.0,64398.333333333336,66985.0,70450.5,0,36.036036036036045,-162.4070497535164,0.6278898995641463,0,-7.131782945736431,-2.1241830065359513,4518.778927185856,3685.0,3685.0,DART,TRAILING_DART,,4518.778927185856,13.255793426766223,54225.34712623028,-9.473544029665648,26.31613992583588,50.0,NEUTRAL,1.0
2026-05-09,에스앤에스텍,101490,KQ,반도체와반도체장비,87500.0,100095.0,91325.0,74166.66666666667,65727.0,1,30.639730639730644,-2070.88516247844,0.9130035139153455,0,-13.87795275590551,-3.528114663726567,2722.9030879434563,,2995.1933967378022,DART|DAILY_DISC,TRAILING_DART,,2722.9030879434563,32.13481977652266,32674.837055321477,-62.657329079632596,0.0,65.0,NEUTRAL,1.0
2026-05-09,에스엠,041510,KQ,방송과엔터테인먼트,92200.0,92350.0,98381.66666666667,104629.16666666667,115783.5,0,35.882352941176464,298.53814708096905,0.7920456436245565,0,-5.4358974358974415,5.977011494252871,15696.395697080852,6057.0,6057.0,DART|DAILY_DISC,TRAILING_DART,,15696.395697080852,5.873959970131676,188356.74836497023,104.29148412686575,100.0,60.0,NEUTRAL,1.0
2026-05-09,두산테스나,131970,KQ,반도체와반도체장비,144900.0,116420.0,91256.66666666667,70473.33333333333,57891.25,1,80.83333333333333,1678.3024760351636,0.8590973255610131,1,9.855951478392733,59.23076923076922,78.13030501305981,2230.0,2230.0,DART,TRAILING_DART,,78.13030501305981,1854.5940653345633,937.5636601567178,-99.35295813653781,0.0,95.0,NEUTRAL,1.0
2026-05-09,오스코텍,039200,KQ,제약,51000.0,52825.0,52440.833333333336,51667.5,46412.5,1,35.858585858585855,-356.96732764067616,1.1617416189785568,0,-4.672897196261683,4.722792607802884,1421.8366201253295,,1564.0202821378623,DART,TRAILING_DART,,1421.8366201253295,35.869100062639085,17062.039441503955,-66.54502070293343,0.0,70.0,NEUTRAL,1.0
2026-05-09,테크윙,089030,KQ,반도체와반도체장비,59300.0,57585.0,54210.0,50557.5,48088.75,1,53.72549019607843,167.68292358919916,0.5570868354343493,0,-0.16835016835017313,16.732283464566923,242.78654496743843,,267.0651994641823,DART,TRAILING_DART,,242.78654496743843,244.24747264290565,2913.438539609261,-95.0869501861564,0.0,95.0,NEUTRAL,1.0
2026-05-09,대주전자재료,078600,KQ,전자장비와기기,149900.0,145185.0,120641.66666666667,95394.16666666667,86252.0,1,57.95246800731261,-1109.086300265315,0.47210748131417796,0,-10.024009603841533,28.11965811965811,1345.9090121956128,1950.0,1950.0,DART,TRAILING_DART,,1345.9090121956128,111.37454214342813,16150.908146347354,-89.22554493239002,0.0,85.0,NEUTRAL,1.0
2026-05-09,쎄트렉아이,099320,KQ,우주항공과국방,175200.0,173570.0,178563.33333333334,134892.91666666666,103367.25,1,50.559511698880975,-513.1806266795479,0.766254151751852,0,-1.9585898153329562,1.919720767888311,1286.2228875022622,1756.0,1756.0,DART,TRAILING_DART,,1286.2228875022622,136.21278372695096,15434.674650027147,-91.19025419518998,0.0,80.0,NEUTRAL,1.0
2026-05-09,파크시스템스,140860,KQ,전자장비와기기,305500.0,278150.0,266933.3333333333,251208.33333333334,253767.5,1,79.51807228915663,3840.690442535839,0.8683223155261748,0,6.445993031358888,28.90295358649788,4926.823154137937,7798.0,7798.0,DART,TRAILING_DART,,4926.823154137937,62.007502693376935,59121.87784965525,-80.64750315886899,0.0,85.0,NEUTRAL,1.0
2026-05-09,오름테라퓨틱,475830,KQ,제약,82500.0,86205.0,103445.0,98922.5,71546.5,1,42.780748663101605,1033.3438259000982,1.0033049841556774,0,-7.8212290502793325,4.828462515883092,-1976.6599729243576,,-2174.3259702167934,DART,TRAILING_DART,,-1976.6599729243576,-41.73707219757472,-23719.919675092293,-128.75141778799068,0.0,80.0,NEUTRAL,1.0
2026-05-09,티에스이,131290,KQ,반도체와반도체장비,174700.0,156440.0,120846.66666666667,91349.58333333333,72517.75,1,69.32515337423312,-322.7909010148105,0.6835959872244143,1,3.495260663507116,52.04525674499565,3620.138852584056,,3982.152737842462,DART,TRAILING_DART,,3620.138852584056,48.25781747992873,43441.666231008676,-75.13356254664643,0.0,95.0,NEUTRAL,1.0
2026-05-09,씨어스,458870,KQ,건강관리기술,41200.0,46412.5,49406.388932291666,46205.97224934896,34932.00000976562,1,46.57762938230384,-432.9967677433161,1.64325851962167,0,-15.918367346938778,-7.207207207207212,421.5892841884889,1141.0,1141.0,DART,TRAILING_DART,,421.5892841884889,97.72544404041314,5059.071410261867,-87.72070046052944,0.0,85.0,NEUTRAL,1.0
2026-05-09,엘앤씨바이오,290650,KQ,건강관리장비와용품,61700.0,68420.0,77611.66666666667,70359.16666666667,59452.75,1,26.953125,-663.2630432376109,0.7657821684030865,0,-11.731044349070096,-5.945121951219512,-5563.905327040061,,-6120.295859744068,DART,TRAILING_DART,,-5563.905327040061,-11.089333188353107,-66766.86392448073,-208.21209712233502,0.0,65.0,NEUTRAL,1.0
2026-05-09,태성,323280,KQ,전자장비와기기,76500.0,69330.0,67853.33333333333,57720.416666666664,45934.0,1,65.87591240875912,714.1471627612354,0.46009960433834085,0,-10.73512252042007,31.66953528399312,-83.08275491699189,,-91.39103040869108,DART,TRAILING_DART,,-83.08275491699189,-920.7686971433635,-996.9930590039027,-101.3032589006587,0.0,95.0,NEUTRAL,1.0
2026-05-09,삼표시멘트,038500,KQ,건축자재,15090.0,16254.0,16091.0,10449.041666666666,7570.525,1,37.33075435203096,-169.8625841639481,0.4903195355943011,0,-10.71005917159763,-13.524355300859604,378.10375431123447,,415.91412974235794,DART,TRAILING_DART,,378.10375431123447,39.90968041956741,4537.245051734813,-69.9321070130231,0.0,65.0,NEUTRAL,1.0
2026-05-09,테스,095610,KQ,반도체와반도체장비,92900.0,87365.0,73326.66666666667,60377.5,50377.25,1,55.18394648829432,-380.0784974022281,0.7909294858092342,1,7.274826789838329,34.44283646888566,2939.9688314049586,4008.0,4008.0,DART,TRAILING_DART,,2939.9688314049586,31.598974454298805,35279.625976859505,-62.024083986157684,0.0,95.0,NEUTRAL,1.0
2026-05-09,차바이오텍,085660,KQ,건강관리업체및서비스,15740.0,17365.0,18760.666666666668,17045.916666666668,14767.6,1,21.32352941176471,-150.39485973720838,1.3425820276668823,0,-9.540229885057471,-13.038674033149167,-1578.0244578762006,,-1735.8269036638208,DART,TRAILING_DART,,-1578.0244578762006,-9.974496859943368,-18936.293494514408,-220.30682016845242,0.0,70.0,NEUTRAL,1.0
2026-05-09,LS마린솔루션,060370,KQ,건설,46350.0,36615.0,32138.333333333332,30640.416666666668,28603.5,1,73.07060755336617,1359.979749140724,0.7330506418429175,0,22.619047619047628,53.98671096345515,159.96383638124988,251.0,251.0,DART,TRAILING_DART,,159.96383638124988,289.7529907293028,1919.5660365749986,-95.85854145291263,0.0,85.0,NEUTRAL,1.0
2026-05-09,신성델타테크,065350,KQ,가정용기기와용품,55900.0,58260.0,62248.333333333336,61199.166666666664,61113.0,0,26.66666666666667,-221.42822721340758,1.4257721820543063,0,-4.607508532423211,-1.2367491166077715,880.7698909559864,,968.8468800515852,DART,TRAILING_DART,,880.7698909559864,63.46720133601095,10569.238691471837,-81.0925962585477,0.0,55.0,NEUTRAL,1.0
2026-05-09,와이씨,232140,KQ,반도체와반도체장비,21550.0,21168.0,20422.5,17634.083333333332,15531.55,1,58.60927152317881,45.87289112335861,0.5261179101755237,0,-5.274725274725278,14.021164021164022,353.2725159561145,,388.599767551726,DART,TRAILING_DART,,353.2725159561145,61.00106582499348,4239.270191473373,-80.32821256856903,0.0,95.0,NEUTRAL,1.0
2026-05-09,삼현,437730,KQ,자동차부품,53600.0,51902.5,52050.0,51634.583333333336,38783.8,1,55.3921568627451,6.390025207447252,2.1345480121421927,0,-3.2490974729241895,9.7236438075742,305.628149867191,,336.1909648539101,DART,TRAILING_DART,,305.628149867191,175.3765156229607,3667.5377984062916,-93.15757873431663,0.0,100.0,NEUTRAL,1.0
2026-05-09,코미코,183300,KQ,반도체와반도체장비,149500.0,144360.0,121883.33333333333,108482.5,100833.5,1,47.42268041237113,-1093.5643848970958,0.754527174066798,0,4.9859550561797805,26.0539629005059,7383.571095733319,,8121.928205306652,DART,TRAILING_DART,,7383.571095733319,20.24765497096524,88602.85314879983,-40.733877492441586,0.0,85.0,NEUTRAL,1.0
2026-05-09,로킷헬스케어,376900,KQ,건강관리장비와용품,69200.0,88480.0,91476.66666666667,78600.0,55888.1,1,11.883408071748889,-2663.423582900494,0.6568993125436136,0,-15.092024539877302,-26.694915254237284,-178.20640668861716,,-196.0270473574789,DART,TRAILING_DART,,-178.20640668861716,-388.3137609127277,-2138.476880263406,-103.09028450905116,0.0,65.0,NEUTRAL,1.0
2026-05-09,제이에스링크,127120,KQ,생명과학도구및서비스,43400.0,43507.5,38995.833333333336,29286.666666666668,24934.15,1,41.61073825503357,-452.1481261303745,2.2623881611234853,0,5.596107055961075,10.292249047013978,-476.6943354093664,,-524.3637689503031,DART,TRAILING_DART,,-476.6943354093664,-91.04366629976793,-5720.332024912396,-113.18048853666451,0.0,80.0,NEUTRAL,1.0
2026-05-09,큐리옥스바이오시스템즈,445680,KQ,생명과학도구및서비스,90600.0,90705.0,100731.66666666667,100752.5,82071.75,1,49.837133550488595,773.1089121698406,0.6428309971362746,0,-10.738916256157637,7.092198581560294,-1587.4902189174393,,-1746.2392408091837,DART,TRAILING_DART,,-1587.4902189174393,-57.071217775302614,-19049.882627009272,-121.02636051546276,0.0,85.0,NEUTRAL,1.0
2026-05-09,씨엠티엑스,388210,KQ,반도체와반도체장비,133500.0,143140.0,140243.33333333334,,,0,32.83582089552239,-2035.0414494723177,0.6489856928015358,0,-7.99448656099242,4.296875,-2248.159868155967,7139.0,7139.0,DART,TRAILING_DART,,-2248.159868155967,-59.381898009549545,-26977.918417871606,-120.208178590166,0.0,50.0,NEUTRAL,1.0
2026-05-09,리브스메드,491000,KQ,건강관리장비와용품,64100.0,63750.0,73818.33333333333,,,0,52.81250000000001,860.2060843489448,0.4741578755461052,0,-11.58620689655172,-3.7537537537537524,-916.6493733456908,,-1008.31431068026,DART,TRAILING_DART,,-916.6493733456908,-69.9285919610031,-10999.79248014829,-117.16036268353866,0.0,75.0,NEUTRAL,1.0
2026-05-09,하림지주,003380,KQ,식품,12840.0,13435.5,14671.333333333334,12598.0,10918.15,1,39.93993993993994,-9.721691097638711,0.976899069885808,0,-4.8888888888888875,-6.956521739130439,4586.912651464162,,5045.603916610578,DART,TRAILING_DART,,4586.912651464162,2.799268478744939,55042.95181756995,328.6834253704825,100.0,65.0,NEUTRAL,1.0
2026-05-09,인텔리안테크,189300,KQ,통신장비,161900.0,135655.0,127013.33333333333,93705.0,75499.75,1,68.65464632454925,2303.2504020946453,1.237150755641917,1,18.002915451895053,35.70829840737637,695.1279118401617,3010.0,3010.0,DART,TRAILING_DART,,695.1279118401617,232.90677477101138,8341.53494208194,-94.84772393941819,0.0,100.0,NEUTRAL,1.0
2026-05-09,LS머트리얼즈,417200,KQ,전기제품,26600.0,25038.0,20796.333333333332,16937.583333333332,14439.45,1,60.906515580736546,91.4398897084061,0.5407723310468124,0,-14.880000000000004,30.712530712530707,-14.886340106750277,,-16.374974117425307,DART,TRAILING_DART,,-14.886340106750277,-1786.873053366429,-178.63608128100333,-100.67156421534212,0.0,95.0,NEUTRAL,1.0
2026-05-09,제주반도체,080220,KQ,반도체와반도체장비,54700.0,48765.0,44918.333333333336,35070.25,28111.0,1,66.42335766423358,651.0508510182322,0.3052895279611926,0,2.0522388059701413,27.209302325581387,1146.8013953439893,,1261.4815348783884,DART,TRAILING_DART,,1146.8013953439893,47.697884064391495,13761.61674412787,-74.84165129044264,0.0,95.0,NEUTRAL,1.0
2026-05-09,HK이노엔,195940,KQ,제약,50200.0,51480.0,51719.166666666664,51412.083333333336,49367.25,1,37.83783783783784,-154.37074069632138,1.1709905695973908,0,-7.550644567219155,2.5536261491317713,2672.0827350871205,3098.0,3098.0,DART|DAILY_DISC,TRAILING_DART,,2672.0827350871205,18.786843438948864,32064.992821045445,-36.12551230867441,0.0,70.0,NEUTRAL,1.0
2026-05-09,레이크머티리얼즈,281740,KQ,화학,22150.0,22743.5,21678.833333333332,19017.333333333332,16634.1,1,51.674641148325364,-172.43838616428752,0.7462035815711667,0,-9.959349593495936,9.925558312655092,118.71230515224065,,130.58353566746473,DART,TRAILING_DART,,118.71230515224065,186.58554369400963,1424.5476618268876,-93.56863358091698,0.0,80.0,NEUTRAL,1.0
2026-05-09,아주IB투자,027360,KQ,창업투자,15750.0,13704.0,8888.5,5901.058333333333,4430.43,1,66.55124653739612,-133.9276062949707,0.3003136121447934,0,-5.006031363088059,74.03314917127074,68.66347466778889,,75.52982213456778,DART,TRAILING_DART,,68.66347466778889,229.37959484576697,823.9616960134667,-94.76849716816847,0.0,85.0,NEUTRAL,1.0
2026-05-09,씨젠,096530,KQ,생명과학도구및서비스,24400.0,24627.5,24256.666666666668,24670.0,25611.75,0,46.621621621621614,-114.56246501229208,0.8903891435571188,0,-2.594810379241519,7.017543859649122,48445344295.0,,1020.3707893908158,DART|DAILY_DISC,TRAILING_DART,,48445344295.0,5.036603693312651e-07,581344131540.0,2382557816.147541,100.0,65.0,NEUTRAL,1.0
2026-05-09,하나머티리얼즈,166090,KQ,반도체와반도체장비,80000.0,72190.0,64606.666666666664,56306.25,46841.0,1,66.66666666666666,718.6198272649058,0.5031372604563545,1,0.5025125628140614,31.578947368421062,1940.3515812830165,3248.0,3248.0,DART,TRAILING_DART,,1940.3515812830165,41.22964145863797,23284.218975396197,-70.89472628075475,0.0,100.0,NEUTRAL,1.0
2026-05-09,큐리언트,115180,KQ,제약,32000.0,36855.0,37989.166666666664,33618.333333333336,25880.9,1,34.76070528967254,-696.4800590166369,0.6019871388500517,0,-18.575063613231556,-7.111756168359939,-839.4166581571204,,-923.3583239728324,DART,TRAILING_DART,,-839.4166581571204,-38.12171189246318,-10072.999897885446,-131.47812468089202,0.0,65.0,NEUTRAL,1.0
2026-05-09,에이프릴바이오,397030,KQ,제약,66200.0,59535.0,61355.0,54341.25,43056.55,1,58.73015873015873,398.9225518013153,2.8325686214449846,1,3.2761310452418035,27.063339731285986,-416.7487877756341,-271.0,-271.0,DART,TRAILING_DART,,-416.7487877756341,-158.8486924061318,-5000.9854533076095,-107.55435869079699,0.0,100.0,NEUTRAL,1.0
2026-05-09,현대바이오,048410,KQ,화장품,13250.0,14060.0,14288.166666666666,10088.25,8333.05,1,46.674727932285364,-107.74784158541325,0.8069449934582008,0,-9.246575342465757,-7.342657342657343,-229.2960626874477,,-252.2256689561925,DART,TRAILING_DART,,-229.2960626874477,-57.78555394586521,-2751.552752249372,-120.76643586603299,0.0,75.0,NEUTRAL,1.0
2026-05-09,휴림로봇,090710,KQ,기계,12790.0,11896.0,12684.666666666666,10489.541666666666,7717.625,1,62.677484787018265,116.64078757181187,2.854881167710248,0,-0.9295120061967421,10.449050086355793,-251.7984731049733,,-276.97832041547065,DART,TRAILING_DART,,-251.7984731049733,-50.79458918985551,-3021.58167725968,-123.62456354385989,0.0,100.0,NEUTRAL,1.0
2026-05-09,덕산네오룩스,213420,KQ,디스플레이장비및부품,51600.0,52435.0,46958.333333333336,42615.0,42975.25,1,39.08045977011495,-413.9807782448904,0.6081060925860475,0,-1.9011406844106515,15.82491582491583,2172.965939394179,2949.0,2949.0,DART,TRAILING_DART,,2172.965939394179,23.746345519979037,26075.591272730147,-49.46590838618189,0.0,70.0,NEUTRAL,1.0
2026-05-09,브이엠,089970,KQ,반도체와반도체장비,55500.0,53232.5,44342.5,35802.083333333336,27810.8,1,61.47186147186147,-163.3647087337613,1.2290781589269324,0,-3.3101045296167197,27.586206896551737,1070.455589380418,2812.0,2812.0,DART,TRAILING_DART,,1070.455589380418,51.84708319578538,12845.467072565014,-76.85501428366665,0.0,90.0,NEUTRAL,1.0
2026-05-09,네이처셀,007390,KQ,생물공학,19070.0,20041.5,19875.0,21307.416666666668,22329.15,0,32.962138084632514,-138.2911463063585,0.6436035839691818,0,-3.784056508577194,4.780219780219785,-44.04914025371531,,-48.45405427908684,DART,TRAILING_DART,,-44.04914025371531,-432.92558924328944,-528.5896830445837,-102.77183892524691,0.0,50.0,NEUTRAL,1.0
2026-05-09,세미파이브,490470,KQ,반도체와반도체장비,41200.0,38102.5,30283.333333333332,,,0,57.142857142857146,335.3556956630414,0.32331469159582693,0,4.5685279187817285,62.84584980237153,-1660.43124528926,,-1826.4743698181865,DART,TRAILING_DART,,-1660.43124528926,-24.812831074389134,-19925.17494347112,-148.36207510551242,0.0,80.0,NEUTRAL,1.0
2026-05-09,피엔티,137400,KQ,전기제품,56600.0,55332.5,51493.333333333336,46609.166666666664,43165.5,1,58.82352941176471,-156.9721875011246,0.5713382036793943,0,-1.736111111111116,14.45904954499495,2934.368050530148,,3227.804855583164,DART,TRAILING_DART,,2934.368050530148,19.28865058007095,35212.416606361774,-37.78724981208167,0.0,85.0,NEUTRAL,1.0
2026-05-09,케이엠더블유,032500,KQ,통신장비,33900.0,30122.5,25758.166666666668,20710.333333333332,17810.55,1,64.84375,137.64481981027325,1.5713018219869401,1,13.949579831932768,27.683615819209038,-651.524399344982,,-716.6768392794803,DART,TRAILING_DART,,-651.524399344982,-52.031819582016844,-7818.292792139784,-123.06281059628255,0.0,100.0,NEUTRAL,1.0
2026-05-09,하이젠알앤엠,160190,KQ,기계,41450.0,41552.5,49320.833333333336,54813.75,49510.5,0,50.94339622641509,519.1104697772638,1.50715901038966,0,-6.00907029478458,15.78212290502794,-229.9128583268584,,-252.90414415954424,DART,TRAILING_DART,,-229.9128583268584,-180.28569737962243,-2758.954299922301,-106.656102050476,0.0,80.0,NEUTRAL,1.0
2026-05-09,클로봇,466100,KQ,기계,50000.0,48435.0,55080.0,55790.833333333336,44185.85,1,58.15450643776824,475.5873792631637,1.3600959040774843,0,-2.9126213592232997,12.612612612612617,-138.30958782679625,,-152.14054660947588,DART,TRAILING_DART,,-138.30958782679625,-361.5078374943501,-1659.715053921555,-103.3194301078431,0.0,95.0,NEUTRAL,1.0
2026-05-09,아이티센글로벌,124500,KQ,IT서비스,58100.0,52862.5,53966.666666666664,41997.5,32429.45,1,56.666666666666664,1136.3518879813846,0.7078930854661047,0,6.021897810218979,19.67044284243049,8545.071342544496,,9399.578476798946,DART,TRAILING_DART,,8545.071342544496,6.799241067857412,102540.85611053395,76.49028590453347,100.0,95.0,NEUTRAL,1.0
2026-05-09,CJ ENM,035760,KQ,방송과엔터테인먼트,50100.0,54070.0,61350.0,62890.0,66067.5,0,20.0,-82.52613610415028,2.7292965458257696,0,-9.566787003610111,-7.393715341959339,775.8476348882406,3197.0,3197.0,DART,TRAILING_DART,,775.8476348882406,64.57453467292817,9310.171618658887,-81.41682311644934,0.0,60.0,NEUTRAL,1.0
2026-05-09,SFA반도체,036540,KQ,반도체와반도체장비,8410.0,7970.0,7300.833333333333,6112.708333333333,5150.7,1,59.893048128342244,1.947851207865142,0.3702377992532011,0,-2.436194895591648,22.060957910014523,-116.32593052561748,,-127.95852357817924,DART,TRAILING_DART,,-116.32593052561748,-72.29686418152431,-1395.9111663074098,-116.59823027713925,0.0,95.0,NEUTRAL,1.0
2026-05-09,에이치브이엠,295310,KQ,비철금속,89900.0,88665.0,88531.66666666667,70016.66666666667,52965.0,1,49.559471365638764,-234.17363893898204,0.9692528882363433,0,0.22296544035673715,4.534883720930227,1048.5596299283022,,1153.4155929211329,DART,TRAILING_DART,,1048.5596299283022,85.73665954138167,12582.715559139626,-86.00365343810942,0.0,85.0,NEUTRAL,1.0
2026-05-09,지투지바이오,456160,KQ,제약,77400.0,76950.0,84403.33333333333,81641.66666666667,,0,56.97674418604652,558.871551758425,1.0913417066855264,0,-8.833922261484094,13.823529411764701,-730.5622296862824,,-803.6184526549107,DART,TRAILING_DART,,-730.5622296862824,-105.94580017261097,-8766.746756235389,-111.32654619668654,0.0,80.0,NEUTRAL,1.0
2026-05-09,동국제약,086450,KQ,제약,23100.0,25162.5,22233.333333333332,20069.333333333332,19321.6,1,20.661157024793397,-503.30893800455,0.2773629893124022,0,-6.0975609756097615,-16.75675675675675,1634.5809739551391,1786.0,1786.0,DART,TRAILING_DART,,1634.5809739551391,14.132062203138048,19614.97168746167,-15.086702651681072,12.283243370797322,70.0,NEUTRAL,1.0
2026-05-09,태광,023160,KQ,기계,40100.0,45200.0,36174.166666666664,30268.75,28119.8,1,35.98615916955018,-907.9037478723994,1.6142520545390247,0,-15.578947368421048,-2.195121951219514,65514427414.0,2054.0,2054.0,DART|DAILY_DISC,TRAILING_DART,,65514427414.0,6.120789203666443e-07,786173128968.0,1960531393.6857858,100.0,80.0,NEUTRAL,1.0
2026-05-09,젬백스,082270,KQ,반도체와반도체장비,21400.0,24817.5,34005.833333333336,32915.416666666664,40238.75,0,26.519337016574582,48.3451915970827,0.6665671295671248,0,-14.400000000000002,-28.78535773710482,-256.08408615352755,,-281.69249476888035,DART,TRAILING_DART,,-256.08408615352755,-83.56630168408931,-3073.0090338423306,-114.35985529832864,0.0,60.0,NEUTRAL,1.0
2026-05-09,유일로보틱스,388720,KQ,기계,102500.0,96820.0,102450.0,97605.0,88225.0,1,62.42774566473989,857.2303859966428,1.6393361345579396,0,1.2845849802371578,17.14285714285715,-2094.0073090975607,,-2303.408040007317,DART,TRAILING_DART,,-2094.0073090975607,-48.94920832161455,-25128.08770917073,-124.51520752114217,0.0,100.0,NEUTRAL,1.0
2026-05-09,에스티큐브,052020,KQ,판매업체,19070.0,17744.0,14509.833333333334,11124.333333333334,9743.8,1,60.4206500956023,-20.919885728569398,0.4870570099678036,0,-13.710407239819,22.636655948553063,-320.66229746070985,,-352.7285272067809,DART,TRAILING_DART,,-320.66229746070985,-59.47066478040379,-3847.947569528518,-120.17801557172794,0.0,85.0,NEUTRAL,1.0
2026-05-09,솔브레인홀딩스,036830,KQ,전기제품,66400.0,63535.0,55810.833333333336,48600.0,46417.75,1,61.87739463601533,93.77133514887191,1.7760945536331358,0,-16.582914572864325,27.93834296724471,24168.868325570533,,26585.755158127587,DART,TRAILING_DART,,24168.868325570533,2.747335916003529,290026.41990684636,336.78677696814214,100.0,100.0,NEUTRAL,1.0
2026-05-09,카카오게임즈,293490,KQ,게임엔터테인먼트,11610.0,12189.5,13234.5,14437.083333333334,15197.3,0,25.882352941176478,-35.22184444005404,1.3395420931239628,0,-6.295399515738498,-3.088480801335558,-1593.6024024147573,-111.0,-111.0,DART|DAILY_DISC,TRAILING_DART,,-1593.6024024147573,-7.285380583266926,-19123.228828977088,-264.7134266061765,0.0,55.0,NEUTRAL,1.0
2026-05-09,앱클론,174900,KQ,생물공학,44700.0,50607.5,60472.5,53035.416666666664,37560.65,1,26.344086021505376,-269.41256957510177,0.8870937406502696,0,-11.309523809523814,-16.44859813084112,-898.6951772878084,,-988.5646950165892,DART,TRAILING_DART,,-898.6951772878084,-49.738778097041866,-10784.342127453701,-124.12604502786063,0.0,65.0,NEUTRAL,1.0
2026-05-09,기가비스,420770,KQ,반도체와반도체장비,102600.0,95550.0,79450.0,58785.416666666664,47496.25,1,66.46341463414635,170.34576376591212,0.5721426522423416,0,-5.957836846929421,26.04422604422605,1219.0353690879867,,1340.9389059967857,DART,TRAILING_DART,,1219.0353690879867,84.16490825591018,14628.424429055842,-85.74227638493582,0.0,95.0,NEUTRAL,1.0
2026-05-09,제이앤티씨,204270,KQ,핸드셋,20750.0,19196.5,19082.166666666668,19901.083333333332,20320.95,1,57.9624134520277,217.01269784258238,0.9410484776523395,0,4.639435199193143,29.6875,-1583.1111369314442,,-1741.4222506245887,DART,TRAILING_DART,,-1583.1111369314442,-13.107102537488224,-18997.33364317733,-191.55341514784257,0.0,95.0,NEUTRAL,1.0
2026-05-09,스튜디오드래곤,253450,KQ,방송과엔터테인먼트,31700.0,34870.0,38895.0,40623.75,42589.5,0,13.28125,-99.26257457259499,4.035787831209856,0,-10.829817158931087,-7.309941520467833,343.31802111336367,1316.0,1316.0,DART,TRAILING_DART,,343.31802111336367,92.33421507323862,4119.8162533603645,-87.00373421652881,0.0,60.0,NEUTRAL,1.0
2026-05-09,루닛,328130,KQ,건강관리기술,19770.0,19174.75,18887.833333333332,19406.208333333332,20150.725,0,51.78173719376392,234.05197430247716,0.8492063473723883,0,-4.029126213592238,16.63716814159293,-1618.2511744949595,,-1780.0762919444555,DART|DAILY_DISC,TRAILING_DART,,-1618.2511744949595,-12.216892106486513,-19419.014093939513,-198.22465399058933,0.0,80.0,NEUTRAL,1.0
2026-05-09,온코닉테라퓨틱스,476060,KQ,제약,20400.0,22047.5,21552.333333333332,19974.166666666668,16304.8625,1,28.38709677419355,-272.53756670121663,0.5632987869960435,0,-6.849315068493156,-2.392344497607657,351.63178863139774,,386.7949674945376,DART,TRAILING_DART,,351.63178863139774,58.0152325800798,4219.581463576773,-79.31577713932954,0.0,65.0,NEUTRAL,1.0
2026-05-09,에스에프에이,056190,KQ,기계,31800.0,30722.5,30138.333333333332,27479.166666666668,26130.0,1,64.05228758169935,72.90715267148823,0.9210636638037883,0,-0.46948356807511304,14.801444043321311,1450.9773826219564,,1596.075120884152,DART,TRAILING_DART,,1450.9773826219564,21.916261673587577,17411.728591463478,-45.24613650483184,0.0,95.0,NEUTRAL,1.0
2026-05-09,와이지엔터테인먼트,122870,KQ,방송과엔터테인먼트,50200.0,53125.0,60003.333333333336,62871.666666666664,75237.5,0,24.76190476190476,-55.02052640844295,1.279651849825522,0,-8.727272727272728,-2.1442495126705707,53744637813.0,3421.0,3421.0,DART|DAILY_DISC,TRAILING_DART,,53744637813.0,9.340466703797824e-07,644935653756.0,1284732278.0,100.0,55.0,NEUTRAL,1.0
2026-05-09,필옵틱스,161580,KQ,전자장비와기기,54700.0,47782.5,45549.166666666664,45223.75,41469.25,1,60.30624263839812,1076.315920906518,0.9771712417378706,0,10.840932117527856,37.092731829573935,-1127.4324798301118,,-1240.175727813123,DART,TRAILING_DART,,-1127.4324798301118,-48.51731786921955,-13529.189757961341,-124.73343648621818,0.0,95.0,NEUTRAL,1.0
2026-05-09,성광벤드,014620,KQ,기계,41350.0,42382.5,37522.5,32755.0,32437.5,1,56.666666666666664,-115.22714554531422,1.0126377399809132,0,-13.403141361256543,6.9857697283311815,34432123396.0,1639.0,1639.0,DART|DAILY_DISC,TRAILING_DART,,34432123396.0,1.200913447144641e-06,413185480752.0,999239273.0399033,100.0,85.0,NEUTRAL,1.0
2026-05-09,쏠리드,050890,KQ,통신장비,18200.0,17023.5,13224.333333333334,10471.083333333334,9006.6,1,61.97183098591549,16.70055681232452,0.7238991429669485,0,13.254511512134414,20.529801324503303,599.8231769606871,,659.8054946567559,DART,TRAILING_DART,,599.8231769606871,30.34227535558007,7197.878123528245,-60.45121910149316,0.0,95.0,NEUTRAL,1.0
2026-05-09,씨아이에스,222080,KQ,전기제품,16630.0,15107.0,13689.666666666666,10796.75,9362.65,1,68.87052341597796,54.99722314319183,0.36343514156181755,0,-10.831099195710458,32.08895949166004,369.3951190293502,,406.3346309322853,DART,TRAILING_DART,,369.3951190293502,45.01954450209903,4432.741428352203,-73.34491023239806,0.0,95.0,NEUTRAL,1.0
2026-05-09,태웅,044490,KQ,에너지장비및서비스,52000.0,51012.5,44533.333333333336,35952.083333333336,35582.0,1,51.515151515151516,-31.93450857053631,0.5057622709318591,0,-3.8817005545286554,12.554112554112562,270.6256578509701,,297.6882236360671,DART,TRAILING_DART,,270.6256578509701,192.14733892170602,3247.5078942116406,-93.75479251113146,0.0,85.0,NEUTRAL,1.0
2026-05-09,선익시스템,171090,KQ,디스플레이장비및부품,92500.0,98935.0,103671.66666666667,78343.75,63888.5,1,46.355685131195344,-1526.4368080948138,0.34807863011051027,0,-12.239089184060726,7.184241019698723,9554.342664768546,9313.0,9313.0,DART,TRAILING_DART,,9554.342664768546,9.681461430213504,114652.11197722255,23.948229164564914,100.0,75.0,NEUTRAL,1.0
2026-05-09,코나아이,052400,KQ,IT서비스,59500.0,59730.0,60261.666666666664,54468.333333333336,53268.5,1,24.336283185840713,-257.9207639257188,1.1605615167977261,0,6.8222621184919285,7.400722021660644,5118.52637092811,,5630.379008020921,DART,TRAILING_DART,,5118.52637092811,11.624439474991167,61422.31645113732,3.2307839514913006,58.07695987872825,70.0,NEUTRAL,1.0
2026-05-09,성일하이텍,365340,KQ,전기제품,77000.0,75845.0,65085.833333333336,55903.333333333336,49028.5,1,63.12292358803987,-690.4933351608142,0.5423043136205087,0,-8.875739644970416,16.666666666666675,-6563.038083629675,-318.0,-318.0,DART,TRAILING_DART,,-6563.038083629675,-11.732371352843849,-78756.4570035561,-202.28111299163132,0.0,85.0,NEUTRAL,1.0
2026-05-09,유진로봇,056080,KQ,기계,26800.0,25630.0,29132.5,23721.916666666668,18720.9,1,55.85106382978723,236.01770316408187,1.9875087221434435,0,-0.5565862708719838,3.675048355899424,-186.1740659133605,,-204.7914725046966,DART,TRAILING_DART,,-186.1740659133605,-143.95130636762195,-2234.088790960326,-108.33615220507585,0.0,100.0,NEUTRAL,1.0
2026-05-09,메디포스트,078160,KQ,생물공학,26800.0,25272.5,23050.666666666668,20554.166666666668,17411.25,1,57.79816513761468,9.46033691246248,0.905782747160193,0,-4.285714285714281,30.41362530413625,-2193.4025596943297,,-2412.742815663763,DART,TRAILING_DART,,-2193.4025596943297,-12.218459343703337,-26320.830716331955,-198.2120549116864,0.0,95.0,NEUTRAL,1.0
2026-05-09,다우데이타,032190,KQ,증권,23850.0,24127.5,24738.333333333332,22100.75,20025.95,1,39.849624060150376,-23.621441323628368,0.9412935080194202,0,-0.41753653444676075,0.0,31323.3151437859,,34455.64665816449,DART,TRAILING_DART,,31323.3151437859,0.7614136591391891,375879.7817254308,1476.0158562911145,100.0,65.0,NEUTRAL,1.0
2026-05-09,지아이이노베이션,358570,KQ,생물공학,14600.0,14964.5,14418.166666666666,15664.833333333334,16614.25,0,46.95652173913043,-67.07169188487273,0.7169298802172988,0,-11.782477341389729,9.857035364936051,-546.9519444342825,,-601.6471388777107,DART,TRAILING_DART,,-546.9519444342825,-26.693387140438666,-6563.42333321139,-144.95495433706432,0.0,65.0,NEUTRAL,1.0
2026-05-09,나노신소재,121600,KQ,화학,80900.0,80085.0,70360.0,63581.666666666664,60191.75,1,55.61224489795918,-665.6157166931462,0.4924578959263676,0,-8.484162895927605,20.029673590504448,133.89192765881722,,147.28112042469897,DART,TRAILING_DART,,133.89192765881722,604.2186516736767,1606.7031319058067,-98.01396399022768,0.0,85.0,NEUTRAL,1.0
2026-05-09,원익QnC,074600,KQ,반도체와반도체장비,39800.0,36625.0,33339.166666666664,27860.916666666668,25021.1,1,70.55555555555556,174.41459492602462,0.6644810490964337,1,2.84237726098191,23.987538940809962,36.44515398660986,1975.0,1975.0,DART,TRAILING_DART,,36.44515398660986,1092.0519094149727,437.34184783931835,-98.9011511360821,0.0,95.0,NEUTRAL,1.0
2026-05-09,에프에스티,036810,KQ,반도체와반도체장비,42200.0,43162.5,41394.166666666664,36943.51901041667,33069.5272265625,1,47.325102880658434,-245.5539660293084,0.5238826516382705,0,-2.314814814814814,2.5516403402187082,-668.1659410264162,,-734.982535129058,DART,TRAILING_DART,,-668.1659410264162,-63.157963327453714,-8017.991292316995,-118.99997936568008,0.0,80.0,NEUTRAL,1.0
2026-05-09,큐로셀,372320,KQ,생물공학,45650.0,58037.5,52946.666666666664,49299.583333333336,44803.25,1,27.649769585253452,-2045.8203768669414,1.2295955788195727,0,-29.76923076923077,-15.619223659889093,-3073.94594894222,,-3381.340543836442,DART,TRAILING_DART,,-3073.94594894222,-14.850618962805344,-36887.35138730664,-180.80471278709012,0.0,70.0,NEUTRAL,1.0
2026-05-09,엔켐,348370,KQ,전기제품,42600.0,44027.5,53389.166666666664,61478.75,67173.75,0,49.09420289855072,165.3969826019627,0.4112476096573319,0,-9.554140127388532,14.670255720053827,-3220.623633745108,,-3542.685997119619,DART,TRAILING_DART,,-3220.623633745108,-13.227251875582406,-38647.48360494129,-190.72179249986218,0.0,70.0,NEUTRAL,1.0
2026-05-09,코스메카코리아,241710,KQ,화장품,76800.0,82600.0,82005.0,77775.0,73118.0,1,25.333333333333343,-1092.9195348389096,1.0213164147011586,0,-8.896797153024917,2.127659574468077,57838465093.0,6132.0,6132.0,DART|DAILY_DISC,TRAILING_DART,,57838465093.0,1.3278360668200867e-06,694061581116.0,903725917.0781249,100.0,70.0,NEUTRAL,1.0
2026-05-09,비나텍,126340,KQ,전기장비,182200.0,144300.0,130071.66666666667,102634.037109375,78251.29607421876,1,72.7497935590421,5748.3616648244715,0.7389623734109665,0,-0.6543075245365348,80.57482656095144,-979.5357154056092,,-1077.48928694617,DART,TRAILING_DART,,-979.5357154056092,-186.00648974249404,-11754.42858486731,-106.45138780728173,0.0,85.0,NEUTRAL,1.0
2026-05-09,서부T&D,006730,KQ,"호텔,레스토랑,레저",14100.0,14086.0,14731.5,13813.75,12132.5,1,55.78093306288033,45.94600073568961,0.7415404191770235,0,-11.041009463722396,6.737320211960629,1789.664963901031,712.0,712.0,DART,TRAILING_DART,,1789.664963901031,7.878569611859337,21475.97956681237,52.31191182136432,100.0,90.0,NEUTRAL,1.0
2026-05-09,동운아나텍,094170,KQ,반도체와반도체장비,51100.0,41870.0,33232.5,30429.083333333332,25402.6,1,78.05907172995781,517.443968203871,0.6945559286945749,1,7.578947368421063,78.35951134380454,48.82936470967677,,53.712301180644445,DART,TRAILING_DART,,48.82936470967677,1046.501430109191,585.9523765161211,-98.85332215945965,0.0,95.0,NEUTRAL,1.0
2026-05-09,파이버프로,368770,KQ,전자장비와기기,22200.0,23647.5,19346.5,15175.25,11500.4,1,42.27272727272727,-549.101319630021,0.4933236876009404,0,-5.73248407643312,8.029197080291972,283.3454834499977,,311.6800317949975,DART,TRAILING_DART,,283.3454834499977,78.34958132981026,3400.1458013999722,-84.68402792162175,0.0,70.0,NEUTRAL,1.0
2026-05-09,아이엠바이오로직스,493280,KQ,제약,43200.0,52797.5,,,,0,22.5609756097561,166.2316085004195,0.5508540471457776,0,-15.127701375245584,-14.455445544554458,59.345032488253,,65.2795357370783,DART,TRAILING_DART,,59.345032488253,727.9463535309579,712.140389859036,-98.3515268753263,0.0,60.0,NEUTRAL,1.0
2026-05-09,RF머트리얼즈,327260,KQ,우주항공과국방,113600.0,98340.0,70449.16666666667,46860.75,32622.2,1,61.66219839142091,941.9487202776618,0.6164212208443526,0,29.977116704805496,58.217270194986085,1221.5327405626867,,1343.6860146189556,DART|DAILY_DISC,TRAILING_DART,,1221.5327405626867,92.99791665647153,14658.39288675224,-87.0964851349012,0.0,95.0,NEUTRAL,1.0
2026-05-09,툴젠,199800,KQ,생물공학,122800.0,90085.0,64275.0,61287.916666666664,53226.75,1,68.27503015681543,2065.7970920987773,1.0401026254027028,1,37.82267115600448,121.26126126126127,-4087.722839738225,,-4496.495123712048,DART,TRAILING_DART,,-4087.722839738225,-30.041175689852796,-49052.674076858704,-139.94517432968948,0.0,100.0,NEUTRAL,1.0
2026-05-09,인벤티지랩,389470,KQ,제약,54000.0,61425.0,72546.66666666667,75037.5,61393.0,0,36.577181208053695,-127.78092918965285,1.0010426422655143,0,-15.756630265210614,-15.887850467289722,-1198.3313724198003,,-1318.1645096617806,DART,TRAILING_DART,,-1198.3313724198003,-45.06266066535282,-14379.976469037603,-126.62958605377335,0.0,55.0,NEUTRAL,1.0
2026-05-09,디어유,376300,KQ,양방향미디어와서비스,29000.0,32060.0,35031.666666666664,35034.166666666664,39642.0,0,24.170616113744074,-239.7952159832828,1.1511684105733204,0,-14.70588235294118,-7.496012759170656,784.8114327895479,1808.0,1808.0,DART|DAILY_DISC,TRAILING_DART,,784.8114327895479,36.95155140250936,9417.737193474575,-67.5250441604325,0.0,55.0,NEUTRAL,1.0
2026-05-09,제룡전기,033100,KQ,전기장비,87800.0,61310.0,53845.833333333336,46063.75,42302.25,1,87.84067085953879,3825.8719441782923,1.0486694975695532,0,32.82904689863844,80.10256410256412,3655.269824781576,,4020.796807259734,DART,TRAILING_DART,,3655.269824781576,24.020114576697924,43863.23789737892,-50.04187027633381,0.0,90.0,NEUTRAL,1.0
2026-05-09,NHN KCP,060250,KQ,IT서비스,18750.0,19510.0,19350.666666666668,17994.833333333332,17004.1,1,34.69387755102041,-92.73436194657864,0.44268977328937825,0,-6.94789081885856,12.7480457005412,1139.871283532016,1343.0,1343.0,DART,TRAILING_DART,,1139.871283532016,16.44922568967706,13678.455402384192,-27.048237853950972,0.0,65.0,NEUTRAL,1.0
2026-05-09,뉴로메카,348340,KQ,기계,65200.0,64925.0,69650.0,57654.166666666664,44600.5,1,46.95945945945946,-8.956578897925553,1.6285239371423472,0,-0.7610350076103556,5.844155844155852,-1778.9097711231643,,-1956.8007482354808,DART,TRAILING_DART,,-1778.9097711231643,-36.65166219129493,-21346.917253477972,-132.74067063416868,0.0,90.0,NEUTRAL,1.0
2026-05-09,포스코엠텍,009520,KQ,철강,20900.0,19711.5,18840.666666666668,17791.583333333332,16305.35,1,66.41221374045801,75.08953985451353,0.5028849049606626,0,-1.1820330969267157,13.340563991323219,33.89543829563609,,37.2849821251997,DART|DAILY_DISC,TRAILING_DART,,33.89543829563609,616.6021462153742,406.74525954763305,-98.05385043278645,0.0,95.0,NEUTRAL,1.0
2026-05-09,동성화인텍,033500,KQ,화학,27100.0,27850.0,27190.0,27160.833333333332,27632.75,0,54.14012738853503,-137.44547083108728,1.4387941932470039,0,-7.3504273504273465,5.653021442495132,1863.4268085016704,2461.0,2461.0,DART,TRAILING_DART,,1863.4268085016704,14.543098702003947,22361.121702020046,-17.486635785903893,6.283410535240272,65.0,NEUTRAL,1.0
2026-05-09,넥스틴,348210,KQ,반도체와반도체장비,71200.0,74620.0,75970.0,73755.83333333333,64377.75,1,35.0,-434.93722769076334,0.5268970901429957,0,-2.732240437158473,-3.7837837837837784,-252.5287112108852,2436.0,2436.0,DART,TRAILING_DART,,-252.5287112108852,-281.94813832689823,-3030.3445345306227,-104.25610187434076,0.0,65.0,NEUTRAL,1.0
2026-05-09,티엘비,356860,KQ,반도체와반도체장비,101600.0,84005.0,70635.83333333333,66330.41666666667,56653.25,1,71.31979695431473,1500.531187773644,0.7350658722525021,1,19.670200235571265,37.669376693766935,1927.5419507293573,3663.0,3663.0,DART,TRAILING_DART,,1927.5419507293573,52.709618050883854,23130.503408752287,-77.23375648744853,0.0,95.0,NEUTRAL,1.0
2026-05-09,휴온스글로벌,084110,KQ,제약,64800.0,59770.0,61355.0,56481.25,53122.25,1,61.86440677966102,215.71485318710438,2.037373360559177,0,-1.3698630136986356,24.615384615384617,6462.7802546356925,,7109.058280099262,DART,TRAILING_DART,,6462.7802546356925,10.026644485323411,77553.36305562832,19.681115826586915,99.20278956646729,100.0,NEUTRAL,1.0
2026-05-09,넥슨게임즈,225570,KQ,게임엔터테인먼트,11220.0,11844.0,11633.333333333334,12157.166666666666,12871.7,0,29.729729729729726,-104.03105383620382,0.6739318542896051,0,-7.272727272727275,-0.8833922261484051,-938.6532259389415,,-1032.518548532836,DART,TRAILING_DART,,-938.6532259389415,-11.953296158734823,-11263.838711267299,-200.39071935175846,0.0,50.0,NEUTRAL,1.0
2026-05-09,천보,278280,KQ,전기제품,60800.0,63990.0,54719.166666666664,55028.75,52669.5,1,44.53441295546559,-1024.8383950367684,0.35403213310372506,0,-8.29562594268477,13.011152416356886,-4990.732255801526,,-5489.805481381679,DART,TRAILING_DART,,-4990.732255801526,-12.182581008893523,-59888.78706961831,-198.50129452239852,0.0,70.0,NEUTRAL,1.0
2026-05-09,이엔에프테크놀로지,102710,KQ,반도체와반도체장비,55900.0,56337.5,55513.333333333336,51545.833333333336,49253.25,1,50.0,-164.6780111714147,0.9495051179167385,0,-7.2968490878938645,15.975103734439845,3520.911929560222,,3873.003122516244,DART,TRAILING_DART,,3520.911929560222,15.87656866128491,42250.94315472266,-24.416917433412056,0.0,80.0,NEUTRAL,1.0
2026-05-09,GST,083450,KQ,반도체와반도체장비,58700.0,44940.0,34261.666666666664,30692.5,27158.05,1,86.9281045751634,1259.56957930932,0.43158513731620063,1,18.346774193548377,98.64636209813875,2473.371574009767,,2720.708731410744,DART,TRAILING_DART,,2473.371574009767,23.73278670169119,29680.458888117202,-49.43703766930629,0.0,95.0,NEUTRAL,1.0
2026-05-09,메디톡스,086900,KQ,생물공학,103500.0,105140.0,112723.33333333333,118240.0,122428.5,0,39.88095238095238,74.13975474484062,0.8146889334679223,0,-4.6961325966850875,1.7699115044247815,2145.508801606687,,2360.059681767356,DART,TRAILING_DART,,2145.508801606687,48.24030548021659,25746.105619280243,-75.12453563354566,0.0,60.0,NEUTRAL,1.0
2026-05-09,페니트리움바이오,187660,KQ,제약,9600.0,12754.5,12258.666666666666,7454.166666666667,5416.5,1,20.190274841437628,-449.6641919694274,0.39455913246909885,0,-20.661157024793386,-31.428571428571427,-267.3649322228419,,-294.1014254451261,DART,TRAILING_DART,,-267.3649322228419,-35.90598034000451,-3208.379186674103,-133.42061652785523,0.0,65.0,NEUTRAL,1.0
2026-05-09,코오롱생명과학,102940,KQ,제약,63800.0,58265.0,58920.0,54990.833333333336,45853.5,1,64.6341463414634,607.6534891293327,3.4606589923809468,1,5.280528052805278,12.720848056537104,1906.7271927045683,,2097.399911975025,DART,TRAILING_DART,,1906.7271927045683,33.460476277942966,22880.72631245482,-64.13679261370717,0.0,100.0,NEUTRAL,1.0
2026-05-09,코미팜,041960,KQ,제약,9350.0,9365.0,8751.5,7857.916666666667,7108.65,1,52.94117647058823,-62.13305599662198,0.3980490703773963,0,-5.840886203423967,18.956743002544528,-108.65071266406667,,-119.51578393047336,DART,TRAILING_DART,,-108.65071266406667,-86.05557911901542,-1303.8085519688002,-113.94447649164492,0.0,80.0,NEUTRAL,1.0
2026-05-09,네오셈,253590,KQ,반도체와반도체장비,17800.0,17904.0,17365.0,14343.416666666666,12480.45,1,52.79126213592233,19.407688224463072,0.6980637753356578,0,-6.95243073706221,11.949685534591193,121.77560436300998,,133.953164799311,DART,TRAILING_DART,,121.77560436300998,146.1704919725847,1461.3072523561198,-91.79040869462854,0.0,90.0,NEUTRAL,1.0
2026-05-09,토모큐브,475960,KQ,생명과학도구및서비스,53900.0,55320.0,56511.666666666664,52305.416666666664,46523.0,1,43.881856540084385,201.8626575884831,1.9326490938355736,0,-4.262877442273538,2.8625954198473247,-359.40475947813667,,-395.3452354259504,DART,TRAILING_DART,,-359.40475947813667,-149.97018981680694,-4312.85711373764,-108.00159019246315,0.0,85.0,NEUTRAL,1.0
2026-05-09,안랩,053800,KQ,소프트웨어,63700.0,64250.0,63000.0,62275.0,62079.0,1,28.099173553719012,-198.64466884475337,1.6244810997452377,0,-2.0000000000000018,4.255319148936176,4628.169832110817,,5090.9868153219,DART|DAILY_DISC,TRAILING_DART,,4628.169832110817,13.763539867971458,55538.03798532981,-12.813127181585859,17.967182046035354,80.0,NEUTRAL,1.0
2026-05-09,덕산하이메탈,077360,KQ,반도체와반도체장비,18170.0,16228.5,13271.666666666666,9901.666666666666,8101.75,1,60.602409638554214,147.61256288710365,0.31352934066409427,0,3.0629608621667526,41.95312499999999,-2546.4839025911083,,-2801.1322928502195,DART,TRAILING_DART,,-2546.4839025911083,-7.135328827922922,-30557.8068310933,-268.1772527853236,0.0,95.0,NEUTRAL,1.0
2026-05-09,티에프이,425420,KQ,반도체와반도체장비,66000.0,63425.0,56118.333333333336,47486.666666666664,43491.25,1,59.3939393939394,284.2956324701099,0.7316288387565746,0,-0.6024096385542133,19.78221415607986,1513.8339041745849,,1665.2172945920436,DART,TRAILING_DART,,1513.8339041745849,43.597913759228675,18166.00685009502,-72.47574719682572,0.0,95.0,NEUTRAL,1.0
2026-05-09,아난티,025980,KQ,"호텔,레스토랑,레저",7410.0,7312.0,7642.333333333333,7645.583333333333,8278.1,0,45.116279069767444,49.17307045038369,0.9168158503863832,0,3.0598052851182223,3.0598052851182223,-391.0018168879885,,-430.1019985767874,DART,TRAILING_DART,,-391.0018168879885,-18.951318587153178,-4692.021802655862,-163.3201322895528,0.0,75.0,NEUTRAL,1.0
2026-05-09,샘씨엔에스,252990,KQ,반도체와반도체장비,13650.0,12666.0,11128.5,9257.916666666666,7881.225,1,77.90432801822324,27.002436485968474,0.7247753989040877,0,-2.500000000000002,38.71951219512195,250.1409859120103,,275.15508450321136,DART|DAILY_DISC,TRAILING_DART,,250.1409859120103,54.569226031600955,3001.6918309441235,-78.00958365608702,0.0,85.0,NEUTRAL,1.0
2026-05-09,위메이드,112040,KQ,게임엔터테인먼트,22850.0,22942.5,23490.833333333332,25392.5,26843.5,0,53.17460317460316,21.505694651748684,0.40701398559431123,0,-8.782435129740518,11.19221411192215,-796.5140476232767,,-876.1654523856045,DART,TRAILING_DART,,-796.5140476232767,-28.68750409133682,-9558.16857147932,-141.8300593937826,0.0,70.0,NEUTRAL,1.0
2026-05-09,프로텍,053610,KQ,반도체와반도체장비,86500.0,72035.0,60973.333333333336,48663.333333333336,40914.75,1,91.98606271777004,859.40474945609,2.4634852958517635,1,6.527093596059119,56.41952983725136,3216.056394181818,,3537.6620336,DART,TRAILING_DART,,3216.056394181818,26.896294529065948,38592.67673018182,-55.384188751234895,0.0,100.0,NEUTRAL,1.0
2026-05-09,가온칩스,399720,KQ,반도체와반도체장비,71000.0,67935.0,65548.33333333333,59963.333333333336,55396.25,1,62.078651685393254,268.74361207345373,0.6066433575232383,0,-0.9762900976290068,9.567901234567898,-1238.674407047331,,-1362.541847752064,DART,TRAILING_DART,,-1238.674407047331,-57.31934041427807,-14864.092884567972,-120.93534209094081,0.0,95.0,NEUTRAL,1.0
2026-05-09,이녹스첨단소재,272290,KQ,디스플레이장비및부품,37500.0,34817.5,33898.333333333336,29662.083333333332,27756.5,1,60.07194244604317,249.92098935366403,1.3024862926269891,0,6.082036775106081,20.3852327447833,2806.066114126895,2836.0,2836.0,DART|DAILY_DISC,TRAILING_DART,,2806.066114126895,13.363904653282942,33672.79336952274,-10.205884347939364,24.485289130151592,100.0,NEUTRAL,1.0
2026-05-09,에이디테크놀로지,200710,KQ,반도체와반도체장비,51400.0,54250.0,49209.166666666664,39696.25,33493.25,1,47.081712062256805,-754.3248283822631,0.6043460268529046,0,-8.05008944543828,-5.688073394495408,265.81155907882084,,292.39271498670297,DART,TRAILING_DART,,265.81155907882084,193.37007080553036,3189.73870894585,-93.79428266742053,0.0,80.0,NEUTRAL,1.0
2026-05-09,HLB이노베이션,024850,KQ,반도체와반도체장비,20900.0,23227.5,20230.0,15389.833333333334,12757.975,1,37.2093023255814,-278.27219583478916,2.8566880696953802,0,-9.523809523809524,-9.523809523809524,-213.83190144529908,,-235.215091589829,DART,TRAILING_DART,,-213.83190144529908,-97.7403271389161,-2565.982817343589,-112.27742974805545,0.0,80.0,NEUTRAL,1.0
2026-05-09,성우하이텍,015750,KQ,자동차부품,9100.0,8942.0,8795.333333333334,7897.25,7167.65,1,51.09170305676856,-7.112955164529723,1.862462628893129,0,-1.4084507042253502,4.0000000000000036,2223.1025526625,,2445.41280792875,DART,TRAILING_DART,,2223.1025526625,4.093378413470571,26677.23063195,193.1563805708791,100.0,95.0,NEUTRAL,1.0
2026-05-09,노타,486990,KQ,IT서비스,33600.0,34285.0,36595.0,39765.416666666664,,0,46.478873239436616,142.63812867725505,2.723966515903452,0,-6.2761506276150625,-4.1369472182596345,-779.0428839659274,,-856.9471723625203,DART,TRAILING_DART,,-779.0428839659274,-43.12984649696068,-9348.514607591129,-127.82296014164025,0.0,80.0,NEUTRAL,1.0
2026-05-09,아이쓰리시스템,214430,KQ,우주항공과국방,93500.0,102745.0,102826.66666666667,92777.5,91879.5,1,47.46059544658494,-1083.8127750690785,1.1004494048782425,0,-15.613718411552346,-5.076142131979699,2570.517072509841,,2827.568779760825,DART,TRAILING_DART,,2570.517072509841,36.3740046700826,30846.20487011809,-67.00940655602344,0.0,80.0,NEUTRAL,1.0
2026-05-09,현대힘스,460930,KQ,조선,19200.0,19662.5,18692.5,18619.5,20525.25,0,54.385964912280706,-135.68117200615677,0.5215256260948591,0,-7.469879518072286,3.5040431266846417,602.5866977562886,,662.8453675319175,DART,TRAILING_DART,,602.5866977562886,31.86263498927301,7231.040373075462,-62.33833139023197,0.0,65.0,NEUTRAL,1.0
2026-05-09,SOOP,067160,KQ,양방향미디어와서비스,55300.0,58865.0,62693.333333333336,65887.5,70873.0,0,20.224719101123597,-435.8688000906807,1.824237107118334,0,-7.986688851913481,-4.982817869415812,9025.3477408459,8439.0,8439.0,DART|DAILY_DISC,TRAILING_DART,,9025.3477408459,6.1271877370142205,108304.1728901508,95.84841390624015,100.0,60.0,NEUTRAL,1.0
2026-05-09,프로티나,468530,KQ,생물공학,51700.0,59325.0,69133.33333333333,77780.0,,0,23.451327433628308,-526.925522619721,0.8823129995991936,0,-15.522875816993464,-10.553633217993074,-823.7989096373868,,-906.1788006011255,DART,TRAILING_DART,,-823.7989096373868,-62.75803402405192,-9885.586915648642,-119.12105786392387,0.0,50.0,NEUTRAL,1.0
2026-05-09,원텍,336570,KQ,건강관리장비와용품,8370.0,7476.5,7380.833333333333,7675.166666666667,8761.35,0,65.0190114068441,28.831497562569062,7.4862254955039615,1,10.568031704095105,17.5561797752809,391.4794599182426,546.0,546.0,DART,TRAILING_DART,,391.4794599182426,21.380432071067045,4697.753519018911,-43.87391255652437,0.0,100.0,NEUTRAL,1.0
2026-05-09,미코,059090,KQ,반도체와반도체장비,24250.0,20753.5,16797.333333333332,15444.333333333334,15265.5,1,59.51742627345845,371.024012164281,0.4482743458359153,0,12.529002320185612,71.62066525123849,2242.863341642333,,2467.149675806567,DART,TRAILING_DART,,2242.863341642333,10.812072028536067,26914.360099708,10.987051957558759,77.4676298938969,95.0,NEUTRAL,1.0
2026-05-09,에스에이엠티,031330,KQ,전자장비와기기,8560.0,7032.0,5724.416666666667,4863.625,4202.975,1,85.76779026217228,97.38996190100659,2.4947413553651585,1,19.887955182072826,46.82675814751287,758.33047861251,,834.1635264737611,DART,TRAILING_DART,,758.33047861251,11.28795458104483,9099.96574335012,6.308011020445314,65.77002755111329,100.0,NEUTRAL,1.0
2026-05-09,인투셀,287840,KQ,제약,34400.0,39730.0,43731.666666666664,50783.333333333336,44642.0,0,20.504731861198735,-581.8193624809232,0.8283416009567736,0,-10.996119016817596,-12.911392405063292,-705.8645347211682,,-776.4509881932851,DART,TRAILING_DART,,-705.8645347211682,-48.7345635144975,-8470.374416654018,-124.62318144376168,0.0,50.0,NEUTRAL,1.0
2026-05-09,피노,033790,KQ,전기제품,18550.0,12631.5,8447.916666666666,6832.708333333333,5763.1,1,92.21272554605888,520.6578516176232,1.0683670290314613,1,28.819444444444443,84.57711442786069,-86.01643352477092,,-94.618076877248,DART,TRAILING_DART,,-86.01643352477092,-215.65646516439202,-1032.197202297251,-105.56440540321968,0.0,100.0,NEUTRAL,1.0
2026-05-09,카페24,042000,KQ,IT서비스,25850.0,26462.5,28891.666666666668,30968.75,34563.25,0,30.107526881720432,10.230344109615885,0.8982038039167298,0,-0.3853564547206201,-4.259259259259263,1610.647456811006,,1771.7122024921066,DART,TRAILING_DART,,1610.647456811006,16.049446382997797,19327.76948173207,-25.23106583469219,0.0,60.0,NEUTRAL,1.0
2026-05-09,에코프로에이치엔,383310,KQ,상업서비스와공급품,31400.0,31792.5,32339.166666666668,29691.25,28179.75,1,52.42718446601941,-43.85979170043316,0.6343441959567371,0,-5.563909774436093,1.2903225806451646,630.3224054313978,,693.3546459745376,DART,TRAILING_DART,,630.3224054313978,49.81577638591093,7563.868865176773,-75.91124565230328,0.0,75.0,NEUTRAL,1.0
2026-05-09,큐렉소,060280,KQ,건강관리장비와용품,15810.0,15806.0,16073.666666666666,14942.5,12657.1,1,51.926298157453935,-48.82936130403101,0.9596763877409473,0,-6.394316163410307,2.131782945736438,67.17165906564236,,73.8888249722066,DART,TRAILING_DART,,67.17165906564236,235.36712089469083,806.0599087877083,-94.90158185460021,0.0,80.0,NEUTRAL,1.0
2026-05-09,한국피아이엠,448900,KQ,자동차부품,137600.0,103020.0,105398.33333333333,81354.58333333333,55907.95,1,67.10794297352342,4122.922390378957,2.7874605510562414,1,35.834155972359326,47.956989247311824,-8.928861295750385,,-9.821747425325425,DART,TRAILING_DART,,-8.928861295750385,-15410.699689722982,-107.14633554900462,-100.07786797641643,0.0,100.0,NEUTRAL,1.0
2026-05-09,원익머트리얼즈,104830,KQ,화학,50200.0,50515.0,45819.166666666664,39571.25,34717.0,1,42.537313432835816,-284.33049303026564,1.4306983240223463,0,-7.550644567219155,18.816568047337267,3862.7107169257615,,4248.981788618338,DART,TRAILING_DART,,3862.7107169257615,12.99605476020554,46352.52860310914,-7.664285651177016,30.839285872057463,75.0,NEUTRAL,1.0
2026-05-09,로보스타,090360,KQ,기계,70700.0,66150.0,67373.33333333333,72315.0,60871.5,1,66.18357487922705,634.1088864688963,1.8296727924697445,0,0.28368794326241176,20.238095238095234,-533.3985068717949,,-586.7383575589745,DART,TRAILING_DART,,-533.3985068717949,-132.5463027908196,-6400.782082461539,-109.05344000348167,0.0,100.0,NEUTRAL,1.0
2026-05-09,네패스,033640,KQ,반도체와반도체장비,32850.0,29040.0,21836.166666666668,19325.25,17105.25,1,69.0340909090909,149.20731058786714,0.675183560264795,0,3.1397174254317095,44.07894736842106,874.2202627827277,,961.6422890610004,DART,TRAILING_DART,,874.2202627827277,37.576342483112064,10490.643153392732,-68.06501323168118,0.0,95.0,NEUTRAL,1.0
2026-05-09,서울반도체,046890,KQ,디스플레이장비및부품,18000.0,12967.0,10649.166666666666,8526.75,7797.75,1,81.95422535211267,581.1344642829615,0.9948895418215623,1,25.698324022346377,63.339382940108905,-1029.1724466687476,,-1132.0896913356223,DART,TRAILING_DART,,-1029.1724466687476,-17.489780316469677,-12350.069360024972,-168.61149644458317,0.0,95.0,NEUTRAL,1.0
2026-05-09,다날,064260,KQ,IT서비스,7260.0,7729.5,7594.333333333333,7470.5,7938.65,0,29.870129870129873,-49.273430353142714,0.25327147569311814,0,-4.347826086956519,-2.941176470588236,-903.7482866552052,,-994.1231153207258,DART,TRAILING_DART,,-903.7482866552052,-8.033210250245054,-10844.979439862462,-249.37988209176947,0.0,50.0,NEUTRAL,1.0
2026-05-09,HLB제약,047920,KQ,제약,16400.0,17676.5,16420.166666666668,16410.75,15892.4,1,13.99317406143345,-213.9558749997111,0.6988389578584839,0,-7.344632768361581,-1.972504482964732,139.38506673728594,,153.32357341101454,DART,TRAILING_DART,,139.38506673728594,117.65966314677632,1672.6208008474314,-89.80109267775957,0.0,65.0,NEUTRAL,1.0
2026-05-09,아이센스,099190,KQ,건강관리장비와용품,20500.0,20904.5,21033.5,18684.333333333332,18460.5,1,48.50299401197604,-28.058365398641627,0.7944581032959149,0,-5.747126436781613,6.82647212089631,-233.1125394315639,,-256.9254554923347,DART|DAILY_DISC,TRAILING_DART,,-233.1125394315639,-87.9403572625843,-2797.350473178767,-113.64561206428667,0.0,75.0,NEUTRAL,1.0
2026-05-09,인카금융서비스,211050,KQ,손해보험,10440.0,11189.5,12451.833333333334,13077.25,12749.95,0,19.52054794520548,-66.64625481984251,0.9058560390402604,0,-4.307974335472043,-12.416107382550335,1440.2756782753663,,1584.3032461029031,DART,TRAILING_DART,,1440.2756782753663,7.248612302126216,17283.308139304398,65.54892853739844,100.0,50.0,NEUTRAL,1.0
2026-05-09,비츠로넥스텍,488900,KQ,우주항공과국방,18400.0,19252.0,19049.833333333332,,,0,43.83378016085791,-149.0181753273313,0.6857096668238113,0,-5.349794238683126,3.778905809362665,-227.6582010773372,,-250.42402118507093,DART,TRAILING_DART,,-227.6582010773372,-80.8229174829919,-2731.898412928046,-114.84727398330459,0.0,50.0,NEUTRAL,1.0
2026-05-09,예스티,122640,KQ,반도체와반도체장비,25900.0,27310.0,24339.666666666668,21255.166666666668,20149.45,1,37.40157480314961,-302.9970521903456,0.5963163222003559,0,-10.069444444444443,14.601769911504414,31.179537008764616,,34.29749070964108,DART,TRAILING_DART,,31.179537008764616,830.6730145710461,374.1544441051754,-98.55538824669816,0.0,70.0,NEUTRAL,1.0
2026-05-09,동화기업,025900,KQ,건축자재,11340.0,11747.5,10634.666666666666,9886.166666666666,9738.05,1,48.07692307692308,-101.5663637151772,0.7053797234115966,0,-6.820049301561215,3.2786885245901676,-1105.4299272004023,,-1215.9729199204426,DART,TRAILING_DART,,-1105.4299272004023,-10.25845213791121,-13265.159126404827,-216.97671187305846,0.0,80.0,NEUTRAL,1.0
2026-05-09,한양이엔지,045100,KQ,반도체와반도체장비,35500.0,33165.0,31224.166666666668,27124.833333333332,24009.4,1,55.752212389380524,26.039180609520827,1.7219005648798853,1,5.8122205663189375,9.567901234567898,2381.660580057143,,2619.826638062857,DART,TRAILING_DART,,2381.660580057143,14.905566434302008,28579.926960685712,-19.493163491026166,1.267091272434584,100.0,NEUTRAL,1.0
2026-05-09,지엔씨에너지,119850,KQ,전기장비,38000.0,35165.0,35332.5,34249.166666666664,34229.25,1,77.93103448275862,341.06129932482236,2.675951817404357,1,5.702364394993054,19.496855345911946,2432.7951909150934,,2676.074710006603,DART,TRAILING_DART,,2432.7951909150934,15.619892764465035,29193.54229098112,-23.17488870794442,0.0,100.0,NEUTRAL,1.0
2026-05-09,우리기술투자,041190,KQ,창업투자,6590.0,6706.5,6919.666666666667,7439.333333333333,8505.85,0,39.63414634146341,5.525002790837413,0.7551283350346574,0,-2.8023598820059004,0.0,1316.0070536071428,,1447.607758967857,DART,TRAILING_DART,,1316.0070536071428,5.007571944190552,15792.084643285714,139.63709625623238,100.0,60.0,NEUTRAL,1.0
2026-05-09,빛과전자,069540,KQ,통신장비,5200.0,5129.0,2865.7,1917.2333333333333,1538.23,1,56.699029126213595,-157.69801230618418,0.25270160767206146,0,-1.1406844106463865,54.992548435171386,-200.7228771653937,,-220.7951648819331,DART,TRAILING_DART,,-200.7228771653937,-25.90636440367109,-2408.6745259847244,-146.3206639612447,0.0,85.0,NEUTRAL,1.0
2026-05-09,알멕,354320,KQ,자동차부품,82800.0,87090.0,66394.16666666667,48357.916666666664,38079.45,1,47.06994328922495,-2096.473156821561,0.7976349365986879,0,-18.343195266272193,33.54838709677419,-958.65933794277,,-1054.525271737047,DART,TRAILING_DART,,-958.65933794277,-86.37061855328528,-11503.91205531324,-113.89361359337346,0.0,80.0,NEUTRAL,1.0
2026-05-09,이뮨온시아,424870,KQ,제약,6480.0,7167.0,7963.333333333333,9454.75,7958.15,0,15.568862275449106,-30.593526404091165,1.1073237409247887,0,-8.732394366197182,-11.71662125340599,-367.9616951542396,,-404.7578646696636,DART,TRAILING_DART,,-367.9616951542396,-17.61052871898462,-4415.540341850875,-168.1410546581925,0.0,55.0,NEUTRAL,1.0
2026-05-09,우리로,046970,KQ,컴퓨터와주변기기,8910.0,9648.5,5106.366666666667,3217.4666666666667,2448.7,1,20.045300113250292,-405.73306163655093,0.2557532054494017,0,0.9060022650056565,26.025459688826036,-17.99597898450608,,-19.79557688295669,DART,TRAILING_DART,,-17.99597898450608,-495.1106026335774,-215.95174781407297,-102.42370087333414,0.0,70.0,NEUTRAL,1.0
2026-05-09,켐트로닉스,089010,KQ,전자장비와기기,41050.0,35717.5,31950.0,31655.833333333332,30143.75,1,63.36448598130841,717.0645609772564,0.7524856173879858,0,1.8610421836228186,38.4485666104553,802.918637757709,,883.2105015334799,DART,TRAILING_DART,,802.918637757709,51.125977240532514,9635.023653092509,-76.52856600951885,0.0,95.0,NEUTRAL,1.0
2026-05-09,브이티,018290,KQ,화장품,16170.0,16225.5,16365.833333333334,17675.916666666668,23413.3,0,51.22873345935728,7.331476062422325,0.6061820972433835,0,-7.44132799084144,7.871914609739816,1837.4946825063985,,2021.2441507570384,DART,TRAILING_DART,,1837.4946825063985,8.800025466165502,22049.936190076784,36.36324174444516,100.0,70.0,NEUTRAL,1.0
2026-05-09,시노펙스,025320,KQ,핸드셋,5650.0,6023.0,6192.166666666667,6212.353186035156,6328.840483398438,0,31.932773109243698,-42.09827458320339,0.926512094482917,0,-7.377049180327866,-7.528641571194761,77.71876216401493,,85.49063838041643,DART,TRAILING_DART,,77.71876216401493,72.69801837652071,932.6251459681791,-83.49336024835081,0.0,50.0,NEUTRAL,1.0
2026-05-09,더블유씨피,393890,KQ,전기제품,16600.0,17726.0,13617.333333333334,10487.916666666666,9296.2,1,55.982596084118924,-309.8962182820926,0.9251946729972719,0,-19.61259079903148,10.372340425531924,-4788.733741079139,-1881.0,-1881.0,DART|DAILY_DISC,TRAILING_DART,,-4788.733741079139,-3.4664696133761654,-57464.804892949665,-446.173523451504,0.0,80.0,NEUTRAL,1.0
2026-05-09,펌텍코리아,251970,KQ,포장재,41800.0,43297.5,47685.0,51468.333333333336,55327.0,0,36.09756097560976,-56.95555603471939,0.9972510789159177,0,-1.992966002344665,-5.3227633069082625,28888562442.0,3568.0,3568.0,DART|DAILY_DISC,TRAILING_DART,,28888562442.0,1.4469394274610405e-06,346662749304.0,829336620.8229665,100.0,50.0,NEUTRAL,1.0
2026-05-09,케이아이엔엑스,093320,KQ,IT서비스,109300.0,107860.0,109701.66666666667,111868.33333333333,102696.0,1,36.32958801498128,9.192234893271547,1.6949860391857383,0,3.700189753320693,6.3229571984435795,4012.026929713115,,4413.229622684426,DART,TRAILING_DART,,4012.026929713115,27.243087325890816,48144.32315655738,-55.95212885950834,0.0,90.0,NEUTRAL,1.0
2026-05-09,엠케이전자,033160,KQ,반도체와반도체장비,28500.0,25815.0,17463.0,13124.25,11380.0,1,66.30434782608695,-347.4927120275793,0.6831755254191155,0,0.17574692442883233,38.3495145631068,588.177879271442,,646.9956671985861,DART,TRAILING_DART,,588.177879271442,48.45472943542536,7058.134551257303,-75.2346156096235,0.0,85.0,NEUTRAL,1.0
2026-05-09,HLB생명과학,067630,KQ,건강관리장비와용품,3990.0,4305.5,4034.0833333333335,4080.9583333333335,4050.15,0,18.78453038674033,-52.90034435930357,0.8944593202235919,0,-7.101280558789291,0.8849557522123908,-819.7732725227014,,-901.7505997749716,DART,TRAILING_DART,,-819.7732725227014,-4.8671994242036085,-9837.279270272416,-346.5483526384064,0.0,50.0,NEUTRAL,1.0
2026-05-09,신라젠,215600,KQ,제약,3425.0,3658.0,3646.3333333333335,3504.0416666666665,3312.775,1,18.497109826589607,-44.90463323510359,0.8983517473592817,0,-4.329608938547491,-10.807291666666663,-175.12483006205844,,-192.6373130682643,DART,TRAILING_DART,,-175.12483006205844,-19.557477936088752,-2101.4979607447012,-161.35760469327596,0.0,65.0,NEUTRAL,1.0
2026-05-09,오이솔루션,138080,KQ,통신장비,53300.0,43952.5,33497.0,23779.416666666668,18645.15,1,66.3677130044843,524.6314724045342,1.016306348523668,0,40.26315789473684,35.10773130544993,-2203.752961522277,,-2424.1282576745048,DART,TRAILING_DART,,-2203.752961522277,-24.186014009112068,-26445.035538267322,-149.6154512913083,0.0,100.0,NEUTRAL,1.0
2026-05-09,한솔아이원스,114810,KQ,반도체와반도체장비,16740.0,17882.5,16011.666666666666,14353.916666666666,13069.15,1,38.67069486404834,-284.68421184422823,0.42688785142305463,0,-4.723961297666479,9.126466753585394,994.470417275116,,1093.9174590026278,DART|DAILY_DISC,TRAILING_DART,,994.470417275116,16.833079907865123,11933.645007301391,-28.711798044794556,0.0,70.0,NEUTRAL,1.0
2026-05-09,와이지-원,019210,KQ,기계,15350.0,14867.5,12419.5,9111.75,7630.8,1,56.65399239543726,-48.360913799272,0.6289534224011758,0,-9.332545776727708,24.090541632983033,681.0041533615561,,749.1045686977118,DART,TRAILING_DART,,681.0041533615561,22.540244320434326,8172.049840338673,-46.76189029095327,0.0,85.0,NEUTRAL,1.0
2026-05-09,티앤엘,340570,KQ,건강관리장비와용품,58400.0,60260.0,54424.166666666664,50902.083333333336,51671.25,1,36.55913978494624,-616.5290939530742,0.8493688833926781,0,-7.448494453248811,15.643564356435636,4684.409821235236,,5152.8508033587605,DART,TRAILING_DART,,4684.409821235236,12.466885312908094,56212.91785482284,-3.7450036732485703,40.637490816878575,70.0,NEUTRAL,1.0
2026-05-09,코세스,089890,KQ,반도체와반도체장비,41600.0,36762.5,28016.166666666668,26710.166666666668,22440.75,1,68.60119047619048,278.47564590907405,0.6536235193176808,0,-7.862679955703211,85.71428571428572,796.1186498950073,,875.730514884508,DART,TRAILING_DART,,796.1186498950073,52.25351774573581,9553.423798740087,-77.03503894533632,0.0,95.0,NEUTRAL,1.0
2026-05-09,한라캐스트,125490,KQ,자동차부품,18850.0,15675.5,16215.166666666666,16537.25,,0,78.6231884057971,320.16084050768336,6.057506621207022,1,5.602240896358546,31.450488145048805,100.20487564746512,,110.22536321221163,DART,TRAILING_DART,,100.20487564746512,188.11459899732782,1202.4585077695815,-93.62090977310567,0.0,90.0,NEUTRAL,1.0
2026-05-09,월덱스,101160,KQ,반도체와반도체장비,31800.0,32327.5,30465.833333333332,26610.416666666668,25557.0,1,52.127659574468076,-144.92196062604216,0.8570349756898413,0,-5.4977711738484425,7.979626485568758,2481.526472756666,,2729.679120032333,DART,TRAILING_DART,,2481.526472756666,12.814693032339152,29778.31767307999,-6.357491594088083,34.10627101477979,80.0,NEUTRAL,1.0
2026-05-09,덕산테코피아,317330,KQ,반도체와반도체장비,30000.0,23815.0,19660.166666666668,19057.25,18791.45,1,67.45562130177515,542.5081053172312,0.8120029500991017,0,19.047619047619047,76.15971814445098,-5154.690951283671,,-5670.160046412038,DART,TRAILING_DART,,-5154.690951283671,-5.819941541311824,-61856.29141540405,-306.1876380513468,0.0,95.0,NEUTRAL,1.0
2026-05-09,네오위즈,095660,KQ,게임엔터테인먼트,20950.0,22982.5,24810.0,25345.833333333332,25164.75,0,7.89473684210526,-194.14944215068022,0.7333151222156578,0,-7.70925110132159,-10.085836909871249,2061.9860445364047,1992.0,1992.0,DART|DAILY_DISC,TRAILING_DART,,2061.9860445364047,10.160107560141212,24743.832534436857,18.10898584456733,95.27246461141831,50.0,NEUTRAL,1.0
2026-05-09,넥스트바이오메디컬,389650,KQ,건강관리장비와용품,55800.0,61720.0,68951.66666666667,74714.16666666667,69495.75,0,22.598870056497177,-307.14205740502894,0.7758166125496073,0,-6.060606060606055,-11.987381703470035,-37.919043121759614,-509.0,-509.0,DART,TRAILING_DART,,-37.919043121759614,-1471.556120781421,-455.02851746111537,-100.81546329294106,0.0,50.0,NEUTRAL,1.0
2026-05-09,감성코퍼레이션,036620,KQ,"섬유,의류,신발,호화품",6060.0,6017.0,5948.666666666667,5954.166666666667,5886.55,1,59.84555984555984,-4.74843778544232,0.7255378152975714,0,-10.355029585798814,9.386281588447654,391.3346343546282,517.0,517.0,DART,TRAILING_DART,,391.3346343546282,15.485468108371968,4696.015612255538,-22.507993197103325,0.0,85.0,NEUTRAL,1.0
2026-05-09,에스티아이,039440,KQ,반도체와반도체장비,37800.0,35660.0,34029.166666666664,31665.416666666668,27175.55,1,63.92405063291139,274.51785285637106,0.5823462985268607,0,-2.8277634961439535,20.574162679425847,994.2565380758824,,1093.6821918834708,DART,TRAILING_DART,,994.2565380758824,38.01835698576525,11931.078456910589,-68.43630037854341,0.0,95.0,NEUTRAL,1.0
2026-05-09,오킨스전자,080580,KQ,반도체와반도체장비,26900.0,22707.0,19392.333333333332,14845.0,12077.8,1,66.80000000000001,273.08846890634936,1.2888225766419286,1,25.70093457943925,31.540342298288504,378.52465038926834,,416.3771154281952,DART,TRAILING_DART,,378.52465038926834,71.06538496855224,4542.29580467122,-83.11414199006981,0.0,100.0,NEUTRAL,1.0
2026-05-09,삼지전자,037460,KQ,통신장비,36300.0,32710.0,26653.0,21088.916666666668,17417.95,1,70.03154574132492,121.27657446796184,0.558862459255463,0,10.502283105022837,24.315068493150683,7252.4396428794225,,7977.683607167365,DART,TRAILING_DART,,7252.4396428794225,5.005212285446595,87029.27571455308,139.75007083898922,100.0,85.0,NEUTRAL,1.0
2026-05-09,유바이오로직스,206650,KQ,생물공학,12270.0,13160.5,13806.666666666666,12972.666666666666,13040.05,0,27.9863481228669,-115.38721700112325,0.5277714402368507,0,-6.692015209125479,-8.020989505247378,1123.646185786046,,1236.0108043646508,DART,TRAILING_DART,,1123.646185786046,10.919807458267238,13483.754229432554,9.89204750963777,74.73011877409442,50.0,NEUTRAL,1.0
2026-05-09,삼양컴텍,484590,KQ,우주항공과국방,11740.0,12565.5,12584.666666666666,12761.416666666666,,0,45.5078125,-99.76882059913872,0.478086726208628,0,-11.329305135951662,-1.3445378151260456,550.0936418068718,,605.1030059875591,DART,TRAILING_DART,,550.0936418068718,21.341820933319763,6601.123701682462,-43.772370513778014,0.0,60.0,NEUTRAL,1.0
2026-05-09,한중엔시에스,107640,KQ,전기장비,62600.0,62285.0,54747.5,51312.916666666664,45804.75,1,58.70069605568445,-351.87249505626005,0.2646637891320771,0,-11.205673758865252,27.10659898477157,538.916831606057,,592.8085147666628,DART,TRAILING_DART,,538.916831606057,116.15892532701594,6467.001979272684,-89.66932591170497,0.0,85.0,NEUTRAL,1.0
2026-05-09,보성파워텍,006910,KQ,전기장비,14310.0,11676.0,10856.333333333334,8354.583333333334,6710.375,1,70.0,447.35825558116017,0.5505283532668227,0,15.12469831053902,39.88269794721408,413.48451580042297,,454.8329673804653,DART,TRAILING_DART,,413.48451580042297,34.60830926715288,4961.814189605076,-65.32624605447187,0.0,95.0,NEUTRAL,1.0
2026-05-09,제우스,079370,KQ,반도체와반도체장비,16780.0,16342.5,16692.333333333332,15845.25,15021.8,1,55.992141453831046,58.695093523094215,0.9877880661197554,0,1.9441069258809174,7.564102564102559,-455.749736321932,,-501.3247099541253,DART,TRAILING_DART,,-455.749736321932,-36.818452459063984,-5468.996835863184,-132.59235301467928,0.0,95.0,NEUTRAL,1.0
2026-05-09,한글과컴퓨터,030520,KQ,소프트웨어,20050.0,20635.0,20933.166666666668,22302.833333333332,23671.2,0,35.294117647058826,-70.91342983442118,0.7593129939256406,0,-3.605769230769229,0.24999999999999467,1016.4595808375803,,1118.1055389213386,DART|DAILY_DISC,TRAILING_DART,,1016.4595808375803,19.725329347064104,12197.514970050965,-39.164513865082476,0.0,50.0,NEUTRAL,1.0
2026-05-09,파인엠텍,441270,KQ,핸드셋,10510.0,10675.0,10268.833333333334,9917.166666666666,10238.2,1,40.99216710182768,-62.024617370808954,0.3950415018987603,0,0.7670182166826356,12.647374062165051,-370.4294987258498,,-407.4724485984348,DART,TRAILING_DART,,-370.4294987258498,-28.37247043270255,-4445.153984710198,-142.2945193597545,0.0,70.0,NEUTRAL,1.0
2026-05-09,디케이티,290550,KQ,핸드셋,31200.0,24526.0,18562.5,13056.5,10973.25,1,70.1058201058201,347.815627907979,1.223620307790962,1,17.73584905660377,70.2127659574468,1158.53054862126,,1274.3836034833862,DART,TRAILING_DART,,1158.53054862126,26.93066664243803,13902.366583455121,-55.441132745336155,0.0,100.0,NEUTRAL,1.0
2026-05-09,에코마케팅,230360,KQ,"섬유,의류,신발,호화품",16000.0,16002.0,15936.666666666666,14474.25,13661.3,1,50.0,-7.7877175744258835,0.8822894813510933,1,0.0,0.0,570.5787884146843,,627.6366672561527,DART,TRAILING_DART,,570.5787884146843,28.04170138265208,6846.945460976211,-57.20659086889868,0.0,90.0,NEUTRAL,1.0
2026-05-09,DXVX,180400,KQ,건강관리업체및서비스,4135.0,4700.5,4644.666666666667,3648.4333333333334,3085.485,1,24.057971014492765,-86.9901540769181,1.0032867762373685,0,-11.645299145299148,-17.62948207171314,-300.566988936805,,-330.6236878304855,DART,TRAILING_DART,,-300.566988936805,-13.75733248227534,-3606.8038672416596,-187.2262120251913,0.0,70.0,NEUTRAL,1.0
2026-05-09,카나프테라퓨틱스,0082N0,KQ,제약,31600.0,37015.0,,,,0,26.451612903225808,-318.85697219659323,0.5280740505029726,0,-17.922077922077918,-12.222222222222223,,,-3982.000000000001,SCRAPE,FORWARD_AUTO,,-3982.000000000001,-7.935710698141635,-47784.000000000015,-251.21518987341778,0.0,50.0,NEUTRAL,1.0
2026-05-09,한텍,098070,KQ,에너지장비및서비스,43850.0,45300.0,42695.833333333336,38582.5,39953.75,1,47.27272727272727,-209.30370374670179,0.46242411380893056,0,-10.418794688457611,-0.22753128555176305,2766.720677581554,,3043.3927453397096,DART,TRAILING_DART,,2766.720677581554,15.849088184185678,33200.64813097865,-24.28586515170206,0.0,80.0,NEUTRAL,1.0
2026-05-09,한스바이오메드,042520,KQ,건강관리장비와용품,25200.0,31370.0,39551.666666666664,34827.5,26859.55,0,27.594339622641513,-459.7890012578546,1.273349902297386,0,-19.23076923076923,-21.250000000000004,-2249.091855430128,,-2474.001040973141,DART,TRAILING_DART,,-2249.091855430128,-11.204522367175894,-26989.102265161535,-207.0996121633394,0.0,55.0,NEUTRAL,1.0
2026-05-09,하이록코리아,013030,KQ,기계,43500.0,42710.0,38478.333333333336,35416.666666666664,34722.25,1,59.74025974025974,-47.3220695714931,1.2335899376720783,0,-3.0100334448160515,12.840466926070038,50772133463.0,,4745.807563988001,DART|DAILY_DISC,TRAILING_DART,,50772133463.0,8.567691966637656e-07,609265601556.0,1400610478.2896552,100.0,90.0,NEUTRAL,1.0
2026-05-09,펨트론,168360,KQ,전자장비와기기,24150.0,23707.5,22408.833333333332,19806.416666666668,18072.5,1,59.21787709497206,-8.998737890829489,1.2821805448637158,0,-2.4242424242424288,14.184397163120565,-177.9468308953413,,-195.74151398487544,DART,TRAILING_DART,,-177.9468308953413,-135.7146956677398,-2135.3619707440957,-108.84207855380579,0.0,90.0,NEUTRAL,1.0
2026-05-09,인화정공,101930,KQ,조선,14130.0,11058.0,9595.5,9864.916666666666,9583.1,1,70.8498023715415,499.0477492452269,1.362607422669233,0,35.86538461538462,38.25831702544031,2769.102616062893,,3046.0128776691827,DART,TRAILING_DART,,2769.102616062893,5.102736142039409,33229.231392754715,135.16795040873825,100.0,90.0,NEUTRAL,1.0
2026-05-09,에이치엠넥스,036170,KQ,디스플레이장비및부품,8770.0,7039.75,4893.733333333334,2999.3,2158.44,1,73.65269461077844,59.14522594434288,2.200370871757325,1,27.285921625544262,81.01135190918474,177.79225089303253,,195.5714759823358,DART,TRAILING_DART,,177.79225089303253,49.327234207054445,2133.50701071639,-75.67266806480741,0.0,100.0,NEUTRAL,1.0
2026-05-09,한국기업평가,034950,KQ,상업서비스와공급품,111200.0,104680.0,103283.33333333333,100897.5,99894.0,1,88.98305084745763,771.3831876165564,0.8776770463802391,1,5.9047619047619015,10.756972111553775,6470.528156503867,,7117.580972154254,DART,TRAILING_DART,,6470.528156503867,17.185614112230862,77646.3378780464,-30.174156584490653,0.0,95.0,NEUTRAL,1.0
2026-05-09,파트론,091700,KQ,핸드셋,7460.0,8116.0,8069.166666666667,7567.583333333333,7179.55,1,18.30985915492957,-105.4072736421713,1.0696205155709557,0,-10.551558752997604,-7.787391841779979,601.7301556,,661.90317116,DART|DAILY_DISC,TRAILING_DART,,601.7301556,12.397583751742424,7220.7618672,-3.2069454798927644,41.98263630026809,70.0,NEUTRAL,1.0
2026-05-09,비츠로테크,042370,KQ,전기제품,19050.0,16549.0,12778.5,11053.416666666666,10061.75,1,58.96551724137932,139.70442608616645,0.4618114215665054,0,9.67184801381693,66.2303664921466,1629.306278257368,,1792.236906083105,DART,TRAILING_DART,,1629.306278257368,11.692092674174813,19551.675339088415,2.6334663469208097,56.583665867302024,95.0,NEUTRAL,1.0
2026-05-09,메가스터디교육,215200,KQ,교육서비스,47250.0,45435.0,46106.666666666664,44495.416666666664,45328.75,1,58.214285714285715,109.40617932140344,1.5379145093148554,0,-2.777777777777779,3.6184210526315708,92935243694.0,,9862.676095066425,DART|DAILY_DISC,TRAILING_DART,,92935243694.0,5.08418530171138e-07,1115222924328.0,2360260057.3079367,100.0,100.0,NEUTRAL,1.0
2026-05-09,헥토파이낸셜,234340,KQ,IT서비스,34700.0,31582.5,30260.833333333332,23620.166666666668,20992.350009765625,1,53.42960288808665,413.29766008676006,0.8702513512915705,0,8.437500000000009,35.81213307240705,631.6666824378183,,694.8333506816001,DART,TRAILING_DART,,631.6666824378183,54.93403556774722,7580.000189253819,-78.15561905114173,0.0,95.0,NEUTRAL,1.0
2026-05-09,한국정보통신,025770,KQ,IT서비스,11220.0,11162.5,9018.333333333334,8458.583333333334,8575.15,1,50.85354896675652,-177.7407591214669,0.2640225821071088,0,-1.319261213720313,42.74809160305344,976.7076250462987,,1074.378387550929,DART,TRAILING_DART,,976.7076250462987,11.487572854228654,11720.491500555585,4.4607085611014785,61.151771402753695,85.0,NEUTRAL,1.0
2026-05-09,오픈엣지테크놀로지,394280,KQ,반도체와반도체장비,19790.0,18874.0,16753.166666666668,14832.5,13906.15,1,65.14346439957492,69.0755358869933,0.8274406882485374,0,-1.7866004962779125,25.810553083280354,-1146.7476199691323,,-1261.4223819660456,DART,TRAILING_DART,,-1146.7476199691323,-17.257502571082465,-13760.971439629588,-169.53497442965934,0.0,95.0,NEUTRAL,1.0
2026-05-09,셀비온,308430,KQ,제약,29700.0,34240.0,31334.166666666668,27081.25,25135.7,1,32.899022801302934,-896.7983427141592,0.6115981774111143,0,-20.375335120643435,-6.0126582278481,-590.236775095059,,-649.260452604565,DART,TRAILING_DART,,-590.236775095059,-50.31878943025322,-7082.841301140708,-123.84795050889127,0.0,65.0,NEUTRAL,1.0
2026-05-09,엔젤로보틱스,455900,KQ,건강관리장비와용품,29000.0,28880.0,29336.666666666668,30690.833333333332,28348.0,1,51.785714285714285,26.658944784072617,1.5551344023882738,0,-4.448105436573313,6.422018348623859,-637.1730700024812,,-700.8903770027293,DART,TRAILING_DART,,-637.1730700024812,-45.51353684782546,-7646.076840029774,-126.36578220699923,0.0,100.0,NEUTRAL,1.0
2026-05-09,삼양엔씨켐,482630,KQ,반도체와반도체장비,18510.0,19210.0,18511.416666666668,15059.791666666666,12779.25,1,34.12408759124088,-168.0654816865756,0.5885077028544073,0,-5.174180327868849,11.104441776710683,680.7407903224922,,748.8148693547415,DART,TRAILING_DART,,680.7407903224922,27.1909664635068,8168.889483869907,-55.86769592722902,0.0,65.0,NEUTRAL,1.0
2026-05-09,덕양에너젠,0001A0,KQ,석유와가스,20100.0,17967.0,19504.333333333332,,,0,66.71641791044777,490.38700557524595,0.7879077142980887,0,3.076923076923066,19.00532859680284,,,276.1,SCRAPE,FORWARD_AUTO,,276.1,72.79971024990945,3313.2000000000003,-83.51641791044776,0.0,80.0,NEUTRAL,1.0
2026-05-09,나라스페이스테크놀로지,478340,KQ,우주항공과국방,32950.0,35562.5,41569.166666666664,,,0,30.543933054393307,-142.96493752375864,0.5774207747008193,0,-8.217270194986071,-0.15151515151514694,-665.7992930389156,,-732.3792223428072,DART,TRAILING_DART,,-665.7992930389156,-49.489388685899506,-7989.591516466988,-124.24762220475564,0.0,50.0,NEUTRAL,1.0
2026-05-09,지노믹트리,228760,KQ,건강관리장비와용품,15660.0,17326.5,18860.5,22480.666666666668,21069.7,0,31.48479427549195,-147.133949298064,0.9476767465313602,0,-11.525423728813555,-8.953488372093021,-367.0689056712279,,-403.7757962383507,DART,TRAILING_DART,,-367.0689056712279,-42.6622897174139,-4404.826868054735,-128.1278854920481,0.0,50.0,NEUTRAL,1.0
2026-05-09,HEM파마,376270,KQ,건강관리업체및서비스,69500.0,61350.0,70021.66666666667,61140.416666666664,45954.85,1,65.12455516014235,1064.4132825753045,3.7068970831492534,1,12.641815235008114,10.845295055821369,-3301.288154483038,,-3631.416969931342,DART,TRAILING_DART,,-3301.288154483038,-21.05238826414512,-39615.457853796455,-157.00065878244095,0.0,100.0,NEUTRAL,1.0
2026-05-09,티로보틱스,117730,KQ,기계,21300.0,20131.5,20591.666666666668,20217.75,17208.25,1,61.69724770642201,162.68306046588748,1.1886036365414405,0,-2.2935779816513735,15.259740259740262,-1942.163665663327,,-2136.38003222966,DART,TRAILING_DART,,-1942.163665663327,-10.967149873399157,-23305.963987959924,-209.41767130497615,0.0,100.0,NEUTRAL,1.0
2026-05-09,웹젠,069080,KQ,게임엔터테인먼트,11790.0,12292.5,12686.0,13163.416666666666,13409.8,0,16.901408450704224,-44.61895190027616,1.235007644621346,0,-4.534412955465584,-3.9902280130293177,680.1698923067977,,748.1868815374776,DART|DAILY_DISC,TRAILING_DART,,680.1698923067977,17.33390456318816,8162.038707681572,-30.77151223340482,0.0,55.0,NEUTRAL,1.0
2026-05-09,디아이티,110990,KQ,디스플레이장비및부품,24650.0,23566.5,21945.833333333332,19043.916666666668,17021.6,1,59.11602209944751,56.129483933286565,0.6961855303213096,0,-4.826254826254828,22.942643391521187,1607.199672010582,,1767.9196392116403,DART,TRAILING_DART,,1607.199672010582,15.33723558390429,19286.396064126984,-21.759042336198853,0.0,95.0,NEUTRAL,1.0
2026-05-09,아스테라시스,450950,KQ,건강관리장비와용품,11100.0,11443.5,11938.0,12654.416666666666,12382.5,0,34.0,-49.709128361177484,0.5888527035378673,0,-3.2258064516129004,7.246376811594213,244.77274657915925,444.0,444.0,DART,TRAILING_DART,,244.77274657915925,45.34818583820675,2937.272958949911,-73.5380814509017,0.0,50.0,NEUTRAL,1.0
2026-05-09,GRT,900290,KQ,화학,3750.0,4747.0,5165.5,4181.75,3708.575,1,19.292604501607713,-109.13585402368221,0.30681350339857316,0,-11.34751773049646,-30.426716141001855,6.134013271490415,,6.747414598639457,DART,TRAILING_DART,,6.134013271490415,611.3452700582178,73.60815925788498,-98.03711575312308,0.0,65.0,NEUTRAL,1.0
2026-05-09,국일제지,078130,KQ,종이와목재,436.0,404.75,346.53333333333336,350.40833333333336,416.95821166992187,1,57.44680851063829,-0.692690300594883,0.0,0,0.0,40.645161290322584,-1.6469018077341553,,-1.8115919885075709,DART,TRAILING_DART,,-1.6469018077341553,-264.73952360272085,-19.762821692809865,-104.5327572689931,0.0,85.0,NEUTRAL,1.0
2026-05-09,퓨쳐켐,220100,KQ,제약,18460.0,19030.5,20431.0,24485.5,22230.55,0,44.47476125511596,67.19598276695137,1.7082669792915792,0,-2.893214097843244,-3.5023523261892286,-615.9001552563782,,-677.4901707820161,DART,TRAILING_DART,,-615.9001552563782,-29.972390561122253,-7390.801863076538,-140.0368464955392,0.0,70.0,NEUTRAL,1.0
2026-05-09,엑스게이트,356680,KQ,소프트웨어,15840.0,13481.0,9251.5,8529.5,8271.2,1,46.838551258440766,145.96864703861343,0.21711857043072724,0,18.740629685157415,116.98630136986301,135.72801022383666,,149.30081124622035,DART,TRAILING_DART,,135.72801022383666,116.70398743691423,1628.7361226860398,-89.71757498304268,0.0,95.0,NEUTRAL,1.0
2026-05-09,에스비비테크,389500,KQ,기계,71600.0,63215.0,56610.0,50856.25,39667.75,1,61.710037174721194,342.6603591048479,2.301035679491042,1,7.6691729323308255,36.12167300380229,-1420.421876547135,,-1562.4640642018487,DART,TRAILING_DART,,-1420.421876547135,-50.407559318961276,-17045.06251856562,-123.80595323822014,0.0,100.0,NEUTRAL,1.0
2026-05-09,큐리오시스,494120,KQ,생명과학도구및서비스,53300.0,54610.0,63731.666666666664,,,0,46.470588235294116,-152.92276654093712,1.3009195647906815,0,-4.9910873440285215,-3.0909090909090886,-1032.533423830057,,-1135.7867662130627,DART,TRAILING_DART,,-1032.533423830057,-51.62060497982733,-12390.401085960684,-123.24653111812512,0.0,65.0,NEUTRAL,1.0
2026-05-09,유티아이,179900,KQ,핸드셋,20400.0,20446.0,20204.666666666668,22024.833333333332,23012.4,0,49.19614147909968,-9.92893985045066,1.4106861873161387,0,2.306920762286868,10.990206746463539,-1889.2869399586025,,-2078.215633954463,DART,TRAILING_DART,,-1889.2869399586025,-10.797724563981266,-22671.44327950323,-211.13452587991776,0.0,70.0,NEUTRAL,1.0
2026-05-09,위메이드맥스,101730,KQ,게임엔터테인먼트,5210.0,5601.75,5584.0,6055.25,6508.2,0,50.87336244541484,-74.63799368162063,0.39276147199717143,0,-15.284552845528454,5.894308943089421,-427.03465929725,,-469.7381252269751,DART,TRAILING_DART,,-427.03465929725,-12.200414852915783,-5124.415911567,-198.3573111625144,0.0,60.0,NEUTRAL,1.0
2026-05-09,엑시콘,092870,KQ,반도체와반도체장비,37550.0,33782.5,30587.5,23759.0,19265.6,1,68.6084142394822,412.0112645524373,0.6213332964001993,0,0.2670226969292422,37.04379562043796,686.8236622636916,,755.5060284900609,DART,TRAILING_DART,,686.8236622636916,54.67196612918013,8241.8839471643,-78.05090826321091,0.0,95.0,NEUTRAL,1.0
2026-05-09,에이스테크,088800,KQ,통신장비,4790.0,5243.0,3965.0833333333335,3551.9166666666665,3113.675,1,30.825242718446603,-112.71765753660188,0.5466357593746628,0,1.2684989429175397,15.421686746987962,-385.5924464794616,,-424.1516911274078,DART,TRAILING_DART,,-385.5924464794616,-12.422442513419767,-4627.109357753539,-196.59936028713025,0.0,70.0,NEUTRAL,1.0
2026-05-09,LS증권,078020,KQ,증권,8190.0,7772.0,7510.833333333333,6253.541666666667,5862.175,1,60.06825938566553,65.76461074231662,0.8233547440449863,0,1.1111111111111072,12.80991735537189,413.6572371104513,,455.0229608214965,DART,TRAILING_DART,,413.6572371104513,19.799000876208954,4963.886845325416,-39.39088100945768,0.0,95.0,NEUTRAL,1.0
2026-05-09,지씨셀,144510,KQ,건강관리업체및서비스,22350.0,24230.0,24497.5,24758.75,23093.05,0,26.5625,-235.01389111911962,1.9888520572822648,0,-8.401639344262291,-3.2467532467532423,-17311.449380089445,,-19042.594318098392,DART,TRAILING_DART,,-17311.449380089445,-1.291053077606869,-207737.39256107336,-1029.4737922195675,0.0,60.0,NEUTRAL,1.0
2026-05-09,DSC인베스트먼트,241520,KQ,창업투자,15720.0,15607.0,14738.5,11049.0,9421.7,1,51.29958960328317,-34.85334281223436,0.3126713152529462,0,-11.486486486486491,13.748191027496382,668.0718313909774,,734.8790145300752,DART,TRAILING_DART,,668.0718313909774,23.530403859821092,8016.861976691729,-49.002150275497904,0.0,85.0,NEUTRAL,1.0
2026-05-09,한양디지텍,078350,KQ,반도체와반도체장비,32200.0,30142.5,27797.0,25231.666666666668,20601.5,1,66.4406779661017,216.57696146019407,0.7400194083591738,0,1.2578616352201255,10.843373493975905,982.4153838443566,,1080.6569222287924,DART,TRAILING_DART,,982.4153838443566,32.77635970438084,11788.984606132279,-63.38824656480659,0.0,95.0,NEUTRAL,1.0
2026-05-09,에치에프알,230240,KQ,통신장비,38050.0,30655.0,25431.666666666668,19451.916666666668,18205.35,1,68.00947867298578,818.6158727293396,0.6336106462305716,1,30.53173241852487,36.624775583482936,-3.702004057404764,,-4.0722044631452405,DART,TRAILING_DART,,-3.702004057404764,-10278.216719912078,-44.42404868885717,-100.11675177053576,0.0,100.0,NEUTRAL,1.0
2026-05-09,컴투스,078340,KQ,게임엔터테인먼트,31200.0,33310.0,33507.5,32494.583333333332,34643.5,0,33.12101910828025,-207.31280559464852,1.4519142545081936,0,-6.726457399103136,-4.878048780487809,774.4168606006643,2913.0,2913.0,DART,TRAILING_DART,,774.4168606006643,40.28837902082892,9293.002327207972,-70.21473613074367,0.0,55.0,NEUTRAL,1.0
2026-05-09,그래피,318060,KQ,건강관리장비와용품,31200.0,36462.5,44117.5,35508.75,,0,38.29787234042553,-639.7915762057728,1.3324883854834173,0,-12.605042016806722,-18.11023622047244,-1048.7144380229763,,-1153.585881825274,DART,TRAILING_DART,,-1048.7144380229763,-29.750710840615355,-12584.573256275715,-140.3351706931914,0.0,55.0,NEUTRAL,1.0
2026-05-09,대명에너지,389260,KQ,에너지장비및서비스,21800.0,23147.5,21375.333333333332,20134.416666666668,21459.15,1,42.69662921348315,-260.30852099969195,0.2591260752325994,0,-12.8,-3.964757709251099,789.445728965064,,868.3903018615704,DART,TRAILING_DART,,789.445728965064,27.614311155472393,9473.348747580767,-56.54427180008823,0.0,70.0,NEUTRAL,1.0
2026-05-09,쓰리빌리언,394800,KQ,건강관리기술,11620.0,12358.5,13239.666666666666,14089.666666666666,11363.85,1,46.15384615384615,-40.58394224400696,1.1547844560888156,0,-15.613652868554828,-3.0859049207673017,-170.3731293533084,,-187.41044228863925,DART,TRAILING_DART,,-170.3731293533084,-68.20324334069853,-2044.4775522397008,-117.59447118967041,0.0,80.0,NEUTRAL,1.0
2026-05-09,가비아,079940,KQ,IT서비스,32150.0,29925.0,29306.666666666668,30378.75,28609.0,1,48.00000000000001,234.39344012072843,0.4265038484574882,1,6.988352745424287,18.63468634686347,2318.759658449599,,2550.6356242945594,DART,TRAILING_DART,,2318.759658449599,13.865171356955802,27825.11590139519,-13.4522055944162,16.369486013959502,100.0,NEUTRAL,1.0
2026-05-09,네패스아크,330860,KQ,반도체와반도체장비,39900.0,34472.5,26175.5,21781.666666666668,19750.0,1,65.71428571428571,211.6927569619188,0.5400730786497578,0,12.871287128712861,34.11764705882352,280.3844417843171,,308.42288596274886,DART,TRAILING_DART,,280.3844417843171,142.30461485695653,3364.6133014118054,-91.56738520949422,0.0,95.0,NEUTRAL,1.0
2026-05-09,아이티엠반도체,084850,KQ,전자장비와기기,17210.0,17738.5,13015.166666666666,11646.916666666666,12058.7,1,42.76807980049876,-295.75054604935394,0.26817065327640766,0,1.2948793407886905,15.348525469168894,-4124.637957461764,,-4537.10175320794,DART,TRAILING_DART,,-4124.637957461764,-4.172487422530233,-49495.65548954117,-387.5982306190655,0.0,70.0,NEUTRAL,1.0
2026-05-09,강스템바이오텍,217730,KQ,생물공학,3690.0,4027.75,3051.55,2451.725,2030.91,1,21.714285714285708,-109.00170657141024,0.4507552441827966,0,-8.66336633663366,14.241486068111463,-111.2908460316833,,-122.41993063485164,DART,TRAILING_DART,,-111.2908460316833,-33.156365789055975,-1335.4901523801996,-136.1921450509539,0.0,70.0,NEUTRAL,1.0
2026-05-09,슈어소프트테크,298830,KQ,소프트웨어,8170.0,7528.0,7475.0,7326.0,6370.4,1,59.67741935483871,45.928483360576266,7.577369813124658,1,6.657963446475201,13.001383125864452,180.1835350446334,,198.2018885490968,DART,TRAILING_DART,,180.1835350446334,45.34265574252499,2162.202420535601,-73.53485409381149,0.0,100.0,NEUTRAL,1.0
2026-05-09,상아프론테크,089980,KQ,전자장비와기기,26550.0,26355.0,23695.166666666668,20092.333333333332,19115.4,1,58.297872340425535,-133.5634168598085,0.5883619422081124,0,-6.678383128295251,11.32075471698113,422.4861748709444,,464.7347923580389,DART,TRAILING_DART,,422.4861748709444,62.84229302440524,5069.8340984513325,-80.90457966684997,0.0,85.0,NEUTRAL,1.0
2026-05-09,휴메딕스,200670,KQ,제약,34500.0,34830.0,36773.333333333336,39827.916666666664,46882.25,0,46.470588235294116,0.9426523370772912,0.8534931573725951,0,-6.122448979591832,4.863221884498481,4611.392699242115,,5072.531969166326,DART,TRAILING_DART,,4611.392699242115,7.481470837578005,55336.71239090538,60.396267799725734,100.0,70.0,NEUTRAL,1.0
2026-05-09,에스바이오메딕스,304360,KQ,생물공학,33550.0,32867.5,33353.333333333336,32350.833333333332,28242.45,1,53.65853658536585,174.2906521317816,0.6549500664915902,0,-8.955223880597018,26.12781954887218,-469.98942142543865,,-516.9883635679826,DART,TRAILING_DART,,-469.98942142543865,-71.38458541948806,-5639.873057105264,-116.81035188406935,0.0,95.0,NEUTRAL,1.0
2026-05-09,인바디,041830,KQ,건강관리장비와용품,38500.0,30075.0,30560.833333333332,30764.583333333332,29400.75,1,81.18466898954703,606.7030745852686,4.436368451960328,1,27.27272727272727,36.04240282685511,2224.452701611067,,2446.8979717721736,DART,TRAILING_DART,,2224.452701611067,17.307628061552514,26693.432419332803,-30.66640930043428,0.0,100.0,NEUTRAL,1.0
2026-05-09,강원에너지,114190,KQ,전자장비와기기,15150.0,15026.0,14389.833333333334,14837.666666666666,13956.3,1,57.85123966942149,-9.676928106874584,0.43384073573604875,0,-6.25,9.071274298056164,-324.1277985738106,,-356.5405784311917,DART,TRAILING_DART,,-324.1277985738106,-46.74082280711888,-3889.533582885727,-125.67348899594539,0.0,85.0,NEUTRAL,1.0
2026-05-09,메카로,241770,KQ,반도체와반도체장비,37100.0,38732.5,33496.666666666664,28367.5,23757.45,1,42.971887550200805,-642.3634391368591,0.42745075166591334,0,-4.134366925064603,-1.4608233731739695,1237.5476691024112,,1361.3024360126524,DART,TRAILING_DART,,1237.5476691024112,29.978643187868872,14850.572029228933,-59.971503964342496,0.0,70.0,NEUTRAL,1.0
2026-05-09,바이넥스,053030,KQ,제약,10560.0,11305.0,12570.333333333334,13728.583333333334,14819.9,0,15.168539325842701,-37.880584199925465,1.065542077609359,0,-7.530647985989491,-6.133333333333335,-100.63743777266242,,-110.70118154992868,DART,TRAILING_DART,,-100.63743777266242,-104.93112934626564,-1207.649253271949,-111.43607247416618,0.0,55.0,NEUTRAL,1.0
2026-05-09,와이바이오로직스,338840,KQ,생물공학,21200.0,23830.0,26410.0,25487.083333333332,20939.6,1,28.63636363636364,-240.02163340652078,0.6169616359043225,0,-7.423580786026196,-13.995943204868155,-2768.7729762412,,-3045.6502738653203,DART,TRAILING_DART,,-2768.7729762412,-7.65682133635256,-33225.2757148944,-256.72299865516226,0.0,65.0,NEUTRAL,1.0
2026-05-09,진성티이씨,036890,KQ,기계,20000.0,18032.0,16548.166666666668,14973.583333333334,13943.7,1,69.39443535188215,213.60883654215706,1.603661601096574,0,8.932461873638342,11.731843575418988,1481.578137519078,,1629.735951270986,DART,TRAILING_DART,,1481.578137519078,13.499119279318109,17778.937650228934,-11.105311748855328,22.23672062786168,100.0,NEUTRAL,1.0
2026-05-09,메디아나,041920,KQ,건강관리장비와용품,19540.0,20265.5,21038.5,15817.25,11662.3,1,35.96899224806202,-69.52263807908767,0.6193984010793565,0,-9.745958429561197,8.435072142064381,283.60217161607324,,311.9623887776806,DART,TRAILING_DART,,283.60217161607324,68.89933137201889,3403.2260593928786,-82.58328526411015,0.0,65.0,NEUTRAL,1.0
2026-05-09,유니테스트,086390,KQ,반도체와반도체장비,18430.0,18222.5,18490.666666666668,16215.083333333334,16127.1,1,51.12651646447141,14.256806828047388,0.6667963510093294,0,-0.9139784946236573,12.998160637645606,-1061.8720867378192,,-1168.0592954116012,DART,TRAILING_DART,,-1061.8720867378192,-17.356139435418125,-12742.465040853831,-169.13979946203924,0.0,90.0,NEUTRAL,1.0
2026-05-09,셀바스AI,108860,KQ,건강관리장비와용품,13250.0,13566.5,12532.666666666666,12499.75,12930.95,1,21.551724137931032,-157.11405362297148,0.8511312962756429,0,-1.851851851851849,2.7131782945736482,-161.3781731531251,,-177.51599046843762,DART,TRAILING_DART,,-161.3781731531251,-82.10527942603255,-1936.538077837501,-114.6153817195283,0.0,70.0,NEUTRAL,1.0
2026-05-09,이지홀딩스,035810,KQ,식품,5540.0,5651.5,6065.166666666667,5382.916666666667,4761.9,1,35.2,8.458333755339012,0.6385285435788666,0,0.727272727272732,-2.977232924693518,1073.393331022285,,1180.7326641245138,DART,TRAILING_DART,,1073.393331022285,5.161202179935085,12880.719972267421,132.50397061854554,100.0,75.0,NEUTRAL,1.0
2026-05-09,SAMG엔터,419530,KQ,방송과엔터테인먼트,35950.0,38015.0,35884.166666666664,38048.333333333336,47509.0,0,45.497630331753555,-437.6387079816309,0.3197294104319399,0,-22.43797195253506,9.938837920489307,3016.4277619843742,,3318.070538182812,DART,TRAILING_DART,,3016.4277619843742,11.918070922523961,36197.13314381249,0.6874357268775722,51.71858931719393,65.0,NEUTRAL,1.0
2026-05-09,에이스침대,003800,KQ,가구,35000.0,34337.5,34818.333333333336,33063.333333333336,31295.75,1,60.0,91.72707798029255,0.6276258537924608,1,0.8645533141210304,2.489019033674955,5047.208299909828,,5551.929129900812,DART,TRAILING_DART,,5047.208299909828,6.934526558102486,60566.499598917944,73.04714171119413,100.0,100.0,NEUTRAL,1.0
2026-05-09,씨메스,475400,KQ,기계,37550.0,32335.0,33938.333333333336,34342.5,30934.25,1,70.25316455696202,638.5994073295994,3.864486877346645,1,14.133738601823698,23.31691297208538,-1427.0359132165177,,-1569.7395045381695,DART,TRAILING_DART,,-1427.0359132165177,-26.313283115183037,-17124.430958598212,-145.60434343168632,0.0,100.0,NEUTRAL,1.0
2026-05-09,아모텍,052710,KQ,핸드셋,20850.0,23145.5,16262.666666666666,12992.75,12444.4,1,40.04796163069545,-715.8281529380188,0.6243074329597602,0,-12.0253164556962,29.10216718266254,541.9121904598865,,596.1034095058751,DART,TRAILING_DART,,541.9121904598865,38.47486800823936,6502.9462855186375,-68.8108091821648,0.0,70.0,NEUTRAL,1.0
2026-05-09,자람테크놀로지,389020,KQ,통신장비,55500.0,54705.0,51231.666666666664,44290.0,42318.0,1,45.604395604395606,-6.2793617814322715,1.052872431910747,0,7.14285714285714,14.197530864197528,-1030.3971874758656,,-1133.4369062234523,DART,TRAILING_DART,,-1030.3971874758656,-53.862724660532855,-12364.766249710388,-122.2788581075863,0.0,90.0,NEUTRAL,1.0
2026-05-09,칩스앤미디어,094360,KQ,반도체와반도체장비,19050.0,17928.5,17394.0,17245.916666666668,16965.1,1,65.98360655737704,105.14175819904847,1.3709437672279474,1,4.098360655737698,18.02973977695168,277.6083204346229,,305.3691524780852,DART|DAILY_DISC,TRAILING_DART,,277.6083204346229,68.62186252261952,3331.2998452154748,-82.51286170490563,0.0,100.0,NEUTRAL,1.0
2026-05-09,안트로젠,065660,KQ,제약,32750.0,36620.0,40953.333333333336,38456.25,32784.5,0,21.73913043478261,-310.16000165449736,0.5070448887526051,0,-12.898936170212771,-18.329177057356606,-137.3005968359301,,-151.03065651952312,DART,TRAILING_DART,,-137.3005968359301,-238.52773225112213,-1647.6071620311611,-105.03086156345394,0.0,50.0,NEUTRAL,1.0
2026-05-09,헬릭스미스,084990,KQ,생물공학,7920.0,8698.5,7364.666666666667,6768.833333333333,6108.05,1,31.961259079903144,-160.8402055174862,0.8664218766778934,0,-11.409395973154357,-15.923566878980889,-9.982485224318236,,-10.98073374675006,DART,TRAILING_DART,,-9.982485224318236,-793.3896040943957,-119.78982269181883,-101.51249776126035,0.0,70.0,NEUTRAL,1.0
2026-05-09,케이프,064820,KQ,증권,15180.0,13933.0,11904.833333333334,11418.0,11039.15,1,75.73062261753495,32.891218067773934,0.2867796204691157,0,-6.6420664206642055,40.03690036900369,2078.7595188204364,,2286.63547070248,DART,TRAILING_DART,,2078.7595188204364,7.302431985309048,24945.11422584524,64.32881571703055,100.0,85.0,NEUTRAL,1.0
2026-05-09,바이오다인,314930,KQ,건강관리장비와용품,11480.0,12031.0,12550.0,13124.666666666666,13646.7,0,22.39583333333333,-86.70846013565244,0.7329740730357495,0,-3.6104114189756453,-4.412989175686932,28.61143569487043,,31.47257926435748,DART,TRAILING_DART,,28.61143569487043,401.23816652997175,343.33722833844513,-97.0092575928707,0.0,50.0,NEUTRAL,1.0
2026-05-09,메쥬,0088M0,KQ,건강관리장비와용품,32150.0,37905.0,,,,0,42.395693135935396,-856.3782099258788,0.7740258447436171,0,-37.329434697855746,5.930807248764425,,,457.6,SCRAPE,FORWARD_AUTO,,457.6,70.25786713286713,5491.200000000001,-82.92006220839814,0.0,50.0,NEUTRAL,1.0
2026-05-09,씨앤씨인터내셔널,352480,KQ,화장품,27150.0,28087.5,28457.5,30414.166666666668,34873.5,0,49.76958525345622,-170.91805420856366,1.1127452044843031,0,-11.56351791530945,4.42307692307693,1048.186336349765,,1153.0049699847416,DART,TRAILING_DART,,1048.186336349765,25.901883146605364,12578.23603619718,-53.67132215028663,0.0,65.0,NEUTRAL,1.0
2026-05-09,서희건설,035890,KQ,건설,2785.0,1874.15,1706.7166666666667,1664.8583333333333,1673.13,1,73.12898089171975,138.7238496517877,1.2137858158027828,0,71.5958102279729,71.5958102279729,524.790316019571,,577.2693476215281,DART,TRAILING_DART,,524.790316019571,5.306881462912015,6297.483792234852,126.12150061884569,100.0,90.0,NEUTRAL,1.0
2026-05-09,오르비텍,046120,KQ,에너지장비및서비스,11000.0,11420.5,9475.166666666666,6808.916666666667,5596.925,1,45.5958549222798,-131.5462806966949,0.3257671677562595,0,-7.7954735959765316,1.6635859519408491,24.091722690394988,,26.50089495943449,DART,TRAILING_DART,,24.091722690394988,456.58835365831004,289.10067228473986,-97.37181207013873,0.0,80.0,NEUTRAL,1.0
2026-05-09,그린광학,0015G0,KQ,우주항공과국방,30950.0,32757.5,35193.333333333336,,,0,50.0,-78.30581547290757,0.6552633916517296,0,-6.777108433734935,1.8092105263157965,,,228.8,SCRAPE,FORWARD_AUTO,,228.8,135.270979020979,2745.6000000000004,-91.12891760904685,0.0,60.0,NEUTRAL,1.0
2026-05-09,엘티씨,170920,KQ,반도체와반도체장비,44950.0,39650.0,31501.333333333332,25821.666666666668,21575.2,1,67.94326241134752,160.03769014165118,0.462805591320614,0,-5.962343096234313,55.00000000000001,1721.8318352128704,,1894.0150187341576,DART,TRAILING_DART,,1721.8318352128704,26.105917593539456,20661.982022554446,-54.03341040588554,0.0,95.0,NEUTRAL,1.0
2026-05-09,글로벌텍스프리,204620,KQ,기타금융,6000.0,5434.75,5012.75,4997.5,5257.675,1,68.85245901639344,46.7374419780721,0.9190281695666391,1,0.0,20.361083249749257,504.392779098543,,554.8320570083973,DART,TRAILING_DART,,504.392779098543,11.895491467429954,6052.713349182515,0.878555819708593,52.19638954927148,100.0,NEUTRAL,1.0
2026-05-09,LIG아큐버,073490,KQ,통신장비,51200.0,49910.0,42084.166666666664,33203.333333333336,28300.6,1,59.9647266313933,-267.10433127373653,0.45310474732841705,0,0.39215686274509665,20.75471698113207,-157.62488601163147,,-173.38737461279464,DART,TRAILING_DART,,-157.62488601163147,-324.82180508109514,-1891.4986321395777,-103.69433326589761,0.0,85.0,NEUTRAL,1.0
2026-05-09,바이오플러스,099430,KQ,건강관리장비와용품,5700.0,5663.5,5317.916666666667,5370.708333333333,5864.575,0,47.826086956521735,-20.027553869357803,0.9279263840478369,0,-5.629139072847678,8.571428571428562,324.4003735063324,,356.84041085696566,DART,TRAILING_DART,,324.4003735063324,17.57087989261743,3892.8044820759887,-31.705184524982656,0.0,70.0,NEUTRAL,1.0
2026-05-09,네오티스,085910,KQ,자동차부품,29100.0,25617.5,20559.0,14517.541666666666,10149.975,1,63.10679611650485,-51.91586084209348,1.5149901479655894,0,12.355212355212352,35.66433566433567,449.9109430779792,,494.90203738577713,DART,TRAILING_DART,,449.9109430779792,64.67946700944401,5398.93131693575,-81.44697141946477,0.0,95.0,NEUTRAL,1.0
2026-05-09,아이씨티케이,456010,KQ,통신장비,22800.0,21921.5,17559.666666666668,16581.333333333332,15538.65,1,55.05226480836238,-199.5229742153292,0.1836082908816898,0,2.0134228187919545,60.00000000000001,-480.5109405551231,,-528.5620346106355,DART,TRAILING_DART,,-480.5109405551231,-47.4494919380185,-5766.131286661477,-125.29004950290121,0.0,85.0,NEUTRAL,1.0
2026-05-09,링크솔루션,474650,KQ,기계,59800.0,60125.0,65396.666666666664,58702.083333333336,44641.45,1,47.03196347031963,-20.792390260953766,2.014023129194277,0,-4.6251993620414655,-1.6447368421052655,-1216.6586586872531,,-1338.3245245559783,DART,TRAILING_DART,,-1216.6586586872531,-49.15100843857293,-14599.903904247038,-124.41455502382448,0.0,85.0,NEUTRAL,1.0
2026-05-09,엠로,058970,KQ,소프트웨어,26700.0,28332.5,31896.666666666668,34857.916666666664,38575.5,0,27.08333333333333,-98.15383033220189,0.5995933196153886,0,-6.643356643356646,-0.927643784786647,205.0812151764952,,225.58933669414472,DART,TRAILING_DART,,205.0812151764952,130.19232393869757,2460.974582117942,-90.78286673364066,0.0,50.0,NEUTRAL,1.0
2026-05-09,슈프리마,236200,KQ,전자장비와기기,52100.0,51775.0,48924.166666666664,43114.166666666664,39130.5,1,50.331125827814574,-151.8166873557234,0.503101505705942,0,-6.294964028776984,12.770562770562766,4642.320972781397,,5106.553070059537,DART|DAILY_DISC,TRAILING_DART,,4642.320972781397,11.222834505728896,55707.85167337677,6.924859257920857,67.31214814480214,85.0,NEUTRAL,1.0
2026-05-09,인텍플러스,064290,KQ,반도체와반도체장비,30700.0,28540.0,20950.666666666668,17495.5,15764.1,1,61.581920903954796,-114.81810846121607,0.5028662059589895,0,1.655629139072845,33.769063180827885,-258.0008163892275,,-283.8008980281503,DART,TRAILING_DART,,-258.0008163892275,-118.99187153611595,-3096.00979667073,-110.08472246472549,0.0,85.0,NEUTRAL,1.0
2026-05-09,신흥에스이씨,243840,KQ,전기제품,10010.0,9632.5,7504.0,6466.333333333333,5801.0,1,62.28956228956229,-98.54575872783198,0.4159166894423166,0,-8.50091407678245,23.73300370828182,-150.7493897736761,,-165.82432875104374,DART,TRAILING_DART,,-150.7493897736761,-66.40159548923062,-1808.9926772841134,-118.0718549179232,0.0,85.0,NEUTRAL,1.0
2026-05-09,이노스페이스,462350,KQ,우주항공과국방,17130.0,16162.75888671875,17071.086295572917,16225.820922851562,13693.811462402344,1,60.36122437532039,166.69268563622606,1.1963317121124446,1,5.480295566502469,4.133738601823711,-3621.942802697623,,-3984.1370829673856,DART,TRAILING_DART,,-3621.942802697623,-4.729505940083199,-43463.31363237147,-353.72629090701383,0.0,100.0,NEUTRAL,1.0
2026-05-09,하림,136480,KQ,식품,3170.0,3266.75,3206.25,3101.625,3063.5,1,36.36363636363636,-21.301762932351178,0.8360520576626044,0,-3.9393939393939426,0.31645569620253333,364.7331201437699,,401.2064321581469,DART,TRAILING_DART,,364.7331201437699,8.691286381534132,4376.797441725239,38.069319928240986,100.0,65.0,NEUTRAL,1.0
2026-05-09,갤럭시아머니트리,094480,KQ,IT서비스,8150.0,8668.5,9004.5,9385.75,9761.65,0,27.65957446808511,-26.8157904072224,1.1800032308747537,0,-6.857142857142861,-1.45102781136639,208.9705359986447,,229.8675895985092,DART,TRAILING_DART,,208.9705359986447,39.00071347882678,2507.6464319837364,-69.23133212289893,0.0,55.0,NEUTRAL,1.0
2026-05-09,컨텍,451760,KQ,우주항공과국방,22850.0,21635.5,19550.833333333332,15906.333333333334,13047.45,1,54.25531914893617,-34.12135815529564,0.5845041360004654,0,0.0,19.13451511991657,-655.1799222299069,,-720.6979144528976,DART,TRAILING_DART,,-655.1799222299069,-34.87591610290797,-7862.159066758883,-134.40769832279597,0.0,85.0,NEUTRAL,1.0
2026-05-09,큐라클,365270,KQ,제약,14590.0,15753.5,15792.833333333334,11573.166666666666,9051.2,1,39.218158890290034,-233.9556998763101,0.7276898677455682,0,-20.18599562363238,4.438081603435928,-826.1434075365505,,-908.7577482902057,DART,TRAILING_DART,,-826.1434075365505,-17.660372118087142,-9913.720890438606,-167.94873811129958,0.0,65.0,NEUTRAL,1.0
2026-05-09,바텍,043150,KQ,건강관리장비와용품,23050.0,23092.5,22606.666666666668,21230.0,21730.75,1,43.82022471910112,-83.60666162096223,1.9337474057854926,0,-1.4957264957264904,3.828828828828823,2631.159925478597,3575.0,3575.0,DART,TRAILING_DART,,2631.159925478597,8.760394902946578,31573.919105743164,36.980126272204615,100.0,80.0,NEUTRAL,1.0
2026-05-09,콜마비앤에이치,200130,KQ,건강관리업체및서비스,11450.0,11585.0,12200.166666666666,12659.333333333334,13574.8,0,46.79245283018868,-24.73427718700566,1.0618824144401402,0,-3.2939189189189144,2.2321428571428603,-769.6272657822775,,-846.5899923605053,DART|DAILY_DISC,TRAILING_DART,,-769.6272657822775,-14.877331546150199,-9235.52718938733,-180.6596261081863,0.0,65.0,NEUTRAL,1.0
2026-05-09,PS일렉트로닉스,332570,KQ,핸드셋,11050.0,8097.5,6290.75,6175.958333333333,5609.65,1,76.625,237.86935198666288,1.9317784524760544,1,37.780548628428924,108.49056603773586,346.8059110398712,,381.48650214385833,DART,TRAILING_DART,,346.8059110398712,31.86220202206881,4161.670932478454,-62.337819615579605,0.0,100.0,NEUTRAL,1.0
2026-05-09,유니셈,036200,KQ,반도체와반도체장비,12670.0,11381.5,10415.666666666666,10145.75,9567.2,1,68.97435897435898,136.9141210630653,0.7164059995225791,0,6.739679865206405,33.79091869060189,292.3517659977884,,321.58694259756726,DART,TRAILING_DART,,292.3517659977884,43.33820237670754,3508.221191973461,-72.31080353612107,0.0,95.0,NEUTRAL,1.0
2026-05-09,필에너지,378340,KQ,전기제품,19950.0,18595.0,16117.5,14913.75,14297.75,1,66.64068589243959,11.001500307370634,0.3127522075595796,0,-0.7462686567164201,27.72087067861715,-732.874184742725,,-806.1616032169976,DART,TRAILING_DART,,-732.874184742725,-27.221589210436488,-8794.4902169127,-144.08265772888572,0.0,95.0,NEUTRAL,1.0
2026-05-09,CJ프레시웨이,051500,KQ,식품과기본식료품소매,27450.0,27890.0,30465.0,28648.75,28465.0,0,37.5,21.006231182407532,1.6059944155798254,0,-5.344827586206902,2.8089887640449396,50106428488.0,5369.0,5369.0,DART|DAILY_DISC,TRAILING_DART,,50106428488.0,5.478338973326348e-07,601277141856.0,2190444861.224044,100.0,70.0,NEUTRAL,1.0
2026-05-09,재영솔루텍,049630,KQ,핸드셋,13090.0,14337.5,19530.833333333332,16234.916666666666,11400.25,1,44.959999999999994,95.22240206993888,1.2387914852156938,0,-10.648464163822524,-15.819935691318332,72.31973677637069,,79.55171045400776,DART,TRAILING_DART,,72.31973677637069,181.00176498812903,867.8368413164483,-93.37023039483233,0.0,80.0,NEUTRAL,1.0
2026-05-09,매커스,093520,KQ,반도체와반도체장비,26000.0,25187.5,25219.166666666668,23673.75,23691.5,1,57.48792270531401,161.64242507057907,0.48562928195852567,0,-3.703703703703709,13.289760348583869,1632.098264065502,,1795.3080904720523,DART,TRAILING_DART,,1632.098264065502,15.930413365697033,19585.179168786024,-24.67238781236144,0.0,95.0,NEUTRAL,1.0
2026-05-09,그린리소스,402490,KQ,반도체와반도체장비,22650.0,20834.5,15106.666666666666,11611.416666666666,10416.15,1,56.33802816901409,-210.57900172171549,0.5257098593962733,0,1.342281879194629,45.28543938422065,635.3949078432242,,698.9343986275467,DART,TRAILING_DART,,635.3949078432242,35.64712231780838,7624.738894118691,-66.33669362420004,0.0,85.0,NEUTRAL,1.0
2026-05-09,KH바텍,060720,KQ,핸드셋,14030.0,14028.5,14780.333333333334,13764.083333333334,13283.3,1,42.92237442922374,15.933192885638135,1.7038615251248754,0,-1.4747191011236005,2.48356464572681,861.2391389661096,987.0,987.0,DART,TRAILING_DART,,861.2391389661096,16.29048119764108,10334.869667593315,-26.33735090810182,0.0,90.0,NEUTRAL,1.0
2026-05-09,AP시스템,265520,KQ,디스플레이장비및부품,30200.0,23968.0,22496.666666666668,21064.75,20138.6,1,84.88888888888889,495.3218724513981,5.081586947422486,1,15.267175572519086,49.135802469135804,23784739380.0,,1738.324661359005,DART|DAILY_DISC,TRAILING_DART,,23784739380.0,1.2697217117877874e-06,285416872560.0,945088881.9867549,100.0,100.0,NEUTRAL,1.0
2026-05-09,아스트,067390,KQ,우주항공과국방,749.0,788.5,774.1666666666666,683.3416666666667,635.705,1,30.909090909090907,-7.608922050861312,0.5932316744026317,0,-5.6675062972292185,-1.4473684210526305,-21.596888515659145,,-23.756577367225063,DART,TRAILING_DART,,-21.596888515659145,-34.680921719669314,-259.16266218790975,-134.6011565003885,0.0,65.0,NEUTRAL,1.0
2026-05-09,에코앤드림,101360,KQ,화학,18560.0,19218.5,18846.666666666668,19557.166666666668,20427.7,0,50.39872408293461,-136.28008283871657,0.8612700054264032,0,-7.661691542288562,1.978021978021971,-483.3500891200855,,-531.6850980320941,DART,TRAILING_DART,,-483.3500891200855,-38.398668827779765,-5800.2010694410255,-131.25108334828138,0.0,60.0,NEUTRAL,1.0
2026-05-09,대아티아이,045390,KQ,IT서비스,4780.0,4607.5,4450.0,4256.583333333333,4456.1,1,53.125,25.50757442059529,0.8424201506150376,0,1.0570824524312794,9.007981755986316,289.4915858367338,,318.4407444204072,DART,TRAILING_DART,,289.4915858367338,16.511706156101557,3473.899030040806,-27.324288074460124,0.0,95.0,NEUTRAL,1.0
2026-05-09,HLB테라퓨틱스,115450,KQ,제약,3330.0,3547.75,3098.2738118489583,3052.8273783365885,3122.077375488281,1,24.48979591836735,-39.13298177392508,0.6668935840859244,0,-4.44763271162123,8.116883116883123,-109.14284849209206,,-120.05713334130128,DART,TRAILING_DART,,-109.14284849209206,-30.5104736224772,-1309.7141819051046,-139.3307562133665,0.0,70.0,NEUTRAL,1.0
2026-05-09,오로스테크놀로지,322310,KQ,반도체와반도체장비,35450.0,35682.5,31246.666666666668,27821.25,26107.55,1,51.0948905109489,242.76629260283607,1.520959791773362,0,-1.9363762102351356,5.663189269746649,-685.5361083097689,,-754.0897191407458,DART,TRAILING_DART,,-685.5361083097689,-51.71135345066526,-8226.433299717228,-123.20573568326441,0.0,100.0,NEUTRAL,1.0
2026-05-09,한선엔지니어링,452280,KQ,기계,20150.0,17872.0,14127.5,11796.166666666666,10693.15,1,67.37044145873321,118.60289796137931,0.6344764248049557,0,-5.39906103286385,55.478395061728406,464.2653236809755,,510.69185604907307,DART,TRAILING_DART,,464.2653236809755,43.40190613470472,5571.183884171705,-72.35144474356474,0.0,95.0,NEUTRAL,1.0
2026-05-09,오리엔탈정공,014940,KQ,조선,7520.0,7676.5,7391.333333333333,7851.833333333333,8121.85,0,60.6060606060606,-50.92373688721142,0.47723666392708536,0,-7.616707616707618,10.751104565537561,420.0342580553272,,462.03768386086,DART,TRAILING_DART,,420.0342580553272,17.90330158977047,5040.411096663926,-32.97325669329885,0.0,65.0,NEUTRAL,1.0
2026-05-09,켄코아에어로스페이스,274090,KQ,우주항공과국방,21850.0,22458.0,22251.0,19328.916666666668,16058.0,1,43.38235294117648,-211.26873071432792,0.5887407253386453,0,-3.532008830022071,7.107843137254899,-1127.618654114495,,-1240.3805195259447,DART,TRAILING_DART,,-1127.618654114495,-19.37711824850799,-13531.42384937394,-161.92871326944592,0.0,65.0,NEUTRAL,1.0
2026-05-09,KG에코솔루션,151860,KQ,자동차,6830.0,6890.0,6537.833333333333,6162.666666666667,6104.5,1,51.94805194805195,-17.502476145312983,1.0775573280647102,0,-6.948228882833785,7.389937106918243,3859.0686867815607,,4244.975555459717,DART,TRAILING_DART,,3859.0686867815607,1.7698570702809069,46308.82424137873,578.0208527288248,100.0,85.0,NEUTRAL,1.0
2026-05-09,에코아이,448280,KQ,상업서비스와공급품,11720.0,11579.5,11391.5,11230.166666666666,12104.15,0,58.47107438016529,69.60147659431968,0.8943466727716853,0,-4.17007358953393,5.112107623318396,60.23443203935969,,66.25787524329566,DART,TRAILING_DART,,60.23443203935969,194.57309720031333,722.8131844723163,-93.83265200962188,0.0,80.0,NEUTRAL,1.0
2026-05-09,신성에스티,416180,KQ,전기제품,37150.0,37257.5,36145.833333333336,35992.083333333336,37806.0,0,54.72440944881889,-116.10291164636226,0.5890710708650196,0,-4.987212276214836,7.2150072150072075,61.24965093169323,,67.37461602486256,DART,TRAILING_DART,,61.24965093169323,606.5340689276807,734.9958111803188,-98.02154559574612,0.0,65.0,NEUTRAL,1.0
2026-05-09,휴온스,243070,KQ,제약,30250.0,26912.5,26805.833333333332,27232.083333333332,28236.75,1,75.65217391304348,323.6340101529546,3.3539232461186623,1,13.295880149812733,19.8019801980198,3526.296070883451,,3878.9256779717966,DART|DAILY_DISC,TRAILING_DART,,3526.296070883451,8.57840617802163,42315.552850601416,39.88612512595508,100.0,100.0,NEUTRAL,1.0
2026-05-09,미래나노텍,095500,KQ,디스플레이장비및부품,10670.0,10436.5,10179.666666666666,10910.416666666666,10792.3,0,57.61421319796954,26.075551223777097,0.48697716389600254,0,-0.9285051067780881,10.5699481865285,438.54349850188646,,482.39784835207513,DART,TRAILING_DART,,438.54349850188646,24.33053969891222,5262.5219820226375,-50.67926914692935,0.0,80.0,NEUTRAL,1.0
2026-05-09,싸이맥스,160980,KQ,반도체와반도체장비,37050.0,32317.5,25735.666666666668,20723.416666666668,18333.4,1,74.6875,422.90870591364956,0.6357037100446422,0,-6.083650190114065,31.850533807829184,1367.544243843715,,1504.2986682280866,DART,TRAILING_DART,,1367.544243843715,27.092359290595738,16410.530926124582,-55.707069025304776,0.0,85.0,NEUTRAL,1.0
2026-05-09,골프존,215000,KQ,"호텔,레스토랑,레저",49900.0,50735.0,51766.666666666664,55130.833333333336,58373.5,0,39.42307692307692,-100.55308049604892,0.6278701709778689,0,-2.729044834307992,1.6293279022403295,2049.586797367186,,2254.545477103905,DART|DAILY_DISC,TRAILING_DART,,2049.586797367186,24.34637072413789,24595.04156840623,-50.711339542272086,0.0,50.0,NEUTRAL,1.0
2026-05-09,아크릴,0007C0,KQ,IT서비스,35900.0,38020.0,38545.833333333336,,,0,39.944134078212294,-134.3873211069366,0.3695800377444904,0,-6.5104166666666625,-4.01069518716578,,,-525.8000000000001,SCRAPE,FORWARD_AUTO,,-525.8000000000001,-68.27691137314568,-6309.6,-117.57548746518106,0.0,50.0,NEUTRAL,1.0
2026-05-09,제넥신,095700,KQ,생물공학,5300.0,5635.75,4987.666666666667,4899.541666666667,5062.85,1,30.792682926829258,-114.71340956094039,0.3260399933734574,0,-5.35714285714286,14.842903575297939,-597.602050737526,,-657.3622558112787,DART,TRAILING_DART,,-597.602050737526,-8.868778133306344,-7171.2246088503125,-235.3061246952889,0.0,70.0,NEUTRAL,1.0
2026-05-09,케이엔제이,272110,KQ,반도체와반도체장비,38250.0,39510.0,35917.5,30006.25,26603.3,1,39.40886699507389,-231.82248136351473,1.2972899159663867,0,-7.384987893462469,10.869565217391308,3184.8465623187394,,3503.331218550614,DART,TRAILING_DART,,3184.8465623187394,12.00999773507203,38218.15874782487,-0.08324510372582639,49.79188724068543,75.0,NEUTRAL,1.0
2026-05-09,에이직랜드,445090,KQ,반도체와반도체장비,31000.0,29787.5,29177.5,29004.583333333332,29711.5,1,56.8421052631579,133.12523458151895,0.5267606813385648,0,3.678929765886285,9.154929577464799,-2430.5919125420182,,-2673.6511037962205,DART,TRAILING_DART,,-2430.5919125420182,-12.754094934669167,-29167.102950504217,-194.08742887259424,0.0,95.0,NEUTRAL,1.0
2026-05-09,에스엔시스,0008Z0,KQ,조선,40400.0,38582.5,33366.666666666664,32689.166666666668,,0,62.218890554722634,-96.92189112750475,0.45718498844121735,0,-10.022271714922049,23.926380368098155,,,2385.9,SCRAPE,FORWARD_AUTO,,2385.9,16.932813613311538,28630.800000000003,-29.131683168316826,0.0,70.0,NEUTRAL,1.0
2026-05-09,유니슨,018000,KQ,에너지장비및서비스,1203.0,1339.1,1308.1333333333334,1231.75,1213.04,0,37.62626262626263,-21.369618126172256,1.1104281924654835,0,-11.803519061583579,-20.855263157894733,-84.44266485730596,,-92.88693134303657,DART,TRAILING_DART,,-84.44266485730596,-14.246352860048528,-1013.3119782876715,-184.23208464569174,0.0,55.0,NEUTRAL,1.0
2026-05-09,삼미금속,012210,KQ,기계,14870.0,14314.5,14939.0,12899.583333333334,9926.125,1,51.94346289752651,83.45563884468054,0.5961581033671223,0,7.3646209386281525,5.836298932384332,76.16069683091375,,83.77676651400513,DART,TRAILING_DART,,76.16069683091375,195.24506233199594,913.9283619709649,-93.85387786166129,0.0,90.0,NEUTRAL,1.0
2026-05-09,유진기업,023410,KQ,건축자재,3850.0,4077.25,4252.5,3935.9583333333335,3741.875,1,20.930232558139537,-26.014953132858246,1.042646048498246,0,-7.117008443908324,-7.563025210084029,-316.7263316281956,,-348.3989647910152,DART,TRAILING_DART,,-316.7263316281956,-12.155604430513554,-3800.7159795383477,-198.71989557242463,0.0,70.0,NEUTRAL,1.0
2026-05-09,KG이니시스,035600,KQ,IT서비스,11120.0,11251.5,10922.333333333334,10746.0,10677.4,1,28.94736842105263,-37.93843525546387,1.0554517549713065,0,-2.882096069869,5.803996194100858,2097.0631387674302,,2306.7694526441733,DART,TRAILING_DART,,2097.0631387674302,5.302653885059413,25164.757665209163,126.30177756483062,100.0,75.0,NEUTRAL,1.0
2026-05-09,바이오니아,064550,KQ,생물공학,9940.0,10727.5,11571.333333333334,12402.5,13203.05,0,36.08247422680412,-79.30935582159717,0.7116490987566477,0,-8.890925756186984,-3.213242453748788,66.13643147223718,,72.7500746194609,DART|DAILY_DISC,TRAILING_DART,,66.13643147223718,150.29537848852073,793.6371776668461,-92.01572255868365,0.0,50.0,NEUTRAL,1.0
2026-05-09,폰드그룹,472850,KQ,"섬유,의류,신발,호화품",5400.0,5530.5,5601.166666666667,5376.307381184896,5434.5279541015625,0,43.70370370370371,-24.72655173799056,0.7331199041987276,0,-8.006814310051102,2.07939508506616,768.401487402168,,845.2416361423848,DART,TRAILING_DART,,768.401487402168,7.027576193607411,9220.817848826016,70.75588608937066,100.0,50.0,NEUTRAL,1.0
2026-05-09,인탑스,049070,KQ,핸드셋,19100.0,18259.0,18258.666666666668,17918.833333333332,17113.9,1,64.97326203208556,105.53333768657848,2.351827105552415,1,1.3800424628450214,12.352941176470589,474.48715441860463,,521.9358698604651,DART,TRAILING_DART,,474.48715441860463,40.253987536087216,5693.845853023256,-70.18928872762693,0.0,100.0,NEUTRAL,1.0
2026-05-09,나이벡,138610,KQ,건강관리장비와용품,23950.0,26287.5,28515.0,33562.916666666664,31911.5,0,20.83333333333333,-230.0450581636727,1.044563907884949,0,-11.131725417439709,-8.23754789272031,408.3453493567309,,449.179884292404,DART,TRAILING_DART,,408.3453493567309,58.65133529187633,4900.144192280771,-79.54010775665648,0.0,55.0,NEUTRAL,1.0
2026-05-09,한국캐피탈,023760,KQ,기타금융,944.0,968.65,987.15,895.525,854.755,1,29.670329670329664,-2.149722593305207,1.6635318891078956,0,-3.8696537678207688,1.0706638115631772,318.5000031811456,,350.3500034992602,DART,TRAILING_DART,,318.5000031811456,2.9638932200044716,3822.0000381737473,304.87288539976134,100.0,75.0,NEUTRAL,1.0
2026-05-09,유비쿼스홀딩스,078070,KQ,통신장비,15460.0,16658.5,14509.833333333334,12597.916666666666,11710.25,1,38.449367088607595,-241.93233262455823,0.3504182057020447,0,-1.9657577679137561,-10.635838150289011,1911.1518220173484,,2102.2670042190834,DART,TRAILING_DART,,1911.1518220173484,8.089362562353072,22933.82186420818,48.3429616054863,100.0,70.0,NEUTRAL,1.0
2026-05-09,인터플렉스,051370,KQ,전자장비와기기,13340.0,13147.5,12816.833333333334,11766.0,10688.8,1,54.13333333333333,-43.53045530447193,0.5104505563209873,0,-4.304160688665714,9.8846787479407,1407.3379180564443,,1548.071709862089,DART,TRAILING_DART,,1407.3379180564443,9.478889063418933,16888.055016677332,26.59711406804597,100.0,85.0,NEUTRAL,1.0
2026-05-09,에프앤가이드,064850,KQ,IT서비스,30750.0,28040.0,21566.5,15368.75,12575.15,1,54.49438202247191,52.52970382770627,0.4468568856823092,0,12.226277372262784,37.89237668161436,880.3930903149882,,968.432399346487,DART,TRAILING_DART,,880.3930903149882,34.927579893883795,10564.717083779859,-65.64319647551265,0.0,95.0,NEUTRAL,1.0
2026-05-09,스맥,099440,KQ,기계,4095.0,4401.25,5140.083333333333,5579.875,4931.225,0,36.10108303249098,-9.679238626863395,0.7717509975496348,0,-11.171366594360087,-12.872340425531913,-314.9671561323577,,-346.46387174559345,DART,TRAILING_DART,,-314.9671561323577,-13.001355602547877,-3779.605873588292,-192.29806773109382,0.0,50.0,NEUTRAL,1.0
2026-05-09,솔트룩스,304100,KQ,IT서비스,22100.0,23375.0,23681.333333333332,26173.166666666668,29199.9,0,25.899280575539578,-209.4103147193212,0.8927860268082474,0,-8.677685950413228,3.0303030303030276,-952.7149054836664,,-1047.986396032033,DART,TRAILING_DART,,-952.7149054836664,-23.196866001356888,-11432.578865803996,-151.73112608961085,0.0,50.0,NEUTRAL,1.0
2026-05-09,와이엠티,251370,KQ,화학,19780.0,17966.0,15185.333333333334,13366.5,12761.3,1,63.52422907488987,291.17217334364864,1.2293046930232343,0,15.200931857891664,10.998877665544327,83.17366070314051,,91.49102677345458,DART,TRAILING_DART,,83.17366070314051,237.81567184589647,998.0839284376862,-94.95407518484487,0.0,100.0,NEUTRAL,1.0
2026-05-09,바이오솔루션,086820,KQ,생물공학,10700.0,11388.0,10939.166666666666,9506.166666666666,9104.95,1,35.85746102449889,-114.21801682455698,0.6936031632768028,0,-3.6036036036036,-8.154506437768239,10.544672878522038,,11.599140166374244,DART,TRAILING_DART,,10.544672878522038,1014.7303878714285,126.53607454226446,-98.81741986409098,0.0,65.0,NEUTRAL,1.0
2026-05-09,제이브이엠,054950,KQ,건강관리장비와용품,24500.0,24885.0,25144.166666666668,25460.833333333332,27032.75,0,39.39393939393939,-58.58919501054424,1.1735223445688368,0,-3.3530571992110403,0.4098360655737654,2345.0006449189123,2852.0,2852.0,DART|DAILY_DISC,TRAILING_DART,,2345.0006449189123,10.447758320700668,28140.007739026947,14.857174445007937,87.14293611251983,55.0,NEUTRAL,1.0
2026-05-09,네오팜,092730,KQ,화장품,20150.0,19341.5,18592.0,18704.916666666668,18430.3,1,62.24018475750577,23.506514706536564,0.77460385493727,0,-9.029345372460496,16.6087962962963,27822878316.0,,1909.4826024400195,DART|DAILY_DISC,TRAILING_DART,,27822878316.0,7.242241356607743e-07,333874539792.0,1656945506.9081886,100.0,95.0,NEUTRAL,1.0
2026-05-09,에이팩트,200470,KQ,반도체와반도체장비,9980.0,8117.0,7888.833333333333,7174.75,5758.95,1,77.67354596622889,212.8184656169152,1.0100532345389168,1,15.509259259259256,44.21965317919074,123.3683012546146,,135.70513138007607,DART,TRAILING_DART,,123.3683012546146,80.89598299163333,1480.419615055375,-85.16613612168963,0.0,100.0,NEUTRAL,1.0
2026-05-09,엠디바이스,226590,KQ,반도체와반도체장비,25800.0,27637.5,26787.5,20579.583333333332,18130.45,1,39.655172413793096,-272.2900526110881,1.1377450628329668,0,-4.972375690607733,-5.667276051188297,1004.425075610604,,1104.8675831716646,DART,TRAILING_DART,,1004.425075610604,25.686336020947923,12053.100907327249,-53.2825546227626,0.0,70.0,NEUTRAL,1.0
2026-05-09,제노코,361390,KQ,우주항공과국방,28850.0,30017.5,29047.5,24206.916666666668,21220.35,1,41.0,-237.0896630992317,0.6668748510131108,0,-5.098684210526317,3.220035778175312,-218.4523487613743,,-240.29758363751176,DART,TRAILING_DART,,-218.4523487613743,-132.06541455644498,-2621.4281851364917,-109.08640618764815,0.0,65.0,NEUTRAL,1.0
2026-05-09,상신이디피,091580,KQ,전기제품,26500.0,25480.0,20050.5,16801.416666666668,14270.35,1,59.66850828729281,-246.05634457644783,0.3326501386055425,0,-6.028368794326244,18.8340807174888,150.92915865202994,,166.02207451723294,DART,TRAILING_DART,,150.92915865202994,175.57906130714116,1811.1499038243592,-93.16547206104016,0.0,85.0,NEUTRAL,1.0
2026-05-09,SG,255220,KQ,건축자재,2505.0,2657.5,2783.4166666666665,2642.4583333333335,2478.35,1,29.599999999999994,-11.57761780399882,0.8483496994376882,0,-3.0947775628626717,-12.565445026178013,-22.471962206935725,,-24.7191584276293,DART,TRAILING_DART,,-22.471962206935725,-111.47224158408646,-269.6635464832287,-110.76501183565783,0.0,65.0,NEUTRAL,1.0
2026-05-09,쿠콘,294570,KQ,IT서비스,28750.0,29607.5,30261.666666666668,30455.416666666668,33327.75,0,36.0655737704918,-113.10888978171405,0.7452602904239193,0,-5.427631578947367,5.118829981718465,2128.992216796879,,2341.891438476567,DART,TRAILING_DART,,2128.992216796879,13.504041852842036,25547.906601562547,-11.137716168478097,22.15570957880476,50.0,NEUTRAL,1.0
2026-05-09,마이크로컨텍솔,098120,KQ,반도체와반도체장비,37200.0,34660.0,29900.0,24338.0,23349.4,1,61.68582375478927,1.6889983210671744,0.9941193475747063,1,4.201680672268915,28.719723183391,2041.358993624986,,2245.4948929874845,DART,TRAILING_DART,,2041.358993624986,18.2231543379547,24496.30792349983,-34.14970988306497,0.0,100.0,NEUTRAL,1.0
2026-05-09,제이오,418550,KQ,건설,11680.0,11075.5,9150.833333333334,8388.166666666666,8451.8,1,64.04494382022472,-104.16841446543708,0.292235835535994,0,-2.6666666666666616,37.08920187793427,-232.49689245061623,,-255.74658169567783,DART,TRAILING_DART,,-232.49689245061623,-50.23723060075267,-2789.962709407395,-123.88666703259756,0.0,85.0,NEUTRAL,1.0
2026-05-09,나우로보틱스,459510,KQ,기계,31500.0,24315.0,23995.5,24311.833333333332,22594.55,1,77.61194029850746,1008.2792140996607,4.948771642796162,1,34.04255319148937,52.17391304347827,-641.3466303426729,,-705.4812933769402,DART,TRAILING_DART,,-641.3466303426729,-49.115405787927,-7696.159564112075,-124.43225258448278,0.0,100.0,NEUTRAL,1.0
2026-05-09,우주일렉트로,065680,KQ,핸드셋,41000.0,34927.5,31375.0,33157.916666666664,35950.5,1,80.27681660899654,362.0437279451289,1.6822549916594742,1,2.499999999999991,56.48854961832062,2328.345465182457,,2561.180011700703,DART,TRAILING_DART,,2328.345465182457,17.609070738472695,27940.14558218948,-31.853303458074432,0.0,100.0,NEUTRAL,1.0
2026-05-09,석경에이티,357550,KQ,화학,58500.0,56210.0,55081.666666666664,57334.583333333336,55156.75,1,66.03773584905662,253.94462795839945,0.5770482377509014,0,-0.34071550255536653,13.813229571984431,696.2832445462878,,765.9115690009166,DART,TRAILING_DART,,696.2832445462878,84.01753231634889,8355.398934555455,-85.71726677853768,0.0,95.0,NEUTRAL,1.0
2026-05-09,LB세미콘,061970,KQ,반도체와반도체장비,5490.0,5221.0,4787.583333333333,4536.166666666667,4504.05,1,56.670602125147575,-15.321932276949724,0.6895202382369992,0,-4.188481675392675,31.026252983293556,-2597.5847121789807,,-2857.343183396879,DART,TRAILING_DART,,-2597.5847121789807,-2.1135018135345893,-31171.016546147766,-667.7780791648045,0.0,85.0,NEUTRAL,1.0
2026-05-09,한라IMS,092460,KQ,조선,18800.0,18218.5,16339.666666666666,16481.166666666668,15492.65,1,62.86379511059371,-33.48545770391797,0.44831031116915127,0,-8.515815085158152,21.604139715394567,25489380431.0,,1638.740085968879,DART|DAILY_DISC,TRAILING_DART,,25489380431.0,7.375620624005272e-07,305872565172.0,1626981629.6382978,100.0,85.0,NEUTRAL,1.0
2026-05-09,에스오에스랩,464080,KQ,전자장비와기기,17270.0,16145.0,16528.0,15830.5,13775.35,1,57.102672292545705,72.73139693283726,7.088570012233101,1,4.857316332726169,11.779935275080899,-986.348088445758,,-1084.9828972903338,DART,TRAILING_DART,,-986.348088445758,-17.50903175289088,-11836.177061349095,-168.53605710103702,0.0,100.0,NEUTRAL,1.0
2026-05-09,모베이스전자,012860,KQ,자동차부품,4365.0,3833.5,3863.25,3039.425,2382.1,1,60.42296072507553,41.298007532326636,7.054125843666205,1,10.50632911392404,14.267015706806285,283.9373374795075,,312.33107122745827,DART,TRAILING_DART,,283.9373374795075,15.373110274075996,3407.24804975409,-21.94162543518694,0.0,100.0,NEUTRAL,1.0
