trade_date,ticker,open,high,low,close,adj_close,volume,value_traded,data_source,market,stale_flag
20250428,005930,55800.0,55900.0,55500.0,55800.0,54946.37890625,9341518,521256704400.0,yfinance,KS,1
20250429,005930,55700.0,56500.0,55600.0,55800.0,54946.37890625,10295518,574489904400.0,yfinance,KS,1
20250430,005930,55900.0,56000.0,55300.0,55500.0,54650.96875,13014189,722287489500.0,yfinance,KS,1
20250502,005930,55000.0,55500.0,54200.0,54300.0,53469.328125,22454204,1219263277200.0,yfinance,KS,1
20250507,005930,54500.0,55000.0,54300.0,54600.0,53764.73828125,17136991,935679708600.0,yfinance,KS,1
20250508,005930,55100.0,55500.0,54500.0,54600.0,53764.73828125,16320532,891101047200.0,yfinance,KS,1
20250509,005930,54700.0,55000.0,54400.0,54800.0,53961.67578125,7814322,428224845600.0,yfinance,KS,1
20250512,005930,55200.0,57600.0,55000.0,57600.0,56718.83984375,15414702,887886835200.0,yfinance,KS,1
20250513,005930,57700.0,58200.0,56800.0,56900.0,56029.5546875,16842801,958355376900.0,yfinance,KS,1
20250514,005930,57500.0,57900.0,57000.0,57400.0,56521.90234375,12468089,715668308600.0,yfinance,KS,1
20250515,005930,57400.0,58600.0,57100.0,57300.0,56423.43359375,13139736,752906872800.0,yfinance,KS,1
20250516,005930,57400.0,57500.0,56700.0,56800.0,55931.08203125,10385352,589887993600.0,yfinance,KS,1
20250519,005930,56400.0,56400.0,55500.0,55800.0,54946.37890625,9802105,546957459000.0,yfinance,KS,1
20250520,005930,56200.0,56700.0,55700.0,55900.0,55044.8515625,9080577,507604254300.0,yfinance,KS,1
20250521,005930,56200.0,56600.0,55700.0,55700.0,54847.90625,7794181,434135881700.0,yfinance,KS,1
20250522,005930,55300.0,55500.0,54500.0,54700.0,53863.20703125,15254278,834409006600.0,yfinance,KS,1
20250523,005930,55000.0,55200.0,54100.0,54200.0,53370.85546875,11247115,609593633000.0,yfinance,KS,1
20250526,005930,53900.0,55000.0,53700.0,54700.0,53863.20703125,10901337,596303133900.0,yfinance,KS,1
20250527,005930,54200.0,54500.0,53800.0,53900.0,53075.4453125,13439520,724390128000.0,yfinance,KS,1
20250528,005930,54300.0,56100.0,54200.0,55900.0,55044.8515625,17516283,979160219700.0,yfinance,KS,1
20250529,005930,56200.0,56400.0,55600.0,56100.0,55241.7890625,12936810,725755041000.0,yfinance,KS,1
20250530,005930,56200.0,57200.0,55800.0,56200.0,55340.26171875,26219683,1473546184600.0,yfinance,KS,1
20250602,005930,56300.0,57300.0,56200.0,56800.0,55931.08203125,12870515,731045252000.0,yfinance,KS,1
20250604,005930,57200.0,57900.0,56800.0,57800.0,56915.78515625,19649983,1135769017400.0,yfinance,KS,1
20250605,005930,58100.0,59900.0,57900.0,59100.0,58195.8984375,23266027,1375022195700.0,yfinance,KS,1
20250609,005930,60400.0,60400.0,59500.0,59800.0,58885.1875,19609659,1172657608200.0,yfinance,KS,1
20250610,005930,60000.0,60100.0,58800.0,59200.0,58294.3671875,15305760,906100992000.0,yfinance,KS,1
20250611,005930,59500.0,60100.0,59400.0,59900.0,58983.65625,13610734,815282966600.0,yfinance,KS,1
20250612,005930,59700.0,60000.0,59300.0,59500.0,58589.7734375,17755115,1056429342500.0,yfinance,KS,1
20250613,005930,60200.0,60200.0,57700.0,58300.0,57408.1328125,20705979,1207158575700.0,yfinance,KS,1
20250616,005930,58000.0,58100.0,56900.0,57200.0,56324.96484375,22200872,1269889878400.0,yfinance,KS,1
20250617,005930,57800.0,59800.0,57400.0,58100.0,57211.1953125,28637003,1663809874300.0,yfinance,KS,1
20250618,005930,58000.0,59800.0,57900.0,59800.0,58885.1875,17620705,1053718159000.0,yfinance,KS,1
20250619,005930,60500.0,60600.0,59000.0,59200.0,58294.3671875,16876278,999075657600.0,yfinance,KS,1
20250620,005930,59400.0,59800.0,59100.0,59500.0,58589.7734375,18072251,1075298934500.0,yfinance,KS,1
20250623,005930,58400.0,58500.0,57600.0,58000.0,57112.72265625,16551694,959998252000.0,yfinance,KS,1
20250624,005930,59400.0,60600.0,59300.0,60500.0,59574.48046875,23737899,1436142889500.0,yfinance,KS,1
20250625,005930,61500.0,61600.0,60300.0,61300.0,60362.2421875,23933612,1467130415600.0,yfinance,KS,1
20250626,005930,61300.0,61300.0,59900.0,60200.0,59279.06640625,19402300,1168018460000.0,yfinance,KS,1
20250627,005930,60100.0,61600.0,60000.0,60800.0,60237.1171875,17340470,1054300576000.0,yfinance,KS,1
20250630,005930,61200.0,61200.0,59800.0,59800.0,59246.375,17110294,1023195581200.0,yfinance,KS,1
20250701,005930,60400.0,61100.0,60200.0,60200.0,59642.671875,13650991,821789658200.0,yfinance,KS,1
20250702,005930,60200.0,60900.0,59800.0,60800.0,60237.1171875,15047951,914915420800.0,yfinance,KS,1
20250703,005930,61300.0,63800.0,61100.0,63800.0,63209.34375,32040639,2044192768200.0,yfinance,KS,1
20250704,005930,64700.0,64700.0,63000.0,63300.0,62713.97265625,23748959,1503309104700.0,yfinance,KS,1
20250707,005930,62900.0,63300.0,61700.0,61700.0,61128.78515625,17164708,1059062483600.0,yfinance,KS,1
20250708,005930,61600.0,62400.0,61000.0,61400.0,60831.5625,20213724,1241122653600.0,yfinance,KS,1
20250709,005930,61400.0,61400.0,60200.0,60400.0,59840.8203125,17533415,1059018266000.0,yfinance,KS,1
20250710,005930,60600.0,61200.0,60400.0,61000.0,60435.265625,14768473,900876853000.0,yfinance,KS,1
20250711,005930,61300.0,62800.0,61200.0,62600.0,62020.453125,19140650,1198204690000.0,yfinance,KS,1
20250714,005930,62300.0,62600.0,61800.0,62500.0,61921.37890625,13563846,847740375000.0,yfinance,KS,1
20250715,005930,62300.0,63800.0,62000.0,63700.0,63110.26953125,18442202,1174768267400.0,yfinance,KS,1
20250716,005930,63700.0,64700.0,63100.0,64700.0,64101.01171875,23042660,1490860102000.0,yfinance,KS,1
20250717,005930,65900.0,66800.0,64400.0,66700.0,66082.4921875,39448683,2631227156100.0,yfinance,KS,1
20250718,005930,67000.0,67800.0,66300.0,67100.0,66478.796875,23951531,1607147730100.0,yfinance,KS,1
20250721,005930,67400.0,68800.0,67200.0,67800.0,67172.3125,17723148,1201629434400.0,yfinance,KS,1
20250722,005930,68100.0,68500.0,65600.0,66000.0,65388.9765625,20829006,1374714396000.0,yfinance,KS,1
20250723,005930,66200.0,66500.0,64900.0,66400.0,65785.2734375,15687058,1041620651200.0,yfinance,KS,1
20250724,005930,66500.0,66800.0,65900.0,66000.0,65388.9765625,12660193,835572738000.0,yfinance,KS,1
20250725,005930,65700.0,66300.0,65500.0,65900.0,65289.90625,8080910,532531969000.0,yfinance,KS,1
20250728,005930,68200.0,70400.0,67200.0,70400.0,69748.2421875,35332500,2487408000000.0,yfinance,KS,1
20250729,005930,70800.0,70800.0,68800.0,70600.0,69946.390625,28190940,1990280364000.0,yfinance,KS,1
20250730,005930,71000.0,73700.0,70600.0,72600.0,71927.875,34761444,2523680834400.0,yfinance,KS,1
20250731,005930,73000.0,74000.0,71000.0,71400.0,70738.984375,26568072,1896960340800.0,yfinance,KS,1
20250801,005930,70200.0,72000.0,68800.0,68900.0,68262.125,24038534,1656254992600.0,yfinance,KS,1
20250804,005930,69500.0,70200.0,68700.0,69700.0,69054.7265625,14780072,1030171018400.0,yfinance,KS,1
20250805,005930,71000.0,71500.0,69700.0,69900.0,69252.875,14392903,1006063919700.0,yfinance,KS,1
20250806,005930,69200.0,69400.0,68300.0,68800.0,68163.0546875,12542415,862918152000.0,yfinance,KS,1
20250807,005930,70800.0,71000.0,69700.0,70500.0,69847.3125,15008213,1058079016500.0,yfinance,KS,1
20250808,005930,71000.0,72400.0,70700.0,71800.0,71135.28125,22241128,1596912990400.0,yfinance,KS,1
20250811,005930,72000.0,72100.0,70800.0,71000.0,70342.6875,11354253,806151963000.0,yfinance,KS,1
20250812,005930,71100.0,72400.0,71100.0,71100.0,70441.765625,15797656,1123213341600.0,yfinance,KS,1
20250813,005930,71900.0,72100.0,71400.0,71900.0,71234.3515625,12305742,884782849800.0,yfinance,KS,1
20250814,005930,71900.0,71900.0,71200.0,71600.0,70937.1328125,11946122,855342335200.0,yfinance,KS,1
20250818,005930,71100.0,71200.0,70000.0,70000.0,69351.9453125,13595591,951691370000.0,yfinance,KS,1
20250819,005930,70400.0,70700.0,69700.0,70000.0,69351.9453125,10533082,737315740000.0,yfinance,KS,1
20250820,005930,70100.0,70700.0,69400.0,70500.0,69847.3125,17445516,1229908878000.0,yfinance,KS,1
20250821,005930,71500.0,71900.0,70600.0,70600.0,69946.390625,18843833,1330374609800.0,yfinance,KS,1
20250822,005930,71700.0,71800.0,70800.0,71400.0,70738.984375,9277432,662408644800.0,yfinance,KS,1
20250825,005930,71700.0,71800.0,71000.0,71500.0,70838.0546875,10345178,739680227000.0,yfinance,KS,1
20250826,005930,70800.0,71100.0,70300.0,70300.0,69649.1640625,14712519,1034290085700.0,yfinance,KS,1
20250827,005930,70100.0,70900.0,69800.0,70600.0,69946.390625,10523405,742952393000.0,yfinance,KS,1
20250828,005930,70100.0,70400.0,69600.0,69600.0,68955.6484375,11578024,805830470400.0,yfinance,KS,1
20250829,005930,70100.0,70500.0,69700.0,69700.0,69054.7265625,11682267,814254009900.0,yfinance,KS,1
20250901,005930,68400.0,68600.0,67500.0,67600.0,66974.1640625,12002343,811358386800.0,yfinance,KS,1
20250902,005930,67800.0,69500.0,67800.0,69100.0,68460.2734375,10604028,732738334800.0,yfinance,KS,1
20250903,005930,69200.0,69800.0,68800.0,69800.0,69153.796875,10283009,717754028200.0,yfinance,KS,1
20250904,005930,69500.0,70100.0,69300.0,70100.0,69451.015625,12284414,861137421400.0,yfinance,KS,1
20250905,005930,70300.0,70400.0,69500.0,69500.0,68856.5703125,11526724,801107318000.0,yfinance,KS,1
20250908,005930,69800.0,70500.0,69600.0,70100.0,69451.015625,9263135,649345763500.0,yfinance,KS,1
20250909,005930,70100.0,71500.0,70000.0,71500.0,70838.0546875,14870245,1063222517500.0,yfinance,KS,1
20250910,005930,71800.0,72800.0,71600.0,72600.0,71927.875,21928565,1592013819000.0,yfinance,KS,1
20250911,005930,73200.0,73600.0,72100.0,73400.0,72720.4609375,20793501,1526242973400.0,yfinance,KS,1
20250912,005930,74600.0,75600.0,74200.0,75400.0,74701.953125,28219678,2127763721200.0,yfinance,KS,1
20250915,005930,77200.0,77600.0,75900.0,76500.0,75791.765625,19908805,1523023582500.0,yfinance,KS,1
20250916,005930,76900.0,79500.0,76700.0,79400.0,78664.921875,28218265,2240530241000.0,yfinance,KS,1
20250917,005930,79100.0,79100.0,77100.0,78200.0,77476.0234375,20856317,1630963989400.0,yfinance,KS,1
20250918,005930,79100.0,80500.0,78600.0,80300.0,79556.5859375,25619035,2057208510500.0,yfinance,KS,1
20250922,005930,81500.0,84000.0,81100.0,83500.0,82726.9609375,27529656,2298726276000.0,yfinance,KS,1
20250923,005930,85800.0,85900.0,83600.0,84700.0,83915.8515625,23610263,1999789276100.0,yfinance,KS,1
20250924,005930,84200.0,85500.0,83700.0,85400.0,84609.375,18300997,1562905143800.0,yfinance,KS,1
20250925,005930,84400.0,86200.0,84100.0,86100.0,85302.890625,19665151,1693169501100.0,yfinance,KS,1
20250926,005930,85000.0,85300.0,82400.0,83300.0,82528.8125,24071193,2005130376900.0,yfinance,KS,1
20250929,005930,83300.0,85000.0,83200.0,84200.0,83792.671875,13069094,1100417714800.0,yfinance,KS,1
20250930,005930,84600.0,84900.0,83400.0,83900.0,83494.125,16319061,1369169217900.0,yfinance,KS,1
20251001,005930,84900.0,86200.0,84700.0,86000.0,85583.9609375,22039361,1895385046000.0,yfinance,KS,1
20251002,005930,89300.0,90300.0,88700.0,89750.0,89315.8203125,49883028,4477001763000.0,yfinance,KS,1
20251010,005930,94000.0,94500.0,92700.0,94400.0,93943.328125,35269748,3329464211200.0,yfinance,KS,1
20251013,005930,91300.0,93400.0,90700.0,93300.0,92848.6484375,23883308,2228312636400.0,yfinance,KS,1
20251014,005930,95300.0,96000.0,90200.0,91600.0,91156.875,35545235,3255943526000.0,yfinance,KS,1
20251015,005930,92300.0,95300.0,92100.0,95000.0,94540.421875,21050111,1999760545000.0,yfinance,KS,1
20251016,005930,95300.0,97700.0,95000.0,97700.0,97227.3671875,28141060,2749381562000.0,yfinance,KS,1
20251017,005930,97200.0,99100.0,96700.0,97900.0,97426.3984375,22730809,2225346201100.0,yfinance,KS,1
20251020,005930,97900.0,98300.0,96000.0,98100.0,97625.4296875,17589756,1725555063600.0,yfinance,KS,1
20251021,005930,98500.0,99900.0,97300.0,97500.0,97028.328125,22803830,2223373425000.0,yfinance,KS,1
20251022,005930,97100.0,98600.0,95500.0,98600.0,98123.0078125,15937611,1571448444600.0,yfinance,KS,1
20251023,005930,96800.0,98500.0,96300.0,96500.0,96033.171875,18488581,1784148066500.0,yfinance,KS,1
20251024,005930,97900.0,99000.0,97700.0,98800.0,98322.0390625,18801925,1857630190000.0,yfinance,KS,1
20251027,005930,101300.0,102000.0,100600.0,102000.0,101506.5625,22169970,2261336940000.0,yfinance,KS,1
20251028,005930,100900.0,101000.0,99100.0,99500.0,99018.65625,20002282,1990227059000.0,yfinance,KS,1
20251029,005930,100200.0,101000.0,99100.0,100500.0,100013.8203125,20899788,2100428694000.0,yfinance,KS,1
20251030,005930,102400.0,105800.0,102000.0,104100.0,103596.40625,34570017,3598738769700.0,yfinance,KS,1
20251031,005930,105000.0,108600.0,103300.0,107500.0,106979.953125,54824564,5893640630000.0,yfinance,KS,1
20251103,005930,106900.0,111500.0,106500.0,111100.0,110562.5390625,30110066,3345228332600.0,yfinance,KS,1
20251104,005930,111800.0,112400.0,104900.0,104900.0,104392.53125,30450281,3194234476900.0,yfinance,KS,1
20251105,005930,101000.0,102000.0,96700.0,100600.0,100113.3359375,44843020,4511207812000.0,yfinance,KS,1
20251106,005930,103700.0,103800.0,98800.0,99200.0,98720.109375,28655689,2842644348800.0,yfinance,KS,1
20251107,005930,96400.0,100300.0,96300.0,97900.0,97426.3984375,22908083,2242701325700.0,yfinance,KS,1
20251110,005930,98600.0,101000.0,97900.0,100600.0,100113.3359375,23842327,2398538096200.0,yfinance,KS,1
20251111,005930,103700.0,106000.0,102000.0,103500.0,102999.3046875,27742542,2871353097000.0,yfinance,KS,1
20251112,005930,103000.0,103900.0,101600.0,103100.0,102601.2421875,19413497,2001531540700.0,yfinance,KS,1
20251113,005930,102500.0,104200.0,102300.0,102800.0,102302.6953125,20838741,2142222574800.0,yfinance,KS,1
20251114,005930,99000.0,99600.0,97200.0,97200.0,96729.78125,21806342,2119576442400.0,yfinance,KS,1
20251117,005930,99800.0,101000.0,99500.0,100600.0,100113.3359375,17192584,1729573950400.0,yfinance,KS,1
20251118,005930,99800.0,100900.0,97500.0,97800.0,97326.8828125,18684068,1827301850400.0,yfinance,KS,1
20251119,005930,97100.0,97500.0,94600.0,96500.0,96033.171875,18993346,1832857889000.0,yfinance,KS,1
20251120,005930,100900.0,102900.0,99500.0,100600.0,100113.3359375,25360435,2551259761000.0,yfinance,KS,1
20251121,005930,95600.0,96800.0,94500.0,94800.0,94341.390625,23103574,2190218815200.0,yfinance,KS,1
20251124,005930,97800.0,99000.0,96200.0,96700.0,96232.203125,29831172,2884674332400.0,yfinance,KS,1
20251125,005930,101400.0,101400.0,97800.0,99300.0,98819.625,16110054,1599728362200.0,yfinance,KS,1
20251126,005930,100500.0,102900.0,99300.0,102800.0,102302.6953125,21314975,2191179430000.0,yfinance,KS,1
20251127,005930,104100.0,105500.0,102700.0,103500.0,102999.3046875,16453004,1702885914000.0,yfinance,KS,1
20251128,005930,103800.0,103800.0,100500.0,100500.0,100013.8203125,15292277,1536873838500.0,yfinance,KS,1
20251201,005930,102000.0,102800.0,99900.0,100800.0,100312.3671875,10905526,1099277020800.0,yfinance,KS,1
20251202,005930,101200.0,103500.0,101000.0,103400.0,102899.7890625,13649487,1411356955800.0,yfinance,KS,1
20251203,005930,104700.0,105500.0,104000.0,104500.0,103994.46875,14697927,1535933371500.0,yfinance,KS,1
20251204,005930,103900.0,105100.0,103200.0,105100.0,104591.5625,11931145,1253963339500.0,yfinance,KS,1
20251205,005930,105300.0,108400.0,104600.0,108400.0,107875.6015625,19755571,2141503896400.0,yfinance,KS,1
20251208,005930,109700.0,110000.0,108000.0,109500.0,108970.28125,15527762,1700289939000.0,yfinance,KS,1
20251209,005930,108900.0,109400.0,107300.0,108400.0,107875.6015625,13671800,1482023120000.0,yfinance,KS,1
20251210,005930,108300.0,109800.0,107400.0,108000.0,107477.5390625,12365092,1335429936000.0,yfinance,KS,1
20251211,005930,109200.0,110500.0,107300.0,107300.0,106780.921875,22994507,2467310601100.0,yfinance,KS,1
20251212,005930,107100.0,108900.0,106800.0,108900.0,108373.1796875,14210314,1547503194600.0,yfinance,KS,1
20251215,005930,105300.0,105800.0,104600.0,104800.0,104293.015625,20594654,2158319739200.0,yfinance,KS,1
20251216,005930,104900.0,105600.0,102700.0,102800.0,102302.6953125,18852079,1937993721200.0,yfinance,KS,1
20251217,005930,103500.0,108100.0,103400.0,107900.0,107378.015625,22297611,2405912226900.0,yfinance,KS,1
20251218,005930,106400.0,108200.0,105700.0,107600.0,107079.46875,20445631,2199949895600.0,yfinance,KS,1
20251219,005930,109700.0,109700.0,106200.0,106300.0,105785.7578125,25917098,2754987517400.0,yfinance,KS,1
20251222,005930,109700.0,110500.0,109300.0,110500.0,109965.4453125,24859171,2746938395500.0,yfinance,KS,1
20251223,005930,110900.0,112500.0,110400.0,111500.0,110960.6015625,20419187,2276739350500.0,yfinance,KS,1
20251224,005930,112400.0,112400.0,110900.0,111100.0,110562.5390625,12492939,1387965522900.0,yfinance,KS,1
20251226,005930,112400.0,117000.0,112400.0,117000.0,116434.0,34018174,3980126358000.0,yfinance,KS,1
20251229,005930,119400.0,119700.0,118200.0,119500.0,119500.0,19676004,2351282478000.0,yfinance,KS,1
20251230,005930,119100.0,121200.0,118700.0,119900.0,119900.0,19746349,2367587245100.0,yfinance,KS,1
20260102,005930,120200.0,128500.0,120200.0,128500.0,128500.0,30463279,3914531351500.0,yfinance,KS,1
20260105,005930,134600.0,138600.0,133600.0,138100.0,138100.0,42863376,5919432225600.0,yfinance,KS,1
20260106,005930,135300.0,139300.0,132700.0,138900.0,138900.0,45321341,6295134264900.0,yfinance,KS,1
20260107,005930,143500.0,144400.0,137600.0,141000.0,141000.0,46317413,6530755233000.0,yfinance,KS,1
20260108,005930,138300.0,144500.0,138300.0,138800.0,138800.0,41449329,5753166865200.0,yfinance,KS,1
20260109,005930,136000.0,140700.0,135200.0,139000.0,139000.0,29520566,4103358674000.0,yfinance,KS,1
20260112,005930,141000.0,142000.0,136900.0,138800.0,138800.0,26271134,3646433399200.0,yfinance,KS,1
20260113,005930,139800.0,140200.0,136900.0,137600.0,137600.0,22384699,3080134582400.0,yfinance,KS,1
20260114,005930,137000.0,140300.0,136800.0,140300.0,140300.0,18444394,2587748478200.0,yfinance,KS,1
20260115,005930,139000.0,144000.0,138300.0,143900.0,143900.0,24701126,3554492031400.0,yfinance,KS,1
20260116,005930,145300.0,149500.0,144300.0,148900.0,148900.0,30000219,4467032609100.0,yfinance,KS,1
20260119,005930,147200.0,150600.0,146600.0,149300.0,149300.0,22762497,3398440802100.0,yfinance,KS,1
20260120,005930,148500.0,149300.0,143900.0,145200.0,145200.0,24059218,3493398453600.0,yfinance,KS,1
20260121,005930,141900.0,149800.0,141800.0,149500.0,149500.0,31703610,4739689695000.0,yfinance,KS,1
20260122,005930,155000.0,157000.0,150800.0,152300.0,152300.0,32073624,4884812935200.0,yfinance,KS,1
20260123,005930,154700.0,156000.0,150100.0,152100.0,152100.0,25407497,3864480293700.0,yfinance,KS,1
20260126,005930,154900.0,156400.0,151500.0,152100.0,152100.0,20561689,3127432896900.0,yfinance,KS,1
20260127,005930,150500.0,159500.0,149200.0,159500.0,159500.0,29423670,4693075365000.0,yfinance,KS,1
20260128,005930,162600.0,163300.0,160200.0,162400.0,162400.0,29456431,4783724394400.0,yfinance,KS,1
20260129,005930,166200.0,166600.0,157100.0,160700.0,160700.0,36087223,5799216736100.0,yfinance,KS,1
20260130,005930,160100.0,166500.0,160100.0,160500.0,160500.0,40557267,6509441353500.0,yfinance,KS,1
20260202,005930,155700.0,159600.0,150400.0,150400.0,150400.0,39748369,5978154697600.0,yfinance,KS,1
20260203,005930,157900.0,167500.0,157200.0,167500.0,167500.0,36529813,6118743677500.0,yfinance,KS,1
20260204,005930,163500.0,169400.0,163100.0,169100.0,169100.0,29943042,5063368402200.0,yfinance,KS,1
20260205,005930,162000.0,164000.0,158500.0,159300.0,159300.0,38435228,6122731820400.0,yfinance,KS,1
20260206,005930,154100.0,160300.0,151600.0,158600.0,158600.0,36358081,5766391646600.0,yfinance,KS,1
20260209,005930,168600.0,168700.0,165000.0,166400.0,166400.0,25098971,4176468774400.0,yfinance,KS,1
20260210,005930,167400.0,168100.0,165500.0,165800.0,165800.0,19369566,3211474042800.0,yfinance,KS,1
20260211,005930,164000.0,168600.0,162000.0,167800.0,167800.0,22760242,3819168607600.0,yfinance,KS,1
20260212,005930,171200.0,179600.0,170100.0,178600.0,178600.0,41296011,7375467564600.0,yfinance,KS,1
20260213,005930,179500.0,184400.0,178900.0,181200.0,181200.0,34454192,6243099590400.0,yfinance,KS,1
20260219,005930,188000.0,190900.0,187100.0,190000.0,190000.0,27049388,5139383720000.0,yfinance,KS,1
20260220,005930,190000.0,190300.0,188600.0,190100.0,190100.0,24213880,4603058588000.0,yfinance,KS,1
20260223,005930,194400.0,197600.0,190500.0,193000.0,193000.0,26364684,5088384012000.0,yfinance,KS,1
20260224,005930,193000.0,200000.0,192000.0,200000.0,200000.0,28060617,5612123400000.0,yfinance,KS,1
20260225,005930,202500.0,206000.0,201000.0,203500.0,203500.0,26987996,5492057186000.0,yfinance,KS,1
20260226,005930,206500.0,219000.0,206000.0,218000.0,218000.0,30095763,6560876334000.0,yfinance,KS,1
20260227,005930,210000.0,223000.0,210000.0,216500.0,216500.0,51774768,11209237272000.0,yfinance,KS,1
20260303,005930,209500.0,212500.0,195100.0,195100.0,195100.0,54879010,10706894851000.0,yfinance,KS,1
20260304,005930,184200.0,195900.0,171900.0,172200.0,172200.0,89427954,15399493678800.0,yfinance,KS,1
20260305,005930,195000.0,199700.0,188100.0,191600.0,191600.0,53959129,10338569116400.0,yfinance,KS,1
20260306,005930,186100.0,189700.0,181000.0,188200.0,188200.0,29522650,5556162730000.0,yfinance,KS,1
20260309,005930,173500.0,175500.0,167300.0,173500.0,173500.0,43066020,7471954470000.0,yfinance,KS,1
20260310,005930,187600.0,191500.0,184300.0,187900.0,187900.0,33530170,6300318943000.0,yfinance,KS,1
20260311,005930,193000.0,194800.0,187700.0,190000.0,190000.0,24311356,4619157640000.0,yfinance,KS,1
20260312,005930,186600.0,190000.0,185900.0,187900.0,187900.0,20440753,3840817488700.0,yfinance,KS,1
20260313,005930,180000.0,186200.0,179900.0,183500.0,183500.0,19566331,3590421738500.0,yfinance,KS,1
20260316,005930,184600.0,189000.0,183600.0,188700.0,188700.0,19747901,3726428918700.0,yfinance,KS,1
20260317,005930,198000.0,198000.0,193100.0,193900.0,193900.0,20300082,3936185899800.0,yfinance,KS,1
20260318,005930,200500.0,209000.0,199700.0,208500.0,208500.0,25148481,5243458288500.0,yfinance,KS,1
20260319,005930,199900.0,205000.0,199600.0,200500.0,200500.0,19884483,3986838841500.0,yfinance,KS,1
20260320,005930,202000.0,202500.0,199000.0,199400.0,199400.0,35279762,7034784542800.0,yfinance,KS,1
20260323,005930,190500.0,191200.0,186300.0,186300.0,186300.0,30268173,5638960629900.0,yfinance,KS,1
20260324,005930,195500.0,196000.0,185500.0,189700.0,189700.0,25458914,4829555985800.0,yfinance,KS,1
20260325,005930,193700.0,196400.0,189000.0,189000.0,189000.0,22995904,4346225856000.0,yfinance,KS,1
20260326,005930,185500.0,185900.0,178900.0,180100.0,180100.0,32074131,5776550993100.0,yfinance,KS,1
20260327,005930,172100.0,181700.0,172000.0,180100.0,180100.0,29138966,5247927776600.0,yfinance,KS,1
20260330,005930,171000.0,176650.0,170600.0,176300.0,176300.0,22269147,3926050616100.0,yfinance,KS,1
20260331,005930,170000.0,174700.0,167000.0,167200.0,167200.0,38659593,6463883949600.0,yfinance,KS,1
20260401,005930,179000.0,190800.0,178000.0,189650.0,189650.0,32390251,6142811102150.0,yfinance,KS,1
20260402,005930,192600.0,193600.0,175000.0,178400.0,178400.0,38615231,6888957210400.0,yfinance,KS,1
20260403,005930,184200.0,187200.0,182700.0,186200.0,186200.0,20194447,3760206031400.0,yfinance,KS,1
20260406,005930,190900.0,194600.0,190100.0,193100.0,193100.0,20635958,3984803489800.0,yfinance,KS,1
20260407,005930,202000.0,202500.0,192400.0,196500.0,196500.0,30848053,6061642414500.0,yfinance,KS,1
20260408,005930,214000.0,214500.0,207500.0,210500.0,210500.0,35890973,7555049816500.0,yfinance,KS,1
20260409,005930,207000.0,207500.0,202000.0,204000.0,204000.0,42320839,8633451156000.0,yfinance,KS,1
20260410,005930,208500.0,211000.0,205500.0,206000.0,206000.0,18244459,3758358554000.0,yfinance,KS,1
20260413,005930,198200.0,203000.0,198200.0,201000.0,201000.0,19603415,3940286415000.0,yfinance,KS,1
20260414,005930,208000.0,210000.0,205500.0,206500.0,206500.0,23672078,4888284107000.0,yfinance,KS,1
20260415,005930,215000.0,215500.0,210000.0,211000.0,211000.0,24092884,5083598524000.0,yfinance,KS,1
20260416,005930,212000.0,218000.0,210500.0,217500.0,217500.0,21499788,4676203890000.0,yfinance,KS,1
20260417,005930,217000.0,218000.0,215000.0,216000.0,216000.0,18079322,3905133552000.0,yfinance,KS,1
20260420,005930,214500.0,219000.0,213000.0,214500.0,214500.0,17107741,3669610444500.0,yfinance,KS,1
20260421,005930,218000.0,220000.0,216000.0,219000.0,219000.0,16752132,3668716908000.0,yfinance,KS,1
20260422,005930,218500.0,222500.0,215500.0,217500.0,217500.0,16823480,3659106900000.0,yfinance,KS,1
20260423,005930,223000.0,229500.0,216000.0,224500.0,224500.0,34525485,7750971382500.0,yfinance,KS,1
20260424,005930,224000.0,225000.0,216500.0,219500.0,219500.0,19626666,4308053187000.0,yfinance,KS,1
20260427,005930,220000.0,226000.0,218500.0,224500.0,224500.0,24056829,5400758110500.0,yfinance,KS,0
20250428,000660,183500.0,183900.0,179700.0,182000.0,180946.125,2455710,446939220000.0,yfinance,KS,1
20250429,000660,182000.0,182900.0,179100.0,180800.0,179753.09375,1866386,337442588800.0,yfinance,KS,1
20250430,000660,179100.0,180000.0,176700.0,177500.0,176472.1875,2354473,417918957500.0,yfinance,KS,1
20250502,000660,179400.0,186200.0,178400.0,186000.0,184922.96875,3886874,722958564000.0,yfinance,KS,1
20250507,000660,187700.0,191500.0,185900.0,190800.0,189695.1875,3830097,730782507600.0,yfinance,KS,1
20250508,000660,196000.0,196000.0,189400.0,190300.0,189198.078125,5125330,975350299000.0,yfinance,KS,1
20250509,000660,192000.0,192800.0,186800.0,190100.0,188999.21875,2539822,482820162200.0,yfinance,KS,1
20250512,000660,193600.0,195200.0,193500.0,195000.0,193870.84375,1624884,316852380000.0,yfinance,KS,1
20250513,000660,200500.0,201500.0,197300.0,198500.0,197350.59375,3385009,671924286500.0,yfinance,KS,1
20250514,000660,207000.0,207000.0,204000.0,206000.0,204807.15625,3333511,686703266000.0,yfinance,KS,1
20250515,000660,207500.0,208000.0,199500.0,200500.0,199339.0,3178957,637380878500.0,yfinance,KS,1
20250516,000660,206000.0,206750.0,203500.0,204500.0,203315.84375,2419507,494789181500.0,yfinance,KS,1
20250519,000660,203000.0,203000.0,197500.0,199400.0,198245.375,2482673,495044996200.0,yfinance,KS,1
20250520,000660,202500.0,208000.0,201500.0,202000.0,200830.328125,2820546,569750292000.0,yfinance,KS,1
20250521,000660,204500.0,205000.0,199900.0,200500.0,199339.0,1721760,345212880000.0,yfinance,KS,1
20250522,000660,199900.0,201500.0,196500.0,196900.0,195759.84375,1988587,391552780300.0,yfinance,KS,1
20250523,000660,199900.0,201500.0,198700.0,200000.0,198841.90625,1538701,307740200000.0,yfinance,KS,1
20250526,000660,200000.0,203500.0,196900.0,203000.0,201824.53125,1459997,296379391000.0,yfinance,KS,1
20250527,000660,200500.0,203500.0,200000.0,202500.0,201327.4375,1424916,288545490000.0,yfinance,KS,1
20250528,000660,206500.0,209500.0,206000.0,208000.0,206795.5625,3161188,657527104000.0,yfinance,KS,1
20250529,000660,214500.0,214500.0,207500.0,212000.0,211153.109375,3827689,811470068000.0,yfinance,KS,1
20250530,000660,210000.0,210000.0,203000.0,204500.0,203683.0625,4826628,987045426000.0,yfinance,KS,1
20250602,000660,205000.0,208500.0,203000.0,207500.0,206671.078125,1775752,368468540000.0,yfinance,KS,1
20250604,000660,218000.0,223000.0,216500.0,217500.0,216631.125,5108674,1111136595000.0,yfinance,KS,1
20250605,000660,225500.0,230000.0,222000.0,224500.0,223603.15625,5768506,1295029597000.0,yfinance,KS,1
20250609,000660,233000.0,233500.0,228000.0,229000.0,228085.1875,3666084,839533236000.0,yfinance,KS,1
20250610,000660,231000.0,232500.0,227500.0,230500.0,229579.1875,3718655,857149977500.0,yfinance,KS,1
20250611,000660,236000.0,241000.0,235000.0,240000.0,239041.234375,4230421,1015301040000.0,yfinance,KS,1
20250612,000660,242500.0,246500.0,235000.0,235500.0,234559.21875,4994238,1176143049000.0,yfinance,KS,1
20250613,000660,240500.0,243000.0,233750.0,235500.0,234559.21875,4100610,965693655000.0,yfinance,KS,1
20250616,000660,238000.0,248500.0,238000.0,248000.0,247009.28125,3760740,932663520000.0,yfinance,KS,1
20250617,000660,253000.0,260000.0,248000.0,249000.0,248005.296875,5044669,1256122581000.0,yfinance,KS,1
20250618,000660,245500.0,252000.0,245000.0,246500.0,245515.28125,4081001,1005966746500.0,yfinance,KS,1
20250619,000660,247000.0,250000.0,242000.0,246000.0,245017.265625,2317796,570177816000.0,yfinance,KS,1
20250620,000660,249000.0,257000.0,247500.0,257000.0,255973.34375,3597877,924654389000.0,yfinance,KS,1
20250623,000660,252500.0,263000.0,248500.0,259500.0,258463.34375,3398736,881971992000.0,yfinance,KS,1
20250624,000660,270000.0,283000.0,269500.0,278500.0,277387.4375,5436312,1514012892000.0,yfinance,KS,1
20250625,000660,289000.0,291500.0,284000.0,286000.0,284857.46875,5466598,1563447028000.0,yfinance,KS,1
20250626,000660,294500.0,298500.0,287000.0,293000.0,291829.53125,5894020,1726947860000.0,yfinance,KS,1
20250627,000660,288000.0,294500.0,281000.0,284000.0,282865.46875,5134863,1458301092000.0,yfinance,KS,1
20250630,000660,288500.0,294500.0,286000.0,292000.0,290833.53125,4375298,1277587016000.0,yfinance,KS,1
20250701,000660,291000.0,294500.0,285500.0,285500.0,284359.46875,3687981,1052918575500.0,yfinance,KS,1
20250702,000660,283500.0,283500.0,274500.0,279000.0,277885.40625,4702056,1311873624000.0,yfinance,KS,1
20250703,000660,281000.0,284000.0,277000.0,278500.0,277387.4375,3642140,1014335990000.0,yfinance,KS,1
20250704,000660,279500.0,281500.0,269000.0,270500.0,269419.375,3654933,988659376500.0,yfinance,KS,1
20250707,000660,266000.0,272000.0,264500.0,271000.0,269917.40625,2523564,683885844000.0,yfinance,KS,1
20250708,000660,271000.0,285000.0,268500.0,282000.0,280873.46875,3119395,879669390000.0,yfinance,KS,1
20250709,000660,282500.0,284000.0,277500.0,281000.0,279877.46875,2626484,738042004000.0,yfinance,KS,1
20250710,000660,284000.0,297000.0,283500.0,297000.0,295813.53125,4556065,1353151305000.0,yfinance,KS,1
20250711,000660,299500.0,306500.0,292000.0,294500.0,293323.5,3732533,1099230968500.0,yfinance,KS,1
20250714,000660,292500.0,302500.0,292500.0,300000.0,298801.5625,2936976,881092800000.0,yfinance,KS,1
20250715,000660,296000.0,298500.0,290000.0,298500.0,297307.5625,4196196,1252564506000.0,yfinance,KS,1
20250716,000660,298500.0,299500.0,292500.0,296000.0,294817.53125,3123297,924495912000.0,yfinance,KS,1
20250717,000660,283500.0,289500.0,268000.0,269500.0,268423.375,9328322,2513982779000.0,yfinance,KS,1
20250718,000660,270000.0,275000.0,267000.0,269000.0,267925.375,5359504,1441706576000.0,yfinance,KS,1
20250721,000660,267500.0,274500.0,266500.0,272500.0,271411.40625,2424891,660782797500.0,yfinance,KS,1
20250722,000660,273000.0,273500.0,267000.0,268500.0,267427.40625,3139858,843051873000.0,yfinance,KS,1
20250723,000660,267500.0,271000.0,264500.0,269000.0,267925.375,3116279,838279051000.0,yfinance,KS,1
20250724,000660,277000.0,279000.0,269000.0,269500.0,268423.375,3667144,988295308000.0,yfinance,KS,1
20250725,000660,273000.0,275000.0,265500.0,266000.0,264937.375,2171063,577502758000.0,yfinance,KS,1
20250728,000660,261000.0,265500.0,258500.0,262000.0,260953.375,2877357,753867534000.0,yfinance,KS,1
20250729,000660,254500.0,265000.0,254500.0,262500.0,261451.34375,2944177,772846462500.0,yfinance,KS,1
20250730,000660,263000.0,266000.0,260500.0,263500.0,262447.34375,2482807,654219644500.0,yfinance,KS,1
20250731,000660,271000.0,274000.0,265500.0,273500.0,272407.40625,3472644,949768134000.0,yfinance,KS,1
20250801,000660,266000.0,267000.0,257000.0,258000.0,256969.34375,3227394,832667652000.0,yfinance,KS,1
20250804,000660,254500.0,260000.0,254000.0,258000.0,256969.34375,2281558,588641964000.0,yfinance,KS,1
20250805,000660,264000.0,264500.0,260500.0,263500.0,262447.34375,2118171,558138058500.0,yfinance,KS,1
20250806,000660,260500.0,260500.0,257500.0,258500.0,257467.328125,1374559,355323501500.0,yfinance,KS,1
20250807,000660,258000.0,263000.0,250000.0,262000.0,260953.375,2724438,713802756000.0,yfinance,KS,1
20250808,000660,262000.0,266000.0,255500.0,256500.0,255475.34375,2676174,686438631000.0,yfinance,KS,1
20250811,000660,260500.0,267500.0,260000.0,267000.0,265933.375,2415473,644931291000.0,yfinance,KS,1
20250812,000660,268000.0,276000.0,267500.0,269000.0,267925.375,3008648,809326312000.0,yfinance,KS,1
20250813,000660,278000.0,279000.0,274000.0,278000.0,276889.40625,3472694,965408932000.0,yfinance,KS,1
20250814,000660,277500.0,277500.0,270500.0,276500.0,275395.46875,2101050,580940325000.0,yfinance,KS,1
20250818,000660,272000.0,272000.0,267000.0,267500.0,266431.40625,1993220,533186350000.0,yfinance,KS,1
20250819,000660,268500.0,270000.0,261500.0,263000.0,261949.359375,1709646,449636898000.0,yfinance,KS,1
20250820,000660,254500.0,257000.0,251000.0,255500.0,254479.3125,3571545,912529747500.0,yfinance,KS,1
20250821,000660,246500.0,251000.0,245000.0,245000.0,244021.265625,6301130,1543776850000.0,yfinance,KS,1
20250822,000660,245500.0,252500.0,245500.0,251000.0,249997.28125,3064062,769079562000.0,yfinance,KS,1
20250825,000660,256000.0,261500.0,254000.0,259500.0,258463.34375,3183709,826172485500.0,yfinance,KS,1
20250826,000660,259500.0,262500.0,257000.0,261500.0,260455.34375,2050625,536238437500.0,yfinance,KS,1
20250827,000660,259000.0,261000.0,256000.0,260000.0,258961.34375,2801594,728414440000.0,yfinance,KS,1
20250828,000660,254000.0,268500.0,253000.0,268500.0,267813.65625,3836024,1029972444000.0,yfinance,KS,1
20250829,000660,268000.0,270000.0,266000.0,269000.0,268312.375,1892127,508982163000.0,yfinance,KS,1
20250901,000660,259500.0,261000.0,255000.0,256000.0,255345.609375,1837054,470285824000.0,yfinance,KS,1
20250902,000660,256000.0,261500.0,256000.0,260500.0,259834.109375,1584710,412816955000.0,yfinance,KS,1
20250903,000660,259500.0,265500.0,257750.0,262500.0,261828.984375,2437896,639947700000.0,yfinance,KS,1
20250904,000660,267000.0,271000.0,264500.0,265500.0,264821.34375,2189959,581434114500.0,yfinance,KS,1
20250905,000660,273000.0,275000.0,272000.0,273500.0,272800.875,3103427,848787284500.0,yfinance,KS,1
20250908,000660,278500.0,279000.0,274000.0,277000.0,276291.9375,2018299,559068823000.0,yfinance,KS,1
20250909,000660,278000.0,288500.0,277000.0,288000.0,287263.8125,4158342,1197602496000.0,yfinance,KS,1
20250910,000660,294500.0,305000.0,293000.0,304000.0,303222.90625,5265553,1600728112000.0,yfinance,KS,1
20250911,000660,310000.0,315000.0,305500.0,307000.0,306215.25,5148088,1580463016000.0,yfinance,KS,1
20250912,000660,322000.0,329500.0,319000.0,328500.0,327660.28125,4242516,1393666506000.0,yfinance,KS,1
20250915,000660,339500.0,341500.0,325000.0,331000.0,330153.90625,4221256,1397235736000.0,yfinance,KS,1
20250916,000660,331500.0,354000.0,331500.0,348000.0,347110.4375,5841135,2032714980000.0,yfinance,KS,1
20250917,000660,341000.0,342500.0,333500.0,333500.0,332647.5,4498866,1500371811000.0,yfinance,KS,1
20250918,000660,338500.0,357000.0,336500.0,355500.0,354591.28125,4526286,1609094673000.0,yfinance,KS,1
20250922,000660,349000.0,359000.0,345250.0,351000.0,350102.78125,4377563,1536524613000.0,yfinance,KS,1
20250923,000660,355500.0,363000.0,353000.0,361000.0,360077.21875,3315336,1196836296000.0,yfinance,KS,1
20250924,000660,359000.0,364000.0,348500.0,357500.0,356586.15625,4165199,1489058642500.0,yfinance,KS,1
20250925,000660,352000.0,359000.0,349500.0,356500.0,355588.71875,2148215,765838647500.0,yfinance,KS,1
20250926,000660,347500.0,349000.0,333000.0,336500.0,335639.84375,3685324,1240111526000.0,yfinance,KS,1
20250929,000660,339500.0,351000.0,339000.0,349000.0,348107.875,2275986,794319114000.0,yfinance,KS,1
20250930,000660,353000.0,356500.0,347500.0,347500.0,346611.71875,2238614,777918365000.0,yfinance,KS,1
20251001,000660,351000.0,362000.0,351000.0,360000.0,359079.75,2802437,1008877320000.0,yfinance,KS,1
20251002,000660,388500.0,404500.0,384000.0,395500.0,394489.0,7430763,2938866766500.0,yfinance,KS,1
20251010,000660,426000.0,439250.0,416500.0,428000.0,426905.9375,6835852,2925744656000.0,yfinance,KS,1
20251013,000660,405500.0,415500.0,403000.0,415000.0,413939.1875,4356534,1807961610000.0,yfinance,KS,1
20251014,000660,425000.0,436500.0,406500.0,411500.0,410448.125,4101275,1687674662500.0,yfinance,KS,1
20251015,000660,410500.0,424000.0,407000.0,422500.0,421420.0,2688019,1135688027500.0,yfinance,KS,1
20251016,000660,421000.0,455000.0,420500.0,452500.0,451343.3125,4247934,1922190135000.0,yfinance,KS,1
20251017,000660,451500.0,475000.0,449500.0,465500.0,464310.09375,4541583,2114106886500.0,yfinance,KS,1
20251020,000660,477500.0,485500.0,465500.0,485500.0,484258.96875,3333903,1618609906500.0,yfinance,KS,1
20251021,000660,497000.0,502000.0,478000.0,479000.0,477775.5625,4126858,1976764982000.0,yfinance,KS,1
20251022,000660,475000.0,482000.0,469000.0,481500.0,480269.1875,3870276,1863537894000.0,yfinance,KS,1
20251023,000660,470000.0,488500.0,468000.0,478500.0,477276.875,3583993,1714940650500.0,yfinance,KS,1
20251024,000660,493000.0,513000.0,491500.0,510000.0,508696.34375,4254202,2169643020000.0,yfinance,KS,1
20251027,000660,533000.0,537000.0,523000.0,535000.0,533632.4375,3381231,1808958585000.0,yfinance,KS,1
20251028,000660,521000.0,527000.0,509000.0,521000.0,519668.21875,5659008,2948343168000.0,yfinance,KS,1
20251029,000660,538000.0,559000.0,523000.0,558000.0,556573.625,4803031,2680091298000.0,yfinance,KS,1
20251030,000660,558000.0,579000.0,552000.0,568000.0,566548.0625,4888461,2776645848000.0,yfinance,KS,1
20251031,000660,557000.0,566000.0,552000.0,559000.0,557571.0625,3351809,1873661231000.0,yfinance,KS,1
20251103,000660,557000.0,624000.0,555000.0,620000.0,618415.1875,5787058,3587975960000.0,yfinance,KS,1
20251104,000660,611000.0,614000.0,583000.0,586000.0,584502.0625,5969769,3498284634000.0,yfinance,KS,1
20251105,000660,563000.0,587000.0,532000.0,579000.0,577519.9375,8976222,5197232538000.0,yfinance,KS,1
20251106,000660,602000.0,607000.0,583000.0,593000.0,591484.1875,5321244,3155497692000.0,yfinance,KS,1
20251107,000660,577000.0,599000.0,565000.0,580000.0,578517.4375,4789397,2777850260000.0,yfinance,KS,1
20251110,000660,584000.0,615000.0,581000.0,606000.0,604450.9375,4893645,2965548870000.0,yfinance,KS,1
20251111,000660,622000.0,646000.0,604000.0,619000.0,617417.6875,5508697,3409883443000.0,yfinance,KS,1
20251112,000660,605000.0,620000.0,601000.0,617000.0,615422.8125,2831484,1747025628000.0,yfinance,KS,1
20251113,000660,607000.0,622000.0,607000.0,612000.0,610435.625,3875541,2371831092000.0,yfinance,KS,1
20251114,000660,579000.0,585000.0,560000.0,560000.0,558568.5625,5778374,3235889440000.0,yfinance,KS,1
20251117,000660,588000.0,606000.0,584000.0,606000.0,604450.9375,4470947,2709393882000.0,yfinance,KS,1
20251118,000660,583000.0,591000.0,570000.0,570000.0,568542.9375,3544391,2020302870000.0,yfinance,KS,1
20251119,000660,563000.0,570000.0,546000.0,562000.0,560563.4375,4529736,2545711632000.0,yfinance,KS,1
20251120,000660,595000.0,597000.0,570000.0,571000.0,569540.4375,4670237,2666705327000.0,yfinance,KS,1
20251121,000660,518000.0,531000.0,514000.0,521000.0,519668.21875,6646712,3462936952000.0,yfinance,KS,1
20251124,000660,531000.0,542000.0,517000.0,520000.0,518670.78125,6399162,3327564240000.0,yfinance,KS,1
20251125,000660,546000.0,550000.0,518000.0,519000.0,517673.34375,3716730,1928982870000.0,yfinance,KS,1
20251126,000660,513000.0,528000.0,501000.0,524000.0,522660.5625,5127393,2686753932000.0,yfinance,KS,1
20251127,000660,535000.0,556000.0,533000.0,544000.0,542998.0625,3654092,1987826048000.0,yfinance,KS,1
20251128,000660,551000.0,552000.0,530000.0,530000.0,529023.8125,2680138,1420473140000.0,yfinance,KS,1
20251201,000660,542000.0,545000.0,525000.0,538000.0,537009.0625,3134704,1686470752000.0,yfinance,KS,1
20251202,000660,548000.0,559000.0,542000.0,558000.0,556972.25,2686580,1499111640000.0,yfinance,KS,1
20251203,000660,550000.0,559000.0,544000.0,552000.0,550983.3125,2586619,1427813688000.0,yfinance,KS,1
20251204,000660,542000.0,543000.0,532000.0,542000.0,541001.75,2858305,1549201310000.0,yfinance,KS,1
20251205,000660,530000.0,546000.0,527000.0,544000.0,542998.0625,3204933,1743483552000.0,yfinance,KS,1
20251208,000660,543000.0,580000.0,533000.0,577000.0,575937.25,4288433,2474425841000.0,yfinance,KS,1
20251209,000660,569000.0,575000.0,564000.0,566000.0,564957.5,2391174,1353404484000.0,yfinance,KS,1
20251210,000660,571000.0,593000.0,570000.0,587000.0,585918.8125,3986083,2339830721000.0,yfinance,KS,1
20251211,000660,583000.0,589000.0,565000.0,565000.0,563959.375,4021907,2272377455000.0,yfinance,KS,1
20251212,000660,565000.0,579000.0,560000.0,571000.0,569948.3125,2646148,1510950508000.0,yfinance,KS,1
20251215,000660,535000.0,563500.0,535000.0,554000.0,552979.625,2482125,1375097250000.0,yfinance,KS,1
20251216,000660,545000.0,551000.0,530000.0,530000.0,529023.8125,3287998,1742638940000.0,yfinance,KS,1
20251217,000660,530000.0,554000.0,525000.0,551000.0,549985.125,2692626,1483636926000.0,yfinance,KS,1
20251218,000660,538000.0,563000.0,537000.0,552000.0,550983.3125,2959059,1633400568000.0,yfinance,KS,1
20251219,000660,569000.0,570000.0,547000.0,547000.0,545992.5,3440005,1881682735000.0,yfinance,KS,1
20251222,000660,574000.0,580000.0,567000.0,580000.0,578931.75,2878464,1669509120000.0,yfinance,KS,1
20251223,000660,585000.0,593000.0,581000.0,584000.0,582924.375,2011188,1174533792000.0,yfinance,KS,1
20251224,000660,587000.0,591000.0,584000.0,588000.0,586917.0,2160697,1270489836000.0,yfinance,KS,1
20251226,000660,594000.0,605000.0,590000.0,599000.0,597896.75,4243548,2541885252000.0,yfinance,KS,1
20251229,000660,630000.0,640000.0,625000.0,640000.0,638821.25,4176151,2672736640000.0,yfinance,KS,1
20251230,000660,639000.0,659000.0,634000.0,651000.0,649800.9375,4094603,2665586553000.0,yfinance,KS,1
20260102,000660,651000.0,679000.0,647000.0,677000.0,675753.0625,4181895,2831142915000.0,yfinance,KS,1
20260105,000660,698000.0,700000.0,684000.0,696000.0,694718.0625,4337511,3018907656000.0,yfinance,KS,1
20260106,000660,690000.0,727000.0,671000.0,726000.0,724662.8125,4830275,3506779650000.0,yfinance,KS,1
20260107,000660,760000.0,762000.0,728000.0,742000.0,740633.375,5693115,4224291330000.0,yfinance,KS,1
20260108,000660,731000.0,788000.0,731000.0,756000.0,754607.5625,6496379,4911262524000.0,yfinance,KS,1
20260109,000660,744000.0,756000.0,727000.0,744000.0,742629.6875,4343703,3231715032000.0,yfinance,KS,1
20260112,000660,755000.0,762000.0,735000.0,749000.0,747620.4375,3329793,2494014957000.0,yfinance,KS,1
20260113,000660,753000.0,754000.0,724000.0,738000.0,736640.75,3771944,2783694672000.0,yfinance,KS,1
20260114,000660,733000.0,750000.0,728000.0,742000.0,740633.375,4885051,3624707842000.0,yfinance,KS,1
20260115,000660,732000.0,750000.0,727000.0,749000.0,747620.4375,3003414,2249557086000.0,yfinance,KS,1
20260116,000660,751000.0,763000.0,747000.0,756000.0,754607.5625,3712326,2806518456000.0,yfinance,KS,1
20260119,000660,755000.0,774000.0,750000.0,764000.0,762592.8125,3392008,2591494112000.0,yfinance,KS,1
20260120,000660,764000.0,764000.0,737000.0,743000.0,741631.5,2762369,2052440167000.0,yfinance,KS,1
20260121,000660,729000.0,756000.0,728000.0,740000.0,738637.0625,5108442,3780247080000.0,yfinance,KS,1
20260122,000660,766000.0,773000.0,751000.0,755000.0,753609.4375,3545309,2676708295000.0,yfinance,KS,1
20260123,000660,754000.0,776000.0,744000.0,767000.0,765587.3125,3508272,2690844624000.0,yfinance,KS,1
20260126,000660,753000.0,754000.0,736000.0,736000.0,734644.375,3133330,2306130880000.0,yfinance,KS,1
20260127,000660,738000.0,800000.0,733000.0,800000.0,798526.5,5660198,4528158400000.0,yfinance,KS,1
20260128,000660,810000.0,854000.0,803000.0,841000.0,839451.0,6708497,5641845977000.0,yfinance,KS,1
20260129,000660,879000.0,884000.0,819000.0,861000.0,859414.1875,6837983,5887503363000.0,yfinance,KS,1
20260130,000660,854000.0,931000.0,853000.0,909000.0,907325.75,7875195,7158552255000.0,yfinance,KS,1
20260202,000660,870000.0,888000.0,830000.0,830000.0,828471.25,7634191,6336378530000.0,yfinance,KS,1
20260203,000660,874000.0,907000.0,871000.0,907000.0,905329.4375,5272538,4782191966000.0,yfinance,KS,1
20260204,000660,884000.0,906000.0,883000.0,900000.0,898342.3125,3800763,3420686700000.0,yfinance,KS,1
20260205,000660,851000.0,877000.0,838000.0,842000.0,840449.1875,5473720,4608872240000.0,yfinance,KS,1
20260206,000660,805000.0,850000.0,791000.0,839000.0,837454.6875,5581574,4682940586000.0,yfinance,KS,1
20260209,000660,898000.0,899000.0,873000.0,887000.0,885366.3125,4228584,3750754008000.0,yfinance,KS,1
20260210,000660,894000.0,905000.0,876000.0,876000.0,874386.5625,3441377,3014646252000.0,yfinance,KS,1
20260211,000660,860000.0,874000.0,848000.0,860000.0,858416.0,3125590,2688007400000.0,yfinance,KS,1
20260212,000660,882000.0,894000.0,878000.0,888000.0,886364.4375,4619344,4101977472000.0,yfinance,KS,1
20260213,000660,889000.0,903000.0,878000.0,880000.0,878379.1875,3534047,3109961360000.0,yfinance,KS,1
20260219,000660,905000.0,913000.0,888000.0,894000.0,892353.375,3285109,2936887446000.0,yfinance,KS,1
20260220,000660,892000.0,955000.0,881000.0,949000.0,947252.0625,5054333,4796562017000.0,yfinance,KS,1
20260223,000660,980000.0,980000.0,941000.0,951000.0,949248.4375,3523887,3351216537000.0,yfinance,KS,1
20260224,000660,952000.0,1005000.0,946000.0,1005000.0,1003148.9375,4102382,4122893910000.0,yfinance,KS,1
20260225,000660,1012000.0,1038000.0,1004000.0,1018000.0,1016125.0,3462525,3524850450000.0,yfinance,KS,1
20260226,000660,1024000.0,1099000.0,1023000.0,1099000.0,1099000.0,4461976,4903711624000.0,yfinance,KS,1
20260227,000660,1050000.0,1096000.0,1048000.0,1061000.0,1061000.0,6453062,6846698782000.0,yfinance,KS,1
20260303,000660,1022000.0,1040000.0,939000.0,939000.0,939000.0,6818327,6402409053000.0,yfinance,KS,1
20260304,000660,894000.0,954000.0,846000.0,849000.0,849000.0,9253420,7856153580000.0,yfinance,KS,1
20260305,000660,976000.0,992000.0,927000.0,941000.0,941000.0,6442459,6062353919000.0,yfinance,KS,1
20260306,000660,912000.0,938000.0,885000.0,924000.0,924000.0,3744322,3459753528000.0,yfinance,KS,1
20260309,000660,851000.0,864000.0,808000.0,836000.0,836000.0,7253621,6064027156000.0,yfinance,KS,1
20260310,000660,915000.0,950000.0,899000.0,938000.0,938000.0,5304897,4975993386000.0,yfinance,KS,1
20260311,000660,954000.0,985000.0,941000.0,955000.0,955000.0,3916098,3739873590000.0,yfinance,KS,1
20260312,000660,938000.0,963000.0,928000.0,930000.0,930000.0,3711742,3451920060000.0,yfinance,KS,1
20260313,000660,891000.0,929000.0,884000.0,910000.0,910000.0,3645102,3317042820000.0,yfinance,KS,1
20260316,000660,925000.0,975000.0,924000.0,974000.0,974000.0,3829496,3729929104000.0,yfinance,KS,1
20260317,000660,1009000.0,1010000.0,969000.0,970000.0,970000.0,3326240,3226452800000.0,yfinance,KS,1
20260318,000660,1000000.0,1060000.0,999000.0,1056000.0,1056000.0,4347884,4591365504000.0,yfinance,KS,1
20260319,000660,1008000.0,1043000.0,1003000.0,1013000.0,1013000.0,3347483,3391000279000.0,yfinance,KS,1
20260320,000660,1023000.0,1026000.0,1002000.0,1007000.0,1007000.0,3426646,3450632522000.0,yfinance,KS,1
20260323,000660,952000.0,963000.0,927000.0,933000.0,933000.0,3911813,3649721529000.0,yfinance,KS,1
20260324,000660,993000.0,994000.0,938000.0,986000.0,986000.0,4352152,4291221872000.0,yfinance,KS,1
20260325,000660,1016000.0,1042000.0,988000.0,995000.0,995000.0,4463869,4441549655000.0,yfinance,KS,1
20260326,000660,965000.0,973000.0,931000.0,933000.0,933000.0,4660620,4348358460000.0,yfinance,KS,1
20260327,000660,890000.0,934000.0,880000.0,933000.0,933000.0,4520942,4218038886000.0,yfinance,KS,1
20260330,000660,867000.0,884000.0,862000.0,873000.0,873000.0,4498502,3927192246000.0,yfinance,KS,1
20260331,000660,817000.0,852000.0,806000.0,807000.0,807000.0,7194351,5805841257000.0,yfinance,KS,1
20260401,000660,884000.0,905000.0,858000.0,897000.0,897000.0,6255058,5610787026000.0,yfinance,KS,1
20260402,000660,912000.0,914000.0,818000.0,830000.0,830000.0,6127534,5085853220000.0,yfinance,KS,1
20260403,000660,867000.0,886000.0,860000.0,876000.0,876000.0,2927164,2564195664000.0,yfinance,KS,1
20260406,000660,877000.0,901500.0,869000.0,886000.0,886000.0,3100989,2747476254000.0,yfinance,KS,1
20260407,000660,917000.0,933000.0,888000.0,916000.0,916000.0,3619929,3315854964000.0,yfinance,KS,1
20260408,000660,1007000.0,1056000.0,992000.0,1033000.0,1033000.0,6709356,6930764748000.0,yfinance,KS,1
20260409,000660,1015000.0,1025000.0,990000.0,998000.0,998000.0,5026817,5016763366000.0,yfinance,KS,1
20260410,000660,1030000.0,1042000.0,1024000.0,1027000.0,1027000.0,3134921,3219563867000.0,yfinance,KS,1
20260413,000660,999000.0,1043000.0,996000.0,1040000.0,1040000.0,2769753,2880543120000.0,yfinance,KS,1
20260414,000660,1092000.0,1128000.0,1078000.0,1103000.0,1103000.0,4754545,5244263135000.0,yfinance,KS,1
20260415,000660,1165000.0,1173000.0,1130000.0,1136000.0,1136000.0,4093703,4650446608000.0,yfinance,KS,1
20260416,000660,1141000.0,1161000.0,1130000.0,1155000.0,1155000.0,2901319,3351023445000.0,yfinance,KS,1
20260417,000660,1149000.0,1155000.0,1121000.0,1128000.0,1128000.0,3578235,4036249080000.0,yfinance,KS,1
20260420,000660,1148000.0,1175000.0,1141000.0,1166000.0,1166000.0,3748014,4370184324000.0,yfinance,KS,1
20260421,000660,1196000.0,1228000.0,1193000.0,1224000.0,1224000.0,3516960,4304759040000.0,yfinance,KS,1
20260422,000660,1227000.0,1233000.0,1195000.0,1223000.0,1223000.0,2894919,3540485937000.0,yfinance,KS,1
20260423,000660,1220000.0,1267000.0,1183000.0,1225000.0,1225000.0,5343871,6546241975000.0,yfinance,KS,1
20260424,000660,1237000.0,1242000.0,1193000.0,1222000.0,1222000.0,3127857,3822241254000.0,yfinance,KS,1
20260427,000660,1253000.0,1317000.0,1249000.0,1292000.0,1292000.0,4714131,6090657252000.0,yfinance,KS,0
20250428,005380,188100.0,190100.0,187000.0,189000.0,181779.171875,450993,85237677000.0,yfinance,KS,1
20250429,005380,192700.0,194000.0,189700.0,192800.0,185433.984375,594224,114566387200.0,yfinance,KS,1
20250430,005380,192700.0,193300.0,190200.0,190600.0,183318.03125,429791,81918164600.0,yfinance,KS,1
20250502,005380,190200.0,190500.0,188200.0,189400.0,182163.875,464020,87885388000.0,yfinance,KS,1
20250507,005380,191400.0,191400.0,186500.0,187600.0,180432.640625,666181,124975555600.0,yfinance,KS,1
20250508,005380,187600.0,188900.0,187100.0,187100.0,179951.75,543972,101777161200.0,yfinance,KS,1
20250509,005380,191200.0,193400.0,189500.0,189900.0,182644.78125,514047,97617525300.0,yfinance,KS,1
20250512,005380,191900.0,195800.0,191400.0,195800.0,188319.359375,569602,111528071600.0,yfinance,KS,1
20250513,005380,197400.0,198000.0,195100.0,196700.0,189184.984375,462830,91038661000.0,yfinance,KS,1
20250514,005380,197200.0,198300.0,194300.0,197100.0,189569.703125,557318,109847377800.0,yfinance,KS,1
20250515,005380,195200.0,196900.0,192200.0,192900.0,185530.140625,469355,90538579500.0,yfinance,KS,1
20250516,005380,193300.0,194700.0,193000.0,193800.0,186395.765625,311743,60415793400.0,yfinance,KS,1
20250519,005380,193000.0,193000.0,190000.0,191000.0,183702.765625,378893,72368563000.0,yfinance,KS,1
20250520,005380,192800.0,194100.0,189500.0,189500.0,182260.046875,422756,80112262000.0,yfinance,KS,1
20250521,005380,189500.0,190350.0,187400.0,188000.0,180817.375,558502,104998376000.0,yfinance,KS,1
20250522,005380,187000.0,187000.0,181900.0,182400.0,175431.328125,982354,179181369600.0,yfinance,KS,1
20250523,005380,182400.0,182500.0,179300.0,179900.0,173026.828125,829741,149270405900.0,yfinance,KS,1
20250526,005380,180100.0,183000.0,179700.0,181900.0,174950.40625,623947,113495959300.0,yfinance,KS,1
20250527,005380,180700.0,181900.0,180300.0,181900.0,174950.40625,502985,91492971500.0,yfinance,KS,1
20250528,005380,182400.0,186300.0,182400.0,185900.0,178797.59375,611926,113757043400.0,yfinance,KS,1
20250529,005380,189600.0,193000.0,186300.0,191000.0,186206.890625,1093538,208865758000.0,yfinance,KS,1
20250530,005380,187400.0,187500.0,185300.0,185300.0,180649.921875,781444,144801573200.0,yfinance,KS,1
20250602,005380,184600.0,185500.0,183100.0,184000.0,179382.546875,538182,99025488000.0,yfinance,KS,1
20250604,005380,185100.0,186500.0,184100.0,186000.0,181332.34375,577325,107382450000.0,yfinance,KS,1
20250605,005380,186000.0,193000.0,186000.0,189600.0,184842.015625,797915,151284684000.0,yfinance,KS,1
20250609,005380,192900.0,198400.0,192300.0,197800.0,192836.234375,1665140,329364692000.0,yfinance,KS,1
20250610,005380,201000.0,201500.0,195800.0,197000.0,192056.296875,998951,196793347000.0,yfinance,KS,1
20250611,005380,199100.0,201500.0,199000.0,201000.0,195955.921875,649618,130573218000.0,yfinance,KS,1
20250612,005380,201500.0,204500.0,200500.0,201500.0,196443.390625,885521,178432481500.0,yfinance,KS,1
20250613,005380,199400.0,199800.0,196800.0,199000.0,194006.125,933606,185787594000.0,yfinance,KS,1
20250616,005380,198300.0,202000.0,196200.0,201500.0,196443.390625,500547,100860220500.0,yfinance,KS,1
20250617,005380,202500.0,208000.0,200500.0,205000.0,199855.546875,950447,194841635000.0,yfinance,KS,1
20250618,005380,202500.0,207000.0,200500.0,206000.0,200830.453125,575644,118582664000.0,yfinance,KS,1
20250619,005380,209500.0,211500.0,205500.0,207000.0,201805.375,538891,111550437000.0,yfinance,KS,1
20250620,005380,208000.0,210500.0,205500.0,210000.0,204730.078125,662635,139153350000.0,yfinance,KS,1
20250623,005380,205500.0,206000.0,200500.0,201500.0,196443.390625,935001,188402701500.0,yfinance,KS,1
20250624,005380,206500.0,208000.0,203000.0,206000.0,200830.453125,718116,147931896000.0,yfinance,KS,1
20250625,005380,206500.0,221500.0,206000.0,217000.0,211554.40625,1789517,388325189000.0,yfinance,KS,1
20250626,005380,214500.0,215000.0,208000.0,209500.0,204242.640625,814616,170662052000.0,yfinance,KS,1
20250627,005380,211000.0,211000.0,203000.0,205000.0,199855.546875,764378,156697490000.0,yfinance,KS,1
20250630,005380,204500.0,207000.0,203500.0,203500.0,198393.203125,492507,100225174500.0,yfinance,KS,1
20250701,005380,204000.0,214500.0,203500.0,210000.0,204730.078125,1059697,222536370000.0,yfinance,KS,1
20250702,005380,215000.0,218000.0,210000.0,213500.0,208142.234375,1058819,226057856500.0,yfinance,KS,1
20250703,005380,215000.0,217000.0,211500.0,214500.0,209117.15625,562758,120711591000.0,yfinance,KS,1
20250704,005380,214500.0,216500.0,210000.0,210500.0,205217.53125,415693,87503376500.0,yfinance,KS,1
20250707,005380,210000.0,210500.0,207000.0,208500.0,203267.71875,398058,82995093000.0,yfinance,KS,1
20250708,005380,207000.0,211500.0,205500.0,211000.0,205705.0,499225,105336475000.0,yfinance,KS,1
20250709,005380,208500.0,209500.0,205500.0,209500.0,204242.640625,524731,109931144500.0,yfinance,KS,1
20250710,005380,210000.0,211500.0,205500.0,208000.0,202780.25,719453,149646224000.0,yfinance,KS,1
20250711,005380,209000.0,211500.0,207500.0,208000.0,202780.25,592335,123205680000.0,yfinance,KS,1
20250714,005380,208500.0,218000.0,208000.0,217000.0,211554.40625,1241993,269512481000.0,yfinance,KS,1
20250715,005380,217000.0,217500.0,209500.0,211000.0,205705.0,1111748,234578828000.0,yfinance,KS,1
20250716,005380,211000.0,211000.0,207500.0,207500.0,202292.8125,492782,102252265000.0,yfinance,KS,1
20250717,005380,208500.0,212000.0,205500.0,210000.0,204730.078125,611349,128383290000.0,yfinance,KS,1
20250718,005380,210000.0,212500.0,208500.0,210500.0,205217.53125,317353,66802806500.0,yfinance,KS,1
20250721,005380,209500.0,210500.0,208000.0,209000.0,203755.171875,460835,96314515000.0,yfinance,KS,1
20250722,005380,209000.0,209500.0,204500.0,206500.0,201317.90625,441603,91191019500.0,yfinance,KS,1
20250723,005380,213000.0,223000.0,213000.0,222000.0,216428.953125,2832242,628757724000.0,yfinance,KS,1
20250724,005380,221000.0,225500.0,214500.0,217500.0,212041.859375,1417925,308398687500.0,yfinance,KS,1
20250725,005380,215000.0,221000.0,214000.0,216500.0,211066.96875,665815,144148947500.0,yfinance,KS,1
20250728,005380,221500.0,222500.0,216000.0,218500.0,213016.78125,692799,151376581500.0,yfinance,KS,1
20250729,005380,217500.0,218500.0,214000.0,218000.0,212529.328125,646415,140918470000.0,yfinance,KS,1
20250730,005380,215500.0,228000.0,215500.0,223000.0,217403.84375,1239327,276369921000.0,yfinance,KS,1
20250731,005380,233000.0,233000.0,212000.0,213000.0,207654.796875,2956498,629734074000.0,yfinance,KS,1
20250801,005380,211000.0,215500.0,210000.0,210000.0,204730.078125,1083280,227488800000.0,yfinance,KS,1
20250804,005380,210000.0,212500.0,207000.0,211000.0,205705.0,651682,137504902000.0,yfinance,KS,1
20250805,005380,213000.0,215000.0,209500.0,210500.0,205217.53125,480510,101147355000.0,yfinance,KS,1
20250806,005380,209000.0,211500.0,208500.0,210500.0,205217.53125,385330,81111965000.0,yfinance,KS,1
20250807,005380,213500.0,215000.0,211000.0,212500.0,207167.34375,421547,89578737500.0,yfinance,KS,1
20250808,005380,212500.0,214000.0,211500.0,212500.0,207167.34375,440664,93641100000.0,yfinance,KS,1
20250811,005380,213000.0,213500.0,211500.0,212500.0,207167.34375,298656,63464400000.0,yfinance,KS,1
20250812,005380,212000.0,216000.0,211500.0,213000.0,207654.796875,347183,73949979000.0,yfinance,KS,1
20250813,005380,215500.0,216000.0,214000.0,216000.0,210579.5,377571,81555336000.0,yfinance,KS,1
20250814,005380,216000.0,219000.0,216000.0,217500.0,212041.859375,546695,118906162500.0,yfinance,KS,1
20250818,005380,217500.0,218000.0,215000.0,216500.0,211066.96875,405813,87858514500.0,yfinance,KS,1
20250819,005380,216500.0,219000.0,215000.0,219000.0,213504.21875,442222,96846618000.0,yfinance,KS,1
20250820,005380,218500.0,222000.0,217500.0,220500.0,214966.59375,784564,172996362000.0,yfinance,KS,1
20250821,005380,221000.0,224500.0,220500.0,221500.0,215941.484375,601284,133184406000.0,yfinance,KS,1
20250822,005380,222000.0,223500.0,219500.0,220000.0,214479.125,401067,88234740000.0,yfinance,KS,1
20250825,005380,221500.0,222000.0,217500.0,222000.0,216428.953125,419600,93151200000.0,yfinance,KS,1
20250826,005380,220500.0,222000.0,217500.0,218500.0,213016.78125,806670,176257395000.0,yfinance,KS,1
20250827,005380,219000.0,221000.0,218500.0,220000.0,214479.125,337163,74175860000.0,yfinance,KS,1
20250828,005380,218500.0,225000.0,218000.0,222000.0,218916.625,734689,163100958000.0,yfinance,KS,1
20250829,005380,223000.0,224500.0,218500.0,220000.0,216944.40625,606655,133464100000.0,yfinance,KS,1
20250901,005380,220500.0,223000.0,219000.0,220500.0,217437.46875,504672,111280176000.0,yfinance,KS,1
20250902,005380,221000.0,221000.0,217000.0,220000.0,216944.40625,365383,80384260000.0,yfinance,KS,1
20250903,005380,218500.0,223500.0,218500.0,221500.0,218423.578125,459718,101827537000.0,yfinance,KS,1
20250904,005380,221000.0,221500.0,219500.0,221500.0,218423.578125,249504,55265136000.0,yfinance,KS,1
20250905,005380,222000.0,222500.0,219500.0,220000.0,216944.40625,245652,54043440000.0,yfinance,KS,1
20250908,005380,218000.0,218500.0,215500.0,218500.0,215465.234375,382254,83522499000.0,yfinance,KS,1
20250909,005380,219500.0,220500.0,218500.0,219000.0,215958.296875,407652,89275788000.0,yfinance,KS,1
20250910,005380,219500.0,222000.0,219000.0,220500.0,217437.46875,427432,94248756000.0,yfinance,KS,1
20250911,005380,221500.0,223000.0,219000.0,223000.0,219902.734375,569436,126984228000.0,yfinance,KS,1
20250912,005380,222500.0,224000.0,220500.0,223500.0,220395.796875,666184,148892124000.0,yfinance,KS,1
20250915,005380,221500.0,221500.0,215000.0,215000.0,212013.84375,1712249,368133535000.0,yfinance,KS,1
20250916,005380,216000.0,216500.0,215000.0,215000.0,212013.84375,492855,105963825000.0,yfinance,KS,1
20250917,005380,216000.0,216500.0,215000.0,216000.0,212999.953125,412548,89110368000.0,yfinance,KS,1
20250918,005380,216500.0,218500.0,215000.0,216500.0,213493.015625,652885,141349602500.0,yfinance,KS,1
20250922,005380,215000.0,219000.0,214500.0,218000.0,214972.1875,499195,108824510000.0,yfinance,KS,1
20250923,005380,217500.0,220000.0,217500.0,219000.0,215958.296875,473760,103753440000.0,yfinance,KS,1
20250924,005380,218000.0,219500.0,216500.0,217500.0,214479.125,383310,83369925000.0,yfinance,KS,1
20250925,005380,217000.0,217500.0,215500.0,217000.0,213986.078125,509882,110644394000.0,yfinance,KS,1
20250926,005380,215000.0,215500.0,213000.0,214500.0,211520.796875,448652,96235854000.0,yfinance,KS,1
20250929,005380,215500.0,216500.0,214000.0,215000.0,212013.84375,339105,72907575000.0,yfinance,KS,1
20250930,005380,214000.0,216000.0,214000.0,215000.0,212013.84375,339691,73033565000.0,yfinance,KS,1
20251001,005380,215500.0,217000.0,215000.0,215500.0,212506.90625,297048,64013844000.0,yfinance,KS,1
20251002,005380,216500.0,223000.0,216500.0,220000.0,216944.40625,1099674,241928280000.0,yfinance,KS,1
20251010,005380,219000.0,220250.0,216500.0,217000.0,213986.078125,779161,169077937000.0,yfinance,KS,1
20251013,005380,214500.0,219500.0,214000.0,218500.0,215465.234375,544349,118940256500.0,yfinance,KS,1
20251014,005380,218500.0,225000.0,218000.0,223000.0,219902.734375,885802,197533846000.0,yfinance,KS,1
20251015,005380,223000.0,224000.0,220000.0,223500.0,220395.796875,670710,149903685000.0,yfinance,KS,1
20251016,005380,237000.0,245000.0,234000.0,242000.0,238638.84375,2115204,511879368000.0,yfinance,KS,1
20251017,005380,241000.0,246000.0,239500.0,243000.0,239624.953125,994190,241588170000.0,yfinance,KS,1
20251020,005380,251500.0,252000.0,241500.0,248000.0,244555.5,1155423,286544904000.0,yfinance,KS,1
20251021,005380,252000.0,267000.0,251500.0,256500.0,252937.453125,2002410,513618165000.0,yfinance,KS,1
20251022,005380,265000.0,265000.0,254500.0,261000.0,257374.953125,1060973,276913953000.0,yfinance,KS,1
20251023,005380,256500.0,258500.0,251000.0,252000.0,248499.953125,909720,229249440000.0,yfinance,KS,1
20251024,005380,253500.0,254000.0,248000.0,252500.0,248993.015625,775983,195935707500.0,yfinance,KS,1
20251027,005380,253500.0,259500.0,253000.0,254500.0,250965.234375,763121,194214294500.0,yfinance,KS,1
20251028,005380,253500.0,253500.0,249000.0,250500.0,247020.78125,677447,169700473500.0,yfinance,KS,1
20251029,005380,254500.0,259500.0,251000.0,258000.0,254416.609375,937830,241960140000.0,yfinance,KS,1
20251030,005380,287500.0,289500.0,263000.0,265000.0,261319.390625,2958411,783978915000.0,yfinance,KS,1
20251031,005380,273500.0,294000.0,270500.0,290000.0,285972.1875,3631736,1053203440000.0,yfinance,KS,1
20251103,005380,297500.0,298000.0,288000.0,291500.0,287451.34375,1498016,436671664000.0,yfinance,KS,1
20251104,005380,286500.0,288500.0,276000.0,276000.0,272166.625,1416294,390897144000.0,yfinance,KS,1
20251105,005380,270000.0,271500.0,259000.0,268500.0,264770.8125,1420277,381344374500.0,yfinance,KS,1
20251106,005380,274500.0,275000.0,264500.0,269000.0,265263.84375,686561,184684909000.0,yfinance,KS,1
20251107,005380,261000.0,267000.0,259500.0,264000.0,260333.28125,666772,176027808000.0,yfinance,KS,1
20251110,005380,266500.0,274000.0,265000.0,270500.0,266743.0,692464,187311512000.0,yfinance,KS,1
20251111,005380,272500.0,274000.0,267500.0,269000.0,265263.84375,494203,132940607000.0,yfinance,KS,1
20251112,005380,271500.0,278500.0,269500.0,275500.0,271673.5625,807526,222473413000.0,yfinance,KS,1
20251113,005380,273000.0,279000.0,272500.0,278500.0,274631.90625,681153,189701110500.0,yfinance,KS,1
20251114,005380,272500.0,278000.0,272000.0,272500.0,268715.21875,579023,157783767500.0,yfinance,KS,1
20251117,005380,275500.0,275500.0,271500.0,271500.0,267729.125,384305,104338807500.0,yfinance,KS,1
20251118,005380,269000.0,271500.0,263500.0,264500.0,260826.34375,475705,125823972500.0,yfinance,KS,1
20251119,005380,272000.0,272000.0,261500.0,264000.0,260333.28125,413452,109151328000.0,yfinance,KS,1
20251120,005380,267000.0,267500.0,262000.0,262000.0,258361.0625,501196,131313352000.0,yfinance,KS,1
20251121,005380,255000.0,261000.0,254500.0,259500.0,255895.796875,538414,139718433000.0,yfinance,KS,1
20251124,005380,262000.0,262000.0,257500.0,257500.0,253923.5625,610389,157175167500.0,yfinance,KS,1
20251125,005380,261000.0,262000.0,256500.0,257500.0,253923.5625,390393,100526197500.0,yfinance,KS,1
20251126,005380,260500.0,262000.0,259500.0,261500.0,257868.0,402781,105327231500.0,yfinance,KS,1
20251127,005380,261500.0,262500.0,259500.0,261500.0,260357.078125,289061,75589451500.0,yfinance,KS,1
20251128,005380,261500.0,265500.0,259000.0,261500.0,260357.078125,511004,133627546000.0,yfinance,KS,1
20251201,005380,261000.0,261500.0,253500.0,254500.0,253387.671875,555473,141367878500.0,yfinance,KS,1
20251202,005380,257500.0,267500.0,257000.0,266000.0,264837.40625,1084944,288595104000.0,yfinance,KS,1
20251203,005380,266500.0,267500.0,263000.0,266500.0,265335.21875,483994,128984401000.0,yfinance,KS,1
20251204,005380,273000.0,284500.0,270000.0,283500.0,282260.9375,1994134,565336989000.0,yfinance,KS,1
20251205,005380,282000.0,316500.0,280000.0,315000.0,313623.25,3892799,1226231685000.0,yfinance,KS,1
20251208,005380,321000.0,321000.0,308500.0,315500.0,314121.0625,1913789,603800429500.0,yfinance,KS,1
20251209,005380,308000.0,312000.0,301500.0,307000.0,305658.21875,1229611,377490577000.0,yfinance,KS,1
20251210,005380,304500.0,306000.0,297500.0,302500.0,301177.875,1173271,354914477500.0,yfinance,KS,1
20251211,005380,304000.0,306500.0,295500.0,295500.0,294208.46875,1465528,433063524000.0,yfinance,KS,1
20251212,005380,299000.0,303000.0,295500.0,301500.0,300182.25,827283,249425824500.0,yfinance,KS,1
20251215,005380,296500.0,297500.0,293500.0,293500.0,292217.21875,798990,234503565000.0,yfinance,KS,1
20251216,005380,296500.0,301500.0,284500.0,286000.0,284750.0,1264096,361531456000.0,yfinance,KS,1
20251217,005380,288000.0,288500.0,284000.0,286000.0,284750.0,686802,196425372000.0,yfinance,KS,1
20251218,005380,280500.0,285000.0,280000.0,282500.0,281265.3125,705877,199410252500.0,yfinance,KS,1
20251219,005380,285500.0,288500.0,278500.0,288500.0,287239.0625,1210816,349320416000.0,yfinance,KS,1
20251222,005380,290500.0,290500.0,285000.0,289000.0,287736.875,676748,195580172000.0,yfinance,KS,1
20251223,005380,290500.0,292500.0,285500.0,287000.0,285745.625,699584,200780608000.0,yfinance,KS,1
20251224,005380,289000.0,300000.0,287000.0,289000.0,287736.875,1295368,374361352000.0,yfinance,KS,1
20251226,005380,292000.0,292000.0,285000.0,286000.0,284750.0,847245,242312070000.0,yfinance,KS,1
20251229,005380,284500.0,294000.0,282500.0,293500.0,292217.21875,697450,204701575000.0,yfinance,KS,1
20251230,005380,291000.0,297500.0,289500.0,296500.0,295204.09375,628188,186257742000.0,yfinance,KS,1
20260102,005380,299500.0,302000.0,293000.0,298500.0,297195.375,955205,285128692500.0,yfinance,KS,1
20260105,005380,302500.0,310000.0,302000.0,304500.0,303169.15625,1292161,393463024500.0,yfinance,KS,1
20260106,005380,318000.0,330000.0,304000.0,308000.0,306653.84375,3346949,1030860292000.0,yfinance,KS,1
20260107,005380,314000.0,362000.0,313000.0,350500.0,348968.09375,7764177,2721344038500.0,yfinance,KS,1
20260108,005380,361000.0,361000.0,338000.0,340500.0,339011.8125,3053301,1039648990500.0,yfinance,KS,1
20260109,005380,349000.0,369000.0,340000.0,366000.0,364400.34375,3104258,1136158428000.0,yfinance,KS,1
20260112,005380,383000.0,383500.0,358500.0,367000.0,365395.96875,3027809,1111205903000.0,yfinance,KS,1
20260113,005380,380500.0,413500.0,378000.0,406000.0,404225.53125,5463622,2218230532000.0,yfinance,KS,1
20260114,005380,406500.0,413500.0,398000.0,411500.0,409701.5,2861932,1177685018000.0,yfinance,KS,1
20260115,005380,409500.0,425000.0,405000.0,422000.0,420155.59375,2864894,1208985268000.0,yfinance,KS,1
20260116,005380,426500.0,426500.0,408000.0,413000.0,411194.9375,2589883,1069621679000.0,yfinance,KS,1
20260119,005380,420000.0,487000.0,419500.0,480000.0,477902.09375,5990850,2875608000000.0,yfinance,KS,1
20260120,005380,494000.0,496500.0,460500.0,479000.0,476906.46875,5235613,2507858627000.0,yfinance,KS,1
20260121,005380,468000.0,551000.0,467500.0,549000.0,546600.5,7830202,4298780898000.0,yfinance,KS,1
20260122,005380,586000.0,590000.0,525000.0,529000.0,526687.9375,7176207,3796213503000.0,yfinance,KS,1
20260123,005380,530000.0,543000.0,500000.0,510000.0,507770.96875,4774169,2434826190000.0,yfinance,KS,1
20260126,005380,499000.0,515000.0,490000.0,492500.0,490347.46875,3680159,1812478307500.0,yfinance,KS,1
20260127,005380,473000.0,499000.0,469000.0,488500.0,486364.9375,4492400,2194537400000.0,yfinance,KS,1
20260128,005380,505000.0,506000.0,490500.0,492500.0,490347.46875,2514604,1238442470000.0,yfinance,KS,1
20260129,005380,501000.0,529000.0,494000.0,528000.0,525692.3125,5431226,2867687328000.0,yfinance,KS,1
20260130,005380,516000.0,517000.0,500000.0,500000.0,497814.6875,3032673,1516336500000.0,yfinance,KS,1
20260202,005380,486000.0,507000.0,473000.0,478000.0,475910.84375,2652237,1267769286000.0,yfinance,KS,1
20260203,005380,487000.0,495000.0,473000.0,491500.0,489351.84375,2275995,1118651542500.0,yfinance,KS,1
20260204,005380,502000.0,518000.0,497500.0,504000.0,501797.1875,1706630,860141520000.0,yfinance,KS,1
20260205,005380,492500.0,508000.0,483500.0,488500.0,486364.9375,1653286,807630211000.0,yfinance,KS,1
20260206,005380,469500.0,473000.0,452000.0,467500.0,465456.71875,2023516,945993730000.0,yfinance,KS,1
20260209,005380,484000.0,485000.0,473000.0,478000.0,475910.84375,1518143,725672354000.0,yfinance,KS,1
20260210,005380,499000.0,505000.0,479000.0,480500.0,478399.90625,1738747,835467933500.0,yfinance,KS,1
20260211,005380,480500.0,515000.0,477000.0,509000.0,506775.34375,3270111,1664486499000.0,yfinance,KS,1
20260212,005380,512000.0,512000.0,498000.0,506000.0,503788.46875,1733637,877220322000.0,yfinance,KS,1
20260213,005380,499500.0,509500.0,497500.0,499000.0,496819.0625,1147006,572355994000.0,yfinance,KS,1
20260219,005380,504000.0,523000.0,495500.0,513000.0,510757.875,1907584,978590592000.0,yfinance,KS,1
20260220,005380,516000.0,516000.0,504000.0,509000.0,506775.34375,1251835,637184015000.0,yfinance,KS,1
20260223,005380,524000.0,541000.0,517000.0,523000.0,520714.15625,2094265,1095300595000.0,yfinance,KS,1
20260224,005380,522000.0,530000.0,505000.0,524000.0,521709.78125,1490869,781215356000.0,yfinance,KS,1
20260225,005380,535000.0,584000.0,532000.0,572000.0,569500.0,4149696,2373626112000.0,yfinance,KS,1
20260226,005380,574000.0,618000.0,563000.0,609000.0,609000.0,2894222,1762581198000.0,yfinance,KS,1
20260227,005380,592000.0,687000.0,590000.0,674000.0,674000.0,4354409,2934871666000.0,yfinance,KS,1
20260303,005380,654000.0,658000.0,594000.0,595000.0,595000.0,3763225,2239118875000.0,yfinance,KS,1
20260304,005380,560000.0,593000.0,497500.0,501000.0,501000.0,4855346,2432528346000.0,yfinance,KS,1
20260305,005380,565000.0,582000.0,540000.0,548000.0,548000.0,2663493,1459594164000.0,yfinance,KS,1
20260306,005380,532000.0,564000.0,530000.0,553000.0,553000.0,1582300,875011900000.0,yfinance,KS,1
20260309,005380,504000.0,511000.0,491000.0,507000.0,507000.0,1913094,969938658000.0,yfinance,KS,1
20260310,005380,538000.0,541000.0,519000.0,525000.0,525000.0,1270933,667239825000.0,yfinance,KS,1
20260311,005380,550000.0,561000.0,523000.0,530000.0,530000.0,1415825,750387250000.0,yfinance,KS,1
20260312,005380,524000.0,528000.0,513000.0,521000.0,521000.0,1146292,597218132000.0,yfinance,KS,1
20260313,005380,502000.0,529500.0,501000.0,517000.0,517000.0,950437,491375929000.0,yfinance,KS,1
20260316,005380,511000.0,520000.0,499000.0,506000.0,506000.0,1348089,682133034000.0,yfinance,KS,1
20260317,005380,528000.0,544000.0,520000.0,522000.0,522000.0,1346937,703101114000.0,yfinance,KS,1
20260318,005380,536000.0,545000.0,530000.0,545000.0,545000.0,930616,507185720000.0,yfinance,KS,1
20260319,005380,521000.0,530000.0,521000.0,522000.0,522000.0,770000,401940000000.0,yfinance,KS,1
20260320,005380,527000.0,528000.0,517000.0,517000.0,517000.0,1049264,542469488000.0,yfinance,KS,1
20260323,005380,500000.0,501000.0,485000.0,485000.0,485000.0,1603262,777582070000.0,yfinance,KS,1
20260324,005380,508000.0,509000.0,484000.0,492000.0,492000.0,1082455,532567860000.0,yfinance,KS,1
20260325,005380,509000.0,518000.0,498500.0,501000.0,501000.0,1102731,552468231000.0,yfinance,KS,1
20260326,005380,496000.0,499500.0,486000.0,490000.0,490000.0,954455,467682950000.0,yfinance,KS,1
20260327,005380,472500.0,498500.0,467000.0,495000.0,495000.0,1151726,570104370000.0,yfinance,KS,1
20260330,005380,468500.0,472500.0,461000.0,469500.0,469500.0,942256,442389192000.0,yfinance,KS,1
20260331,005380,459500.0,464000.0,445000.0,445500.0,445500.0,1271113,566280841500.0,yfinance,KS,1
20260401,005380,472000.0,492500.0,466000.0,487500.0,487500.0,974266,474954675000.0,yfinance,KS,1
20260402,005380,499000.0,499500.0,457000.0,465500.0,465500.0,1331860,619980830000.0,yfinance,KS,1
20260403,005380,475500.0,485000.0,467000.0,471000.0,471000.0,659219,310492149000.0,yfinance,KS,1
20260406,005380,469500.0,477500.0,465000.0,469000.0,469000.0,553057,259383733000.0,yfinance,KS,1
20260407,005380,477000.0,481500.0,465500.0,473000.0,473000.0,704114,333045922000.0,yfinance,KS,1
20260408,005380,500000.0,510000.0,490000.0,508000.0,508000.0,1291522,656093176000.0,yfinance,KS,1
20260409,005380,510000.0,514000.0,487000.0,489500.0,489500.0,990889,485040165500.0,yfinance,KS,1
20260410,005380,498000.0,499500.0,489500.0,489500.0,489500.0,814112,398507824000.0,yfinance,KS,1
20260413,005380,476500.0,486500.0,474500.0,478500.0,478500.0,637565,305074852500.0,yfinance,KS,1
20260414,005380,492500.0,501500.0,489000.0,491500.0,491500.0,778907,382832790500.0,yfinance,KS,1
20260415,005380,510000.0,519000.0,502000.0,508000.0,508000.0,867909,440897772000.0,yfinance,KS,1
20260416,005380,530000.0,544000.0,527000.0,534000.0,534000.0,1524311,813982074000.0,yfinance,KS,1
20260417,005380,547000.0,548000.0,531000.0,538000.0,538000.0,724452,389755176000.0,yfinance,KS,1
20260420,005380,533000.0,541000.0,526000.0,527000.0,527000.0,835506,440311662000.0,yfinance,KS,1
20260421,005380,534000.0,548000.0,530000.0,546000.0,546000.0,946609,516848514000.0,yfinance,KS,1
20260422,005380,540000.0,542000.0,531000.0,541000.0,541000.0,747125,404194625000.0,yfinance,KS,1
20260423,005380,547000.0,551000.0,525000.0,532000.0,532000.0,1089561,579646452000.0,yfinance,KS,1
20260424,005380,525000.0,526000.0,510000.0,513000.0,513000.0,1228355,630146115000.0,yfinance,KS,1
20260427,005380,520000.0,533000.0,515000.0,524000.0,524000.0,975263,511037812000.0,yfinance,KS,0
20250428,373220,349500.0,349500.0,343000.0,346000.0,346000.0,132948,46000008000.0,yfinance,KS,1
20250429,373220,346500.0,350000.0,343500.0,350000.0,350000.0,154760,54166000000.0,yfinance,KS,1
20250430,373220,347500.0,348500.0,323000.0,324500.0,324500.0,471209,152907320500.0,yfinance,KS,1
20250502,373220,325000.0,327500.0,320500.0,320500.0,320500.0,202479,64894519500.0,yfinance,KS,1
20250507,373220,322000.0,324500.0,319000.0,322500.0,322500.0,217160,70034100000.0,yfinance,KS,1
20250508,373220,322000.0,329000.0,319500.0,327500.0,327500.0,384939,126067522500.0,yfinance,KS,1
20250509,373220,327500.0,327500.0,317500.0,318000.0,318000.0,252119,80173842000.0,yfinance,KS,1
20250512,373220,320500.0,322000.0,318000.0,321500.0,321500.0,133817,43022165500.0,yfinance,KS,1
20250513,373220,323500.0,323500.0,310500.0,312000.0,312000.0,286158,89281296000.0,yfinance,KS,1
20250514,373220,313000.0,315000.0,306000.0,313500.0,313500.0,223695,70128382500.0,yfinance,KS,1
20250515,373220,313500.0,321000.0,306500.0,307000.0,307000.0,316371,97125897000.0,yfinance,KS,1
20250516,373220,305000.0,307000.0,290000.0,290500.0,290500.0,583328,169456784000.0,yfinance,KS,1
20250519,373220,291500.0,297000.0,290500.0,291500.0,291500.0,158255,46131332500.0,yfinance,KS,1
20250520,373220,292000.0,293000.0,278000.0,279500.0,279500.0,445299,124461070500.0,yfinance,KS,1
20250521,373220,278500.0,285000.0,277500.0,277500.0,277500.0,179424,49790160000.0,yfinance,KS,1
20250522,373220,277000.0,284000.0,268000.0,274500.0,274500.0,331567,91015141500.0,yfinance,KS,1
20250523,373220,276500.0,277000.0,266000.0,268000.0,268000.0,213740,57282320000.0,yfinance,KS,1
20250526,373220,268500.0,280000.0,268500.0,278000.0,278000.0,205921,57246038000.0,yfinance,KS,1
20250527,373220,275500.0,276500.0,268500.0,272500.0,272500.0,149335,40693787500.0,yfinance,KS,1
20250528,373220,276500.0,290000.0,272500.0,289000.0,289000.0,395192,114210488000.0,yfinance,KS,1
20250529,373220,289000.0,291000.0,283000.0,288000.0,288000.0,189663,54622944000.0,yfinance,KS,1
20250530,373220,286000.0,290000.0,283500.0,286000.0,286000.0,224384,64173824000.0,yfinance,KS,1
20250602,373220,290500.0,291500.0,281500.0,284500.0,284500.0,174819,49736005500.0,yfinance,KS,1
20250604,373220,288000.0,293000.0,286000.0,288500.0,288500.0,214348,61839398000.0,yfinance,KS,1
20250605,373220,287500.0,295000.0,284500.0,291000.0,291000.0,207656,60427896000.0,yfinance,KS,1
20250609,373220,291500.0,291500.0,280500.0,285000.0,285000.0,297462,84776670000.0,yfinance,KS,1
20250610,373220,286500.0,292000.0,285000.0,288500.0,288500.0,213404,61567054000.0,yfinance,KS,1
20250611,373220,291000.0,296000.0,289000.0,292500.0,292500.0,278005,81316462500.0,yfinance,KS,1
20250612,373220,292500.0,304000.0,291000.0,304000.0,304000.0,555229,168789616000.0,yfinance,KS,1
20250613,373220,300000.0,300000.0,290000.0,296000.0,296000.0,325863,96455448000.0,yfinance,KS,1
20250616,373220,292000.0,293500.0,288000.0,293000.0,293000.0,192457,56389901000.0,yfinance,KS,1
20250617,373220,298000.0,301500.0,292000.0,294000.0,294000.0,243494,71587236000.0,yfinance,KS,1
20250618,373220,291500.0,296500.0,290500.0,292000.0,292000.0,193404,56473968000.0,yfinance,KS,1
20250619,373220,293500.0,294000.0,289000.0,291000.0,291000.0,146199,42543909000.0,yfinance,KS,1
20250620,373220,291000.0,306000.0,289500.0,305000.0,305000.0,498474,152034570000.0,yfinance,KS,1
20250623,373220,298500.0,300000.0,291000.0,294000.0,294000.0,193331,56839314000.0,yfinance,KS,1
20250624,373220,299500.0,306000.0,298000.0,300500.0,300500.0,275626,82825613000.0,yfinance,KS,1
20250625,373220,301500.0,301500.0,295000.0,298000.0,298000.0,185031,55139238000.0,yfinance,KS,1
20250626,373220,299000.0,300500.0,294500.0,297000.0,297000.0,162439,48244383000.0,yfinance,KS,1
20250627,373220,297500.0,297500.0,287000.0,288000.0,288000.0,219699,63273312000.0,yfinance,KS,1
20250630,373220,290000.0,297500.0,290000.0,297000.0,297000.0,209821,62316837000.0,yfinance,KS,1
20250701,373220,296500.0,300000.0,292500.0,297500.0,297500.0,226370,67345075000.0,yfinance,KS,1
20250702,373220,295500.0,303000.0,291500.0,302500.0,302500.0,292735,88552337500.0,yfinance,KS,1
20250703,373220,304500.0,325000.0,303000.0,318500.0,318500.0,640510,204002435000.0,yfinance,KS,1
20250704,373220,313000.0,314500.0,307000.0,310500.0,310500.0,237717,73811128500.0,yfinance,KS,1
20250707,373220,327500.0,331000.0,306500.0,315000.0,315000.0,610772,192393180000.0,yfinance,KS,1
20250708,373220,314000.0,318500.0,305000.0,307000.0,307000.0,325080,99799560000.0,yfinance,KS,1
20250709,373220,310000.0,316000.0,302000.0,305000.0,305000.0,246419,75157795000.0,yfinance,KS,1
20250710,373220,309500.0,318000.0,307000.0,318000.0,318000.0,583717,185622006000.0,yfinance,KS,1
20250711,373220,316000.0,326000.0,315000.0,321500.0,321500.0,390914,125678851000.0,yfinance,KS,1
20250714,373220,321000.0,321000.0,313500.0,315000.0,315000.0,191507,60324705000.0,yfinance,KS,1
20250715,373220,317000.0,319000.0,314500.0,316500.0,316500.0,137843,43627309500.0,yfinance,KS,1
20250716,373220,315000.0,315500.0,310500.0,311000.0,311000.0,155707,48424877000.0,yfinance,KS,1
20250717,373220,314500.0,318500.0,310500.0,317000.0,317000.0,146499,46440183000.0,yfinance,KS,1
20250718,373220,317000.0,323000.0,317000.0,322500.0,322500.0,281309,90722152500.0,yfinance,KS,1
20250721,373220,324500.0,333000.0,320000.0,331000.0,331000.0,329882,109190942000.0,yfinance,KS,1
20250722,373220,333000.0,341500.0,330000.0,333500.0,333500.0,298394,99514399000.0,yfinance,KS,1
20250723,373220,337500.0,339500.0,330000.0,336500.0,336500.0,177219,59634193500.0,yfinance,KS,1
20250724,373220,340500.0,370000.0,340000.0,368000.0,368000.0,1038021,381991728000.0,yfinance,KS,1
20250725,373220,363500.0,366500.0,356500.0,363500.0,363500.0,379275,137866462500.0,yfinance,KS,1
20250728,373220,369500.0,384000.0,369500.0,380500.0,380500.0,716214,272519427000.0,yfinance,KS,1
20250729,373220,373000.0,394500.0,370000.0,392000.0,392000.0,623554,244433168000.0,yfinance,KS,1
20250730,373220,390500.0,397000.0,382500.0,393000.0,393000.0,676449,265844457000.0,yfinance,KS,1
20250731,373220,400500.0,403000.0,377000.0,382500.0,382500.0,694580,265676850000.0,yfinance,KS,1
20250801,373220,382500.0,385000.0,371500.0,373000.0,373000.0,339780,126737940000.0,yfinance,KS,1
20250804,373220,379000.0,381000.0,369000.0,375500.0,375500.0,299735,112550492500.0,yfinance,KS,1
20250805,373220,380500.0,393500.0,380000.0,386500.0,386500.0,457186,176702389000.0,yfinance,KS,1
20250806,373220,382500.0,391000.0,379500.0,384000.0,384000.0,308979,118647936000.0,yfinance,KS,1
20250807,373220,387000.0,390000.0,380500.0,386500.0,386500.0,208461,80570176500.0,yfinance,KS,1
20250808,373220,385000.0,385500.0,374000.0,378500.0,378500.0,268294,101549279000.0,yfinance,KS,1
20250811,373220,382500.0,390000.0,380000.0,389000.0,389000.0,317685,123579465000.0,yfinance,KS,1
20250812,373220,384500.0,394500.0,382500.0,388500.0,388500.0,199075,77340637500.0,yfinance,KS,1
20250813,373220,392500.0,392500.0,383000.0,389500.0,389500.0,161247,62805706500.0,yfinance,KS,1
20250814,373220,391000.0,399500.0,391000.0,394000.0,394000.0,316057,124526458000.0,yfinance,KS,1
20250818,373220,392000.0,393000.0,382500.0,383000.0,383000.0,187924,71974892000.0,yfinance,KS,1
20250819,373220,384000.0,386500.0,378000.0,384000.0,384000.0,108072,41499648000.0,yfinance,KS,1
20250820,373220,378500.0,383500.0,375000.0,377500.0,377500.0,149517,56442667500.0,yfinance,KS,1
20250821,373220,379000.0,382000.0,371000.0,372500.0,372500.0,166077,61863682500.0,yfinance,KS,1
20250822,373220,373000.0,376000.0,365000.0,367500.0,367500.0,168692,61994310000.0,yfinance,KS,1
20250825,373220,373000.0,380000.0,371000.0,380000.0,380000.0,131387,49927060000.0,yfinance,KS,1
20250826,373220,377500.0,386000.0,377500.0,381000.0,381000.0,167140,63680340000.0,yfinance,KS,1
20250827,373220,382500.0,382500.0,372000.0,373500.0,373500.0,146277,54634459500.0,yfinance,KS,1
20250828,373220,374500.0,377000.0,363000.0,364000.0,364000.0,166059,60445476000.0,yfinance,KS,1
20250829,373220,367000.0,367000.0,351500.0,352000.0,352000.0,285675,100557600000.0,yfinance,KS,1
20250901,373220,352000.0,353500.0,345000.0,349000.0,349000.0,122899,42891751000.0,yfinance,KS,1
20250902,373220,349500.0,351500.0,345000.0,350000.0,350000.0,144808,50682800000.0,yfinance,KS,1
20250903,373220,353500.0,359500.0,347000.0,348500.0,348500.0,222771,77635693500.0,yfinance,KS,1
20250904,373220,365500.0,365500.0,350000.0,351000.0,351000.0,381451,133889301000.0,yfinance,KS,1
20250905,373220,350500.0,351000.0,342000.0,343000.0,343000.0,199629,68472747000.0,yfinance,KS,1
20250908,373220,337000.0,345500.0,336500.0,343500.0,343500.0,185815,63827452500.0,yfinance,KS,1
20250909,373220,344500.0,349000.0,341500.0,347000.0,347000.0,169345,58762715000.0,yfinance,KS,1
20250910,373220,347500.0,347500.0,339500.0,340500.0,340500.0,246196,83829738000.0,yfinance,KS,1
20250911,373220,347500.0,353000.0,344000.0,350000.0,350000.0,381294,133452900000.0,yfinance,KS,1
20250912,373220,354500.0,356500.0,350500.0,355500.0,355500.0,292617,104025343500.0,yfinance,KS,1
20250915,373220,356000.0,359000.0,352500.0,355500.0,355500.0,211120,75053160000.0,yfinance,KS,1
20250916,373220,357000.0,359000.0,346500.0,349500.0,349500.0,293554,102597123000.0,yfinance,KS,1
20250917,373220,351000.0,356000.0,348000.0,350000.0,350000.0,184541,64589350000.0,yfinance,KS,1
20250918,373220,351500.0,354500.0,347000.0,350500.0,350500.0,173795,60915147500.0,yfinance,KS,1
20250922,373220,350000.0,355000.0,348000.0,349000.0,349000.0,137479,47980171000.0,yfinance,KS,1
20250923,373220,348500.0,357000.0,347000.0,357000.0,357000.0,177389,63327873000.0,yfinance,KS,1
20250924,373220,358500.0,361500.0,346500.0,348000.0,348000.0,185199,64449252000.0,yfinance,KS,1
20250925,373220,349500.0,363000.0,345500.0,361500.0,361500.0,297003,107366584500.0,yfinance,KS,1
20250926,373220,356000.0,356000.0,349000.0,349000.0,349000.0,122326,42691774000.0,yfinance,KS,1
20250929,373220,350500.0,353500.0,349000.0,351500.0,351500.0,134044,47116466000.0,yfinance,KS,1
20250930,373220,348500.0,355000.0,346500.0,347500.0,347500.0,138045,47970637500.0,yfinance,KS,1
20251001,373220,349000.0,351000.0,341000.0,347500.0,347500.0,141477,49163257500.0,yfinance,KS,1
20251002,373220,350000.0,399000.0,347500.0,399000.0,399000.0,644612,257200188000.0,yfinance,KS,1
20251010,373220,367500.0,367500.0,352500.0,359500.0,359500.0,541859,194798310500.0,yfinance,KS,1
20251013,373220,363500.0,366500.0,352500.0,360000.0,360000.0,378056,136100160000.0,yfinance,KS,1
20251014,373220,361000.0,389500.0,361000.0,385000.0,385000.0,859960,331084600000.0,yfinance,KS,1
20251015,373220,384000.0,387500.0,375000.0,386500.0,386500.0,320758,123972967000.0,yfinance,KS,1
20251016,373220,385500.0,421000.0,385500.0,420500.0,420500.0,874761,367837000500.0,yfinance,KS,1
20251017,373220,416000.0,443000.0,411500.0,434000.0,434000.0,946272,410682048000.0,yfinance,KS,1
20251020,373220,433000.0,435000.0,421000.0,432500.0,432500.0,382756,165541970000.0,yfinance,KS,1
20251021,373220,432500.0,449500.0,431000.0,437000.0,437000.0,462927,202299099000.0,yfinance,KS,1
20251022,373220,444000.0,458500.0,441000.0,454500.0,454500.0,608320,276481440000.0,yfinance,KS,1
20251023,373220,451000.0,457000.0,443000.0,447500.0,447500.0,300756,134588310000.0,yfinance,KS,1
20251024,373220,452000.0,496000.0,448500.0,492000.0,492000.0,976594,480484248000.0,yfinance,KS,1
20251027,373220,495000.0,499500.0,480000.0,495000.0,495000.0,599572,296788140000.0,yfinance,KS,1
20251028,373220,494500.0,510000.0,485500.0,510000.0,510000.0,560608,285910080000.0,yfinance,KS,1
20251029,373220,510000.0,527000.0,505000.0,514000.0,514000.0,439194,225745716000.0,yfinance,KS,1
20251030,373220,511000.0,522000.0,483000.0,486500.0,486500.0,728528,354428872000.0,yfinance,KS,1
20251031,373220,476500.0,491500.0,469500.0,473000.0,473000.0,499652,236335396000.0,yfinance,KS,1
20251103,373220,480000.0,480500.0,465500.0,475500.0,475500.0,337955,160697602500.0,yfinance,KS,1
20251104,373220,490000.0,492000.0,472000.0,473000.0,473000.0,397941,188226093000.0,yfinance,KS,1
20251105,373220,469000.0,472000.0,452000.0,464000.0,464000.0,443887,205963568000.0,yfinance,KS,1
20251106,373220,481500.0,495000.0,469500.0,470000.0,470000.0,600184,282086480000.0,yfinance,KS,1
20251107,373220,470000.0,481000.0,457000.0,463500.0,463500.0,279860,129715110000.0,yfinance,KS,1
20251110,373220,465500.0,470000.0,457500.0,465500.0,465500.0,244077,113617843500.0,yfinance,KS,1
20251111,373220,471500.0,490000.0,467500.0,473000.0,473000.0,396429,187510917000.0,yfinance,KS,1
20251112,373220,481500.0,481500.0,470500.0,475500.0,475500.0,258727,123024688500.0,yfinance,KS,1
20251113,373220,475000.0,491500.0,468000.0,484500.0,484500.0,617757,299303266500.0,yfinance,KS,1
20251114,373220,470000.0,480500.0,461000.0,463000.0,463000.0,282819,130945197000.0,yfinance,KS,1
20251117,373220,469000.0,469000.0,456000.0,463000.0,463000.0,157725,73026675000.0,yfinance,KS,1
20251118,373220,461000.0,465500.0,443000.0,443000.0,443000.0,291156,128982108000.0,yfinance,KS,1
20251119,373220,444000.0,446000.0,428500.0,437500.0,437500.0,249097,108979937500.0,yfinance,KS,1
20251120,373220,445500.0,449500.0,440500.0,441000.0,441000.0,156626,69072066000.0,yfinance,KS,1
20251121,373220,428000.0,432000.0,422500.0,425500.0,425500.0,242702,103269701000.0,yfinance,KS,1
20251124,373220,429500.0,429500.0,412000.0,412000.0,412000.0,438358,180603496000.0,yfinance,KS,1
20251125,373220,419500.0,419500.0,412000.0,413500.0,413500.0,240842,99588167000.0,yfinance,KS,1
20251126,373220,419000.0,436000.0,418500.0,435500.0,435500.0,415285,180856617500.0,yfinance,KS,1
20251127,373220,437000.0,444500.0,432500.0,438000.0,438000.0,363930,159401340000.0,yfinance,KS,1
20251128,373220,441500.0,442500.0,408000.0,408000.0,408000.0,712913,290868504000.0,yfinance,KS,1
20251201,373220,411500.0,417500.0,406000.0,413000.0,413000.0,286573,118354649000.0,yfinance,KS,1
20251202,373220,415000.0,416000.0,410000.0,415000.0,415000.0,200833,83345695000.0,yfinance,KS,1
20251203,373220,416000.0,424500.0,413500.0,418000.0,418000.0,231552,96788736000.0,yfinance,KS,1
20251204,373220,420500.0,422500.0,405500.0,410000.0,410000.0,381430,156386300000.0,yfinance,KS,1
20251205,373220,413500.0,427000.0,412500.0,426000.0,426000.0,438931,186984606000.0,yfinance,KS,1
20251208,373220,435500.0,455000.0,425000.0,451500.0,451500.0,593075,267773362500.0,yfinance,KS,1
20251209,373220,444000.0,451000.0,438500.0,443500.0,443500.0,232158,102962073000.0,yfinance,KS,1
20251210,373220,451000.0,452500.0,438500.0,441500.0,441500.0,204015,90072622500.0,yfinance,KS,1
20251211,373220,446000.0,446000.0,433000.0,446000.0,446000.0,715032,318904272000.0,yfinance,KS,1
20251212,373220,445000.0,446500.0,437500.0,445500.0,445500.0,215489,96000349500.0,yfinance,KS,1
20251215,373220,439000.0,449000.0,433500.0,442500.0,442500.0,192535,85196737500.0,yfinance,KS,1
20251216,373220,441000.0,441500.0,414000.0,418000.0,418000.0,397656,166220208000.0,yfinance,KS,1
20251217,373220,422500.0,425500.0,413000.0,415500.0,415500.0,265161,110174395500.0,yfinance,KS,1
20251218,373220,392000.0,393500.0,377000.0,378500.0,378500.0,720096,272556336000.0,yfinance,KS,1
20251219,373220,381000.0,381000.0,365500.0,379000.0,379000.0,641564,243152756000.0,yfinance,KS,1
20251222,373220,385000.0,391500.0,380000.0,389500.0,389500.0,297525,115885987500.0,yfinance,KS,1
20251223,373220,391000.0,392000.0,383500.0,388000.0,388000.0,184844,71719472000.0,yfinance,KS,1
20251224,373220,390500.0,398500.0,388000.0,390500.0,390500.0,173638,67805639000.0,yfinance,KS,1
20251226,373220,391500.0,391500.0,381000.0,383500.0,383500.0,206573,79220745500.0,yfinance,KS,1
20251229,373220,370000.0,381500.0,367000.0,380000.0,380000.0,348113,132282940000.0,yfinance,KS,1
20251230,373220,375000.0,375000.0,366000.0,368500.0,368500.0,344347,126891869500.0,yfinance,KS,1
20260102,373220,368500.0,368500.0,358500.0,361000.0,361000.0,329529,118959969000.0,yfinance,KS,1
20260105,373220,358500.0,373500.0,358500.0,371500.0,371500.0,355352,132013268000.0,yfinance,KS,1
20260106,373220,379000.0,383000.0,373500.0,378000.0,378000.0,316118,119492604000.0,yfinance,KS,1
20260107,373220,378500.0,383500.0,367500.0,370500.0,370500.0,275402,102036441000.0,yfinance,KS,1
20260108,373220,369000.0,371000.0,363500.0,366000.0,366000.0,413793,151448238000.0,yfinance,KS,1
20260109,373220,370000.0,371000.0,361000.0,363000.0,363000.0,344929,125209227000.0,yfinance,KS,1
20260112,373220,364500.0,379500.0,363000.0,379000.0,379000.0,429789,162890031000.0,yfinance,KS,1
20260113,373220,385500.0,394500.0,378000.0,394000.0,394000.0,473453,186540482000.0,yfinance,KS,1
20260114,373220,394000.0,396000.0,387000.0,389500.0,389500.0,270844,105493738000.0,yfinance,KS,1
20260115,373220,390000.0,395500.0,384500.0,392000.0,392000.0,284050,111347600000.0,yfinance,KS,1
20260116,373220,394000.0,398000.0,388000.0,391000.0,391000.0,289648,113252368000.0,yfinance,KS,1
20260119,373220,389500.0,401000.0,384000.0,398500.0,398500.0,408315,162713527500.0,yfinance,KS,1
20260120,373220,398000.0,413500.0,396500.0,403000.0,403000.0,455475,183556425000.0,yfinance,KS,1
20260121,373220,395500.0,398000.0,389000.0,394500.0,394500.0,280563,110682103500.0,yfinance,KS,1
20260122,373220,397500.0,418000.0,395500.0,417000.0,417000.0,680002,283560834000.0,yfinance,KS,1
20260123,373220,427500.0,430500.0,407000.0,412000.0,412000.0,486387,200391444000.0,yfinance,KS,1
20260126,373220,415000.0,422000.0,411000.0,416000.0,416000.0,323197,134449952000.0,yfinance,KS,1
20260127,373220,410000.0,416500.0,404500.0,408500.0,408500.0,330244,134904674000.0,yfinance,KS,1
20260128,373220,421500.0,455000.0,421500.0,431000.0,431000.0,1462794,630464214000.0,yfinance,KS,1
20260129,373220,435000.0,435000.0,411500.0,416500.0,416500.0,709422,295474263000.0,yfinance,KS,1
20260130,373220,417000.0,419500.0,398000.0,398000.0,398000.0,579004,230443592000.0,yfinance,KS,1
20260202,373220,392500.0,400500.0,379000.0,380000.0,380000.0,401037,152394060000.0,yfinance,KS,1
20260203,373220,391000.0,391500.0,381500.0,391000.0,391000.0,271188,106034508000.0,yfinance,KS,1
20260204,373220,398000.0,405000.0,394000.0,402500.0,402500.0,337066,135669065000.0,yfinance,KS,1
20260205,373220,399500.0,408500.0,392000.0,395000.0,395000.0,338536,133721720000.0,yfinance,KS,1
20260206,373220,383500.0,386000.0,377000.0,385000.0,385000.0,265446,102196710000.0,yfinance,KS,1
20260209,373220,398000.0,401500.0,388000.0,394500.0,394500.0,230057,90757486500.0,yfinance,KS,1
20260210,373220,397500.0,399000.0,386500.0,390500.0,390500.0,302157,117992308500.0,yfinance,KS,1
20260211,373220,393500.0,397500.0,388000.0,392000.0,392000.0,187479,73491768000.0,yfinance,KS,1
20260212,373220,400000.0,411000.0,393000.0,410000.0,410000.0,583824,239367840000.0,yfinance,KS,1
20260213,373220,404000.0,404500.0,394500.0,395000.0,395000.0,321449,126972355000.0,yfinance,KS,1
20260219,373220,399500.0,403500.0,395500.0,403500.0,403500.0,267049,107754271500.0,yfinance,KS,1
20260220,373220,403500.0,406500.0,400000.0,401500.0,401500.0,219069,87956203500.0,yfinance,KS,1
20260223,373220,403500.0,405000.0,395500.0,396000.0,396000.0,268719,106412724000.0,yfinance,KS,1
20260224,373220,407000.0,416500.0,403000.0,412500.0,412500.0,588995,242960437500.0,yfinance,KS,1
20260225,373220,417500.0,429000.0,409000.0,426000.0,426000.0,650523,277122798000.0,yfinance,KS,1
20260226,373220,431500.0,440000.0,419000.0,427000.0,427000.0,540625,230846875000.0,yfinance,KS,1
20260227,373220,420000.0,434000.0,415500.0,427000.0,427000.0,591387,252522249000.0,yfinance,KS,1
20260303,373220,414500.0,418000.0,389000.0,393000.0,393000.0,489727,192462711000.0,yfinance,KS,1
20260304,373220,380000.0,390000.0,346000.0,347500.0,347500.0,826847,287329332500.0,yfinance,KS,1
20260305,373220,376500.0,382000.0,366000.0,371500.0,371500.0,541523,201175794500.0,yfinance,KS,1
20260306,373220,372000.0,382500.0,365000.0,377500.0,377500.0,350799,132426622500.0,yfinance,KS,1
20260309,373220,360000.0,364500.0,350500.0,359500.0,359500.0,414051,148851334500.0,yfinance,KS,1
20260310,373220,375500.0,376500.0,360000.0,367000.0,367000.0,298332,109487844000.0,yfinance,KS,1
20260311,373220,375000.0,380750.0,367000.0,369500.0,369500.0,263280,97281960000.0,yfinance,KS,1
20260312,373220,369500.0,384000.0,367000.0,384000.0,384000.0,345803,132788352000.0,yfinance,KS,1
20260313,373220,370000.0,372500.0,363500.0,369000.0,369000.0,370087,136562103000.0,yfinance,KS,1
20260316,373220,368500.0,373000.0,363500.0,366000.0,366000.0,280349,102607734000.0,yfinance,KS,1
20260317,373220,371000.0,380500.0,370000.0,380500.0,380500.0,345242,131364581000.0,yfinance,KS,1
20260318,373220,390500.0,390500.0,381500.0,383500.0,383500.0,279721,107273003500.0,yfinance,KS,1
20260319,373220,374500.0,378500.0,371000.0,371000.0,371000.0,213253,79116863000.0,yfinance,KS,1
20260320,373220,377000.0,378000.0,372000.0,375500.0,375500.0,200932,75449966000.0,yfinance,KS,1
20260323,373220,362000.0,365000.0,355000.0,356000.0,356000.0,302070,107536920000.0,yfinance,KS,1
20260324,373220,371500.0,392500.0,368000.0,392500.0,392500.0,656541,257692342500.0,yfinance,KS,1
20260325,373220,392000.0,400000.0,386500.0,394000.0,394000.0,352715,138969710000.0,yfinance,KS,1
20260326,373220,392500.0,393000.0,380000.0,384500.0,384500.0,274503,105546403500.0,yfinance,KS,1
20260327,373220,374000.0,396000.0,366000.0,394500.0,394500.0,372863,147094453500.0,yfinance,KS,1
20260330,373220,379500.0,414000.0,377000.0,410000.0,410000.0,747897,306637770000.0,yfinance,KS,1
20260331,373220,406000.0,410000.0,390500.0,394500.0,394500.0,518297,204468166500.0,yfinance,KS,1
20260401,373220,409500.0,410000.0,393500.0,407000.0,407000.0,343583,139838281000.0,yfinance,KS,1
20260402,373220,407500.0,421500.0,399500.0,404500.0,404500.0,532803,215518813500.0,yfinance,KS,1
20260403,373220,410000.0,414500.0,396500.0,398500.0,398500.0,254074,101248489000.0,yfinance,KS,1
20260406,373220,399500.0,418000.0,399500.0,412500.0,412500.0,393045,162131062500.0,yfinance,KS,1
20260407,373220,408000.0,423000.0,406000.0,408500.0,408500.0,311134,127098239000.0,yfinance,KS,1
20260408,373220,419500.0,422000.0,400500.0,406000.0,406000.0,521932,211904392000.0,yfinance,KS,1
20260409,373220,408000.0,422000.0,403000.0,421000.0,421000.0,719468,302896028000.0,yfinance,KS,1
20260410,373220,421000.0,421000.0,410500.0,412000.0,412000.0,273394,112638328000.0,yfinance,KS,1
20260413,373220,409500.0,414500.0,399000.0,401500.0,401500.0,218403,87688804500.0,yfinance,KS,1
20260414,373220,406500.0,406500.0,399500.0,400000.0,400000.0,269254,107701600000.0,yfinance,KS,1
20260415,373220,406000.0,412000.0,403500.0,408000.0,408000.0,272401,111139608000.0,yfinance,KS,1
20260416,373220,412000.0,416500.0,408500.0,416000.0,416000.0,317064,131898624000.0,yfinance,KS,1
20260417,373220,415500.0,422000.0,412000.0,418000.0,418000.0,336530,140669540000.0,yfinance,KS,1
20260420,373220,419500.0,435500.0,416500.0,429000.0,429000.0,563779,241861191000.0,yfinance,KS,1
20260421,373220,441500.0,478000.0,434000.0,478000.0,478000.0,1363543,651773554000.0,yfinance,KS,1
20260422,373220,491500.0,493000.0,468000.0,484500.0,484500.0,880220,426466590000.0,yfinance,KS,1
20260423,373220,481500.0,484000.0,460000.0,466500.0,466500.0,529996,247243134000.0,yfinance,KS,1
20260424,373220,473000.0,486000.0,464000.0,481000.0,481000.0,402718,193707358000.0,yfinance,KS,1
20260427,373220,478500.0,481000.0,461000.0,464000.0,464000.0,454564,210917696000.0,yfinance,KS,0
20250428,402340,88200.0,89000.0,86200.0,86700.0,86700.0,269661,23379608700.0,yfinance,KS,1
20250429,402340,87000.0,88300.0,86100.0,87200.0,87200.0,181425,15820260000.0,yfinance,KS,1
20250430,402340,86000.0,88900.0,85000.0,88900.0,88900.0,270802,24074297800.0,yfinance,KS,1
20250502,402340,88200.0,91600.0,87600.0,91300.0,91300.0,279016,25474160800.0,yfinance,KS,1
20250507,402340,94700.0,94700.0,91100.0,92300.0,92300.0,275522,25430680600.0,yfinance,KS,1
20250508,402340,93000.0,94900.0,92100.0,93000.0,93000.0,230085,21397905000.0,yfinance,KS,1
20250509,402340,92600.0,94700.0,92400.0,93700.0,93700.0,276703,25927071100.0,yfinance,KS,1
20250512,402340,95200.0,96200.0,94100.0,95200.0,95200.0,153931,14654231200.0,yfinance,KS,1
20250513,402340,94000.0,100200.0,92700.0,99900.0,99900.0,373278,37290472200.0,yfinance,KS,1
20250514,402340,101000.0,104200.0,100600.0,103500.0,103500.0,322453,33373885500.0,yfinance,KS,1
20250515,402340,102500.0,106000.0,99300.0,100800.0,100800.0,287150,28944720000.0,yfinance,KS,1
20250516,402340,101000.0,103300.0,101000.0,102600.0,102600.0,208226,21363987600.0,yfinance,KS,1
20250519,402340,101600.0,102900.0,98900.0,99800.0,99800.0,245738,24524652400.0,yfinance,KS,1
20250520,402340,100500.0,104200.0,100500.0,101100.0,101100.0,302243,30556767300.0,yfinance,KS,1
20250521,402340,101100.0,102200.0,99600.0,100800.0,100800.0,293958,29630966400.0,yfinance,KS,1
20250522,402340,98200.0,100800.0,97800.0,98500.0,98500.0,196532,19358402000.0,yfinance,KS,1
20250523,402340,99700.0,101400.0,98900.0,99100.0,99100.0,216665,21471501500.0,yfinance,KS,1
20250526,402340,99100.0,102500.0,97500.0,102500.0,102500.0,227080,23275700000.0,yfinance,KS,1
20250527,402340,100200.0,102500.0,99500.0,100500.0,100500.0,281965,28337482500.0,yfinance,KS,1
20250528,402340,100700.0,112750.0,100700.0,108200.0,108200.0,531474,57505486800.0,yfinance,KS,1
20250529,402340,113000.0,117000.0,111600.0,113200.0,113200.0,552539,62547414800.0,yfinance,KS,1
20250530,402340,112000.0,114800.0,111000.0,114800.0,114800.0,1231516,141378036800.0,yfinance,KS,1
20250602,402340,110400.0,113100.0,109100.0,110300.0,110300.0,341324,37648037200.0,yfinance,KS,1
20250604,402340,115000.0,126900.0,113000.0,124700.0,124700.0,888057,110740707900.0,yfinance,KS,1
20250605,402340,126500.0,132200.0,125000.0,129300.0,129300.0,778510,100661343000.0,yfinance,KS,1
20250609,402340,131000.0,135000.0,128100.0,128600.0,128600.0,865086,111250059600.0,yfinance,KS,1
20250610,402340,127400.0,131500.0,125700.0,129200.0,129200.0,541808,70001593600.0,yfinance,KS,1
20250611,402340,129200.0,139400.0,128600.0,138400.0,138400.0,816083,112945887200.0,yfinance,KS,1
20250612,402340,142000.0,142500.0,137900.0,140600.0,140600.0,902609,126906825400.0,yfinance,KS,1
20250613,402340,140000.0,143500.0,137800.0,138800.0,138800.0,820927,113944667600.0,yfinance,KS,1
20250616,402340,138800.0,151400.0,138400.0,149900.0,149900.0,530192,79475780800.0,yfinance,KS,1
20250617,402340,149100.0,155700.0,148500.0,153400.0,153400.0,804283,123377012200.0,yfinance,KS,1
20250618,402340,149100.0,151800.0,147100.0,148400.0,148400.0,1243053,184469065200.0,yfinance,KS,1
20250619,402340,147100.0,150900.0,146200.0,148400.0,148400.0,716005,106255142000.0,yfinance,KS,1
20250620,402340,150200.0,158700.0,149800.0,155500.0,155500.0,634568,98675324000.0,yfinance,KS,1
20250623,402340,158200.0,166000.0,155000.0,163700.0,163700.0,848340,138873258000.0,yfinance,KS,1
20250624,402340,170200.0,181800.0,169000.0,181000.0,181000.0,920842,166672402000.0,yfinance,KS,1
20250625,402340,192500.0,199800.0,190100.0,192200.0,192200.0,1169212,224722546400.0,yfinance,KS,1
20250626,402340,190000.0,195100.0,185000.0,187400.0,187400.0,1110832,208169916800.0,yfinance,KS,1
20250627,402340,186700.0,188000.0,173200.0,176300.0,176300.0,945652,166718447600.0,yfinance,KS,1
20250630,402340,177700.0,188900.0,176600.0,183000.0,183000.0,829115,151728045000.0,yfinance,KS,1
20250701,402340,188500.0,202500.0,184300.0,185000.0,185000.0,790045,146158325000.0,yfinance,KS,1
20250702,402340,176700.0,179200.0,170800.0,176200.0,176200.0,637962,112408904400.0,yfinance,KS,1
20250703,402340,176800.0,177000.0,170900.0,171800.0,171800.0,462736,79498044800.0,yfinance,KS,1
20250704,402340,168300.0,170000.0,160000.0,163200.0,163200.0,852852,139185446400.0,yfinance,KS,1
20250707,402340,159600.0,163200.0,156800.0,162000.0,162000.0,357800,57963600000.0,yfinance,KS,1
20250708,402340,162500.0,174000.0,162500.0,172900.0,172900.0,1238643,214161374700.0,yfinance,KS,1
20250709,402340,171300.0,181500.0,169100.0,181200.0,181200.0,559727,101422532400.0,yfinance,KS,1
20250710,402340,181600.0,183600.0,177100.0,183600.0,183600.0,418896,76909305600.0,yfinance,KS,1
20250711,402340,180000.0,189900.0,173700.0,174000.0,174000.0,3230160,562047840000.0,yfinance,KS,1
20250714,402340,175100.0,181300.0,175100.0,178300.0,178300.0,336773,60046625900.0,yfinance,KS,1
20250715,402340,175300.0,175900.0,170700.0,173000.0,173000.0,473753,81959269000.0,yfinance,KS,1
20250716,402340,173000.0,175600.0,171700.0,174100.0,174100.0,362771,63158431100.0,yfinance,KS,1
20250717,402340,171700.0,171900.0,155700.0,158900.0,158900.0,933933,148401953700.0,yfinance,KS,1
20250718,402340,158800.0,161900.0,157500.0,160500.0,160500.0,502251,80611285500.0,yfinance,KS,1
20250721,402340,160900.0,162400.0,158700.0,161400.0,161400.0,385203,62171764200.0,yfinance,KS,1
20250722,402340,158200.0,162600.0,155500.0,156800.0,156800.0,373178,58514310400.0,yfinance,KS,1
20250723,402340,157300.0,157300.0,152600.0,156000.0,156000.0,460621,71856876000.0,yfinance,KS,1
20250724,402340,157600.0,160500.0,151300.0,152000.0,152000.0,534864,81299328000.0,yfinance,KS,1
20250725,402340,150500.0,154300.0,150400.0,153000.0,153000.0,315465,48266145000.0,yfinance,KS,1
20250728,402340,153000.0,155600.0,148700.0,150200.0,150200.0,337594,50706618800.0,yfinance,KS,1
20250729,402340,148600.0,149800.0,145400.0,149200.0,149200.0,277930,41467156000.0,yfinance,KS,1
20250730,402340,147800.0,149600.0,146500.0,148000.0,148000.0,324197,47981156000.0,yfinance,KS,1
20250731,402340,148300.0,154300.0,146300.0,152100.0,152100.0,469088,71348284800.0,yfinance,KS,1
20250801,402340,149100.0,149500.0,140100.0,140300.0,140300.0,525224,73688927200.0,yfinance,KS,1
20250804,402340,140000.0,141700.0,138200.0,140200.0,140200.0,447622,62756604400.0,yfinance,KS,1
20250805,402340,143000.0,146400.0,141800.0,143500.0,143500.0,308156,44220386000.0,yfinance,KS,1
20250806,402340,140700.0,143400.0,137200.0,140300.0,140300.0,307025,43075607500.0,yfinance,KS,1
20250807,402340,139900.0,141900.0,136100.0,141900.0,141900.0,324029,45979715100.0,yfinance,KS,1
20250808,402340,140500.0,143100.0,138200.0,139300.0,139300.0,380463,52998495900.0,yfinance,KS,1
20250811,402340,140000.0,142900.0,138200.0,142000.0,142000.0,312233,44337086000.0,yfinance,KS,1
20250812,402340,140700.0,147200.0,140700.0,141500.0,141500.0,369609,52299673500.0,yfinance,KS,1
20250813,402340,144300.0,146200.0,142100.0,144600.0,144600.0,349821,50584116600.0,yfinance,KS,1
20250814,402340,146000.0,146000.0,142700.0,143700.0,143700.0,320084,45996070800.0,yfinance,KS,1
20250818,402340,142200.0,142300.0,136700.0,137600.0,137600.0,365978,50358572800.0,yfinance,KS,1
20250819,402340,139300.0,141200.0,137700.0,140400.0,140400.0,392054,55044381600.0,yfinance,KS,1
20250820,402340,141000.0,141300.0,130900.0,137100.0,137100.0,785076,107633919600.0,yfinance,KS,1
20250821,402340,136500.0,137300.0,131500.0,135200.0,135200.0,457243,61819253600.0,yfinance,KS,1
20250822,402340,135100.0,137800.0,133800.0,135200.0,135200.0,205651,27804015200.0,yfinance,KS,1
20250825,402340,138500.0,146300.0,138300.0,144800.0,144800.0,448583,64954818400.0,yfinance,KS,1
20250826,402340,143300.0,143400.0,140000.0,141200.0,141200.0,524797,74101336400.0,yfinance,KS,1
20250827,402340,141600.0,143400.0,137600.0,139900.0,139900.0,234561,32815083900.0,yfinance,KS,1
20250828,402340,138900.0,153000.0,138100.0,149600.0,149600.0,786806,117706177600.0,yfinance,KS,1
20250829,402340,152300.0,153700.0,148900.0,149000.0,149000.0,427314,63669786000.0,yfinance,KS,1
20250901,402340,145000.0,149000.0,142800.0,145000.0,145000.0,227876,33042020000.0,yfinance,KS,1
20250902,402340,145000.0,145900.0,143600.0,143600.0,143600.0,188841,27117567600.0,yfinance,KS,1
20250903,402340,143600.0,145500.0,141500.0,143900.0,143900.0,211578,30446074200.0,yfinance,KS,1
20250904,402340,144000.0,151600.0,144000.0,149400.0,149400.0,311683,46565440200.0,yfinance,KS,1
20250905,402340,151400.0,155000.0,151400.0,152800.0,152800.0,350950,53625160000.0,yfinance,KS,1
20250908,402340,154400.0,154800.0,151400.0,153600.0,153600.0,190095,29198592000.0,yfinance,KS,1
20250909,402340,155000.0,163400.0,154500.0,162000.0,162000.0,668427,108285174000.0,yfinance,KS,1
20250910,402340,167900.0,175200.0,166500.0,174300.0,174300.0,948822,165379674600.0,yfinance,KS,1
20250911,402340,177900.0,182100.0,176000.0,182100.0,182100.0,672306,122426922600.0,yfinance,KS,1
20250912,402340,187200.0,200000.0,185700.0,197300.0,197300.0,820778,161939499400.0,yfinance,KS,1
20250915,402340,197200.0,201000.0,191200.0,200500.0,200500.0,548068,109887634000.0,yfinance,KS,1
20250916,402340,198300.0,210500.0,197300.0,206000.0,206000.0,594560,122479360000.0,yfinance,KS,1
20250917,402340,200000.0,207000.0,199500.0,200500.0,200500.0,719626,144285013000.0,yfinance,KS,1
20250918,402340,201000.0,210000.0,197100.0,208500.0,208500.0,591173,123259570500.0,yfinance,KS,1
20250922,402340,216000.0,218000.0,209500.0,215500.0,215500.0,454188,97877514000.0,yfinance,KS,1
20250923,402340,216000.0,224000.0,216000.0,220000.0,220000.0,434395,95566900000.0,yfinance,KS,1
20250924,402340,220500.0,225000.0,212000.0,217500.0,217500.0,594973,129406627500.0,yfinance,KS,1
20250925,402340,209500.0,214500.0,205500.0,211000.0,211000.0,595712,125695232000.0,yfinance,KS,1
20250926,402340,203500.0,208000.0,194900.0,195300.0,195300.0,823131,160757484300.0,yfinance,KS,1
20250929,402340,197300.0,199500.0,195300.0,197100.0,197100.0,403243,79479195300.0,yfinance,KS,1
20250930,402340,196200.0,204000.0,196000.0,201500.0,201500.0,409786,82571879000.0,yfinance,KS,1
20251001,402340,203000.0,207500.0,201000.0,205500.0,205500.0,284452,58454886000.0,yfinance,KS,1
20251002,402340,218000.0,248500.0,217500.0,240000.0,240000.0,1434172,344201280000.0,yfinance,KS,1
20251010,402340,245000.0,255000.0,240500.0,247000.0,247000.0,1339989,330977283000.0,yfinance,KS,1
20251013,402340,238000.0,249000.0,235000.0,245500.0,245500.0,666623,163655946500.0,yfinance,KS,1
20251014,402340,244500.0,253500.0,229500.0,234500.0,234500.0,461033,108112238500.0,yfinance,KS,1
20251015,402340,238500.0,246000.0,236500.0,243500.0,243500.0,373309,90900741500.0,yfinance,KS,1
20251016,402340,238500.0,259500.0,238500.0,257500.0,257500.0,632288,162814160000.0,yfinance,KS,1
20251017,402340,253500.0,267000.0,250500.0,257500.0,257500.0,560679,144374842500.0,yfinance,KS,1
20251020,402340,261500.0,263500.0,250000.0,262000.0,262000.0,404341,105937342000.0,yfinance,KS,1
20251021,402340,266500.0,268500.0,250500.0,256000.0,256000.0,542748,138943488000.0,yfinance,KS,1
20251022,402340,256000.0,259000.0,251000.0,258500.0,258500.0,406816,105161936000.0,yfinance,KS,1
20251023,402340,250500.0,258500.0,242500.0,253000.0,253000.0,521837,132024761000.0,yfinance,KS,1
20251024,402340,259000.0,274000.0,257000.0,271000.0,271000.0,524517,142144107000.0,yfinance,KS,1
20251027,402340,284500.0,295000.0,282500.0,291500.0,291500.0,611042,178118743000.0,yfinance,KS,1
20251028,402340,278000.0,285000.0,270000.0,272000.0,272000.0,491298,133633056000.0,yfinance,KS,1
20251029,402340,274000.0,282000.0,266500.0,275000.0,275000.0,600207,165056925000.0,yfinance,KS,1
20251030,402340,270500.0,297500.0,269000.0,281000.0,281000.0,569613,160061253000.0,yfinance,KS,1
20251031,402340,274000.0,283500.0,251500.0,260000.0,260000.0,820516,213334160000.0,yfinance,KS,1
20251103,402340,259500.0,285500.0,250000.0,282500.0,282500.0,950548,268529810000.0,yfinance,KS,1
20251104,402340,278500.0,282500.0,265500.0,274000.0,274000.0,520765,142689610000.0,yfinance,KS,1
20251105,402340,266000.0,267000.0,241000.0,260000.0,260000.0,852937,221763620000.0,yfinance,KS,1
20251106,402340,266000.0,279000.0,250000.0,270000.0,270000.0,652957,176298390000.0,yfinance,KS,1
20251107,402340,270000.0,282000.0,261000.0,279000.0,279000.0,546490,152470710000.0,yfinance,KS,1
20251110,402340,282500.0,302500.0,279000.0,290000.0,290000.0,544410,157878900000.0,yfinance,KS,1
20251111,402340,312000.0,327000.0,307000.0,311500.0,311500.0,1187646,369951729000.0,yfinance,KS,1
20251112,402340,315000.0,324500.0,308500.0,322500.0,322500.0,752525,242689312500.0,yfinance,KS,1
20251113,402340,322000.0,324000.0,312000.0,323500.0,323500.0,551413,178382105500.0,yfinance,KS,1
20251114,402340,299000.0,304500.0,289500.0,291000.0,291000.0,595985,173431635000.0,yfinance,KS,1
20251117,402340,300000.0,313000.0,295500.0,304500.0,304500.0,498174,151693983000.0,yfinance,KS,1
20251118,402340,292000.0,298500.0,281500.0,283500.0,283500.0,721593,204571615500.0,yfinance,KS,1
20251119,402340,283500.0,286500.0,269750.0,283000.0,283000.0,597490,169089670000.0,yfinance,KS,1
20251120,402340,300500.0,311000.0,292500.0,293500.0,293500.0,673727,197738874500.0,yfinance,KS,1
20251121,402340,275000.0,276500.0,263500.0,266000.0,266000.0,654899,174203134000.0,yfinance,KS,1
20251124,402340,272500.0,284000.0,265500.0,276000.0,276000.0,1074605,296590980000.0,yfinance,KS,1
20251125,402340,293500.0,305000.0,289000.0,290500.0,290500.0,710228,206321234000.0,yfinance,KS,1
20251126,402340,294000.0,295000.0,285000.0,291000.0,291000.0,536219,156039729000.0,yfinance,KS,1
20251127,402340,298500.0,306000.0,295500.0,301000.0,301000.0,485209,146047909000.0,yfinance,KS,1
20251128,402340,304500.0,305500.0,295000.0,298000.0,298000.0,389771,116151758000.0,yfinance,KS,1
20251201,402340,305500.0,310000.0,298000.0,302000.0,302000.0,423148,127790696000.0,yfinance,KS,1
20251202,402340,308500.0,313000.0,301000.0,308500.0,308500.0,504155,155531817500.0,yfinance,KS,1
20251203,402340,310000.0,317500.0,298500.0,310500.0,310500.0,288129,89464054500.0,yfinance,KS,1
20251204,402340,304500.0,312500.0,293000.0,312500.0,312500.0,437651,136765937500.0,yfinance,KS,1
20251205,402340,307500.0,309000.0,295000.0,302000.0,302000.0,384010,115971020000.0,yfinance,KS,1
20251208,402340,301500.0,322500.0,299000.0,322000.0,322000.0,517651,166683622000.0,yfinance,KS,1
20251209,402340,321500.0,330000.0,320000.0,323000.0,323000.0,456838,147558674000.0,yfinance,KS,1
20251210,402340,325000.0,333000.0,318000.0,324000.0,324000.0,439546,142412904000.0,yfinance,KS,1
20251211,402340,324000.0,324000.0,307500.0,307500.0,307500.0,321042,98720415000.0,yfinance,KS,1
20251212,402340,310500.0,317000.0,304000.0,308000.0,308000.0,203829,62779332000.0,yfinance,KS,1
20251215,402340,287500.0,300000.0,273500.0,292500.0,292500.0,469687,137383447500.0,yfinance,KS,1
20251216,402340,285000.0,293500.0,281000.0,281000.0,281000.0,331849,93249569000.0,yfinance,KS,1
20251217,402340,281500.0,289500.0,280000.0,283000.0,283000.0,448891,127036153000.0,yfinance,KS,1
20251218,402340,278000.0,296000.0,273500.0,290500.0,290500.0,339592,98651476000.0,yfinance,KS,1
20251219,402340,299500.0,300000.0,290500.0,290500.0,290500.0,320036,92970458000.0,yfinance,KS,1
20251222,402340,303000.0,318000.0,300500.0,315000.0,315000.0,351419,110696985000.0,yfinance,KS,1
20251223,402340,315000.0,320000.0,313500.0,315000.0,315000.0,240036,75611340000.0,yfinance,KS,1
20251224,402340,315000.0,323000.0,312500.0,321000.0,321000.0,215171,69069891000.0,yfinance,KS,1
20251226,402340,333000.0,348000.0,330000.0,334500.0,334500.0,458435,153346507500.0,yfinance,KS,1
20251229,402340,345500.0,350000.0,340500.0,346000.0,346000.0,370258,128109268000.0,yfinance,KS,1
20251230,402340,346000.0,370000.0,340000.0,368000.0,368000.0,557353,205105904000.0,yfinance,KS,1
20260102,402340,368500.0,392000.0,364500.0,392000.0,392000.0,423146,165873232000.0,yfinance,KS,1
20260105,402340,407500.0,416000.0,398500.0,416000.0,416000.0,645953,268716448000.0,yfinance,KS,1
20260106,402340,409500.0,434500.0,402500.0,432000.0,432000.0,724519,312992208000.0,yfinance,KS,1
20260107,402340,434000.0,450500.0,420500.0,429500.0,429500.0,644927,276996146500.0,yfinance,KS,1
20260108,402340,425000.0,446000.0,420500.0,430500.0,430500.0,674047,290177233500.0,yfinance,KS,1
20260109,402340,424000.0,433500.0,416000.0,430500.0,430500.0,422888,182053284000.0,yfinance,KS,1
20260112,402340,436500.0,440000.0,418500.0,427500.0,427500.0,345451,147680302500.0,yfinance,KS,1
20260113,402340,431500.0,435000.0,418000.0,426500.0,426500.0,285414,121729071000.0,yfinance,KS,1
20260114,402340,430000.0,437000.0,420000.0,435500.0,435500.0,352280,153417940000.0,yfinance,KS,1
20260115,402340,428500.0,434000.0,418500.0,429500.0,429500.0,383174,164573233000.0,yfinance,KS,1
20260116,402340,430500.0,452000.0,424500.0,446500.0,446500.0,501455,223899657500.0,yfinance,KS,1
20260119,402340,439500.0,443500.0,425000.0,435500.0,435500.0,434118,189058389000.0,yfinance,KS,1
20260120,402340,431000.0,439000.0,424000.0,427000.0,427000.0,389355,166254585000.0,yfinance,KS,1
20260121,402340,422000.0,438000.0,413500.0,430000.0,430000.0,406209,174669870000.0,yfinance,KS,1
20260122,402340,430500.0,466000.0,430000.0,446500.0,446500.0,572111,255447561500.0,yfinance,KS,1
20260123,402340,451000.0,451500.0,434500.0,445500.0,445500.0,322700,143762850000.0,yfinance,KS,1
20260126,402340,442500.0,447000.0,435000.0,441000.0,441000.0,334124,147348684000.0,yfinance,KS,1
20260127,402340,444500.0,483500.0,436500.0,473000.0,473000.0,676907,320177011000.0,yfinance,KS,1
20260128,402340,482000.0,507000.0,476500.0,504000.0,504000.0,536054,270171216000.0,yfinance,KS,1
20260129,402340,528000.0,536000.0,500000.0,531000.0,531000.0,858102,455652162000.0,yfinance,KS,1
20260130,402340,524000.0,581000.0,520000.0,570000.0,570000.0,895623,510505110000.0,yfinance,KS,1
20260202,402340,537000.0,557000.0,493500.0,505000.0,505000.0,1337758,675567790000.0,yfinance,KS,1
20260203,402340,542000.0,549000.0,522000.0,546000.0,546000.0,1374761,750619506000.0,yfinance,KS,1
20260204,402340,542000.0,576000.0,532000.0,569000.0,569000.0,1009177,574221713000.0,yfinance,KS,1
20260205,402340,523000.0,561000.0,523000.0,534000.0,534000.0,1108307,591835938000.0,yfinance,KS,1
20260206,402340,510000.0,523000.0,492000.0,514000.0,514000.0,1175181,604043034000.0,yfinance,KS,1
20260209,402340,548000.0,577000.0,543000.0,563000.0,563000.0,873884,491996692000.0,yfinance,KS,1
20260210,402340,570000.0,574000.0,538000.0,543000.0,543000.0,534386,290171598000.0,yfinance,KS,1
20260211,402340,540000.0,542000.0,523000.0,532000.0,532000.0,395925,210632100000.0,yfinance,KS,1
20260212,402340,555000.0,570000.0,548000.0,570000.0,570000.0,747204,425906280000.0,yfinance,KS,1
20260213,402340,565000.0,586000.0,557000.0,558000.0,558000.0,457489,255278862000.0,yfinance,KS,1
20260219,402340,589000.0,590000.0,562000.0,566000.0,566000.0,493870,279530420000.0,yfinance,KS,1
20260220,402340,566000.0,585000.0,547000.0,580000.0,580000.0,731445,424238100000.0,yfinance,KS,1
20260223,402340,590000.0,597000.0,564000.0,580000.0,580000.0,551340,319777200000.0,yfinance,KS,1
20260224,402340,577000.0,634000.0,572000.0,617000.0,617000.0,712701,439736517000.0,yfinance,KS,1
20260225,402340,630000.0,660000.0,621000.0,647000.0,647000.0,673059,435469173000.0,yfinance,KS,1
20260226,402340,659000.0,681000.0,648000.0,679000.0,679000.0,778181,528384899000.0,yfinance,KS,1
20260227,402340,654000.0,676000.0,636000.0,645000.0,645000.0,1032548,665993460000.0,yfinance,KS,1
20260303,402340,642000.0,643000.0,578000.0,581000.0,581000.0,694465,403484165000.0,yfinance,KS,1
20260304,402340,549000.0,579000.0,489000.0,507000.0,507000.0,1146627,581339889000.0,yfinance,KS,1
20260305,402340,583000.0,594000.0,554000.0,566000.0,566000.0,782233,442743878000.0,yfinance,KS,1
20260306,402340,539000.0,554000.0,520500.0,553000.0,553000.0,578081,319678793000.0,yfinance,KS,1
20260309,402340,498500.0,512000.0,485500.0,509000.0,509000.0,742409,377886181000.0,yfinance,KS,1
20260310,402340,549000.0,568000.0,535000.0,554000.0,554000.0,505516,280055864000.0,yfinance,KS,1
20260311,402340,575000.0,593000.0,557000.0,565000.0,565000.0,342332,193417580000.0,yfinance,KS,1
20260312,402340,550000.0,567000.0,546000.0,554000.0,554000.0,351861,194930994000.0,yfinance,KS,1
20260313,402340,530000.0,544000.0,517000.0,534000.0,534000.0,420495,224544330000.0,yfinance,KS,1
20260316,402340,536000.0,571000.0,532000.0,562000.0,562000.0,523408,294155296000.0,yfinance,KS,1
20260317,402340,589000.0,608000.0,580000.0,587000.0,587000.0,479303,281350861000.0,yfinance,KS,1
20260318,402340,612000.0,637000.0,608000.0,630000.0,630000.0,559150,352264500000.0,yfinance,KS,1
20260319,402340,606000.0,627000.0,600000.0,611000.0,611000.0,399104,243852544000.0,yfinance,KS,1
20260320,402340,617000.0,618000.0,595000.0,608000.0,608000.0,656130,398927040000.0,yfinance,KS,1
20260323,402340,564000.0,571000.0,536000.0,557000.0,557000.0,779508,434185956000.0,yfinance,KS,1
20260324,402340,591000.0,598000.0,564000.0,595000.0,595000.0,679224,404138280000.0,yfinance,KS,1
20260325,402340,614000.0,633000.0,602000.0,605000.0,605000.0,521309,315391945000.0,yfinance,KS,1
20260326,402340,592000.0,594000.0,556000.0,558000.0,558000.0,600622,335147076000.0,yfinance,KS,1
20260327,402340,528000.0,549000.0,521000.0,544000.0,544000.0,616056,335134464000.0,yfinance,KS,1
20260330,402340,503000.0,516000.0,500000.0,510000.0,510000.0,625397,318952470000.0,yfinance,KS,1
20260331,402340,473500.0,488000.0,462500.0,466500.0,466500.0,1428264,666285156000.0,yfinance,KS,1
20260401,402340,508000.0,515000.0,486000.0,501000.0,501000.0,904715,453262215000.0,yfinance,KS,1
20260402,402340,514000.0,522000.0,460000.0,469500.0,469500.0,682876,320610282000.0,yfinance,KS,1
20260403,402340,480500.0,488000.0,469250.0,483000.0,483000.0,457740,221088420000.0,yfinance,KS,1
20260406,402340,482000.0,497000.0,480000.0,487000.0,487000.0,299840,146022080000.0,yfinance,KS,1
20260407,402340,497500.0,515000.0,488500.0,499000.0,499000.0,334107,166719393000.0,yfinance,KS,1
20260408,402340,558000.0,587000.0,553000.0,578000.0,578000.0,752399,434886622000.0,yfinance,KS,1
20260409,402340,572000.0,579000.0,558000.0,560000.0,560000.0,482775,270354000000.0,yfinance,KS,1
20260410,402340,582000.0,593000.0,565000.0,568000.0,568000.0,372726,211708368000.0,yfinance,KS,1
20260413,402340,551000.0,583000.0,545000.0,580000.0,580000.0,404119,234389020000.0,yfinance,KS,1
20260414,402340,602000.0,649000.0,597000.0,640000.0,640000.0,665668,426027520000.0,yfinance,KS,1
20260415,402340,676000.0,684000.0,661000.0,665000.0,665000.0,606102,403057830000.0,yfinance,KS,1
20260416,402340,678000.0,690000.0,664000.0,690000.0,690000.0,470160,324410400000.0,yfinance,KS,1
20260417,402340,695000.0,698000.0,677000.0,682000.0,682000.0,401708,273964856000.0,yfinance,KS,1
20260420,402340,699000.0,725000.0,690000.0,701000.0,701000.0,501909,351838209000.0,yfinance,KS,1
20260421,402340,714000.0,727000.0,704000.0,718000.0,718000.0,463466,332768588000.0,yfinance,KS,1
20260422,402340,711000.0,722000.0,694000.0,720000.0,720000.0,492552,354637440000.0,yfinance,KS,1
20260423,402340,726000.0,767000.0,712000.0,728000.0,728000.0,659394,480038832000.0,yfinance,KS,1
20260424,402340,735000.0,740000.0,718000.0,725000.0,725000.0,376451,272926975000.0,yfinance,KS,1
20260427,402340,747000.0,806000.0,746000.0,789000.0,789000.0,573561,452539629000.0,yfinance,KS,0
