추천순위,결합순위,날짜,종목명,종목코드,시장,섹터그룹,종가,200일이평,200일선상단여부,RSI14,MACD히스토그램,거래량비율20일,20일돌파,최근EPS(DART),컨센서스EPS(스크래),향후예상EPS,EPS출처,모델EPS,정정가_기본,상승잠재(%),발휘지수,기술지수,종합지수,적자여부,최대비중(%),결합액션,포트비중(%),마켓레짐,레짐비중배수,투자사유약,주의사항
1,1,2026-05-09,현대지에프홀딩스,005440,KS,복합기업,14880.0,10149.3,1,,10.3274456803899,1.6771876208410612,0,518661888000.0,1788.0,1788.0,TRAILING_DART,518661888000.0,6223942656000.0,41827571512.90323,100.0,100.0,100.0,0,3.0,진입_관심,3.0,NEUTRAL,1.0,상승잠재 41827571513% | 200일선상단 | 거래량상승1.7x | MACD+,EPS스크래핑
2,2,2026-05-09,한국타이어앤테크놀로지,161390,KS,자동차부품,62100.0,53892.5,1,,72.14810125895974,1.7445230094451851,0,971594538868.0,11517.0,11517.0,TRAILING_DART,971594538868.0,11659134466416.0,18774773597.93237,100.0,100.0,100.0,0,3.0,진입_관심,3.0,NEUTRAL,1.0,상승잠재 18774773598% | 200일선상단 | 거래량상승1.7x | MACD+,EPS스크래핑
3,3,2026-05-09,메가스터디교육,215200,KQ,교육서비스,47250.0,45328.75,1,,109.40617932140344,1.5379145093148554,0,92935243694.0,,9862.676095066425,TRAILING_DART,92935243694.0,1115222924328.0,2360260057.3079367,100.0,100.0,100.0,0,3.0,진입_관심,3.0,NEUTRAL,1.0,상승잠재 2360260057% | 200일선상단 | 거래량상승1.5x | MACD+,EPS스크래핑
4,4,2026-05-09,AP시스템,265520,KQ,디스플레이장비및부품,30200.0,20138.6,1,,495.3218724513981,5.081586947422486,1,23784739380.0,,1738.324661359005,TRAILING_DART,23784739380.0,285416872560.0,945088881.9867549,100.0,100.0,100.0,0,3.0,추천_매수진입,3.0,NEUTRAL,1.0,상승잠재 945088882% | 200일선상단 | 20일돌파 | 거래량상승5.1x | MACD+,EPS스크래핑
5,5,2026-05-09,원익IPS,240810,KQ,반도체와반도체장비,132900.0,75747.0,1,,1381.7987675778727,0.9078822107049226,1,84028556164.0,3131.0,3131.0,TRAILING_DART,84028556164.0,1008342673968.0,758722754.7539504,100.0,100.0,100.0,0,3.0,추천_매수진입,3.0,NEUTRAL,1.0,상승잠재 758722755% | 200일선상단 | 20일돌파 | MACD+,EPS스크래핑
6,6,2026-05-09,롯데웰푸드,280360,KS,식품,127600.0,117351.5,1,,658.1340126414821,2.957753523439216,1,71390131647.0,11712.0,11712.0,TRAILING_DART,71390131647.0,856681579764.0,671380448.4043887,100.0,100.0,100.0,0,3.0,추천_매수진입,3.0,NEUTRAL,1.0,상승잠재 671380448% | 200일선상단 | 20일돌파 | 거래량상승3.0x | MACD+,EPS스크래핑
7,7,2026-05-09,파마리서치,214450,KQ,건강관리장비와용품,341000.0,462592.5,0,,4068.853195655696,3.642793332385845,1,168255434874.0,18767.0,18767.0,TRAILING_DART,168255434874.0,2019065218488.0,592101137.0932552,100.0,100.0,100.0,0,3.0,관심종목,3.0,NEUTRAL,1.0,상승잠재 592101137% | 20일돌파 | 거래량상승3.6x | MACD+,EPS스크래핑
8,8,2026-05-09,F&F홀딩스,007700,KS,"섬유,의류,신발,호화품",20500.0,19305.85,1,,121.3460270645018,1.1987749099794711,1,9405.895715224024,,10346.485286746429,TRAILING_DART,9405.895715224024,112870.74858268828,450.5890174765282,100.0,100.0,100.0,0,3.0,추천_매수진입,3.0,NEUTRAL,1.0,상승잠재 451% | 200일선상단 | 20일돌파 | MACD+,EPS스크래핑
9,9,2026-05-09,솔브레인홀딩스,036830,KQ,전기제품,66400.0,46417.75,1,,93.77133514887193,1.7760945536331358,0,24168.868325570533,,26585.755158127587,TRAILING_DART,24168.868325570533,290026.41990684636,336.78677696814214,100.0,100.0,100.0,0,3.0,진입_관심,3.0,NEUTRAL,1.0,상승잠재 337% | 200일선상단 | 거래량상승1.8x | MACD+,EPS스크래핑
10,10,2026-05-09,한화3우B,00088K,KS,복합기업,50600.0,42066.5,1,,112.18998699993163,1.4100216872386973,0,,10406.0,10406.0,CONSENSUS_SCRAPE,10406.0,124872.0,146.78260869565216,100.0,100.0,100.0,0,3.0,진입_관심,3.0,NEUTRAL,1.0,상승잠재 147% | 200일선상단 | MACD+,EPS스크래핑
11,11,2026-05-09,한화,000880,KS,복합기업,141300.0,101095.5,1,,1052.9190039441337,1.022788656719772,1,28246.47256998182,10406.0,10406.0,TRAILING_DART,28246.47256998182,338957.6708397818,139.88511736714918,100.0,100.0,100.0,0,3.0,추천_매수진입,3.0,NEUTRAL,1.0,상승잠재 140% | 200일선상단 | 20일돌파 | MACD+,EPS스크래핑
12,12,2026-05-09,INVENI,015360,KS,가스유틸리티,17400.0,13766.25,1,,70.99975751525443,4.712936387381611,1,3182.2162935779816,,3500.43792293578,TRAILING_DART,3182.2162935779816,38186.59552293578,119.46319266055045,100.0,100.0,100.0,0,3.0,추천_매수진입,3.0,NEUTRAL,1.0,상승잠재 119% | 200일선상단 | 20일돌파 | 거래량상승4.7x | MACD+,EPS스크래핑
13,13,2026-05-09,HD현대,267250,KS,조선,289000.0,206181.0,1,,1929.7259630971491,1.1269446205398197,0,46529.16929374261,19327.0,19327.0,TRAILING_DART,46529.16929374261,558350.0315249113,93.2007029497963,100.0,100.0,100.0,0,3.0,진입_관심,3.0,NEUTRAL,1.0,상승잠재 93% | 200일선상단 | MACD+,EPS스크래핑
14,14,2026-05-09,현대차3우B,005389,KS,자동차,260500.0,209014.5,1,,1531.091070010105,4.084314088187011,1,,40715.0,40715.0,CONSENSUS_SCRAPE,40715.0,488580.0,87.55470249520154,100.0,100.0,100.0,0,3.0,추천_매수진입,3.0,NEUTRAL,1.0,상승잠재 88% | 200일선상단 | 20일돌파 | 거래량상승4.1x | MACD+,EPS스크래핑
15,15,2026-05-09,현대차2우B,005387,KS,자동차,271500.0,215979.5,1,,2124.949519877941,2.251050102194031,1,,40715.0,40715.0,CONSENSUS_SCRAPE,40715.0,488580.0,79.95580110497238,100.0,100.0,100.0,0,3.0,추천_매수진입,3.0,NEUTRAL,1.0,상승잠재 80% | 200일선상단 | 20일돌파 | 거래량상승2.3x | MACD+,EPS스크래핑
16,16,2026-05-09,화신,010690,KS,자동차부품,12890.0,9538.7,1,,49.79301994755724,3.0886254688313968,1,1909.724814542556,,2100.697295996812,TRAILING_DART,1909.724814542556,22916.69777451067,77.78663905749164,100.0,100.0,100.0,0,3.0,추천_매수진입,3.0,NEUTRAL,1.0,상승잠재 78% | 200일선상단 | 20일돌파 | 거래량상승3.1x | MACD+,EPS스크래핑
17,17,2026-05-09,DB증권,016610,KS,증권,15230.0,11291.2,1,,181.7655760958504,1.3676101607827988,0,2248.926010667244,,2473.8186117339687,TRAILING_DART,2248.926010667244,26987.112128006927,77.19705927778679,100.0,100.0,100.0,0,3.0,진입_관심,3.0,NEUTRAL,1.0,상승잠재 77% | 200일선상단 | MACD+,EPS스크래핑
18,18,2026-05-09,에이스침대,003800,KQ,가구,35000.0,31295.75,1,,91.72707798029256,0.6276258537924608,1,5047.208299909828,,5551.929129900812,TRAILING_DART,5047.208299909828,60566.499598917944,73.04714171119413,100.0,100.0,100.0,0,3.0,추천_매수진입,3.0,NEUTRAL,1.0,상승잠재 73% | 200일선상단 | 20일돌파 | MACD+,EPS스크래핑
19,19,2026-05-09,GS,078930,KS,석유와가스,79400.0,57806.5,1,,282.8811295080613,1.0617729787786616,0,11172.929845907744,8318.0,8318.0,TRAILING_DART,11172.929845907744,134075.15815089294,68.86040069381983,100.0,100.0,100.0,0,3.0,진입_관심,3.0,NEUTRAL,1.0,상승잠재 69% | 200일선상단 | MACD+,EPS스크래핑
20,20,2026-05-09,현대그린푸드,453340,KS,식품,19300.0,15978.3,1,,265.6017368123924,3.052296079918299,1,2699.4712250194725,,2969.41834752142,TRAILING_DART,2699.4712250194725,32393.65470023367,67.84277046753198,100.0,100.0,100.0,0,3.0,추천_매수진입,3.0,NEUTRAL,1.0,상승잠재 68% | 200일선상단 | 20일돌파 | 거래량상승3.1x | MACD+,EPS스크래핑
21,21,2026-05-09,일진홀딩스,015860,KS,전기장비,13700.0,7076.5,1,,494.7443633395285,1.7098585083641162,1,1815.7691979751023,,1997.3461177726128,TRAILING_DART,1815.7691979751023,21789.230375701227,59.045477194899476,100.0,100.0,100.0,0,3.0,추천_매수진입,3.0,NEUTRAL,1.0,상승잠재 59% | 200일선상단 | 20일돌파 | 거래량상승1.7x | MACD+,EPS스크래핑
22,22,2026-05-09,F&F,383220,KS,"섬유,의류,신발,호화품",83100.0,68169.0,1,,1760.0581095542352,1.9400250290770864,1,10459.855496040876,10579.0,10579.0,TRAILING_DART,10459.855496040876,125518.26595249052,51.044844708171496,100.0,100.0,100.0,0,3.0,추천_매수진입,3.0,NEUTRAL,1.0,상승잠재 51% | 200일선상단 | 20일돌파 | 거래량상승1.9x | MACD+,EPS스크래핑
23,23,2026-05-09,기아,000270,KS,자동차,164500.0,129817.5,1,,898.5629413958702,2.9571023160769374,1,19349.186729689773,21385.0,21385.0,TRAILING_DART,19349.186729689773,232190.2407562773,41.14908252661233,100.0,100.0,100.0,0,3.0,추천_매수진입,3.0,NEUTRAL,1.0,상승잠재 41% | 200일선상단 | 20일돌파 | 거래량상승3.0x | MACD+,EPS스크래핑
24,24,2026-05-09,휴온스,243070,KQ,제약,30250.0,28236.75,1,,323.6340101529546,3.3539232461186623,1,3526.296070883451,,3878.9256779717966,TRAILING_DART,3526.296070883451,42315.552850601416,39.88612512595508,100.0,100.0,100.0,0,3.0,추천_매수진입,3.0,NEUTRAL,1.0,상승잠재 40% | 200일선상단 | 20일돌파 | 거래량상승3.4x | MACD+,EPS스크래핑
25,25,2026-05-09,한일홀딩스,003300,KS,건축자재,17960.0,17148.4,1,,3.340642308541483,3.143984049930652,1,2008.9107962135488,,2209.801875834904,TRAILING_DART,2008.9107962135488,24106.929554562586,34.22566567128389,100.0,100.0,100.0,0,3.0,추천_매수진입,3.0,NEUTRAL,1.0,상승잠재 34% | 200일선상단 | 20일돌파 | 거래량상승3.1x | MACD+,EPS스크래핑
26,26,2026-05-09,현대홈쇼핑,057050,KS,인터넷과카탈로그소매,85700.0,62609.5,1,,41.78270801116696,1.53827830431101,0,9559.69225,,10515.661475,TRAILING_DART,9559.69225,114716.307,33.85800116686115,100.0,100.0,100.0,0,3.0,진입_관심,3.0,NEUTRAL,1.0,상승잠재 34% | 200일선상단 | 거래량상승1.5x | MACD+,EPS스크래핑
27,27,2026-05-09,에스엘,005850,KS,자동차부품,68300.0,45572.0,1,,460.9853010836741,3.627495284592516,1,6906.362346356784,7950.0,7950.0,TRAILING_DART,6906.362346356784,82876.3481562814,21.341651766151394,100.0,100.0,100.0,0,3.0,추천_매수진입,3.0,NEUTRAL,1.0,상승잠재 21% | 200일선상단 | 20일돌파 | 거래량상승3.6x | MACD+,EPS스크래핑
28,28,2026-05-09,휴온스글로벌,084110,KQ,제약,64800.0,53122.25,1,,215.7148531871044,2.037373360559177,0,6462.7802546356925,,7109.058280099262,TRAILING_DART,6462.7802546356925,77553.36305562832,19.681115826586915,99.20278956646727,100.0,99.60139478323364,0,3.0,진입_관심,2.9800697391616824,NEUTRAL,1.0,상승잠재 20% | 200일선상단 | 거래량상승2.0x | MACD+,EPS스크래핑
29,29,2026-05-09,케이씨,029460,KS,반도체와반도체장비,39600.0,28049.5,1,,68.04229154712175,1.0309066744664583,1,3919.13736649628,,4311.051103145908,TRAILING_DART,3919.13736649628,47029.64839795536,18.76173837867514,96.90434594668784,100.0,98.45217297334392,0,3.0,추천_매수진입,2.922608648667196,NEUTRAL,1.0,상승잠재 19% | 200일선상단 | 20일돌파 | MACD+,EPS스크래핑
30,30,2026-05-09,이노션,214320,KS,광고,20200.0,18757.7,1,,114.45850352506044,0.9856324188106224,1,108971717082.0,2562.0,2562.0,TRAILING_DART,108971717082.0,1307660604984.0,6473567251.405941,100.0,95.0,97.5,0,3.0,추천_매수진입,2.875,NEUTRAL,1.0,상승잠재 6473567251% | 200일선상단 | 20일돌파 | MACD+,EPS스크래핑
31,31,2026-05-09,대신증권,003540,KS,증권,39300.0,30993.75,1,,121.68760423433956,0.9718242495348942,0,186726503000.0,,4173.10325732369,TRAILING_DART,186726503000.0,2240718036000.0,5701572510.687022,100.0,95.0,97.5,0,3.0,진입_관심,2.875,NEUTRAL,1.0,상승잠재 5701572511% | 200일선상단 | MACD+,EPS스크래핑
32,32,2026-05-09,롯데렌탈,089860,KS,도로와철도운송,33250.0,31210.5,1,,-102.5730701586636,1.7339467632161432,0,126714957828.0,4267.0,4267.0,TRAILING_DART,126714957828.0,1520579493936.0,4573171310.333835,100.0,95.0,97.5,0,3.0,진입_관심,2.875,NEUTRAL,1.0,상승잠재 4573171310% | 200일선상단 | 거래량상승1.7x,EPS스크래핑
33,33,2026-05-09,한국콜마,161890,KS,화장품,93600.0,75870.5,1,,-107.69401583863235,2.591298910820011,1,168220449431.0,6209.0,6209.0,TRAILING_DART,168220449431.0,2018645393172.0,2156672328.602564,100.0,95.0,97.5,0,3.0,추천_매수진입,2.875,NEUTRAL,1.0,상승잠재 2156672329% | 200일선상단 | 20일돌파 | 거래량상승2.6x,EPS스크래핑
34,34,2026-05-09,네오팜,092730,KQ,화장품,20150.0,18430.3,1,,23.506514706536564,0.77460385493727,0,27822878316.0,,1909.4826024400195,TRAILING_DART,27822878316.0,333874539792.0,1656945506.9081886,100.0,95.0,97.5,0,3.0,진입_관심,2.875,NEUTRAL,1.0,상승잠재 1656945507% | 200일선상단 | MACD+,EPS스크래핑
35,35,2026-05-09,KG케미칼,001390,KS,자동차,6110.0,5238.4,1,,5.021614142737349,0.5712681176031735,0,3628.948809580648,,3991.843690538713,TRAILING_DART,3628.948809580648,43547.38571496777,612.7231704577378,100.0,95.0,97.5,0,3.0,진입_관심,2.875,NEUTRAL,1.0,상승잠재 613% | 200일선상단 | MACD+,EPS스크래핑
36,36,2026-05-09,KCC,002380,KS,건축자재,606000.0,448952.5,1,,5657.687380179677,0.7863871830220998,0,173127.92396137904,60152.0,60152.0,TRAILING_DART,173127.92396137904,2077535.0875365485,242.8275722007506,100.0,95.0,97.5,0,3.0,진입_관심,2.875,NEUTRAL,1.0,상승잠재 243% | 200일선상단 | MACD+,EPS스크래핑
37,37,2026-05-09,성우하이텍,015750,KQ,자동차부품,9100.0,7167.65,1,,-7.112955164529723,1.862462628893129,0,2223.1025526625,,2445.41280792875,TRAILING_DART,2223.1025526625,26677.23063195,193.1563805708791,100.0,95.0,97.5,0,3.0,진입_관심,2.875,NEUTRAL,1.0,상승잠재 193% | 200일선상단 | 거래량상승1.9x,EPS스크래핑
38,38,2026-05-09,제이에스코퍼레이션,194370,KS,"섬유,의류,신발,호화품",14400.0,11757.45,1,,47.55325840933688,0.5415619112926556,0,2955.336888945347,,3250.8705778398817,TRAILING_DART,2955.336888945347,35464.04266734416,146.2780740787789,100.0,95.0,97.5,0,3.0,진입_관심,2.875,NEUTRAL,1.0,상승잠재 146% | 200일선상단 | MACD+,EPS스크래핑
39,39,2026-05-09,LX홀딩스,383800,KS,무역회사와판매업체,9000.0,8308.65,1,,21.39822887807918,0.6423306368814996,0,1777.57962074019,,1955.337582814209,TRAILING_DART,1777.57962074019,21330.95544888228,137.010616098692,100.0,95.0,97.5,0,3.0,진입_관심,2.875,NEUTRAL,1.0,상승잠재 137% | 200일선상단 | MACD+,EPS스크래핑
40,40,2026-05-09,KG스틸,016380,KS,철강,7170.0,5640.375,1,,112.42508671548882,0.6609080314948349,1,1355.2919371863486,,1490.8211309049836,TRAILING_DART,1355.2919371863486,16263.503246236183,126.8271024579663,100.0,95.0,97.5,0,3.0,추천_매수진입,2.875,NEUTRAL,1.0,상승잠재 127% | 200일선상단 | 20일돌파 | MACD+,EPS스크래핑
41,41,2026-05-09,E1,017940,KS,가스유틸리티,102300.0,87051.0,1,,237.82413564681883,0.4295127472645933,0,16647.301354081632,,18312.0314894898,TRAILING_DART,16647.301354081632,199767.61624897958,95.27626221796635,100.0,95.0,97.5,0,3.0,진입_관심,2.875,NEUTRAL,1.0,상승잠재 95% | 200일선상단 | MACD+,EPS스크래핑
42,42,2026-05-09,세방전지,004490,KS,자동차부품,64400.0,64150.5,1,,94.6213976730828,0.8735794065293508,0,10204.202214502164,,11224.62243595238,TRAILING_DART,10204.202214502164,122450.42657402597,90.14041393482294,100.0,95.0,97.5,0,3.0,진입_관심,2.875,NEUTRAL,1.0,상승잠재 90% | 200일선상단 | MACD+,EPS스크래핑
43,43,2026-05-09,미래에셋증권2우B,00680K,KS,증권,22900.0,13231.941020507811,1,,271.38501198402906,0.9049514713604196,0,,3466.0,3466.0,CONSENSUS_SCRAPE,3466.0,41592.0,81.62445414847161,100.0,95.0,97.5,0,3.0,진입_관심,2.875,NEUTRAL,1.0,상승잠재 82% | 200일선상단 | MACD+,EPS스크래핑
44,44,2026-05-09,아이티센글로벌,124500,KQ,IT서비스,58100.0,32429.45,1,,1136.3518879813846,0.7078930854661047,0,8545.071342544496,,9399.578476798946,TRAILING_DART,8545.071342544496,102540.85611053395,76.49028590453347,100.0,95.0,97.5,0,3.0,진입_관심,2.875,NEUTRAL,1.0,상승잠재 76% | 200일선상단 | MACD+,EPS스크래핑
45,45,2026-05-09,NICE,034310,KS,IT서비스,14340.0,13650.225,1,,83.71849987821764,0.5233960329291567,0,2083.1976860451964,,2291.5174546497165,TRAILING_DART,2083.1976860451964,24998.37223254236,74.32616619625077,100.0,95.0,97.5,0,3.0,진입_관심,2.875,NEUTRAL,1.0,상승잠재 74% | 200일선상단 | MACD+,EPS스크래핑
46,46,2026-05-09,한국금융지주,071050,KS,증권,268500.0,183799.0,1,,1163.3928311889397,0.5905016347793847,0,36326.89033153506,36407.0,36407.0,TRAILING_DART,36326.89033153506,435922.68397842074,62.35481712417905,100.0,95.0,97.5,0,3.0,진입_관심,2.875,NEUTRAL,1.0,상승잠재 62% | 200일선상단 | MACD+,EPS스크래핑
47,47,2026-05-09,한국단자,025540,KS,자동차부품,90200.0,68996.5,1,,281.90836137940096,0.6887947151938177,0,10494.880672268908,,11544.3687394958,TRAILING_DART,10494.880672268908,125938.5680672269,39.621472358344676,100.0,95.0,97.5,0,3.0,진입_관심,2.875,NEUTRAL,1.0,상승잠재 40% | 200일선상단 | MACD+,EPS스크래핑
48,48,2026-05-09,하나금융지주,086790,KS,은행,126500.0,98948.0,1,,147.65842169840744,0.8484383543139234,0,14712.50913937596,15539.0,15539.0,TRAILING_DART,14712.50913937596,176550.10967251152,39.56530408894192,100.0,95.0,97.5,0,3.0,진입_관심,2.875,NEUTRAL,1.0,상승잠재 40% | 200일선상단 | MACD+,EPS스크래핑
49,49,2026-05-09,영원무역,111770,KS,"섬유,의류,신발,호화품",84500.0,75270.0,1,,39.53977326010883,1.1007606223046564,0,9619.42136579632,13371.0,13371.0,TRAILING_DART,9619.42136579632,115433.05638955583,36.60716732491813,100.0,95.0,97.5,0,3.0,진입_관심,2.875,NEUTRAL,1.0,상승잠재 37% | 200일선상단 | MACD+,EPS스크래핑
50,50,2026-05-09,DN오토모티브,007340,KS,자동차부품,51100.0,28335.25,1,,1024.3438391550026,0.9468877186723268,1,5554.27368916867,,6109.701058085538,TRAILING_DART,5554.27368916867,66651.28427002404,30.433041624313194,100.0,95.0,97.5,0,3.0,추천_매수진입,2.875,NEUTRAL,1.0,상승잠재 30% | 200일선상단 | 20일돌파 | MACD+,EPS스크래핑
51,51,2026-05-09,유진투자증권,001200,KS,증권,6170.0,4034.7,1,,89.96790180743642,0.6754171515562671,0,666.2604596053093,,732.8865055658403,TRAILING_DART,666.2604596053093,7995.125515263711,29.58064044187538,100.0,95.0,97.5,0,3.0,진입_관심,2.875,NEUTRAL,1.0,상승잠재 30% | 200일선상단 | MACD+,EPS스크래핑
52,52,2026-05-09,수산인더스트리,126720,KS,에너지장비및서비스,33500.0,24308.0,1,,236.6515718274281,0.6554070692344074,0,3418.2857781744365,,3760.114355991881,TRAILING_DART,3418.2857781744365,41019.429338093236,22.446057725651446,100.0,95.0,97.5,0,3.0,진입_관심,2.875,NEUTRAL,1.0,상승잠재 22% | 200일선상단 | MACD+,EPS스크래핑
53,53,2026-05-09,명신산업,009900,KS,자동차부품,12800.0,9361.85,1,,51.52652655123404,0.9091695724109448,0,1302.3581119758169,,1432.5939231733987,TRAILING_DART,1302.3581119758169,15628.297343709803,22.09607299773284,100.0,95.0,97.5,0,3.0,진입_관심,2.875,NEUTRAL,1.0,상승잠재 22% | 200일선상단 | MACD+,EPS스크래핑
54,54,2026-05-09,KB금융,105560,KS,은행,161700.0,130898.0,1,,-24.12286449459043,1.0979816420269717,1,15665.033853854356,16924.0,16924.0,TRAILING_DART,15665.033853854356,187980.40624625227,16.25257034400265,90.63142586000664,100.0,95.31571293000331,0,3.0,추천_매수진입,2.7657856465001656,NEUTRAL,1.0,상승잠재 16% | 200일선상단 | 20일돌파,EPS스크래핑
55,55,2026-05-09,KB발해인프라,415640,KS,기타,10020.0,9525.4,1,,4.058501069091354,0.756709224793348,0,,,,FORWARD_AUTO,,,,,95.0,95.0,0,3.0,관심종목,0.0,NEUTRAL,1.0,200일선상단 | MACD+ | 비교차부여,"EPS스크래핑,EPS미확보"
56,56,2026-05-09,코웨이,021240,KS,가정용기기와용품,87600.0,89683.5,0,,255.26217226111797,0.8930810936570194,1,617510076654.0,9702.0,9702.0,TRAILING_DART,617510076654.0,7410120919848.0,8459042045.945205,100.0,90.0,95.0,0,3.0,관심종목,2.75,NEUTRAL,1.0,상승잠재 8459042046% | 20일돌파 | MACD+,EPS스크래핑
57,57,2026-05-09,하이록코리아,013030,KQ,기계,43500.0,34722.25,1,,-47.3220695714931,1.2335899376720785,0,50772133463.0,,4745.807563988001,TRAILING_DART,50772133463.0,609265601556.0,1400610478.2896552,100.0,90.0,95.0,0,3.0,진입_관심,2.75,NEUTRAL,1.0,상승잠재 1400610478% | 200일선상단,EPS스크래핑
58,58,2026-05-09,현대해상,001450,KS,손해보험,31050.0,29198.0,1,,86.81092108055657,0.9538439917907164,0,11407.383087058166,,12548.121395763985,TRAILING_DART,11407.383087058166,136888.597044698,340.8650468428276,100.0,90.0,95.0,0,3.0,진입_관심,2.75,NEUTRAL,1.0,상승잠재 341% | 200일선상단 | MACD+,EPS스크래핑
59,59,2026-05-09,인화정공,101930,KQ,조선,14130.0,9583.1,1,,499.0477492452269,1.362607422669233,0,2769.102616062893,,3046.0128776691827,TRAILING_DART,2769.102616062893,33229.231392754715,135.16795040873825,100.0,90.0,95.0,0,3.0,진입_관심,2.75,NEUTRAL,1.0,상승잠재 135% | 200일선상단 | MACD+,EPS스크래핑
60,60,2026-05-09,서희건설,035890,KQ,건설,2785.0,1673.13,1,,138.7238496517877,1.2137858158027828,0,524.790316019571,,577.2693476215281,TRAILING_DART,524.790316019571,6297.483792234852,126.12150061884569,100.0,90.0,95.0,0,3.0,진입_관심,2.75,NEUTRAL,1.0,상승잠재 126% | 200일선상단 | MACD+,EPS스크래핑
61,61,2026-05-09,SK디스커버리,006120,KS,석유와가스,59100.0,57425.75,1,,14.288499305391838,0.7966286690388672,0,8305.309969402917,,9135.84096634321,TRAILING_DART,8305.309969402917,99663.71963283501,68.63573541934858,100.0,90.0,95.0,0,3.0,진입_관심,2.75,NEUTRAL,1.0,상승잠재 69% | 200일선상단 | MACD+,EPS스크래핑
62,62,2026-05-09,서부T&D,006730,KQ,"호텔,레스토랑,레저",14100.0,12132.5,1,,45.94600073568961,0.7415404191770235,0,1789.664963901031,712.0,712.0,TRAILING_DART,1789.664963901031,21475.97956681237,52.31191182136432,100.0,90.0,95.0,0,3.0,진입_관심,2.75,NEUTRAL,1.0,상승잠재 52% | 200일선상단 | MACD+,EPS스크래핑
63,63,2026-05-09,HDC,012630,KS,건설,27800.0,21184.45,1,,-48.1675635613463,0.6333366038676675,0,416483422703.0,,7668.539796054754,TRAILING_DART,416483422703.0,4997801072436.0,17977701599.410072,100.0,85.0,92.5,0,3.0,진입_관심,2.625,NEUTRAL,1.0,상승잠재 17977701599% | 200일선상단,EPS스크래핑
64,64,2026-05-09,동원산업,006040,KS,식품,39100.0,43173.0,0,,12.998670079139911,2.360760604756483,0,387148699085.0,6682.0,6682.0,TRAILING_DART,387148699085.0,4645784389020.0,11881801406.445013,100.0,85.0,92.5,0,3.0,관심종목,2.625,NEUTRAL,1.0,상승잠재 11881801406% | 거래량상승2.4x | MACD+,EPS스크래핑
65,65,2026-05-09,한라IMS,092460,KQ,조선,18800.0,15492.65,1,,-33.48545770391797,0.4483103111691512,0,25489380431.0,,1638.740085968879,TRAILING_DART,25489380431.0,305872565172.0,1626981629.6382978,100.0,85.0,92.5,0,3.0,진입_관심,2.625,NEUTRAL,1.0,상승잠재 1626981630% | 200일선상단,EPS스크래핑
66,66,2026-05-09,성광벤드,014620,KQ,기계,41350.0,32437.5,1,,-115.22714554531422,1.0126377399809132,0,34432123396.0,1639.0,1639.0,TRAILING_DART,34432123396.0,413185480752.0,999239273.0399033,100.0,85.0,92.5,0,3.0,진입_관심,2.625,NEUTRAL,1.0,상승잠재 999239273% | 200일선상단,EPS스크래핑
67,67,2026-05-09,코오롱인더,120110,KS,화학,91900.0,51728.25,1,,-463.4230362042072,0.7013618185612905,0,51573520480.0,4528.0,4528.0,TRAILING_DART,51573520480.0,618882245760.0,673429982.437432,100.0,85.0,92.5,0,3.0,진입_관심,2.625,NEUTRAL,1.0,상승잠재 673429982% | 200일선상단,EPS스크래핑
68,68,2026-05-09,KG에코솔루션,151860,KQ,자동차,6830.0,6104.5,1,,-17.502476145312983,1.0775573280647102,0,3859.0686867815607,,4244.975555459717,TRAILING_DART,3859.0686867815607,46308.82424137873,578.0208527288248,100.0,85.0,92.5,0,3.0,진입_관심,2.625,NEUTRAL,1.0,상승잠재 578% | 200일선상단,EPS스크래핑
69,69,2026-05-09,농심홀딩스,072710,KS,식품,96400.0,91921.5,1,,-107.04882397108304,0.676579854278062,0,24705.90139764845,,27176.49153741329,TRAILING_DART,24705.90139764845,296470.8167717814,207.54234104956578,100.0,85.0,92.5,0,3.0,진입_관심,2.625,NEUTRAL,1.0,상승잠재 208% | 200일선상단,EPS스크래핑
70,70,2026-05-09,삼천리,004690,KS,가스유틸리티,145400.0,134990.5,1,,955.8427141639424,0.882950456441481,0,32386.00962090246,,35624.61058299271,TRAILING_DART,32386.00962090246,388632.1154508295,167.2848111766365,100.0,85.0,92.5,0,3.0,진입_관심,2.625,NEUTRAL,1.0,상승잠재 167% | 200일선상단 | MACD+,EPS스크래핑
71,71,2026-05-09,삼지전자,037460,KQ,통신장비,36300.0,17417.95,1,,121.27657446796184,0.558862459255463,0,7252.4396428794225,,7977.683607167365,TRAILING_DART,7252.4396428794225,87029.27571455308,139.75007083898922,100.0,85.0,92.5,0,3.0,진입_관심,2.625,NEUTRAL,1.0,상승잠재 140% | 200일선상단 | MACD+,EPS스크래핑
72,72,2026-05-09,코리안리,003690,KS,손해보험,12110.0,11641.2,1,,4.226749629823331,0.9792032194733788,0,1822.3155821957605,,2004.5471404153368,TRAILING_DART,1822.3155821957605,21867.786986349125,80.57627569239574,100.0,85.0,92.5,0,3.0,진입_관심,2.625,NEUTRAL,1.0,상승잠재 81% | 200일선상단 | MACD+,EPS스크래핑
73,73,2026-05-09,iM금융지주,139130,KS,은행,19100.0,15436.0,1,,-17.868058260058262,0.6861446102639269,0,2848.1692618619904,3056.0,3056.0,TRAILING_DART,2848.1692618619904,34178.03114234388,78.94257142588421,100.0,85.0,92.5,0,3.0,진입_관심,2.625,NEUTRAL,1.0,상승잠재 79% | 200일선상단,EPS스크래핑
74,74,2026-05-09,더블유게임즈,192080,KS,게임엔터테인먼트,58700.0,53019.5,1,,423.8231719407927,0.5120585134111351,0,8492.266220913834,8230.0,8230.0,TRAILING_DART,8492.266220913834,101907.194650966,73.60680519755707,100.0,85.0,92.5,0,3.0,진입_관심,2.625,NEUTRAL,1.0,상승잠재 74% | 200일선상단 | MACD+,EPS스크래핑
75,75,2026-05-09,케이프,064820,KQ,증권,15180.0,11039.15,1,,32.891218067773934,0.2867796204691157,0,2078.7595188204364,,2286.63547070248,TRAILING_DART,2078.7595188204364,24945.11422584524,64.32881571703055,100.0,85.0,92.5,0,3.0,진입_관심,2.625,NEUTRAL,1.0,상승잠재 64% | 200일선상단 | MACD+,EPS스크래핑
76,76,2026-05-09,인터플렉스,051370,KQ,전자장비와기기,13340.0,10688.8,1,,-43.53045530447193,0.5104505563209873,0,1407.3379180564443,,1548.071709862089,TRAILING_DART,1407.3379180564443,16888.055016677332,26.59711406804597,100.0,85.0,92.5,0,3.0,진입_관심,2.625,NEUTRAL,1.0,상승잠재 27% | 200일선상단,EPS스크래핑
77,77,2026-05-09,IPARK현대산업개발,294870,KS,건설,23250.0,21238.5,1,,-91.38781257340224,0.5700654395959921,0,2399.5619063767263,5108.0,5108.0,TRAILING_DART,2399.5619063767263,28794.742876520715,23.848356458153617,100.0,85.0,92.5,0,3.0,진입_관심,2.625,NEUTRAL,1.0,상승잠재 24% | 200일선상단,EPS스크래핑
78,78,2026-05-09,팬오션,028670,KS,해운사,5980.0,4408.075,1,,26.45325697089342,1.113316493892011,1,563.8312571780187,678.0,678.0,TRAILING_DART,563.8312571780187,6765.9750861362245,13.143396089234516,82.85849022308628,100.0,91.42924511154314,0,3.0,추천_매수진입,2.571462255577157,NEUTRAL,1.0,상승잠재 13% | 200일선상단 | 20일돌파 | MACD+,EPS스크래핑
79,79,2026-05-09,SK가스,018670,KS,가스유틸리티,263500.0,245315.0,1,,615.3271896437636,0.6099225160961907,0,25257.89698899586,27168.0,27168.0,TRAILING_DART,25257.89698899586,303094.7638679503,15.026475851214528,87.56618962803631,95.0,91.28309481401816,0,3.0,진입_관심,2.564154740700908,NEUTRAL,1.0,상승잠재 15% | 200일선상단 | MACD+,EPS스크래핑
80,80,2026-05-09,지역난방공사,071320,KS,복합유틸리티,75500.0,91220.0,0,,264.0283326593172,2.0264468049060844,0,338886000000.0,15978.0,15978.0,TRAILING_DART,338886000000.0,4066632000000.0,5386267449.668874,100.0,80.0,90.0,0,3.0,관심종목,2.5,NEUTRAL,1.0,상승잠재 5386267450% | 거래량상승2.0x | MACD+,EPS스크래핑
81,81,2026-05-09,태광,023160,KQ,기계,40100.0,28119.8,1,,-907.9037478723994,1.6142520545390249,0,65514427414.0,2054.0,2054.0,TRAILING_DART,65514427414.0,786173128968.0,1960531393.6857858,100.0,80.0,90.0,0,3.0,진입_관심,2.5,NEUTRAL,1.0,상승잠재 1960531394% | 200일선상단 | 거래량상승1.6x,EPS스크래핑
82,82,2026-05-09,오리온홀딩스,001800,KS,식품,24450.0,21708.7,1,,-47.92686603248342,0.9098358871814872,0,5391.900149862508,,5931.09016484876,TRAILING_DART,5391.900149862508,64702.801798350105,164.633136189571,100.0,80.0,90.0,0,3.0,진입_관심,2.5,NEUTRAL,1.0,상승잠재 165% | 200일선상단,EPS스크래핑
83,83,2026-05-09,LF,093050,KS,"섬유,의류,신발,호화품",24850.0,19941.5,1,,-198.6943703368612,1.5806482887890638,0,4019.376897024624,,4421.314586727087,TRAILING_DART,4019.376897024624,48232.52276429549,94.09465901124948,100.0,80.0,90.0,0,3.0,진입_관심,2.5,NEUTRAL,1.0,상승잠재 94% | 200일선상단 | 거래량상승1.6x,EPS스크래핑
84,84,2026-05-09,한국앤컴퍼니,000240,KS,자동차부품,25100.0,25434.25,0,,88.74553369002615,1.41569885760208,0,3657.538424182632,,4023.2922666008953,TRAILING_DART,3657.538424182632,43890.46109019158,74.86239478163976,100.0,80.0,90.0,0,3.0,관심종목,2.5,NEUTRAL,1.0,상승잠재 75% | MACD+,EPS스크래핑
85,85,2026-05-09,BGF,027410,KS,화학,5040.0,4163.675,1,,-20.787187935852955,0.9547454403822636,0,589.4039993045734,,648.3443992350308,TRAILING_DART,589.4039993045734,7072.84799165488,40.334285548707946,100.0,80.0,90.0,0,3.0,진입_관심,2.5,NEUTRAL,1.0,상승잠재 40% | 200일선상단,EPS스크래핑
86,86,2026-05-09,바텍,043150,KQ,건강관리장비와용품,23050.0,21730.75,1,,-83.60666162096223,1.9337474057854929,0,2631.159925478597,3575.0,3575.0,TRAILING_DART,2631.159925478597,31573.919105743164,36.980126272204615,100.0,80.0,90.0,0,3.0,진입_관심,2.5,NEUTRAL,1.0,상승잠재 37% | 200일선상단 | 거래량상승1.9x,EPS스크래핑
87,87,2026-05-09,유니드,014830,KS,화학,84500.0,76878.5,1,,-752.508982662675,0.7594859787350002,0,9642.876812016077,12781.0,12781.0,TRAILING_DART,9642.876812016077,115714.52174419293,36.94026241916322,100.0,80.0,90.0,0,3.0,진입_관심,2.5,NEUTRAL,1.0,상승잠재 37% | 200일선상단,EPS스크래핑
88,88,2026-05-09,DL이앤씨,375500,KS,건설,95400.0,51085.75,1,,-1855.6346846108645,0.5621823976407121,0,9567.184222811082,8020.0,8020.0,TRAILING_DART,9567.184222811082,114806.21067373297,20.34193990957336,100.0,80.0,90.0,0,3.0,진입_관심,2.5,NEUTRAL,1.0,상승잠재 20% | 200일선상단,EPS스크래핑
89,89,2026-05-09,효성,004800,KS,복합기업,263000.0,126190.5,1,,9673.231893707154,1.2547108670658789,0,25215.68690934456,17204.0,17204.0,TRAILING_DART,25215.68690934456,302588.24291213474,15.052563844918154,87.63140961229539,90.0,88.81570480614769,0,3.0,진입_관심,2.4407852403073846,NEUTRAL,1.0,상승잠재 15% | 200일선상단 | MACD+,EPS스크래핑
90,90,2026-05-09,키움증권,039490,KS,증권,452500.0,322422.0,1,,878.7211824133256,0.5963868242802552,0,42510.32405957744,55287.0,55287.0,TRAILING_DART,42510.32405957744,510123.8887149293,12.734561041973326,81.83640260493331,95.0,88.41820130246666,0,3.0,진입_관심,2.4209100651233326,NEUTRAL,1.0,상승잠재 13% | 200일선상단 | MACD+,EPS스크래핑
91,91,2026-05-09,현대글로비스,086280,KS,항공화물운송과물류,251000.0,197244.5,1,,1758.3916053021562,4.92481735949545,1,23129.296707266665,24033.0,24033.0,TRAILING_DART,23129.296707266665,277551.5604872,10.578310951075686,76.44577737768921,100.0,88.2228886888446,0,3.0,추천_매수진입,2.4111444344422304,NEUTRAL,1.0,상승잠재 11% | 200일선상단 | 20일돌파 | 거래량상승4.9x | MACD+,EPS스크래핑
92,92,2026-05-09,한전기술,052690,KS,전기유틸리티,173600.0,119078.75,1,,-1708.4633821404732,1.493763790794878,0,85367742275.0,1633.0,1633.0,TRAILING_DART,85367742275.0,1024412907300.0,590099500.9792627,100.0,75.0,87.5,0,3.0,진입_관심,2.375,NEUTRAL,1.0,상승잠재 590099501% | 200일선상단,EPS스크래핑
93,93,2026-05-09,다우기술,023590,KS,증권,48300.0,41169.5,1,,83.11574520328676,0.804681832790985,0,26705.72355943469,,29376.29591537816,TRAILING_DART,26705.72355943469,320468.6827132163,563.4962375014829,100.0,75.0,87.5,0,3.0,진입_관심,2.375,NEUTRAL,1.0,상승잠재 563% | 200일선상단 | MACD+,EPS스크래핑
94,94,2026-05-09,한화손해보험,000370,KS,손해보험,6630.0,6091.5,1,,17.966605079920193,0.798738879560621,0,2504.159516987116,,2754.575468685828,TRAILING_DART,2504.159516987116,30049.914203845394,353.2415415361296,100.0,75.0,87.5,0,3.0,진입_관심,2.375,NEUTRAL,1.0,상승잠재 353% | 200일선상단 | MACD+,EPS스크래핑
95,95,2026-05-09,한국캐피탈,023760,KQ,기타금융,944.0,854.755,1,,-2.149722593305207,1.6635318891078956,0,318.5000031811456,,350.3500034992602,TRAILING_DART,318.5000031811456,3822.0000381737473,304.87288539976134,100.0,75.0,87.5,0,3.0,진입_관심,2.375,NEUTRAL,1.0,상승잠재 305% | 200일선상단 | 거래량상승1.7x,EPS스크래핑
96,96,2026-05-09,영원무역홀딩스,009970,KS,"섬유,의류,신발,호화품",209000.0,176790.5,1,,81.90939692827487,0.9526937062269006,0,44925.16507132959,,49417.68157846255,TRAILING_DART,44925.16507132959,539101.980855955,157.94353151002633,100.0,75.0,87.5,0,3.0,진입_관심,2.375,NEUTRAL,1.0,상승잠재 158% | 200일선상단 | MACD+,EPS스크래핑
97,97,2026-05-09,넥센타이어,002350,KS,자동차부품,7220.0,7097.85,1,,-32.988686040567124,1.6974504337541954,0,1547.8373423024236,1587.0,1587.0,TRAILING_DART,1547.8373423024236,18574.04810762908,157.25828403918393,100.0,75.0,87.5,0,3.0,진입_관심,2.375,NEUTRAL,1.0,상승잠재 157% | 200일선상단 | 거래량상승1.7x,EPS스크래핑
98,98,2026-05-09,이지홀딩스,035810,KQ,식품,5540.0,4761.9,1,,8.458333755339012,0.6385285435788666,0,1073.393331022285,,1180.7326641245138,TRAILING_DART,1073.393331022285,12880.719972267421,132.50397061854554,100.0,75.0,87.5,0,3.0,진입_관심,2.375,NEUTRAL,1.0,상승잠재 133% | 200일선상단 | MACD+,EPS스크래핑
99,99,2026-05-09,KG이니시스,035600,KQ,IT서비스,11120.0,10677.4,1,,-37.93843525546387,1.0554517549713065,0,2097.0631387674302,,2306.7694526441733,TRAILING_DART,2097.0631387674302,25164.757665209163,126.30177756483062,100.0,75.0,87.5,0,3.0,진입_관심,2.375,NEUTRAL,1.0,상승잠재 126% | 200일선상단,EPS스크래핑
100,100,2026-05-09,동아쏘시오홀딩스,000640,KS,제약,95900.0,106242.0340234375,0,,40.11998554820974,1.1549711931719098,0,13585.759087041166,12688.0,12688.0,TRAILING_DART,13585.759087041166,163029.109044494,69.99907095359123,100.0,75.0,87.5,0,3.0,관심종목,2.375,NEUTRAL,1.0,상승잠재 70% | MACD+,EPS스크래핑
101,101,2026-05-09,쿠쿠홀딩스,192400,KS,가정용기기와용품,29200.0,29532.75,0,,-6.3637688356011495,1.2067764496085152,0,4083.512211102889,,4491.863432213178,TRAILING_DART,4083.512211102889,49002.14653323467,67.81557031929681,100.0,75.0,87.5,0,3.0,관심종목,2.375,NEUTRAL,1.0,상승잠재 68%,EPS스크래핑
102,102,2026-05-09,세아제강지주,003030,KS,철강,205000.0,166890.0,1,,-4059.941707934016,1.1228805000690998,0,23626.740122129864,,25989.414134342853,TRAILING_DART,23626.740122129864,283520.88146555837,38.30286900758946,100.0,75.0,87.5,0,3.0,진입_관심,2.375,NEUTRAL,1.0,상승잠재 38% | 200일선상단,EPS스크래핑
103,103,2026-05-09,CJ대한통운,000120,KS,항공화물운송과물류,100600.0,96994.0,1,,16.723782831544668,0.6462326626705397,0,11342.234705166642,12929.0,12929.0,TRAILING_DART,11342.234705166642,136106.8164619997,35.295046184890346,100.0,75.0,87.5,0,3.0,진입_관심,2.375,NEUTRAL,1.0,상승잠재 35% | 200일선상단 | MACD+,EPS스크래핑
104,104,2026-05-09,신한지주,055550,KS,은행,98000.0,80623.5,1,,-403.51177048106047,1.1606870094448811,0,10712.045264448756,11394.0,11394.0,TRAILING_DART,10712.045264448756,128544.54317338507,31.167901197331705,100.0,75.0,87.5,0,3.0,진입_관심,2.375,NEUTRAL,1.0,상승잠재 31% | 200일선상단,EPS스크래핑
105,105,2026-05-09,선익시스템,171090,KQ,디스플레이장비및부품,92500.0,63888.5,1,,-1526.4368080948138,0.3480786301105102,0,9554.342664768546,9313.0,9313.0,TRAILING_DART,9554.342664768546,114652.11197722255,23.948229164564914,100.0,75.0,87.5,0,3.0,진입_관심,2.375,NEUTRAL,1.0,상승잠재 24% | 200일선상단,EPS스크래핑
106,106,2026-05-09,HD한국조선해양,009540,KS,조선,452000.0,409640.0,1,,594.2914449512064,1.3080738408496264,0,41377.22670003678,47566.0,47566.0,TRAILING_DART,41377.22670003678,496526.7204004413,9.85104433638082,74.62761084095204,100.0,87.31380542047603,0,3.0,진입_관심,2.3656902710238015,NEUTRAL,1.0,200일선상단 | MACD+,EPS스크래핑
107,107,2026-05-09,미코,059090,KQ,반도체와반도체장비,24250.0,15265.5,1,,371.024012164281,0.4482743458359153,0,2242.863341642333,,2467.149675806567,TRAILING_DART,2242.863341642333,26914.360099708,10.987051957558759,77.4676298938969,95.0,86.23381494694846,0,3.0,진입_관심,2.3116907473474226,NEUTRAL,1.0,상승잠재 11% | 200일선상단 | MACD+,EPS스크래핑
108,108,2026-05-09,삼성화재,000810,KS,손해보험,499000.0,476057.5,1,,3667.376882147892,1.022543762626426,1,45249.75315523456,44013.0,44013.0,TRAILING_DART,45249.75315523456,542997.0378628147,8.817041655874691,72.04260413968673,100.0,86.02130206984336,0,3.0,추천_매수진입,2.301065103492168,NEUTRAL,1.0,200일선상단 | 20일돌파 | MACD+,EPS스크래핑
109,109,2026-05-09,파라다이스,034230,KS,"호텔,레스토랑,레저",15810.0,18201.8,0,,104.65905770155013,0.837505324543532,0,1563.0187047669172,1033.0,1033.0,TRAILING_DART,1563.0187047669172,18756.224457203007,18.63519580773565,96.58798951933912,75.0,85.79399475966956,0,3.0,관심종목,2.2896997379834776,NEUTRAL,1.0,상승잠재 19% | MACD+,EPS스크래핑
110,110,2026-05-09,CJ프레시웨이,051500,KQ,식품과기본식료품소매,27450.0,28465.0,0,,21.00623118240753,1.6059944155798254,0,50106428488.0,5369.0,5369.0,TRAILING_DART,50106428488.0,601277141856.0,2190444861.224044,100.0,70.0,85.0,0,3.0,관심종목,2.25,NEUTRAL,1.0,상승잠재 2190444861% | 거래량상승1.6x | MACD+,EPS스크래핑
111,111,2026-05-09,코스메카코리아,241710,KQ,화장품,76800.0,73118.0,1,,-1092.9195348389096,1.0213164147011586,0,57838465093.0,6132.0,6132.0,TRAILING_DART,57838465093.0,694061581116.0,903725917.0781249,100.0,70.0,85.0,0,3.0,진입_관심,2.25,NEUTRAL,1.0,상승잠재 903725917% | 200일선상단,EPS스크래핑
112,112,2026-05-09,금호타이어,073240,KS,자동차부품,5610.0,5545.325,1,,-45.16823151527598,1.2055872459511294,0,1311.6083163872909,1498.0,1498.0,TRAILING_DART,1311.6083163872909,15739.29979664749,180.5579286389927,100.0,70.0,85.0,0,3.0,진입_관심,2.25,NEUTRAL,1.0,상승잠재 181% | 200일선상단,EPS스크래핑
113,113,2026-05-09,대한해운,005880,KS,해운사,2545.0,1990.605,1,,-29.71436483462692,0.2191989594006249,0,536.828793253571,476.0,476.0,TRAILING_DART,536.828793253571,6441.9455190428525,153.12163139657576,100.0,70.0,85.0,0,3.0,진입_관심,2.25,NEUTRAL,1.0,상승잠재 153% | 200일선상단,EPS스크래핑
114,114,2026-05-09,한화생명,088350,KS,생명보험,4800.0,3725.625,1,,-5.567496213900199,1.0555861129803965,0,962.9131981624124,,1059.2045179786537,TRAILING_DART,962.9131981624124,11554.95837794895,140.72829954060313,100.0,70.0,85.0,0,3.0,진입_관심,2.25,NEUTRAL,1.0,상승잠재 141% | 200일선상단,EPS스크래핑
115,115,2026-05-09,태영건설,009410,KS,건설,1961.0,1822.885,1,,-17.769919828783976,0.4139890371979451,0,322.0178640263672,,354.21965042900393,TRAILING_DART,322.0178640263672,3864.2143683164063,97.05325692587488,100.0,70.0,85.0,0,3.0,진입_관심,2.25,NEUTRAL,1.0,상승잠재 97% | 200일선상단,EPS스크래핑
116,116,2026-05-09,DB손해보험,005830,KS,손해보험,164600.0,145057.5,1,,-665.1761457260648,1.062627688897262,0,25806.828663668857,,28387.511530035747,TRAILING_DART,25806.828663668857,309681.9439640263,88.1421287752286,100.0,70.0,85.0,0,3.0,진입_관심,2.25,NEUTRAL,1.0,상승잠재 88% | 200일선상단,EPS스크래핑
117,117,2026-05-09,JB금융지주,175330,KS,은행,26050.0,25799.75,1,,-382.88200343334233,1.0469606071374065,0,3877.960697948784,3953.0,3953.0,TRAILING_DART,3877.960697948784,46535.52837538541,78.63926439687296,100.0,70.0,85.0,0,3.0,진입_관심,2.25,NEUTRAL,1.0,상승잠재 79% | 200일선상단,EPS스크래핑
118,118,2026-05-09,우리금융지주,316140,KS,은행,32850.0,28872.75,1,,-245.922139138194,1.2308469868515086,0,4396.692703559761,4486.0,4486.0,TRAILING_DART,4396.692703559761,52760.31244271713,60.60977912547072,100.0,70.0,85.0,0,3.0,진입_관심,2.25,NEUTRAL,1.0,상승잠재 61% | 200일선상단,EPS스크래핑
119,119,2026-05-09,휴메딕스,200670,KQ,제약,34500.0,46882.25,0,,0.9426523370772912,0.8534931573725951,0,4611.392699242115,,5072.531969166326,TRAILING_DART,4611.392699242115,55336.71239090538,60.396267799725734,100.0,70.0,85.0,0,3.0,관심종목,2.25,NEUTRAL,1.0,상승잠재 60% | MACD+,EPS스크래핑
120,120,2026-05-09,유비쿼스홀딩스,078070,KQ,통신장비,15460.0,11710.25,1,,-241.93233262455823,0.3504182057020447,0,1911.1518220173484,,2102.2670042190834,TRAILING_DART,1911.1518220173484,22933.82186420818,48.3429616054863,100.0,70.0,85.0,0,3.0,진입_관심,2.25,NEUTRAL,1.0,상승잠재 48% | 200일선상단,EPS스크래핑
121,121,2026-05-09,풍산홀딩스,005810,KS,비철금속,43600.0,40864.25,1,,-487.0088581987002,0.219877606405345,0,5157.935458267752,,5673.729004094528,TRAILING_DART,5157.935458267752,61895.22549921303,41.96152637434183,100.0,70.0,85.0,0,3.0,진입_관심,2.25,NEUTRAL,1.0,상승잠재 42% | 200일선상단,EPS스크래핑
122,122,2026-05-09,브이티,018290,KQ,화장품,16170.0,23413.3,0,,7.331476062422325,0.6061820972433835,0,1837.4946825063985,,2021.2441507570384,TRAILING_DART,1837.4946825063985,22049.936190076784,36.36324174444516,100.0,70.0,85.0,0,3.0,관심종목,2.25,NEUTRAL,1.0,상승잠재 36% | MACD+,EPS스크래핑
123,123,2026-05-09,케이카,381970,KS,자동차,10330.0,14857.4,0,,100.3870980357409,0.4674673138218802,0,1042.305827502218,1179.0,1179.0,TRAILING_DART,1042.305827502218,12507.669930026617,21.081025460083413,100.0,70.0,85.0,0,3.0,관심종목,2.25,NEUTRAL,1.0,상승잠재 21% | MACD+,EPS스크래핑
124,124,2026-05-09,에스에이엠티,031330,KQ,전자장비와기기,8560.0,4202.975,1,,97.3899619010066,2.4947413553651585,1,758.33047861251,,834.1635264737611,TRAILING_DART,758.33047861251,9099.96574335012,6.308011020445314,65.77002755111329,100.0,82.88501377555664,0,3.0,추천_매수진입,2.144250688777832,NEUTRAL,1.0,200일선상단 | 20일돌파 | 거래량상승2.5x | MACD+,EPS스크래핑
125,125,2026-05-09,씨젠,096530,KQ,생명과학도구및서비스,24400.0,25611.75,0,,-114.56246501229208,0.8903891435571188,0,48445344295.0,,1020.3707893908158,TRAILING_DART,48445344295.0,581344131540.0,2382557816.147541,100.0,65.0,82.5,0,3.0,관심종목,2.125,NEUTRAL,1.0,상승잠재 2382557816%,EPS스크래핑
126,126,2026-05-09,다우데이타,032190,KQ,증권,23850.0,20025.95,1,,-23.621441323628368,0.9412935080194202,0,31323.3151437859,,34455.64665816449,TRAILING_DART,31323.3151437859,375879.7817254308,1476.0158562911145,100.0,65.0,82.5,0,3.0,진입_관심,2.125,NEUTRAL,1.0,상승잠재 1476% | 200일선상단,EPS스크래핑
127,127,2026-05-09,하림지주,003380,KQ,식품,12840.0,10918.15,1,,-9.721691097638711,0.976899069885808,0,4586.912651464162,,5045.603916610578,TRAILING_DART,4586.912651464162,55042.95181756995,328.6834253704825,100.0,65.0,82.5,0,3.0,진입_관심,2.125,NEUTRAL,1.0,상승잠재 329% | 200일선상단,EPS스크래핑
128,128,2026-05-09,기업은행,024110,KS,은행,21800.0,21087.85,1,,-36.17021266202573,0.9466011114531924,0,3409.5558041145014,3499.0,3499.0,TRAILING_DART,3409.5558041145014,40914.66964937402,87.68197086868814,100.0,65.0,82.5,0,3.0,진입_관심,2.125,NEUTRAL,1.0,상승잠재 88% | 200일선상단,EPS스크래핑
129,129,2026-05-09,BNK금융지주,138930,KS,은행,17900.0,16256.8,1,,-101.9355146371425,0.8876630749571057,0,2694.438949970562,2763.0,2763.0,TRAILING_DART,2694.438949970562,32333.267399646746,80.63277876897624,100.0,65.0,82.5,0,3.0,진입_관심,2.125,NEUTRAL,1.0,상승잠재 81% | 200일선상단,EPS스크래핑
130,130,2026-05-09,세아홀딩스,058650,KS,철강,154500.0,138120.5,1,,-317.21331373132426,0.6550212450259661,0,19911.624296004207,,21902.78672560463,TRAILING_DART,19911.624296004207,238939.4915520505,54.65339259032393,100.0,65.0,82.5,0,3.0,진입_관심,2.125,NEUTRAL,1.0,상승잠재 55% | 200일선상단,EPS스크래핑
131,131,2026-05-09,KT,030200,KS,다각화된통신서비스,59300.0,55264.5,1,,-419.0951468666791,0.58235545780798,0,7288.142685023315,5829.0,5829.0,TRAILING_DART,7288.142685023315,87457.71222027978,47.48349446927449,100.0,65.0,82.5,0,3.0,진입_관심,2.125,NEUTRAL,1.0,상승잠재 47% | 200일선상단,EPS스크래핑
132,132,2026-05-09,하림,136480,KQ,식품,3170.0,3063.5,1,,-21.301762932351178,0.8360520576626044,0,364.7331201437699,,401.2064321581469,TRAILING_DART,364.7331201437699,4376.797441725239,38.069319928240986,100.0,65.0,82.5,0,3.0,진입_관심,2.125,NEUTRAL,1.0,상승잠재 38% | 200일선상단,EPS스크래핑
133,133,2026-05-09,SK,034730,KS,석유와가스,550000.0,278685.5,1,,16973.697413205962,0.9006883816718689,1,49036.04766294023,43752.0,43752.0,TRAILING_DART,49036.04766294023,588432.5719552828,6.987740355505978,67.46935088876495,95.0,81.23467544438248,0,3.0,추천_매수진입,2.0617337722191236,NEUTRAL,1.0,200일선상단 | 20일돌파 | MACD+,EPS스크래핑
134,134,2026-05-09,ESR켄달스퀘어리츠,365550,KS,湲고?,4420.0,4398.525,1,,-31.97065435277306,0.9678702536091662,0,,,,FORWARD_AUTO,,,,,80.0,80.0,0,3.0,관심종목,0.0,NEUTRAL,1.0,200일선상단 | 비교차부여,"EPS스크래핑,EPS미확보"
135,135,2026-05-09,한화리츠,451800,KS,湲고?,5700.0,4470.8,1,,-118.97281621633708,0.6729784788055195,0,,,,FORWARD_AUTO,,,,,80.0,80.0,0,3.0,관심종목,0.0,NEUTRAL,1.0,200일선상단 | 비교차부여,"EPS스크래핑,EPS미확보"
136,136,2026-05-09,코람코더원리츠,417310,KS,湲고?,10190.0,7728.55,1,,-47.955603282791486,0.8975322020696873,0,,,,FORWARD_AUTO,,,,,80.0,80.0,0,3.0,관심종목,0.0,NEUTRAL,1.0,200일선상단 | 비교차부여,"EPS스크래핑,EPS미확보"
137,137,2026-05-09,알테오젠,196170,KQ,생물공학,340500.0,436965.0,0,,-1973.614884995775,1.7987995250712994,0,145172981930.0,,2982.978078427884,TRAILING_DART,145172981930.0,1742075783160.0,511622743.8061674,100.0,60.0,80.0,0,3.0,관심종목,2.0,NEUTRAL,1.0,상승잠재 511622744% | 거래량상승1.8x,EPS스크래핑
138,138,2026-05-09,한국전력,015760,KS,전기유틸리티,44050.0,46025.0,0,,104.16492550426346,0.7053495356331246,0,13500.219576928132,14016.0,14016.0,TRAILING_DART,13500.219576928132,162002.63492313758,267.769886318133,100.0,60.0,80.0,0,3.0,관심종목,2.0,NEUTRAL,1.0,상승잠재 268% | MACD+,EPS스크래핑
139,139,2026-05-09,우리기술투자,041190,KQ,창업투자,6590.0,8505.85,0,,5.525002790837413,0.7551283350346574,0,1316.0070536071428,,1447.607758967857,TRAILING_DART,1316.0070536071428,15792.084643285714,139.63709625623238,100.0,60.0,80.0,0,3.0,관심종목,2.0,NEUTRAL,1.0,상승잠재 140% | MACD+,EPS스크래핑
140,140,2026-05-09,에스엠,041510,KQ,방송과엔터테인먼트,92200.0,115783.5,0,,298.53814708096905,0.7920456436245565,0,15696.395697080852,6057.0,6057.0,TRAILING_DART,15696.395697080852,188356.74836497023,104.29148412686575,100.0,60.0,80.0,0,3.0,관심종목,2.0,NEUTRAL,1.0,상승잠재 104% | MACD+,EPS스크래핑
141,141,2026-05-09,SOOP,067160,KQ,양방향미디어와서비스,55300.0,70873.0,0,,-435.8688000906807,1.824237107118334,0,9025.3477408459,8439.0,8439.0,TRAILING_DART,9025.3477408459,108304.1728901508,95.84841390624015,100.0,60.0,80.0,0,3.0,관심종목,2.0,NEUTRAL,1.0,상승잠재 96% | 거래량상승1.8x,EPS스크래핑
142,142,2026-05-09,아모레퍼시픽홀딩스,002790,KS,화장품,27250.0,28132.5,0,,-132.20205908514345,0.8503458472592248,0,3821.118067040047,,4203.229873744052,TRAILING_DART,3821.118067040047,45853.41680448057,68.26941946598374,100.0,60.0,80.0,0,3.0,관심종목,2.0,NEUTRAL,1.0,상승잠재 68%,EPS스크래핑
143,143,2026-05-09,한세실업,105630,KS,"섬유,의류,신발,호화품",11060.0,11910.8,0,,-16.495979325600047,2.9342197134952617,0,1431.3801308,1579.0,1579.0,TRAILING_DART,1431.3801308,17176.5615696,55.30344999638335,100.0,60.0,80.0,0,3.0,관심종목,2.0,NEUTRAL,1.0,상승잠재 55% | 거래량상승2.9x,EPS스크래핑
144,144,2026-05-09,와이지엔터테인먼트,122870,KQ,방송과엔터테인먼트,50200.0,75237.5,0,,-55.02052640844295,1.279651849825522,0,53744637813.0,3421.0,3421.0,TRAILING_DART,53744637813.0,644935653756.0,1284732278.0,100.0,55.0,77.5,0,3.0,관심종목,1.875,NEUTRAL,1.0,상승잠재 1284732278%,EPS스크래핑
145,145,2026-05-09,SNT홀딩스,036530,KS,자동차부품,58800.0,61191.0,0,,-493.8338746208558,1.3202675444790886,0,13473.50692534283,,14820.857617877116,TRAILING_DART,13473.50692534283,161682.08310411396,174.9695290886292,100.0,55.0,77.5,0,3.0,관심종목,1.875,NEUTRAL,1.0,상승잠재 175%,EPS스크래핑
146,146,2026-05-09,엠씨넥스,097520,KS,핸드셋,23000.0,27649.25,0,,-18.20766048027538,1.2870406277801858,0,2962.654793897078,2797.0,2797.0,TRAILING_DART,2962.654793897078,35551.857526764936,54.573293594630144,100.0,55.0,77.5,0,3.0,관심종목,1.875,NEUTRAL,1.0,상승잠재 55%,EPS스크래핑
147,147,2026-05-09,대웅제약,069620,KS,제약,145200.0,157085.5,0,,-207.9284103183154,1.273182540089144,0,16649.347980572344,13861.0,13861.0,TRAILING_DART,16649.347980572344,199792.1757668681,37.59791719481276,100.0,55.0,77.5,0,3.0,관심종목,1.875,NEUTRAL,1.0,상승잠재 38%,EPS스크래핑
148,148,2026-05-09,삼성카드,029780,KS,카드,50900.0,53918.5,0,,-147.08087907940535,1.2903987997340447,0,5575.083572999158,5697.0,5697.0,TRAILING_DART,5575.083572999158,66901.00287598989,31.43615496265204,100.0,55.0,77.5,0,3.0,관심종목,1.875,NEUTRAL,1.0,상승잠재 31%,EPS스크래핑
149,149,2026-05-09,시프트업,462870,KS,게임엔터테인먼트,31150.0,36986.5,0,,-378.1475323576704,1.417523173727681,0,3263.704743706945,,3590.07521807764,TRAILING_DART,3263.704743706945,39164.45692448334,25.728593658052446,100.0,55.0,77.5,0,3.0,관심종목,1.875,NEUTRAL,1.0,상승잠재 26%,EPS스크래핑
150,150,2026-05-09,명인제약,317450,KS,제약,53800.0,,0,,-237.58594680095663,1.010238069026961,0,5577.754563972603,,6135.530020369864,TRAILING_DART,5577.754563972603,66933.05476767124,24.41088246779042,100.0,55.0,77.5,0,3.0,관심종목,1.875,NEUTRAL,1.0,상승잠재 24%,EPS스크래핑
151,151,2026-05-09,교보증권,030610,KS,증권,14830.0,10625.4,1,,138.9877643793626,1.066924132688234,0,1254.0110817232978,,1379.4121898956278,TRAILING_DART,1254.0110817232978,15048.132980679573,1.4708899573808054,53.67722489345201,100.0,76.838612446726,0,3.0,진입_관심,1.8419306223363003,NEUTRAL,1.0,200일선상단 | MACD+,EPS스크래핑
152,152,2026-05-09,슈프리마,236200,KQ,전자장비와기기,52100.0,39130.5,1,,-151.8166873557234,0.503101505705942,0,4642.320972781397,,5106.553070059537,TRAILING_DART,4642.320972781397,55707.85167337677,6.924859257920857,67.31214814480214,85.0,76.15607407240107,0,3.0,진입_관심,1.8078037036200534,NEUTRAL,1.0,200일선상단,EPS스크래핑
153,153,2026-05-09,글로벌텍스프리,204620,KQ,기타금융,6000.0,5257.675,1,,46.7374419780721,0.9190281695666392,1,504.392779098543,,554.8320570083973,TRAILING_DART,504.392779098543,6052.713349182515,0.878555819708593,52.19638954927148,100.0,76.09819477463574,0,3.0,추천_매수진입,1.8049097387317872,NEUTRAL,1.0,200일선상단 | 20일돌파 | MACD+,EPS스크래핑
154,154,2026-05-09,비츠로테크,042370,KQ,전기제품,19050.0,10061.75,1,,139.70442608616645,0.4618114215665054,0,1629.306278257368,,1792.236906083105,TRAILING_DART,1629.306278257368,19551.675339088415,2.6334663469208097,56.58366586730202,95.0,75.79183293365101,0,3.0,진입_관심,1.7895916466825503,NEUTRAL,1.0,200일선상단 | MACD+,EPS스크래핑
155,155,2026-05-09,TKG휴켐스,069260,KS,화학,17550.0,18329.25,0,,-21.933910103514982,0.6740957642360225,0,59207938448.0,,1593.2236282916626,TRAILING_DART,59207938448.0,710495261376.0,4048405947.7264957,100.0,50.0,75.0,0,3.0,관심종목,1.75,NEUTRAL,1.0,상승잠재 4048405948%,EPS스크래핑
156,156,2026-05-09,펌텍코리아,251970,KQ,포장재,41800.0,55327.0,0,,-56.95555603471939,0.9972510789159176,0,28888562442.0,3568.0,3568.0,TRAILING_DART,28888562442.0,346662749304.0,829336620.8229665,100.0,50.0,75.0,0,3.0,관심종목,1.75,NEUTRAL,1.0,상승잠재 829336621%,EPS스크래핑
157,157,2026-05-09,SK케미칼,285130,KS,화학,55400.0,64322.5,0,,-180.49420342681665,0.744979475536531,0,27297323639.0,,1735.791790171623,TRAILING_DART,27297323639.0,327567883668.0,591277668.3537906,100.0,50.0,75.0,0,3.0,관심종목,1.75,NEUTRAL,1.0,상승잠재 591277668%,EPS스크래핑
158,158,2026-05-09,쿠쿠홈시스,284740,KS,가정용기기와용품,24250.0,25317.75,0,,-35.700981345091336,0.9004164172415711,0,5986.431598946933,,6585.074758841627,TRAILING_DART,5986.431598946933,71837.1791873632,196.23579046335342,100.0,50.0,75.0,0,3.0,관심종목,1.75,NEUTRAL,1.0,상승잠재 196%,EPS스크래핑
159,159,2026-05-09,대웅,003090,KS,제약,22200.0,23471.75,0,,-61.02929727149518,0.7695278512037773,0,3919.831402439339,,4311.814542683273,TRAILING_DART,3919.831402439339,47037.97682927207,111.88277851023454,100.0,50.0,75.0,0,3.0,관심종목,1.75,NEUTRAL,1.0,상승잠재 112%,EPS스크래핑
160,160,2026-05-09,미스토홀딩스,081660,KS,"섬유,의류,신발,호화품",38100.0,42133.5,0,,-240.6667447540815,0.9301973418919758,0,6566.31588924023,4899.0,4899.0,TRAILING_DART,6566.31588924023,78795.79067088276,106.81309887370803,100.0,50.0,75.0,0,3.0,관심종목,1.75,NEUTRAL,1.0,상승잠재 107%,EPS스크래핑
161,161,2026-05-09,폰드그룹,472850,KQ,"섬유,의류,신발,호화품",5400.0,5434.5279541015625,0,,-24.72655173799056,0.7331199041987276,0,768.401487402168,,845.2416361423848,TRAILING_DART,768.401487402168,9220.817848826016,70.75588608937066,100.0,50.0,75.0,0,3.0,관심종목,1.75,NEUTRAL,1.0,상승잠재 71%,EPS스크래핑
162,162,2026-05-09,인카금융서비스,211050,KQ,손해보험,10440.0,12749.95,0,,-66.64625481984251,0.9058560390402604,0,1440.2756782753663,,1584.3032461029031,TRAILING_DART,1440.2756782753663,17283.308139304398,65.54892853739844,100.0,50.0,75.0,0,3.0,관심종목,1.75,NEUTRAL,1.0,상승잠재 66%,EPS스크래핑
163,163,2026-05-09,미원에스씨,268280,KS,화학,119400.0,136212.0,0,,-97.83842568251998,0.7050523225531512,0,12260.5502104,,13486.605231440002,TRAILING_DART,12260.5502104,147126.6025248,23.221610154773863,100.0,50.0,75.0,0,3.0,관심종목,1.75,NEUTRAL,1.0,상승잠재 23%,EPS스크래핑
164,164,2026-05-09,아세아,002030,KS,건축자재,248000.0,322445.0,0,,-814.588390187972,0.7520925652387986,0,24905.06456996424,,27395.571026960664,TRAILING_DART,24905.06456996424,298860.77483957086,20.508376951439857,100.0,50.0,75.0,0,3.0,관심종목,1.75,NEUTRAL,1.0,상승잠재 21%,EPS스크래핑
165,165,2026-05-09,동양생명,082640,KS,생명보험,8140.0,7586.4,1,,-81.27366570405121,0.2646716438021681,0,771.5362650211639,,848.6898915232804,TRAILING_DART,771.5362650211639,9258.435180253968,13.739989929409923,84.3499748235248,65.0,74.6749874117624,0,3.0,진입_관심,1.73374937058812,NEUTRAL,1.0,상승잠재 14% | 200일선상단,EPS스크래핑
166,166,2026-05-09,경동나비엔,009450,KS,가정용기기와용품,73000.0,68130.0,1,,66.31915616780498,0.9135673525997874,0,6157.003532393522,,6772.7038856328745,TRAILING_DART,6157.003532393522,73884.04238872226,1.2110169708523966,53.02754242713099,95.0,74.01377121356549,0,3.0,진입_관심,1.7006885606782747,NEUTRAL,1.0,200일선상단 | MACD+,EPS스크래핑
167,167,2026-05-09,현대차,005380,KS,자동차,613000.0,350515.0,1,,6808.251551644955,3.79332882592793,1,50619.69175811383,40715.0,40715.0,TRAILING_DART,50619.69175811383,607436.301097366,-0.9076180917836796,47.7309547705408,100.0,73.8654773852704,0,3.0,진입_관심,1.6932738692635199,NEUTRAL,1.0,200일선상단 | 20일돌파 | 거래량상승3.8x | MACD+,EPS스크래핑
168,168,2026-05-09,삼성증권,016360,KS,증권,137200.0,84658.75,1,,3330.370780574407,1.4707175804857189,0,11279.13476087346,15228.0,15228.0,TRAILING_DART,11279.13476087346,135349.61713048152,-1.3486755608735246,46.62831109781619,100.0,73.31415554890809,0,3.0,진입_관심,1.6657077774454043,NEUTRAL,1.0,200일선상단 | MACD+,EPS스크래핑
169,169,2026-05-09,한국정보통신,025770,KQ,IT서비스,11220.0,8575.15,1,,-177.7407591214669,0.2640225821071088,0,976.7076250462987,,1074.378387550929,TRAILING_DART,976.7076250462987,11720.491500555585,4.4607085611014785,61.151771402753695,85.0,73.07588570137685,0,3.0,진입_관심,1.6537942850688423,NEUTRAL,1.0,200일선상단,EPS스크래핑
170,170,2026-05-09,네오위즈,095660,KQ,게임엔터테인먼트,20950.0,25164.75,0,,-194.14944215068024,0.7333151222156578,0,2061.9860445364047,1992.0,1992.0,TRAILING_DART,2061.9860445364047,24743.832534436857,18.10898584456733,95.27246461141831,50.0,72.63623230570916,0,3.0,관심종목,1.631811615285458,NEUTRAL,1.0,상승잠재 18%,EPS스크래핑
171,171,2026-05-09,제이브이엠,054950,KQ,건강관리장비와용품,24500.0,27032.75,0,,-58.58919501054424,1.1735223445688368,0,2345.0006449189123,2852.0,2852.0,TRAILING_DART,2345.0006449189123,28140.007739026947,14.857174445007937,87.14293611251983,55.0,71.07146805625992,0,3.0,관심종목,1.553573402812996,NEUTRAL,1.0,상승잠재 15%,EPS스크래핑
172,172,2026-05-09,HMM,011200,KS,해운사,20600.0,21242.65,0,,-28.533157047582165,0.8330240426828179,0,1991.7900463655,1280.0,1280.0,TRAILING_DART,1991.7900463655,23901.480556386,16.02660464265049,90.06651160662622,50.0,70.03325580331311,0,3.0,관심종목,1.5016627901656554,NEUTRAL,1.0,상승잠재 16%,EPS스크래핑
173,173,2026-05-09,SK리츠,395400,KS,湲고?,6370.0,5538.2,1,,-95.0951494727169,0.9798658498461194,0,,,,FORWARD_AUTO,,,,,70.0,70.0,0,3.0,관심종목,0.0,NEUTRAL,1.0,200일선상단 | 비교차부여,"EPS스크래핑,EPS미확보"
174,174,2026-05-09,맵스리얼티,094800,KS,기타,6250.0,5583.275,1,,-190.58623291010227,1.2755286853982204,0,,,,FORWARD_AUTO,,,,,70.0,70.0,0,3.0,관심종목,0.0,NEUTRAL,1.0,200일선상단 | 비교차부여,"EPS스크래핑,EPS미확보"
175,175,2026-05-09,삼성FN리츠,448730,KS,湲고?,5930.0,4881.175,1,,-157.0777783702084,0.8583828091782596,0,,,,FORWARD_AUTO,,,,,70.0,70.0,0,3.0,관심종목,0.0,NEUTRAL,1.0,200일선상단 | 비교차부여,"EPS스크래핑,EPS미확보"
176,176,2026-05-09,BGF리테일,282330,KS,백화점과일반상점,138600.0,117239.0,1,,-156.90003673300475,2.527617459759289,0,11297.393339503236,12474.0,12474.0,TRAILING_DART,11297.393339503236,135568.72007403884,-2.187070653651635,44.53232336587092,95.0,69.76616168293546,0,3.0,진입_관심,1.4912310631100798,NEUTRAL,1.0,200일선상단 | 거래량상승2.5x,EPS스크래핑
177,177,2026-05-09,LX세미콘,108320,KS,디스플레이장비및부품,62400.0,54385.0,1,,315.4480719703074,0.714625726744186,0,5080.641733366945,,5588.70590670364,TRAILING_DART,5080.641733366945,60967.70080040334,-2.2953512814049004,44.26162179648775,95.0,69.63081089824388,0,3.0,진입_관심,1.4861554086841453,NEUTRAL,1.0,200일선상단 | MACD+,EPS스크래핑
178,178,2026-05-09,제일기획,030000,KS,광고,19190.0,20794.95,0,,-28.303232502531444,1.3186560659797266,0,1813.371840338105,1989.0,1989.0,TRAILING_DART,1813.371840338105,21760.46208405726,13.394799812700686,83.4869995317517,55.0,69.24349976587585,0,3.0,관심종목,1.4716312412203445,NEUTRAL,1.0,상승잠재 13%,EPS스크래핑
179,179,2026-05-09,현대모비스,012330,KS,자동차부품,509000.0,361235.0,1,,5154.987462263287,4.480628807632604,1,40390.51770409755,47937.0,47937.0,TRAILING_DART,40390.51770409755,484686.21244917053,-4.776775550261192,38.05806112434702,100.0,69.02903056217352,0,3.0,진입_관심,1.463588646081507,NEUTRAL,1.0,200일선상단 | 20일돌파 | 거래량상승4.5x | MACD+,EPS스크래핑
180,180,2026-05-09,이마트,139480,KS,백화점과일반상점,112900.0,87292.5,1,,688.6822070577327,1.6333590637517814,1,8926.67539046404,8079.0,8079.0,TRAILING_DART,8926.67539046404,107120.10468556848,-5.1194821208428,37.201294697893,100.0,68.6006473489465,0,3.0,진입_관심,1.4475242755854936,NEUTRAL,1.0,200일선상단 | 20일돌파 | 거래량상승1.6x | MACD+,EPS스크래핑
181,181,2026-05-09,한섬,020000,KS,"섬유,의류,신발,호화품",25650.0,18138.5,1,,-67.58278223095749,1.7182616789980452,0,2061.029523151322,3201.0,3201.0,TRAILING_DART,2061.029523151322,24732.354277815863,-3.577566168359214,41.05608457910196,95.0,68.02804228955098,0,3.0,진입_관심,1.4260515858581617,NEUTRAL,1.0,200일선상단 | 거래량상승1.7x,EPS스크래핑
182,182,2026-05-09,NH투자증권,005940,KS,증권,36600.0,24689.55,1,,149.53057737719587,0.8415468633442033,0,2894.6746174064,3532.0,3532.0,TRAILING_DART,2894.6746174064,34736.095408876805,-5.0926354948721215,37.2684112628197,95.0,66.13420563140986,0,3.0,진입_관심,1.3550327111778695,NEUTRAL,1.0,200일선상단 | MACD+,EPS스크래핑
183,183,2026-05-09,LX인터내셔널,001120,KS,무역회사와판매업체,47700.0,36605.75,1,,-775.3903487376022,1.279036498986653,0,4083.128182017544,7006.0,7006.0,TRAILING_DART,4083.128182017544,48997.53818421053,2.7202058369193427,56.80051459229836,75.0,65.90025729614918,0,3.0,진입_관심,1.346259648605594,NEUTRAL,1.0,200일선상단,EPS스크래핑
184,184,2026-05-09,금호석유화학,011780,KS,화학,150800.0,123352.25,1,,624.9979964493796,3.372839738834793,1,11564.61510311609,12452.0,12452.0,TRAILING_DART,11564.61510311609,138775.38123739307,-7.9738851210921275,30.065287197269683,100.0,65.03264359863485,0,3.0,진입_관심,1.313724134948807,NEUTRAL,1.0,200일선상단 | 20일돌파 | 거래량상승3.4x | MACD+,EPS스크래핑
185,185,2026-05-09,롯데리츠,330590,KS,湲고?,4210.0,4169.9,1,,-74.25207907884156,0.6653150361967406,0,,,,FORWARD_AUTO,,,,,65.0,65.0,0,3.0,관심종목,0.0,NEUTRAL,1.0,200일선상단 | 비교차부여,"EPS스크래핑,EPS미확보"
186,186,2026-05-09,신한알파리츠,293940,KS,湲고?,5760.0,5668.6,1,,-59.08401995351021,0.6812564517050231,0,,,,FORWARD_AUTO,,,,,65.0,65.0,0,3.0,관심종목,0.0,NEUTRAL,1.0,200일선상단 | 비교차부여,"EPS스크래핑,EPS미확보"
187,187,2026-05-09,코람코라이프인프라리츠,357120,KS,湲고?,4530.0,4470.125,1,,-42.10505707308791,0.7634259772235727,0,,,,FORWARD_AUTO,,,,,65.0,65.0,0,3.0,관심종목,0.0,NEUTRAL,1.0,200일선상단 | 비교차부여,"EPS스크래핑,EPS미확보"
188,188,2026-05-09,강원랜드,035250,KS,"호텔,레스토랑,레저",16270.0,17957.9,0,,-40.12068075405568,1.101163416997935,0,1487.295431187643,1360.0,1360.0,TRAILING_DART,1487.295431187643,17847.545174251718,9.696036719432799,74.240091798582,55.0,64.620045899291,0,3.0,관심종목,1.2982517212234126,NEUTRAL,1.0,추천사유미확인,EPS스크래핑
189,189,2026-05-09,현대차증권,001500,KS,증권,12220.0,9269.4,1,,129.83080406340673,1.6744805804880918,0,933.7240456737017,,1027.0964502410718,TRAILING_DART,933.7240456737017,11204.68854808442,-8.308604352827997,29.22848911793001,100.0,64.614244558965,0,3.0,관심종목,1.2980341709611873,NEUTRAL,1.0,200일선상단 | 거래량상승1.7x | MACD+,EPS스크래핑
190,190,2026-05-09,코나아이,052400,KQ,IT서비스,59500.0,53268.5,1,,-257.9207639257188,1.160561516797726,0,5118.52637092811,,5630.379008020921,TRAILING_DART,5118.52637092811,61422.31645113732,3.2307839514913006,58.07695987872825,70.0,64.03847993936412,0,3.0,관심종목,1.2764429977261544,NEUTRAL,1.0,200일선상단,EPS스크래핑
191,191,2026-05-09,JW중외제약,001060,KS,제약,30450.0,26791.0,1,,-86.79377680151102,0.4552374868580402,0,2641.560496703374,,2905.716546373712,TRAILING_DART,2641.560496703374,31698.72596044049,4.100906274024596,60.25226568506149,65.0,62.626132842530744,0,3.0,관심종목,1.223479981594903,NEUTRAL,1.0,200일선상단,EPS스크래핑
192,192,2026-05-09,케이엔제이,272110,KQ,반도체와반도체장비,38250.0,26603.3,1,,-231.82248136351475,1.2972899159663869,0,3184.8465623187394,,3503.331218550614,TRAILING_DART,3184.8465623187394,38218.15874782487,-0.08324510372582639,49.79188724068543,75.0,62.39594362034272,0,3.0,관심종목,1.2148478857628522,NEUTRAL,1.0,200일선상단,EPS스크래핑
193,193,2026-05-09,유바이오로직스,206650,KQ,생물공학,12270.0,13040.05,0,,-115.38721700112325,0.5277714402368507,0,1123.646185786046,,1236.0108043646508,TRAILING_DART,1123.646185786046,13483.754229432554,9.89204750963777,74.73011877409442,50.0,62.36505938704721,0,3.0,관심종목,1.2136897270142706,NEUTRAL,1.0,추천사유미확인,EPS스크래핑
194,194,2026-05-09,이녹스첨단소재,272290,KQ,디스플레이장비및부품,37500.0,27756.5,1,,249.92098935366403,1.3024862926269891,0,2806.066114126895,2836.0,2836.0,TRAILING_DART,2806.066114126895,33672.79336952274,-10.205884347939364,24.485289130151592,100.0,62.24264456507579,0,3.0,관심종목,1.209099171190342,NEUTRAL,1.0,200일선상단 | MACD+,EPS스크래핑
195,195,2026-05-09,진성티이씨,036890,KQ,기계,20000.0,13943.7,1,,213.60883654215704,1.603661601096574,0,1481.578137519078,,1629.735951270986,TRAILING_DART,1481.578137519078,17778.937650228934,-11.105311748855328,22.23672062786168,100.0,61.118360313930836,0,3.0,관심종목,1.1669385117724063,NEUTRAL,1.0,200일선상단 | 거래량상승1.6x | MACD+,EPS스크래핑
196,196,2026-05-09,NICE평가정보,030190,KS,상업서비스와공급품,14910.0,15985.9,0,,-43.60141462055651,1.0884633041234149,0,1325.2974399390462,,1457.827183932951,TRAILING_DART,1325.2974399390462,15903.569279268555,6.663777862297482,66.6594446557437,55.0,60.82972232787185,0,3.0,관심종목,1.1561145872951943,NEUTRAL,1.0,추천사유미확인,EPS스크래핑
197,197,2026-05-09,퍼시스,016800,KS,가구,34700.0,43464.75,0,,-182.2187874986428,0.4405198928465125,0,3093.9279331304347,,3403.320726443478,TRAILING_DART,3093.9279331304347,37127.135197565214,6.994625929582754,67.48656482395688,50.0,58.74328241197844,0,3.0,관심종목,1.0778730904491916,NEUTRAL,1.0,추천사유미확인,EPS스크래핑
198,198,2026-05-09,SAMG엔터,419530,KQ,방송과엔터테인먼트,35950.0,47509.0,0,,-437.6387079816309,0.3197294104319399,0,3016.4277619843742,,3318.070538182812,TRAILING_DART,3016.4277619843742,36197.13314381249,0.6874357268775722,51.71858931719393,65.0,58.359294658596966,0,3.0,관심종목,1.0634735496973864,NEUTRAL,1.0,추천사유미확인,EPS스크래핑
199,199,2026-05-09,가비아,079940,KQ,IT서비스,32150.0,28609.0,1,,234.39344012072843,0.4265038484574882,1,2318.759658449599,,2550.6356242945594,TRAILING_DART,2318.759658449599,27825.11590139519,-13.4522055944162,16.369486013959502,100.0,58.18474300697975,0,3.0,관심종목,1.0569278627617407,NEUTRAL,1.0,200일선상단 | 20일돌파 | MACD+,EPS스크래핑
200,200,2026-05-09,월덱스,101160,KQ,반도체와반도체장비,31800.0,25557.0,1,,-144.92196062604216,0.8570349756898413,0,2481.526472756666,,2729.679120032333,TRAILING_DART,2481.526472756666,29778.31767307999,-6.357491594088083,34.10627101477979,80.0,57.0531355073899,0,3.0,관심종목,1.0144925815271213,NEUTRAL,1.0,200일선상단,EPS스크래핑
201,201,2026-05-09,파트론,091700,KQ,핸드셋,7460.0,7179.55,1,,-105.4072736421713,1.0696205155709555,0,601.7301556,,661.90317116,TRAILING_DART,601.7301556,7220.7618672,-3.2069454798927644,41.98263630026809,70.0,55.99131815013405,0,3.0,관심종목,0.9746744306300269,NEUTRAL,1.0,200일선상단,EPS스크래핑
202,202,2026-05-09,티앤엘,340570,KQ,건강관리장비와용품,58400.0,51671.25,1,,-616.5290939530742,0.8493688833926781,0,4684.409821235236,,5152.8508033587605,TRAILING_DART,4684.409821235236,56212.91785482284,-3.7450036732485703,40.637490816878575,70.0,55.318745408439284,0,3.0,관심종목,0.9494529528164732,NEUTRAL,1.0,200일선상단,EPS스크래핑
203,203,2026-05-09,메리츠금융지주,138040,KS,湲고?,112400.0,115526.0,0,,-383.26628482799015,1.0248659446366983,0,,,,FORWARD_AUTO,,,,,55.0,55.0,0,3.0,관심종목,0.0,NEUTRAL,1.0,비교차부여,"EPS스크래핑,EPS미확보"
204,204,2026-05-09,원익머트리얼즈,104830,KQ,화학,50200.0,34717.0,1,,-284.33049303026564,1.4306983240223463,0,3862.7107169257615,,4248.981788618338,TRAILING_DART,3862.7107169257615,46352.52860310914,-7.664285651177016,30.839285872057463,75.0,52.91964293602873,0,3.0,관심종목,0.8594866101010773,NEUTRAL,1.0,200일선상단,EPS스크래핑
205,205,2026-05-09,롯데손해보험,000400,KS,손해보험,2065.0,1886.525,1,,-10.373978294884685,0.4712071972585337,0,165.4044231754762,,181.94486549302383,TRAILING_DART,165.4044231754762,1984.8530781057145,-3.881206871393972,40.29698282151507,65.0,52.648491410757536,0,3.0,관심종목,0.8493184279034076,NEUTRAL,1.0,200일선상단,EPS스크래핑
206,206,2026-05-09,넥스틸,092790,KS,철강,19840.0,12500.85,1,,156.59804314366102,0.2600377302570232,0,1385.961203522806,,1524.5573238750867,TRAILING_DART,1385.961203522806,16631.534442273674,-16.171701399830273,9.57074650042432,95.0,52.28537325021216,0,3.0,관심종목,0.8357014968829559,NEUTRAL,1.0,200일선상단 | MACD+,EPS스크래핑
207,207,2026-05-09,한양이엔지,045100,KQ,반도체와반도체장비,35500.0,24009.4,1,,26.039180609520827,1.7219005648798853,1,2381.660580057143,,2619.826638062857,TRAILING_DART,2381.660580057143,28579.926960685712,-19.493163491026166,1.267091272434584,100.0,50.63354563621729,0,3.0,관심종목,0.7737579613581484,NEUTRAL,1.0,200일선상단 | 20일돌파 | 거래량상승1.7x | MACD+,EPS스크래핑
208,208,2026-05-09,SNT모티브,064960,KS,자동차부품,34150.0,34265.25,0,,-176.11089245694774,1.6041549130931094,0,2618.968963920189,3801.0,3801.0,TRAILING_DART,2618.968963920189,31427.627567042266,-7.971808002804492,30.070479992988773,70.0,50.03523999649438,0,3.0,관심종목,0.7513214998685394,NEUTRAL,1.0,거래량상승1.6x,EPS스크래핑
209,209,2026-05-09,모베이스전자,012860,KQ,자동차부품,4365.0,2382.1,1,,41.29800753232664,7.054125843666205,1,283.9373374795075,,312.33107122745827,TRAILING_DART,283.9373374795075,3407.24804975409,-21.94162543518694,0.0,100.0,50.0,0,3.0,관심종목,0.75,NEUTRAL,1.0,200일선상단 | 20일돌파 | 거래량상승7.1x | MACD+,EPS스크래핑
210,210,2026-05-09,대한항공,003490,KS,항공사,27050.0,23678.75,1,,186.49033430161543,2.032361411589021,1,1757.8396566047118,498.0,498.0,TRAILING_DART,1757.8396566047118,21094.07587925654,-22.018203773543288,0.0,100.0,50.0,0,3.0,관심종목,0.75,NEUTRAL,1.0,200일선상단 | 20일돌파 | 거래량상승2.0x | MACD+,EPS스크래핑
211,211,2026-05-09,지엔씨에너지,119850,KQ,전기장비,38000.0,34229.25,1,,341.0612993248224,2.675951817404357,1,2432.7951909150934,,2676.074710006603,TRAILING_DART,2432.7951909150934,29193.54229098112,-23.17488870794442,0.0,100.0,50.0,0,3.0,관심종목,0.75,NEUTRAL,1.0,200일선상단 | 20일돌파 | 거래량상승2.7x | MACD+,EPS스크래핑
212,212,2026-05-09,LG씨엔에스,064400,KS,IT서비스,71000.0,65799.5,1,,371.0587693810494,3.478333734312104,1,4532.727449805208,5114.0,5114.0,TRAILING_DART,4532.727449805208,54392.7293976625,-23.390521975123235,0.0,100.0,50.0,0,3.0,관심종목,0.75,NEUTRAL,1.0,200일선상단 | 20일돌파 | 거래량상승3.5x | MACD+,EPS스크래핑
213,213,2026-05-09,SK스퀘어,402340,KS,복합기업,1098000.0,377538.5,1,,39493.42337111721,1.0655648067786727,1,66829.3639178036,187971.0,187971.0,TRAILING_DART,66829.3639178036,801952.3670136431,-26.962443805679126,0.0,100.0,50.0,0,3.0,관심종목,0.75,NEUTRAL,1.0,200일선상단 | 20일돌파 | MACD+,EPS스크래핑
214,214,2026-05-09,LG,003550,KS,복합기업,108900.0,84242.0,1,,1255.13311321128,2.048122677871357,1,6484.961232890973,7820.0,7820.0,TRAILING_DART,6484.961232890973,77819.53479469169,-28.54037208935566,0.0,100.0,50.0,0,3.0,관심종목,0.75,NEUTRAL,1.0,200일선상단 | 20일돌파 | 거래량상승2.0x | MACD+,EPS스크래핑
215,215,2026-05-09,인바디,041830,KQ,건강관리장비와용품,38500.0,29400.75,1,,606.7030745852686,4.436368451960328,1,2224.452701611067,,2446.8979717721736,TRAILING_DART,2224.452701611067,26693.432419332803,-30.66640930043428,0.0,100.0,50.0,0,3.0,관심종목,0.75,NEUTRAL,1.0,200일선상단 | 20일돌파 | 거래량상승4.4x | MACD+,EPS스크래핑
216,216,2026-05-09,삼성물산,028260,KS,복합기업,422500.0,242340.0,1,,11822.046092387303,1.8724004425156504,1,24090.01117695868,15388.0,15388.0,TRAILING_DART,24090.01117695868,289080.13412350416,-31.578666479643992,0.0,100.0,50.0,0,3.0,관심종목,0.75,NEUTRAL,1.0,200일선상단 | 20일돌파 | 거래량상승1.9x | MACD+,EPS스크래핑
217,217,2026-05-09,우주일렉트로,065680,KQ,핸드셋,41000.0,35950.5,1,,362.0437279451289,1.6822549916594742,1,2328.345465182457,,2561.180011700703,TRAILING_DART,2328.345465182457,27940.14558218948,-31.853303458074432,0.0,100.0,50.0,0,3.0,관심종목,0.75,NEUTRAL,1.0,200일선상단 | 20일돌파 | 거래량상승1.7x | MACD+,EPS스크래핑
218,218,2026-05-09,한화투자증권,003530,KS,증권,8550.0,6075.4,1,,103.00035473148448,1.162005169517928,0,475.46519650460135,,523.0117161550615,TRAILING_DART,475.46519650460135,5705.582358055216,-33.26804259584543,0.0,100.0,50.0,0,3.0,관심종목,0.75,NEUTRAL,1.0,200일선상단 | MACD+,EPS스크래핑
219,219,2026-05-09,마이크로컨텍솔,098120,KQ,반도체와반도체장비,37200.0,23349.4,1,,1.6889983210671744,0.9941193475747064,1,2041.358993624986,,2245.4948929874845,TRAILING_DART,2041.358993624986,24496.30792349983,-34.14970988306497,0.0,100.0,50.0,0,3.0,관심종목,0.75,NEUTRAL,1.0,200일선상단 | 20일돌파 | MACD+,EPS스크래핑
220,220,2026-05-09,KT&G,033780,KS,담배,181000.0,147478.5,1,,240.92028866973124,1.2600333003326716,1,9612.384457183936,11414.0,11414.0,TRAILING_DART,9612.384457183936,115348.61348620724,-36.27148426176395,0.0,100.0,50.0,0,3.0,관심종목,0.75,NEUTRAL,1.0,200일선상단 | 20일돌파 | MACD+,EPS스크래핑
221,221,2026-05-09,삼성E&A,028050,KS,건설,62400.0,31118.75,1,,476.7991395894896,1.0734855845252629,0,3307.693569505102,3544.0,3544.0,TRAILING_DART,3307.693569505102,39692.322834061226,-36.39050827874804,0.0,100.0,50.0,0,3.0,관심종목,0.75,NEUTRAL,1.0,200일선상단 | MACD+,EPS스크래핑
222,222,2026-05-09,LG전자,066570,KS,전자제품,154100.0,96563.5,1,,2448.0064224540447,1.379872799862169,1,7492.412487484298,9479.0,9479.0,TRAILING_DART,7492.412487484298,89908.94984981159,-41.65545110330202,0.0,100.0,50.0,0,3.0,관심종목,0.75,NEUTRAL,1.0,200일선상단 | 20일돌파 | MACD+,EPS스크래핑
223,223,2026-05-09,현대위아,011210,KS,자동차부품,90500.0,67752.25,1,,418.5922868775908,6.237958531836336,1,4299.7478625088215,7116.0,7116.0,TRAILING_DART,4299.7478625088215,51596.974350105855,-42.98676867391619,0.0,100.0,50.0,0,3.0,관심종목,0.75,NEUTRAL,1.0,200일선상단 | 20일돌파 | 거래량상승6.2x | MACD+,EPS스크래핑
224,224,2026-05-09,원텍,336570,KQ,건강관리장비와용품,8370.0,8761.35,0,,28.831497562569066,7.4862254955039615,1,391.4794599182426,546.0,546.0,TRAILING_DART,391.4794599182426,4697.753519018911,-43.87391255652437,0.0,100.0,50.0,0,3.0,관심종목,0.75,NEUTRAL,1.0,20일돌파 | 거래량상승7.5x | MACD+,EPS스크래핑
225,225,2026-05-09,HL만도,204320,KS,자동차부품,59900.0,46751.75,1,,606.6583173740746,4.409211998588307,1,2615.200139212115,4351.0,4351.0,TRAILING_DART,2615.200139212115,31382.401670545383,-47.60867834633492,0.0,100.0,50.0,0,3.0,관심종목,0.75,NEUTRAL,1.0,200일선상단 | 20일돌파 | 거래량상승4.4x | MACD+,EPS스크래핑
226,226,2026-05-09,휴젤,145020,KQ,생물공학,291500.0,270687.5,1,,1287.7990876538545,4.450427059904102,1,11945.21272008942,13420.0,13420.0,TRAILING_DART,11945.21272008942,143342.55264107304,-50.82588245589261,0.0,100.0,50.0,0,3.0,관심종목,0.75,NEUTRAL,1.0,200일선상단 | 20일돌파 | 거래량상승4.5x | MACD+,EPS스크래핑
227,227,2026-05-09,프로텍,053610,KQ,반도체와반도체장비,86500.0,40914.75,1,,859.40474945609,2.4634852958517635,1,3216.056394181818,,3537.6620336,TRAILING_DART,3216.056394181818,38592.67673018182,-55.384188751234895,0.0,100.0,50.0,0,3.0,관심종목,0.75,NEUTRAL,1.0,200일선상단 | 20일돌파 | 거래량상승2.5x | MACD+,EPS스크래핑
228,228,2026-05-09,디케이티,290550,KQ,핸드셋,31200.0,10973.25,1,,347.815627907979,1.223620307790962,1,1158.53054862126,,1274.3836034833862,TRAILING_DART,1158.53054862126,13902.366583455121,-55.441132745336155,0.0,100.0,50.0,0,3.0,관심종목,0.75,NEUTRAL,1.0,200일선상단 | 20일돌파 | MACD+,EPS스크래핑
229,229,2026-05-09,SK하이닉스,000660,KS,반도체와반도체장비,1686000.0,649977.5,1,,45577.72319971133,1.0518050148541696,1,60260.64190203718,224066.0,224066.0,TRAILING_DART,60260.64190203718,723127.7028244461,-57.109863414920156,0.0,100.0,50.0,0,3.0,관심종목,0.75,NEUTRAL,1.0,200일선상단 | 20일돌파 | MACD+,EPS스크래핑
230,230,2026-05-09,PI첨단소재,178920,KS,화학,29100.0,18882.05,1,,357.516949662619,1.8549206753819527,0,1034.6942918830623,1406.0,1406.0,TRAILING_DART,1034.6942918830623,12416.331502596748,-57.33219414915207,0.0,100.0,50.0,0,3.0,관심종목,0.75,NEUTRAL,1.0,200일선상단 | 거래량상승1.9x | MACD+,EPS스크래핑
231,231,2026-05-09,미래에셋증권,006800,KS,증권,79600.0,36336.296875,1,,1129.7264173338483,1.220036402432714,0,2828.823607287122,3466.0,3466.0,TRAILING_DART,2828.823607287122,33945.88328744546,-57.35441798059615,0.0,100.0,50.0,0,3.0,관심종목,0.75,NEUTRAL,1.0,200일선상단 | MACD+,EPS스크래핑
232,232,2026-05-09,DB하이텍,000990,KS,반도체와반도체장비,168100.0,73949.25,1,,2578.4767228828387,1.3186372557407005,1,5805.880538346898,,6386.468592181588,TRAILING_DART,5805.880538346898,69670.56646016278,-58.55409490769614,0.0,100.0,50.0,0,3.0,관심종목,0.75,NEUTRAL,1.0,200일선상단 | 20일돌파 | MACD+,EPS스크래핑
233,233,2026-05-09,PS일렉트로닉스,332570,KQ,핸드셋,11050.0,5609.65,1,,237.86935198666288,1.9317784524760544,1,346.8059110398712,,381.48650214385833,TRAILING_DART,346.8059110398712,4161.670932478454,-62.337819615579605,0.0,100.0,50.0,0,3.0,관심종목,0.75,NEUTRAL,1.0,200일선상단 | 20일돌파 | 거래량상승1.9x | MACD+,EPS스크래핑
234,234,2026-05-09,코오롱생명과학,102940,KQ,제약,63800.0,45853.5,1,,607.6534891293327,3.4606589923809468,1,1906.7271927045683,,2097.399911975025,TRAILING_DART,1906.7271927045683,22880.72631245482,-64.13679261370717,0.0,100.0,50.0,0,3.0,관심종목,0.75,NEUTRAL,1.0,200일선상단 | 20일돌파 | 거래량상승3.5x | MACD+,EPS스크래핑
235,235,2026-05-09,LS,006260,KS,전기장비,543000.0,224041.0,1,,16289.392232784863,1.1560121412655229,1,15549.51923076923,14858.0,14858.0,TRAILING_DART,15549.51923076923,186594.23076923075,-65.63642158946026,0.0,100.0,50.0,0,3.0,관심종목,0.75,NEUTRAL,1.0,200일선상단 | 20일돌파 | MACD+,EPS스크래핑
236,236,2026-05-09,HD현대마린솔루션,443060,KS,조선,240500.0,200319.5,1,,1095.1535985671144,1.284718583115047,0,6012.725498478146,7713.0,7713.0,TRAILING_DART,6012.725498478146,72152.70598173774,-69.99887485166829,0.0,100.0,50.0,0,3.0,관심종목,0.75,NEUTRAL,1.0,200일선상단 | MACD+,EPS스크래핑
237,237,2026-05-09,영풍,000670,KS,핸드셋,66700.0,51922.83009765625,1,,48.56673069423505,1.0156945886650373,0,1658.77930097711,,1824.6572310748213,TRAILING_DART,1658.77930097711,19905.35161172532,-70.15689413534434,0.0,100.0,50.0,0,3.0,관심종목,0.75,NEUTRAL,1.0,200일선상단 | MACD+,EPS스크래핑
238,238,2026-05-09,인탑스,049070,KQ,핸드셋,19100.0,17113.9,1,,105.53333768657848,2.351827105552415,1,474.48715441860463,,521.9358698604651,TRAILING_DART,474.48715441860463,5693.845853023256,-70.18928872762693,0.0,100.0,50.0,0,3.0,관심종목,0.75,NEUTRAL,1.0,200일선상단 | 20일돌파 | 거래량상승2.4x | MACD+,EPS스크래핑
239,239,2026-05-09,하나머티리얼즈,166090,KQ,반도체와반도체장비,80000.0,46841.0,1,,718.6198272649058,0.5031372604563545,1,1940.3515812830165,3248.0,3248.0,TRAILING_DART,1940.3515812830165,23284.218975396197,-70.89472628075475,0.0,100.0,50.0,0,3.0,관심종목,0.75,NEUTRAL,1.0,200일선상단 | 20일돌파 | MACD+,EPS스크래핑
240,240,2026-05-09,솔브레인,357780,KQ,반도체와반도체장비,461000.0,315383.0,1,,404.1823754928846,1.3365062279945277,0,10797.519150959188,20725.0,20725.0,TRAILING_DART,10797.519150959188,129570.22981151025,-71.89365947689583,0.0,100.0,50.0,0,3.0,관심종목,0.75,NEUTRAL,1.0,200일선상단 | MACD+,EPS스크래핑
241,241,2026-05-09,GS리테일,007070,KS,백화점과일반상점,25800.0,19753.05,1,,56.44701053765221,4.983491059944122,1,600.8920694534091,2294.0,2294.0,TRAILING_DART,600.8920694534091,7210.70483344091,-72.0515316533298,0.0,100.0,50.0,0,3.0,관심종목,0.75,NEUTRAL,1.0,200일선상단 | 20일돌파 | 거래량상승5.0x | MACD+,EPS스크래핑
242,242,2026-05-09,슈어소프트테크,298830,KQ,소프트웨어,8170.0,6370.4,1,,45.928483360576266,7.577369813124658,1,180.1835350446334,,198.2018885490968,TRAILING_DART,180.1835350446334,2162.202420535601,-73.53485409381149,0.0,100.0,50.0,0,3.0,관심종목,0.75,NEUTRAL,1.0,200일선상단 | 20일돌파 | 거래량상승7.6x | MACD+,EPS스크래핑
243,243,2026-05-09,세아베스틸지주,001430,KS,철강,74000.0,46859.0,1,,52.75654861554494,1.1755307769294838,0,1565.3372286785395,2057.0,2057.0,TRAILING_DART,1565.3372286785395,18784.046744142473,-74.61615304845613,0.0,100.0,50.0,0,3.0,관심종목,0.75,NEUTRAL,1.0,200일선상단 | MACD+,EPS스크래핑
244,244,2026-05-09,에이치엠넥스,036170,KQ,디스플레이장비및부품,8770.0,2158.44,1,,59.14522594434288,2.200370871757325,1,177.79225089303253,,195.5714759823358,TRAILING_DART,177.79225089303253,2133.50701071639,-75.67266806480741,0.0,100.0,50.0,0,3.0,관심종목,0.75,NEUTRAL,1.0,200일선상단 | 20일돌파 | 거래량상승2.2x | MACD+,EPS스크래핑
245,245,2026-05-09,원익홀딩스,030530,KQ,반도체와반도체장비,33800.0,25390.3,1,,302.1883257645902,1.242549065396722,0,652.8789639775799,,718.1668603753379,TRAILING_DART,652.8789639775799,7834.547567730959,-76.82086518422793,0.0,100.0,50.0,0,3.0,관심종목,0.75,NEUTRAL,1.0,200일선상단 | MACD+,EPS스크래핑
246,246,2026-05-09,삼성중공업,010140,KS,조선,31950.0,25318.7,1,,27.490074311280974,1.125052172074381,0,608.811062740909,1358.0,1358.0,TRAILING_DART,608.811062740909,7305.732752890908,-77.13385679846351,0.0,100.0,50.0,0,3.0,관심종목,0.75,NEUTRAL,1.0,200일선상단 | MACD+,EPS스크래핑
247,247,2026-05-09,롯데쇼핑,023530,KS,백화점과일반상점,138100.0,83459.5,1,,932.6211685147746,1.0772323032470816,1,2600.169485189433,9616.0,9616.0,TRAILING_DART,2600.169485189433,31202.033822273195,-77.40620288032353,0.0,100.0,50.0,0,3.0,관심종목,0.75,NEUTRAL,1.0,200일선상단 | 20일돌파 | MACD+,EPS스크래핑
248,248,2026-05-09,칩스앤미디어,094360,KQ,반도체와반도체장비,19050.0,16965.1,1,,105.14175819904848,1.3709437672279474,1,277.6083204346229,,305.3691524780852,TRAILING_DART,277.6083204346229,3331.2998452154748,-82.51286170490563,0.0,100.0,50.0,0,3.0,관심종목,0.75,NEUTRAL,1.0,200일선상단 | 20일돌파 | MACD+,EPS스크래핑
249,249,2026-05-09,오킨스전자,080580,KQ,반도체와반도체장비,26900.0,12077.8,1,,273.08846890634936,1.2888225766419286,1,378.52465038926834,,416.3771154281952,TRAILING_DART,378.52465038926834,4542.29580467122,-83.11414199006981,0.0,100.0,50.0,0,3.0,관심종목,0.75,NEUTRAL,1.0,200일선상단 | 20일돌파 | MACD+,EPS스크래핑
250,250,2026-05-09,HS효성첨단소재,298050,KS,화학,257500.0,207256.0,1,,2400.237197413568,1.09063115501073,0,3494.08801396802,13489.0,13489.0,TRAILING_DART,3494.08801396802,41929.05616761624,-83.716871391217,0.0,100.0,50.0,0,3.0,관심종목,0.75,NEUTRAL,1.0,200일선상단 | MACD+,EPS스크래핑
251,251,2026-05-09,유진테크,084370,KQ,반도체와반도체장비,148600.0,88068.25,1,,1140.0594474914292,1.0709274390322998,1,1941.0855408625976,,2135.1940949488576,TRAILING_DART,1941.0855408625976,23293.02649035117,-84.32501582075965,0.0,100.0,50.0,0,3.0,관심종목,0.75,NEUTRAL,1.0,200일선상단 | 20일돌파 | MACD+,EPS스크래핑
252,252,2026-05-09,솔루엠,248070,KS,전자장비와기기,22750.0,17250.15,1,,334.76379061170246,1.7639418083871352,0,296.6923694914004,1085.0,1085.0,TRAILING_DART,296.6923694914004,3560.308433896805,-84.3502925982558,0.0,100.0,50.0,0,3.0,관심종목,0.75,NEUTRAL,1.0,200일선상단 | 거래량상승1.8x | MACD+,EPS스크래핑
253,253,2026-05-09,에이팩트,200470,KQ,반도체와반도체장비,9980.0,5758.95,1,,212.8184656169152,1.0100532345389168,1,123.3683012546146,,135.70513138007607,TRAILING_DART,123.3683012546146,1480.419615055375,-85.16613612168963,0.0,100.0,50.0,0,3.0,관심종목,0.75,NEUTRAL,1.0,200일선상단 | 20일돌파 | MACD+,EPS스크래핑
254,254,2026-05-09,현대오토에버,307950,KS,IT서비스,592000.0,290288.5,1,,10065.628929548351,6.6033430572267,1,6811.167028916516,8097.0,8097.0,TRAILING_DART,6811.167028916516,81734.00434699819,-86.19358034679084,0.0,100.0,50.0,0,3.0,관심종목,0.75,NEUTRAL,1.0,200일선상단 | 20일돌파 | 거래량상승6.6x | MACD+,EPS스크래핑
255,255,2026-05-09,대덕,008060,KS,전자장비와기기,19620.0,10609.15,1,,268.2340841207051,1.254927165855534,1,199.001512636295,,218.9016638999245,TRAILING_DART,199.001512636295,2388.0181516355397,-87.82865366138869,0.0,100.0,50.0,0,3.0,관심종목,0.75,NEUTRAL,1.0,200일선상단 | 20일돌파 | MACD+,EPS스크래핑
256,256,2026-05-09,포스코DX,022100,KS,IT서비스,35250.0,28947.25,1,,45.4018853026364,1.0413897341103546,0,346.1308198931311,,380.7439018824442,TRAILING_DART,346.1308198931311,4153.5698387175735,-88.21682315257426,0.0,100.0,50.0,0,3.0,관심종목,0.75,NEUTRAL,1.0,200일선상단 | MACD+,EPS스크래핑
257,257,2026-05-09,대한전선,001440,KS,전기장비,72300.0,25030.15,1,,2906.054415906454,1.2190668655559451,1,482.0525579560551,562.0,562.0,TRAILING_DART,482.0525579560551,5784.6306954726615,-91.99912766877917,0.0,100.0,50.0,0,3.0,관심종목,0.75,NEUTRAL,1.0,200일선상단 | 20일돌파 | MACD+,EPS스크래핑
258,258,2026-05-09,가온전선,000500,KS,전기장비,477000.0,90708.5,1,,27288.056981547103,2.061572380191895,1,3106.828732073736,,3417.51160528111,TRAILING_DART,3106.828732073736,37281.94478488483,-92.18407866144972,0.0,100.0,50.0,0,3.0,관심종목,0.75,NEUTRAL,1.0,200일선상단 | 20일돌파 | 거래량상승2.1x | MACD+,EPS스크래핑
259,259,2026-05-09,삼현,437730,KQ,자동차부품,53600.0,38783.8,1,,6.390025207447252,2.1345480121421927,0,305.628149867191,,336.1909648539101,TRAILING_DART,305.628149867191,3667.5377984062916,-93.15757873431663,0.0,100.0,50.0,0,3.0,관심종목,0.75,NEUTRAL,1.0,200일선상단 | 거래량상승2.1x | MACD+,EPS스크래핑
260,260,2026-05-09,인텔리안테크,189300,KQ,통신장비,161900.0,75499.75,1,,2303.2504020946453,1.237150755641917,1,695.1279118401617,3010.0,3010.0,TRAILING_DART,695.1279118401617,8341.53494208194,-94.84772393941819,0.0,100.0,50.0,0,3.0,관심종목,0.75,NEUTRAL,1.0,200일선상단 | 20일돌파 | MACD+,EPS스크래핑
261,261,2026-05-09,와이엠티,251370,KQ,화학,19780.0,12761.3,1,,291.17217334364864,1.2293046930232343,0,83.17366070314051,,91.49102677345458,TRAILING_DART,83.17366070314051,998.0839284376862,-94.95407518484487,0.0,100.0,50.0,0,3.0,관심종목,0.75,NEUTRAL,1.0,200일선상단 | MACD+,EPS스크래핑
262,262,2026-05-09,에코프로비엠,247540,KQ,전기제품,237500.0,162462.5,1,,2699.58620664156,1.1162029666053108,1,936.1865336506634,302.0,302.0,TRAILING_DART,936.1865336506634,11234.23840380796,-95.26979435629138,0.0,100.0,50.0,0,3.0,관심종목,0.75,NEUTRAL,1.0,200일선상단 | 20일돌파 | MACD+,EPS스크래핑
263,263,2026-05-09,에스피지,058610,KQ,전기제품,135300.0,72743.75,1,,1570.8656334454504,3.835027811728958,1,411.831043235083,,453.0141475585913,TRAILING_DART,411.831043235083,4941.972518820996,-96.34739651232742,0.0,100.0,50.0,0,3.0,관심종목,0.75,NEUTRAL,1.0,200일선상단 | 20일돌파 | 거래량상승3.8x | MACD+,EPS스크래핑
264,264,2026-05-09,현대무벡스,319400,KQ,기계,37950.0,17562.825,1,,461.3411772135885,6.508029810740746,1,101.4027367053339,,111.5430103758673,TRAILING_DART,101.4027367053339,1216.8328404640067,-96.79358935319102,0.0,100.0,50.0,0,3.0,관심종목,0.75,NEUTRAL,1.0,200일선상단 | 20일돌파 | 거래량상승6.5x | MACD+,EPS스크래핑
265,265,2026-05-09,로보티즈,108490,KQ,기계,334500.0,210881.5,1,,2838.733623157072,2.183926363544518,0,361.92159125590814,658.0,658.0,TRAILING_DART,361.92159125590814,4343.0590950708975,-98.70162657845414,0.0,100.0,50.0,0,3.0,관심종목,0.75,NEUTRAL,1.0,200일선상단 | 거래량상승2.2x | MACD+,EPS스크래핑
266,266,2026-05-09,레인보우로보틱스,277810,KQ,기계,784000.0,469125.0,1,,17280.333246799913,4.090640535063952,1,53.28059117752305,,58.60865029527536,TRAILING_DART,53.28059117752305,639.3670941302767,-99.91844807472829,0.0,100.0,50.0,0,3.0,관심종목,0.75,NEUTRAL,1.0,200일선상단 | 20일돌파 | 거래량상승4.1x | MACD+,EPS스크래핑
267,267,2026-05-09,코오롱티슈진,950160,KQ,생물공학,127800.0,70615.5,1,,1919.4824928125995,3.4174963590355514,1,-1.5980598694416368,,-1.7578658563858007,TRAILING_DART,-1.5980598694416368,-19.17671843329964,-100.01500525699005,0.0,100.0,50.0,1,3.0,관심종목,0.75,NEUTRAL,1.0,200일선상단 | 20일돌파 | 거래량상승3.4x | MACD+,EPS스크래핑
268,268,2026-05-09,한국피아이엠,448900,KQ,자동차부품,137600.0,55907.95,1,,4122.922390378957,2.7874605510562414,1,-8.928861295750385,,-9.821747425325425,TRAILING_DART,-8.928861295750385,-107.14633554900462,-100.07786797641643,0.0,100.0,50.0,1,3.0,관심종목,0.75,NEUTRAL,1.0,200일선상단 | 20일돌파 | 거래량상승2.8x | MACD+,EPS스크래핑
269,269,2026-05-09,에치에프알,230240,KQ,통신장비,38050.0,18205.35,1,,818.6158727293396,0.6336106462305716,1,-3.702004057404764,,-4.0722044631452405,TRAILING_DART,-3.702004057404764,-44.42404868885717,-100.11675177053576,0.0,100.0,50.0,1,3.0,관심종목,0.75,NEUTRAL,1.0,200일선상단 | 20일돌파 | MACD+,EPS스크래핑
270,270,2026-05-09,피노,033790,KQ,전기제품,18550.0,5763.1,1,,520.6578516176232,1.0683670290314613,1,-86.01643352477092,,-94.618076877248,TRAILING_DART,-86.01643352477092,-1032.197202297251,-105.56440540321968,0.0,100.0,50.0,1,3.0,관심종목,0.75,NEUTRAL,1.0,200일선상단 | 20일돌파 | MACD+,EPS스크래핑
271,271,2026-05-09,에이프릴바이오,397030,KQ,제약,66200.0,43056.55,1,,398.9225518013153,2.832568621444985,1,-416.7487877756341,-271.0,-271.0,TRAILING_DART,-416.7487877756341,-5000.9854533076095,-107.55435869079699,0.0,100.0,50.0,1,3.0,관심종목,0.75,NEUTRAL,1.0,200일선상단 | 20일돌파 | 거래량상승2.8x | MACD+,EPS스크래핑
272,272,2026-05-09,유진로봇,056080,KQ,기계,26800.0,18720.9,1,,236.0177031640819,1.9875087221434435,0,-186.1740659133605,,-204.7914725046966,TRAILING_DART,-186.1740659133605,-2234.088790960326,-108.33615220507585,0.0,100.0,50.0,1,3.0,관심종목,0.75,NEUTRAL,1.0,200일선상단 | 거래량상승2.0x | MACD+,EPS스크래핑
273,273,2026-05-09,로보스타,090360,KQ,기계,70700.0,60871.5,1,,634.1088864688963,1.8296727924697445,0,-533.3985068717949,,-586.7383575589745,TRAILING_DART,-533.3985068717949,-6400.782082461539,-109.05344000348167,0.0,100.0,50.0,1,3.0,관심종목,0.75,NEUTRAL,1.0,200일선상단 | 거래량상승1.8x | MACD+,EPS스크래핑
274,274,2026-05-09,대한광통신,010170,KQ,통신장비,22350.0,4381.54,1,,366.1086360550648,1.5308671080168987,1,-179.90680153398068,,-197.8974816873788,TRAILING_DART,-179.90680153398068,-2158.881618407768,-109.65942558571709,0.0,100.0,50.0,1,3.0,관심종목,0.75,NEUTRAL,1.0,200일선상단 | 20일돌파 | 거래량상승1.5x | MACD+,EPS스크래핑
275,275,2026-05-09,두산로보틱스,454910,KS,기계,101000.0,80962.0,1,,673.7349314125772,2.20996835537885,0,-856.14561342043,,-941.7601747624732,TRAILING_DART,-856.14561342043,-10273.74736104516,-110.17202709014373,0.0,100.0,50.0,1,3.0,관심종목,0.75,NEUTRAL,1.0,200일선상단 | 거래량상승2.2x | MACD+,EPS스크래핑
276,276,2026-05-09,파두,440110,KQ,반도체와반도체장비,92400.0,32094.45,1,,2006.793591002569,1.9430759127926611,1,-1522.0686285060565,,-1674.2754913566623,TRAILING_DART,-1522.0686285060565,-18264.823542072678,-119.76712504553319,0.0,100.0,50.0,1,3.0,관심종목,0.75,NEUTRAL,1.0,200일선상단 | 20일돌파 | 거래량상승1.9x | MACD+,EPS스크래핑
277,277,2026-05-09,케이엠더블유,032500,KQ,통신장비,33900.0,17810.55,1,,137.64481981027325,1.57130182198694,1,-651.524399344982,,-716.6768392794803,TRAILING_DART,-651.524399344982,-7818.292792139784,-123.06281059628255,0.0,100.0,50.0,1,3.0,관심종목,0.75,NEUTRAL,1.0,200일선상단 | 20일돌파 | 거래량상승1.6x | MACD+,EPS스크래핑
278,278,2026-05-09,오로스테크놀로지,322310,KQ,반도체와반도체장비,35450.0,26107.55,1,,242.76629260283607,1.520959791773362,0,-685.5361083097689,,-754.0897191407458,TRAILING_DART,-685.5361083097689,-8226.433299717228,-123.20573568326441,0.0,100.0,50.0,1,3.0,관심종목,0.75,NEUTRAL,1.0,200일선상단 | 거래량상승1.5x | MACD+,EPS스크래핑
279,279,2026-05-09,휴림로봇,090710,KQ,기계,12790.0,7717.625,1,,116.64078757181188,2.854881167710248,0,-251.7984731049733,,-276.97832041547065,TRAILING_DART,-251.7984731049733,-3021.58167725968,-123.62456354385989,0.0,100.0,50.0,1,3.0,관심종목,0.75,NEUTRAL,1.0,200일선상단 | 거래량상승2.9x | MACD+,EPS스크래핑
280,280,2026-05-09,에스비비테크,389500,KQ,기계,71600.0,39667.75,1,,342.6603591048479,2.301035679491042,1,-1420.421876547135,,-1562.4640642018487,TRAILING_DART,-1420.421876547135,-17045.06251856562,-123.80595323822014,0.0,100.0,50.0,1,3.0,관심종목,0.75,NEUTRAL,1.0,200일선상단 | 20일돌파 | 거래량상승2.3x | MACD+,EPS스크래핑
281,281,2026-05-09,나우로보틱스,459510,KQ,기계,31500.0,22594.55,1,,1008.2792140996607,4.948771642796162,1,-641.3466303426729,,-705.4812933769402,TRAILING_DART,-641.3466303426729,-7696.159564112075,-124.43225258448278,0.0,100.0,50.0,1,3.0,관심종목,0.75,NEUTRAL,1.0,200일선상단 | 20일돌파 | 거래량상승4.9x | MACD+,EPS스크래핑
282,282,2026-05-09,유일로보틱스,388720,KQ,기계,102500.0,88225.0,1,,857.2303859966428,1.6393361345579396,0,-2094.0073090975607,,-2303.408040007317,TRAILING_DART,-2094.0073090975607,-25128.08770917073,-124.51520752114217,0.0,100.0,50.0,1,3.0,관심종목,0.75,NEUTRAL,1.0,200일선상단 | 거래량상승1.6x | MACD+,EPS스크래핑
283,283,2026-05-09,엔젤로보틱스,455900,KQ,건강관리장비와용품,29000.0,28348.0,1,,26.658944784072617,1.5551344023882738,0,-637.1730700024812,,-700.8903770027293,TRAILING_DART,-637.1730700024812,-7646.076840029774,-126.36578220699923,0.0,100.0,50.0,1,3.0,관심종목,0.75,NEUTRAL,1.0,200일선상단 | 거래량상승1.6x | MACD+,EPS스크래핑
284,284,2026-05-09,두산퓨얼셀,336260,KS,전기제품,86300.0,34309.25,1,,3801.925567342586,1.9665072007091176,1,-2027.740013997677,-532.0,-532.0,TRAILING_DART,-2027.740013997677,-24332.880167972122,-128.19568965002563,0.0,100.0,50.0,1,3.0,관심종목,0.75,NEUTRAL,1.0,200일선상단 | 20일돌파 | 거래량상승2.0x | MACD+,EPS스크래핑
285,285,2026-05-09,툴젠,199800,KQ,생물공학,122800.0,53226.75,1,,2065.7970920987773,1.0401026254027028,1,-4087.722839738225,,-4496.495123712048,TRAILING_DART,-4087.722839738225,-49052.674076858704,-139.94517432968948,0.0,100.0,50.0,1,3.0,관심종목,0.75,NEUTRAL,1.0,200일선상단 | 20일돌파 | MACD+,EPS스크래핑
286,286,2026-05-09,씨메스,475400,KQ,기계,37550.0,30934.25,1,,638.5994073295994,3.864486877346645,1,-1427.0359132165177,,-1569.7395045381695,TRAILING_DART,-1427.0359132165177,-17124.430958598212,-145.60434343168632,0.0,100.0,50.0,1,3.0,관심종목,0.75,NEUTRAL,1.0,200일선상단 | 20일돌파 | 거래량상승3.9x | MACD+,EPS스크래핑
287,287,2026-05-09,심텍,222800,KQ,전자장비와기기,115800.0,49209.25,1,,2455.334877694,1.1285678338826015,1,-4407.353560867756,2366.0,2366.0,TRAILING_DART,-4407.353560867756,-52888.24273041307,-145.6720576255726,0.0,100.0,50.0,1,3.0,관심종목,0.75,NEUTRAL,1.0,200일선상단 | 20일돌파 | MACD+,EPS스크래핑
288,288,2026-05-09,한온시스템,018880,KS,자동차부품,4770.0,3680.5456164550783,1,,82.61017210705344,1.0445939496082297,0,-192.2201044036536,196.0,196.0,TRAILING_DART,-192.2201044036536,-2306.641252843843,-148.3572589694726,0.0,100.0,50.0,1,3.0,관심종목,0.75,NEUTRAL,1.0,200일선상단 | MACD+,EPS스크래핑
289,289,2026-05-09,오이솔루션,138080,KQ,통신장비,53300.0,18645.15,1,,524.6314724045342,1.016306348523668,0,-2203.752961522277,,-2424.1282576745048,TRAILING_DART,-2203.752961522277,-26445.035538267322,-149.6154512913083,0.0,100.0,50.0,1,3.0,관심종목,0.75,NEUTRAL,1.0,200일선상단 | MACD+,EPS스크래핑
290,290,2026-05-09,HEM파마,376270,KQ,건강관리업체및서비스,69500.0,45954.85,1,,1064.4132825753045,3.706897083149253,1,-3301.288154483038,,-3631.416969931342,TRAILING_DART,-3301.288154483038,-39615.457853796455,-157.00065878244095,0.0,100.0,50.0,1,3.0,관심종목,0.75,NEUTRAL,1.0,200일선상단 | 20일돌파 | 거래량상승3.7x | MACD+,EPS스크래핑
291,291,2026-05-09,에스오에스랩,464080,KQ,전자장비와기기,17270.0,13775.35,1,,72.73139693283726,7.088570012233101,1,-986.348088445758,,-1084.9828972903338,TRAILING_DART,-986.348088445758,-11836.177061349095,-168.53605710103702,0.0,100.0,50.0,1,3.0,관심종목,0.75,NEUTRAL,1.0,200일선상단 | 20일돌파 | 거래량상승7.1x | MACD+,EPS스크래핑
292,292,2026-05-09,티로보틱스,117730,KQ,기계,21300.0,17208.25,1,,162.68306046588748,1.1886036365414403,0,-1942.163665663327,,-2136.38003222966,TRAILING_DART,-1942.163665663327,-23305.963987959924,-209.41767130497615,0.0,100.0,50.0,1,3.0,관심종목,0.75,NEUTRAL,1.0,200일선상단 | MACD+,EPS스크래핑
293,293,2026-05-09,SKC,011790,KS,화학,159900.0,106960.518359375,1,,5671.7609989358425,1.8203926286644143,0,-18996.38190150505,,-20896.02009165556,TRAILING_DART,-18996.38190150505,-227956.5828180606,-242.56196548971892,0.0,100.0,50.0,1,3.0,관심종목,0.75,NEUTRAL,1.0,200일선상단 | 거래량상승1.8x | MACD+,EPS스크래핑
294,294,2026-05-09,이노스페이스,462350,KQ,우주항공과국방,17130.0,13693.811462402344,1,,166.69268563622606,1.1963317121124446,1,-3621.942802697623,,-3984.1370829673856,TRAILING_DART,-3621.942802697623,-43463.31363237147,-353.72629090701383,0.0,100.0,50.0,1,3.0,관심종목,0.75,NEUTRAL,1.0,200일선상단 | 20일돌파 | MACD+,EPS스크래핑
295,295,2026-05-09,코오롱,002020,KS,복합기업,83600.0,52065.75,1,,1749.4456252057516,3.911257603624353,1,-22979.015572201977,,-25276.91712942217,TRAILING_DART,-22979.015572201977,-275748.1868664237,-429.8423287875881,0.0,100.0,50.0,1,3.0,관심종목,0.75,NEUTRAL,1.0,200일선상단 | 20일돌파 | 거래량상승3.9x | MACD+,EPS스크래핑
296,296,2026-05-09,맥쿼리인프라,088980,KS,기타,11290.0,11416.8,0,,-12.022823502334168,0.7563296155314835,0,,,,FORWARD_AUTO,,,,,50.0,50.0,0,3.0,관심종목,0.0,NEUTRAL,1.0,비교차부여,"EPS스크래핑,EPS미확보"
297,297,2026-05-09,서울보증보험,031210,KS,손해보험,46200.0,49438.5,0,,-96.26039481276688,0.5740164717146814,0,3844.2397252781298,,4228.663697805943,TRAILING_DART,3844.2397252781298,46130.876703337555,-0.149617525243384,49.62595618689154,50.0,49.81297809344577,0,3.0,제외,0.0,NEUTRAL,1.0,추천사유미확인,EPS스크래핑
298,298,2026-05-09,보령,003850,KS,제약,9620.0,9010.15,1,,-57.41687317604209,0.8391790948026937,0,749.5632139999616,,824.5195353999578,TRAILING_DART,749.5632139999616,8994.758567999539,-6.499391185035974,33.75152203741007,65.0,49.375761018705035,0,3.0,제외,0.0,NEUTRAL,1.0,200일선상단,EPS스크래핑
299,299,2026-05-09,안랩,053800,KQ,소프트웨어,63700.0,62079.0,1,,-198.64466884475337,1.6244810997452377,0,4628.169832110817,,5090.9868153219,TRAILING_DART,4628.169832110817,55538.03798532981,-12.813127181585859,17.967182046035354,80.0,48.98359102301768,0,3.0,제외,0.0,NEUTRAL,1.0,200일선상단 | 거래량상승1.6x,EPS스크래핑
300,300,2026-05-09,농심,004370,KS,식품,377500.0,413945.0,0,,306.24594711909776,1.2201208908145298,0,27957.33328477987,30570.0,30570.0,TRAILING_DART,27957.33328477987,335487.9994173584,-11.129006776858697,22.17748305785326,75.0,48.58874152892663,0,3.0,제외,0.0,NEUTRAL,1.0,MACD+,EPS스크래핑
301,301,2026-05-09,빙그레,005180,KS,식품,72900.0,75846.0,0,,-217.92126907051176,0.7956770920398314,0,5994.740426696167,,6594.214469365784,TRAILING_DART,5994.740426696167,71936.885120354,-1.3211452395692769,46.69713690107681,50.0,48.34856845053841,0,3.0,제외,0.0,NEUTRAL,1.0,추천사유미확인,EPS스크래핑
302,302,2026-05-09,LG유플러스,032640,KS,무선통신서비스,15050.0,15387.25,0,,-236.0843111813444,1.5187098959503855,0,1184.7194213141197,1712.0,1712.0,TRAILING_DART,1184.7194213141197,14216.633055769436,-5.537321888575175,36.15669527856206,60.0,48.078347639281034,0,3.0,제외,0.0,NEUTRAL,1.0,거래량상승1.5x,EPS스크래핑
303,303,2026-05-09,현대엘리베이터,017800,KS,기계,97900.0,87161.5,1,,-242.44542329683145,0.6262088836716047,0,6888.3638595087,,7577.200245459571,TRAILING_DART,6888.3638595087,82660.36631410441,-15.56653083339693,11.083672916507672,85.0,48.04183645825383,0,3.0,제외,0.0,NEUTRAL,1.0,200일선상단,EPS스크래핑
304,304,2026-05-09,한국쉘석유,002960,KS,화학,482000.0,457097.5,1,,-2237.413825955873,0.8253892596123292,0,37098.43268384616,,40808.275952230775,TRAILING_DART,37098.43268384616,445181.1922061539,-7.638756803702518,30.903107990743703,65.0,47.95155399537185,0,3.0,제외,0.0,NEUTRAL,1.0,200일선상단,EPS스크래핑
305,305,2026-05-09,SNT에너지,100840,KS,에너지장비및서비스,56800.0,47484.25,1,,-124.43761776799327,0.7536058234618455,0,4079.7811126880447,,4487.759223956849,TRAILING_DART,4079.7811126880447,48957.37335225654,-13.807441281238486,15.481396796903788,80.0,47.7406983984519,0,3.0,제외,0.0,NEUTRAL,1.0,200일선상단,EPS스크래핑
306,306,2026-05-09,유안타증권,003470,KS,증권,7170.0,4177.225,1,,255.21467931856137,3.91534559115972,0,479.1241408870661,,527.0365549757728,TRAILING_DART,479.1241408870661,5749.489690644794,-19.811859265762987,0.4703518355925382,95.0,47.73517591779627,0,3.0,제외,0.0,NEUTRAL,1.0,200일선상단 | 거래량상승3.9x | MACD+,EPS스크래핑
307,307,2026-05-09,롯데정밀화학,004000,KS,화학,62600.0,47320.0,1,,388.3965446244856,0.5543082177742243,0,4112.129535581395,5901.0,5901.0,TRAILING_DART,4112.129535581395,49345.55442697674,-21.173235739653773,0.0,95.0,47.5,0,3.0,제외,0.0,NEUTRAL,1.0,200일선상단 | MACD+,EPS스크래핑
308,308,2026-05-09,디아이티,110990,KQ,디스플레이장비및부품,24650.0,17021.6,1,,56.129483933286565,0.6961855303213096,0,1607.199672010582,,1767.9196392116403,TRAILING_DART,1607.199672010582,19286.396064126984,-21.759042336198853,0.0,95.0,47.5,0,3.0,제외,0.0,NEUTRAL,1.0,200일선상단 | MACD+,EPS스크래핑
309,309,2026-05-09,매커스,093520,KQ,반도체와반도체장비,26000.0,23691.5,1,,161.6424250705791,0.4856292819585256,0,1632.098264065502,,1795.3080904720523,TRAILING_DART,1632.098264065502,19585.179168786024,-24.67238781236144,0.0,95.0,47.5,0,3.0,제외,0.0,NEUTRAL,1.0,200일선상단 | MACD+,EPS스크래핑
310,310,2026-05-09,대아티아이,045390,KQ,IT서비스,4780.0,4456.1,1,,25.50757442059529,0.8424201506150376,0,289.4915858367338,,318.4407444204072,TRAILING_DART,289.4915858367338,3473.899030040806,-27.324288074460124,0.0,95.0,47.5,0,3.0,제외,0.0,NEUTRAL,1.0,200일선상단 | MACD+,EPS스크래핑
311,311,2026-05-09,CJ4우(전환),00104K,KS,복합기업,192400.0,157252.5,1,,499.2003101328983,0.5023760132022825,0,,11404.0,11404.0,CONSENSUS_SCRAPE,11404.0,136848.0,-28.87318087318087,0.0,95.0,47.5,0,3.0,제외,0.0,NEUTRAL,1.0,200일선상단 | MACD+,EPS스크래핑
312,312,2026-05-09,한국기업평가,034950,KQ,상업서비스와공급품,111200.0,99894.0,1,,771.3831876165564,0.8776770463802391,1,6470.528156503867,,7117.580972154254,TRAILING_DART,6470.528156503867,77646.3378780464,-30.174156584490653,0.0,95.0,47.5,0,3.0,제외,0.0,NEUTRAL,1.0,200일선상단 | 20일돌파 | MACD+,EPS스크래핑
313,313,2026-05-09,HL홀딩스,060980,KS,자동차부품,43800.0,42932.0,1,,150.94240727624614,1.2984238024850356,0,2368.0841704899312,,2604.8925875389245,TRAILING_DART,2368.0841704899312,28417.010045879175,-35.12098163041284,0.0,95.0,47.5,0,3.0,제외,0.0,NEUTRAL,1.0,200일선상단 | MACD+,EPS스크래핑
314,314,2026-05-09,LS증권,078020,KQ,증권,8190.0,5862.175,1,,65.76461074231662,0.8233547440449863,0,413.6572371104513,,455.0229608214965,TRAILING_DART,413.6572371104513,4963.886845325416,-39.39088100945768,0.0,95.0,47.5,0,3.0,제외,0.0,NEUTRAL,1.0,200일선상단 | MACD+,EPS스크래핑
315,315,2026-05-09,대한유화,006650,KS,화학,172200.0,135155.0,1,,1065.0878683239753,0.6278458413863137,0,8599.392465846155,12419.0,12419.0,TRAILING_DART,8599.392465846155,103192.70959015386,-40.07392009863307,0.0,95.0,47.5,0,3.0,제외,0.0,NEUTRAL,1.0,200일선상단 | MACD+,EPS스크래핑
316,316,2026-05-09,에스에프에이,056190,KQ,기계,31800.0,26130.0,1,,72.90715267148823,0.9210636638037883,0,1450.9773826219564,,1596.075120884152,TRAILING_DART,1450.9773826219564,17411.728591463478,-45.24613650483184,0.0,95.0,47.5,0,3.0,제외,0.0,NEUTRAL,1.0,200일선상단 | MACD+,EPS스크래핑
317,317,2026-05-09,GST,083450,KQ,반도체와반도체장비,58700.0,27158.05,1,,1259.56957930932,0.4315851373162006,1,2473.371574009767,,2720.708731410744,TRAILING_DART,2473.371574009767,29680.458888117202,-49.43703766930629,0.0,95.0,47.5,0,3.0,제외,0.0,NEUTRAL,1.0,200일선상단 | 20일돌파 | MACD+,EPS스크래핑
318,318,2026-05-09,삼성생명,032830,KS,생명보험,295000.0,176295.0,1,,4283.564917987758,0.8953896863045071,0,12257.575,12321.0,12321.0,TRAILING_DART,12257.575,147090.90000000002,-50.13867796610169,0.0,95.0,47.5,0,3.0,제외,0.0,NEUTRAL,1.0,200일선상단 | MACD+,EPS스크래핑
319,319,2026-05-09,엘티씨,170920,KQ,반도체와반도체장비,44950.0,21575.2,1,,160.03769014165118,0.462805591320614,0,1721.8318352128704,,1894.0150187341576,TRAILING_DART,1721.8318352128704,20661.982022554446,-54.03341040588554,0.0,95.0,47.5,0,3.0,제외,0.0,NEUTRAL,1.0,200일선상단 | MACD+,EPS스크래핑
320,320,2026-05-09,삼양식품,003230,KS,식품,1360000.0,1315165.0,1,,-6609.524204665679,1.559166928772718,0,51596.03090196953,70582.0,70582.0,TRAILING_DART,51596.03090196953,619152.3708236343,-54.474090380615124,0.0,95.0,47.5,0,3.0,제외,0.0,NEUTRAL,1.0,200일선상단 | 거래량상승1.6x,EPS스크래핑
321,321,2026-05-09,파미셀,005690,KS,화학,19320.0,14832.4,1,,21.236553311962663,0.8697084227734624,0,671.293309621593,958.0,958.0,TRAILING_DART,671.293309621593,8055.519715459117,-58.3047633775408,0.0,95.0,47.5,0,3.0,제외,0.0,NEUTRAL,1.0,200일선상단 | MACD+,EPS스크래핑
322,322,2026-05-09,피에스케이홀딩스,031980,KQ,반도체와반도체장비,124300.0,62787.0,1,,338.89758886912296,0.6355795928184326,0,4252.075763522558,4859.0,4859.0,TRAILING_DART,4252.075763522558,51024.9091622707,-58.95019375521263,0.0,95.0,47.5,0,3.0,제외,0.0,NEUTRAL,1.0,200일선상단 | MACD+,EPS스크래핑
323,323,2026-05-09,SK네트웍스,001740,KS,복합기업,6730.0,4859.975,1,,133.5419431426579,0.9173530003623932,1,225.87433967988363,296.0,296.0,TRAILING_DART,225.87433967988363,2710.4920761586036,-59.725229180407084,0.0,95.0,47.5,0,3.0,제외,0.0,NEUTRAL,1.0,200일선상단 | 20일돌파 | MACD+,EPS스크래핑
324,324,2026-05-09,쏠리드,050890,KQ,통신장비,18200.0,9006.6,1,,16.70055681232452,0.7238991429669485,0,599.8231769606871,,659.8054946567559,TRAILING_DART,599.8231769606871,7197.878123528245,-60.45121910149316,0.0,95.0,47.5,0,3.0,제외,0.0,NEUTRAL,1.0,200일선상단 | MACD+,EPS스크래핑
325,325,2026-05-09,테스,095610,KQ,반도체와반도체장비,92900.0,50377.25,1,,-380.0784974022281,0.7909294858092342,1,2939.9688314049586,4008.0,4008.0,TRAILING_DART,2939.9688314049586,35279.625976859505,-62.024083986157684,0.0,95.0,47.5,0,3.0,제외,0.0,NEUTRAL,1.0,200일선상단 | 20일돌파,EPS스크래핑
326,326,2026-05-09,동진쎄미켐,005290,KQ,반도체와반도체장비,59600.0,41745.75,1,,41.17638578170954,0.3061599014410804,0,1830.0719996388568,,2013.0791996027424,TRAILING_DART,1830.0719996388568,21960.86399566628,-63.152912758949185,0.0,95.0,47.5,0,3.0,제외,0.0,NEUTRAL,1.0,200일선상단 | MACD+,EPS스크래핑
327,327,2026-05-09,한양디지텍,078350,KQ,반도체와반도체장비,32200.0,20601.5,1,,216.57696146019407,0.7400194083591738,0,982.4153838443566,,1080.6569222287924,TRAILING_DART,982.4153838443566,11788.984606132279,-63.38824656480659,0.0,95.0,47.5,0,3.0,제외,0.0,NEUTRAL,1.0,200일선상단 | MACD+,EPS스크래핑
328,328,2026-05-09,보성파워텍,006910,KQ,전기장비,14310.0,6710.375,1,,447.35825558116017,0.5505283532668227,0,413.48451580042297,,454.8329673804653,TRAILING_DART,413.48451580042297,4961.814189605076,-65.32624605447187,0.0,95.0,47.5,0,3.0,제외,0.0,NEUTRAL,1.0,200일선상단 | MACD+,EPS스크래핑
329,329,2026-05-09,에프앤가이드,064850,KQ,IT서비스,30750.0,12575.15,1,,52.52970382770627,0.4468568856823092,0,880.3930903149882,,968.432399346487,TRAILING_DART,880.3930903149882,10564.717083779859,-65.64319647551265,0.0,95.0,47.5,0,3.0,제외,0.0,NEUTRAL,1.0,200일선상단 | MACD+,EPS스크래핑
330,330,2026-05-09,GS피앤엘,499790,KS,"호텔,레스토랑,레저",54800.0,47231.75,1,,519.2509439915077,0.7267663641478258,0,1509.967729961629,2777.0,2777.0,TRAILING_DART,1509.967729961629,18119.61275953955,-66.93501321251907,0.0,95.0,47.5,0,3.0,제외,0.0,NEUTRAL,1.0,200일선상단 | MACD+,EPS스크래핑
331,331,2026-05-09,네패스,033640,KQ,반도체와반도체장비,32850.0,17105.25,1,,149.20731058786714,0.675183560264795,0,874.2202627827277,,961.6422890610004,TRAILING_DART,874.2202627827277,10490.643153392732,-68.06501323168118,0.0,95.0,47.5,0,3.0,제외,0.0,NEUTRAL,1.0,200일선상단 | MACD+,EPS스크래핑
332,332,2026-05-09,에스티아이,039440,KQ,반도체와반도체장비,37800.0,27175.55,1,,274.51785285637106,0.5823462985268607,0,994.2565380758824,,1093.6821918834708,TRAILING_DART,994.2565380758824,11931.078456910589,-68.43630037854341,0.0,95.0,47.5,0,3.0,제외,0.0,NEUTRAL,1.0,200일선상단 | MACD+,EPS스크래핑
333,333,2026-05-09,피에스케이,319660,KQ,반도체와반도체장비,104000.0,45374.3,1,,1316.891602307698,0.6920348810560571,0,2711.583487826752,3854.0,3854.0,TRAILING_DART,2711.583487826752,32539.00185392102,-68.71249821738363,0.0,95.0,47.5,0,3.0,제외,0.0,NEUTRAL,1.0,200일선상단 | MACD+,EPS스크래핑
334,334,2026-05-09,더존비즈온,012510,KS,소프트웨어,120000.0,94482.5,1,,-150.2263318713368,0.1882994028378233,1,3036.3447477892614,3590.0,3590.0,TRAILING_DART,3036.3447477892614,36436.13697347113,-69.6365525221074,0.0,95.0,47.5,0,3.0,제외,0.0,NEUTRAL,1.0,200일선상단 | 20일돌파,EPS스크래핑
335,335,2026-05-09,유니셈,036200,KQ,반도체와반도체장비,12670.0,9567.2,1,,136.9141210630653,0.7164059995225791,0,292.3517659977884,,321.58694259756726,TRAILING_DART,292.3517659977884,3508.221191973461,-72.31080353612107,0.0,95.0,47.5,0,3.0,제외,0.0,NEUTRAL,1.0,200일선상단 | MACD+,EPS스크래핑
336,336,2026-05-09,한선엔지니어링,452280,KQ,기계,20150.0,10693.15,1,,118.60289796137933,0.6344764248049557,0,464.2653236809755,,510.69185604907307,TRAILING_DART,464.2653236809755,5571.183884171705,-72.35144474356474,0.0,95.0,47.5,0,3.0,제외,0.0,NEUTRAL,1.0,200일선상단 | MACD+,EPS스크래핑
337,337,2026-05-09,티에프이,425420,KQ,반도체와반도체장비,66000.0,43491.25,1,,284.2956324701099,0.7316288387565746,0,1513.8339041745849,,1665.2172945920436,TRAILING_DART,1513.8339041745849,18166.00685009502,-72.47574719682572,0.0,95.0,47.5,0,3.0,제외,0.0,NEUTRAL,1.0,200일선상단 | MACD+,EPS스크래핑
338,338,2026-05-09,씨아이에스,222080,KQ,전기제품,16630.0,9362.65,1,,54.99722314319183,0.3634351415618175,0,369.3951190293502,,406.3346309322853,TRAILING_DART,369.3951190293502,4432.741428352203,-73.34491023239806,0.0,95.0,47.5,0,3.0,제외,0.0,NEUTRAL,1.0,200일선상단 | MACD+,EPS스크래핑
339,339,2026-05-09,CJ,001040,KS,복합기업,222000.0,183828.5,1,,209.72570337988327,0.963559940090968,0,4888.489795968729,11404.0,11404.0,TRAILING_DART,4888.489795968729,58661.87755162474,-73.57573083260147,0.0,95.0,47.5,0,3.0,제외,0.0,NEUTRAL,1.0,200일선상단 | MACD+,EPS스크래핑
340,340,2026-05-09,코리아써키트,007810,KS,전자장비와기기,102200.0,40809.35,1,,-62.37546900161942,0.7807761447998574,1,2243.0731565191795,3753.0,3753.0,TRAILING_DART,2243.0731565191795,26916.877878230152,-73.6625461074069,0.0,95.0,47.5,0,3.0,제외,0.0,NEUTRAL,1.0,200일선상단 | 20일돌파,EPS스크래핑
341,341,2026-05-09,비츠로셀,082920,KQ,전기제품,59000.0,22050.625,1,,-395.0277109203171,0.628351172035385,1,1255.5231602914166,1673.0,1673.0,TRAILING_DART,1255.5231602914166,15066.277923497,-74.46393572288645,0.0,95.0,47.5,0,3.0,제외,0.0,NEUTRAL,1.0,200일선상단 | 20일돌파,EPS스크래핑
342,342,2026-05-09,제주반도체,080220,KQ,반도체와반도체장비,54700.0,28111.0,1,,651.0508510182322,0.3052895279611926,0,1146.8013953439893,,1261.4815348783884,TRAILING_DART,1146.8013953439893,13761.61674412787,-74.84165129044264,0.0,95.0,47.5,0,3.0,제외,0.0,NEUTRAL,1.0,200일선상단 | MACD+,EPS스크래핑
343,343,2026-05-09,우진,105840,KS,기계,26300.0,18544.85,1,,8.406334154058072,1.025070486098902,0,547.0984810624195,,601.8083291686615,TRAILING_DART,547.0984810624195,6565.181772749034,-75.0373316625512,0.0,95.0,47.5,0,3.0,제외,0.0,NEUTRAL,1.0,200일선상단 | MACD+,EPS스크래핑
344,344,2026-05-09,티에스이,131290,KQ,반도체와반도체장비,174700.0,72517.75,1,,-322.7909010148105,0.6835959872244143,1,3620.138852584056,,3982.152737842462,TRAILING_DART,3620.138852584056,43441.666231008676,-75.13356254664643,0.0,95.0,47.5,0,3.0,제외,0.0,NEUTRAL,1.0,200일선상단 | 20일돌파,EPS스크래핑
345,345,2026-05-09,켐트로닉스,089010,KQ,전자장비와기기,41050.0,30143.75,1,,717.0645609772564,0.7524856173879858,0,802.918637757709,,883.2105015334799,TRAILING_DART,802.918637757709,9635.023653092509,-76.52856600951885,0.0,95.0,47.5,0,3.0,제외,0.0,NEUTRAL,1.0,200일선상단 | MACD+,EPS스크래핑
346,346,2026-05-09,코세스,089890,KQ,반도체와반도체장비,41600.0,22440.75,1,,278.47564590907405,0.6536235193176808,0,796.1186498950073,,875.730514884508,TRAILING_DART,796.1186498950073,9553.423798740087,-77.03503894533632,0.0,95.0,47.5,0,3.0,제외,0.0,NEUTRAL,1.0,200일선상단 | MACD+,EPS스크래핑
347,347,2026-05-09,티엘비,356860,KQ,반도체와반도체장비,101600.0,56653.25,1,,1500.531187773644,0.7350658722525021,1,1927.5419507293573,3663.0,3663.0,TRAILING_DART,1927.5419507293573,23130.503408752287,-77.23375648744853,0.0,95.0,47.5,0,3.0,제외,0.0,NEUTRAL,1.0,200일선상단 | 20일돌파 | MACD+,EPS스크래핑
348,348,2026-05-09,엑시콘,092870,KQ,반도체와반도체장비,37550.0,19265.6,1,,412.0112645524373,0.6213332964001993,0,686.8236622636916,,755.5060284900609,TRAILING_DART,686.8236622636916,8241.8839471643,-78.05090826321091,0.0,95.0,47.5,0,3.0,제외,0.0,NEUTRAL,1.0,200일선상단 | MACD+,EPS스크래핑
349,349,2026-05-09,헥토파이낸셜,234340,KQ,IT서비스,34700.0,20992.350009765625,1,,413.29766008676006,0.8702513512915705,0,631.6666824378183,,694.8333506816001,TRAILING_DART,631.6666824378183,7580.000189253819,-78.15561905114173,0.0,95.0,47.5,0,3.0,제외,0.0,NEUTRAL,1.0,200일선상단 | MACD+,EPS스크래핑
350,350,2026-05-09,에이피알,278470,KS,화장품,434000.0,265707.0,1,,-4644.181937962148,1.680830954007999,0,7736.888030059174,13387.0,13387.0,TRAILING_DART,7736.888030059174,92842.65636071008,-78.60768286619584,0.0,95.0,47.5,0,3.0,제외,0.0,NEUTRAL,1.0,200일선상단 | 거래량상승1.7x,EPS스크래핑
351,351,2026-05-09,에스티팜,237690,KQ,제약,156000.0,119301.0,1,,645.5423332455919,0.9426897226440668,0,2617.642286551857,3094.0,3094.0,TRAILING_DART,2617.642286551857,31411.707438622285,-79.86429010344726,0.0,95.0,47.5,0,3.0,제외,0.0,NEUTRAL,1.0,200일선상단 | MACD+,EPS스크래핑
352,352,2026-05-09,와이씨,232140,KQ,반도체와반도체장비,21550.0,15531.55,1,,45.87289112335861,0.5261179101755237,0,353.2725159561145,,388.599767551726,TRAILING_DART,353.2725159561145,4239.270191473373,-80.32821256856903,0.0,95.0,47.5,0,3.0,제외,0.0,NEUTRAL,1.0,200일선상단 | MACD+,EPS스크래핑
353,353,2026-05-09,해성디에스,195870,KS,반도체와반도체장비,87500.0,47124.25,1,,1534.9635604739933,0.8904548112917144,1,1401.223774764706,4854.0,4854.0,TRAILING_DART,1401.223774764706,16814.68529717647,-80.78321680322689,0.0,95.0,47.5,0,3.0,제외,0.0,NEUTRAL,1.0,200일선상단 | 20일돌파 | MACD+,EPS스크래핑
354,354,2026-05-09,네오티스,085910,KQ,자동차부품,29100.0,10149.975,1,,-51.91586084209348,1.5149901479655894,0,449.9109430779792,,494.90203738577713,TRAILING_DART,449.9109430779792,5398.93131693575,-81.44697141946477,0.0,95.0,47.5,0,3.0,제외,0.0,NEUTRAL,1.0,200일선상단 | 거래량상승1.5x,EPS스크래핑
355,355,2026-05-09,일진전기,103590,KS,전기장비,144100.0,60025.125,1,,5233.028253708842,0.7511472681989927,1,2178.643773281502,3108.0,3108.0,TRAILING_DART,2178.643773281502,26143.725279378024,-81.85723436545591,0.0,95.0,47.5,0,3.0,제외,0.0,NEUTRAL,1.0,200일선상단 | 20일돌파 | MACD+,EPS스크래핑
356,356,2026-05-09,산일전기,062040,KS,전기장비,331000.0,142876.0,1,,12506.706849611392,0.6204770286232819,1,4864.205152886495,6661.0,6661.0,TRAILING_DART,4864.205152886495,58370.46183463794,-82.36541938530576,0.0,95.0,47.5,0,3.0,제외,0.0,NEUTRAL,1.0,200일선상단 | 20일돌파 | MACD+,EPS스크래핑
357,357,2026-05-09,석경에이티,357550,KQ,화학,58500.0,55156.75,1,,253.94462795839945,0.5770482377509014,0,696.2832445462878,,765.9115690009166,TRAILING_DART,696.2832445462878,8355.398934555455,-85.71726677853768,0.0,95.0,47.5,0,3.0,제외,0.0,NEUTRAL,1.0,200일선상단 | MACD+,EPS스크래핑
358,358,2026-05-09,기가비스,420770,KQ,반도체와반도체장비,102600.0,47496.25,1,,170.34576376591212,0.5721426522423416,0,1219.0353690879867,,1340.9389059967857,TRAILING_DART,1219.0353690879867,14628.424429055842,-85.74227638493582,0.0,95.0,47.5,0,3.0,제외,0.0,NEUTRAL,1.0,200일선상단 | MACD+,EPS스크래핑
359,359,2026-05-09,RF머트리얼즈,327260,KQ,우주항공과국방,113600.0,32622.2,1,,941.9487202776618,0.6164212208443526,0,1221.5327405626867,,1343.6860146189556,TRAILING_DART,1221.5327405626867,14658.39288675224,-87.0964851349012,0.0,95.0,47.5,0,3.0,제외,0.0,NEUTRAL,1.0,200일선상단 | MACD+,EPS스크래핑
360,360,2026-05-09,삼성전기,009150,KS,전자장비와기기,914000.0,307578.5,1,,9925.606764537037,0.699027785365077,1,9786.495465668211,14602.0,14602.0,TRAILING_DART,9786.495465668211,117437.94558801854,-87.15120945426493,0.0,95.0,47.5,0,3.0,제외,0.0,NEUTRAL,1.0,200일선상단 | 20일돌파 | MACD+,EPS스크래핑
361,361,2026-05-09,ISC,095340,KQ,반도체와반도체장비,253500.0,125318.5,1,,679.2391154619845,0.4519381306103944,0,2658.0703091438445,4009.0,4009.0,TRAILING_DART,2658.0703091438445,31896.843709726134,-87.41741865494038,0.0,95.0,47.5,0,3.0,제외,0.0,NEUTRAL,1.0,200일선상단 | MACD+,EPS스크래핑
362,362,2026-05-09,대원전선,006340,KS,전기장비,18010.0,4402.575,1,,1085.824746767344,0.4733720811227584,1,164.72041939329114,,181.19246133262027,TRAILING_DART,164.72041939329114,1976.6450327194937,-89.0247360759606,0.0,95.0,47.5,0,3.0,제외,0.0,NEUTRAL,1.0,200일선상단 | 20일돌파 | MACD+,EPS스크래핑
363,363,2026-05-09,엑스게이트,356680,KQ,소프트웨어,15840.0,8271.2,1,,145.96864703861343,0.2171185704307272,0,135.72801022383666,,149.30081124622035,TRAILING_DART,135.72801022383666,1628.7361226860398,-89.71757498304268,0.0,95.0,47.5,0,3.0,제외,0.0,NEUTRAL,1.0,200일선상단 | MACD+,EPS스크래핑
364,364,2026-05-09,네패스아크,330860,KQ,반도체와반도체장비,39900.0,19750.0,1,,211.6927569619188,0.5400730786497578,0,280.3844417843171,,308.42288596274886,TRAILING_DART,280.3844417843171,3364.6133014118054,-91.56738520949422,0.0,95.0,47.5,0,3.0,제외,0.0,NEUTRAL,1.0,200일선상단 | MACD+,EPS스크래핑
365,365,2026-05-09,한화갤러리아,452260,KS,백화점과일반상점,2920.0,1674.68,1,,12.351689604127984,0.2454797524848231,0,17.088213001150677,,18.797034301265747,TRAILING_DART,17.088213001150677,205.05855601380813,-92.97744671185588,0.0,95.0,47.5,0,3.0,제외,0.0,NEUTRAL,1.0,200일선상단 | MACD+,EPS스크래핑
366,366,2026-05-09,주성엔지니어링,036930,KQ,반도체와반도체장비,138900.0,43742.75,1,,2172.416899544076,0.4255052199899812,1,767.912131508188,1740.0,1740.0,TRAILING_DART,767.912131508188,9214.945578098257,-93.36576992217547,0.0,95.0,47.5,0,3.0,제외,0.0,NEUTRAL,1.0,200일선상단 | 20일돌파 | MACD+,EPS스크래핑
367,367,2026-05-09,고영,098460,KQ,전자장비와기기,40700.0,23362.2,1,,485.9176864348669,0.4647781166785633,0,214.93176354645792,547.0,547.0,TRAILING_DART,214.93176354645792,2579.181162557495,-93.66294554654178,0.0,95.0,47.5,0,3.0,제외,0.0,NEUTRAL,1.0,200일선상단 | MACD+,EPS스크래핑
368,368,2026-05-09,테크윙,089030,KQ,반도체와반도체장비,59300.0,48088.75,1,,167.68292358919916,0.5570868354343493,0,242.78654496743843,,267.0651994641823,TRAILING_DART,242.78654496743843,2913.438539609261,-95.0869501861564,0.0,95.0,47.5,0,3.0,제외,0.0,NEUTRAL,1.0,200일선상단 | MACD+,EPS스크래핑
369,369,2026-05-09,포스코엠텍,009520,KQ,철강,20900.0,16305.35,1,,75.08953985451353,0.5028849049606626,0,33.89543829563609,,37.2849821251997,TRAILING_DART,33.89543829563609,406.74525954763305,-98.05385043278645,0.0,95.0,47.5,0,3.0,제외,0.0,NEUTRAL,1.0,200일선상단 | MACD+,EPS스크래핑
370,370,2026-05-09,동운아나텍,094170,KQ,반도체와반도체장비,51100.0,25402.6,1,,517.443968203871,0.6945559286945749,1,48.82936470967677,,53.712301180644445,TRAILING_DART,48.82936470967677,585.9523765161211,-98.85332215945965,0.0,95.0,47.5,0,3.0,제외,0.0,NEUTRAL,1.0,200일선상단 | 20일돌파 | MACD+,EPS스크래핑
371,371,2026-05-09,원익QnC,074600,KQ,반도체와반도체장비,39800.0,25021.1,1,,174.41459492602462,0.6644810490964337,1,36.44515398660986,1975.0,1975.0,TRAILING_DART,36.44515398660986,437.34184783931835,-98.9011511360821,0.0,95.0,47.5,0,3.0,제외,0.0,NEUTRAL,1.0,200일선상단 | 20일돌파 | MACD+,EPS스크래핑
372,372,2026-05-09,LG에너지솔루션,373220,KS,전기제품,476500.0,400345.0,1,,952.9412691567924,0.7336142502350862,0,345.3119658119658,-416.0,-416.0,TRAILING_DART,345.3119658119658,4143.74358974359,-99.13037909973902,0.0,95.0,47.5,0,3.0,제외,0.0,NEUTRAL,1.0,200일선상단 | MACD+,EPS스크래핑
373,373,2026-05-09,두산테스나,131970,KQ,반도체와반도체장비,144900.0,57891.25,1,,1678.3024760351636,0.8590973255610131,1,78.13030501305981,2230.0,2230.0,TRAILING_DART,78.13030501305981,937.5636601567178,-99.35295813653781,0.0,95.0,47.5,0,3.0,제외,0.0,NEUTRAL,1.0,200일선상단 | 20일돌파 | MACD+,EPS스크래핑
374,374,2026-05-09,LS머트리얼즈,417200,KQ,전기제품,26600.0,14439.45,1,,91.4398897084061,0.5407723310468124,0,-14.886340106750277,,-16.374974117425307,TRAILING_DART,-14.886340106750277,-178.63608128100333,-100.67156421534212,0.0,95.0,47.5,1,3.0,제외,0.0,NEUTRAL,1.0,200일선상단 | MACD+,EPS스크래핑
375,375,2026-05-09,태성,323280,KQ,전자장비와기기,76500.0,45934.0,1,,714.1471627612354,0.4600996043383408,0,-83.08275491699189,,-91.39103040869108,TRAILING_DART,-83.08275491699189,-996.9930590039027,-101.3032589006587,0.0,95.0,47.5,1,3.0,제외,0.0,NEUTRAL,1.0,200일선상단 | MACD+,EPS스크래핑
376,376,2026-05-09,클로봇,466100,KQ,기계,50000.0,44185.85,1,,475.5873792631637,1.3600959040774845,0,-138.30958782679625,,-152.14054660947588,TRAILING_DART,-138.30958782679625,-1659.715053921555,-103.3194301078431,0.0,95.0,47.5,1,3.0,제외,0.0,NEUTRAL,1.0,200일선상단 | MACD+,EPS스크래핑
377,377,2026-05-09,일진하이솔루스,271940,KS,자동차부품,17800.0,16318.05,1,,63.17525435035259,0.8845233412764125,0,-55.053591794056096,,-60.55895097346171,TRAILING_DART,-55.053591794056096,-660.6431015286731,-103.7114780984757,0.0,95.0,47.5,1,3.0,제외,0.0,NEUTRAL,1.0,200일선상단 | MACD+,EPS스크래핑
378,378,2026-05-09,에코프로,086520,KQ,화학,155000.0,101465.5,1,,86.56453125745702,1.0264625012657684,0,-777.3058936594402,,-855.0364830253843,TRAILING_DART,-777.3058936594402,-9327.670723913283,-106.01785207994405,0.0,95.0,47.5,1,3.0,제외,0.0,NEUTRAL,1.0,200일선상단 | MACD+,EPS스크래핑
379,379,2026-05-09,SFA반도체,036540,KQ,반도체와반도체장비,8410.0,5150.7,1,,1.947851207865142,0.3702377992532011,0,-116.32593052561748,,-127.95852357817924,TRAILING_DART,-116.32593052561748,-1395.9111663074098,-116.59823027713925,0.0,95.0,47.5,1,3.0,제외,0.0,NEUTRAL,1.0,200일선상단 | MACD+,EPS스크래핑
380,380,2026-05-09,에스바이오메딕스,304360,KQ,생물공학,33550.0,28242.45,1,,174.2906521317816,0.6549500664915902,0,-469.98942142543865,,-516.9883635679826,TRAILING_DART,-469.98942142543865,-5639.873057105264,-116.81035188406935,0.0,95.0,47.5,1,3.0,제외,0.0,NEUTRAL,1.0,200일선상단 | MACD+,EPS스크래핑
381,381,2026-05-09,가온칩스,399720,KQ,반도체와반도체장비,71000.0,55396.25,1,,268.74361207345373,0.6066433575232383,0,-1238.674407047331,,-1362.541847752064,TRAILING_DART,-1238.674407047331,-14864.092884567972,-120.93534209094081,0.0,95.0,47.5,1,3.0,제외,0.0,NEUTRAL,1.0,200일선상단 | MACD+,EPS스크래핑
382,382,2026-05-09,필옵틱스,161580,KQ,전자장비와기기,54700.0,41469.25,1,,1076.315920906518,0.9771712417378706,0,-1127.4324798301118,,-1240.175727813123,TRAILING_DART,-1127.4324798301118,-13529.189757961341,-124.73343648621818,0.0,95.0,47.5,1,3.0,제외,0.0,NEUTRAL,1.0,200일선상단 | MACD+,EPS스크래핑
383,383,2026-05-09,제우스,079370,KQ,반도체와반도체장비,16780.0,15021.8,1,,58.695093523094215,0.9877880661197554,0,-455.749736321932,,-501.3247099541253,TRAILING_DART,-455.749736321932,-5468.996835863184,-132.59235301467928,0.0,95.0,47.5,1,3.0,제외,0.0,NEUTRAL,1.0,200일선상단 | MACD+,EPS스크래핑
384,384,2026-05-09,LG화학,051910,KS,화학,429500.0,332445.0,1,,3965.745466973509,0.916598985123944,1,-13840.920395573214,-3822.0,-3822.0,TRAILING_DART,-13840.920395573214,-166091.04474687856,-138.67079039508232,0.0,95.0,47.5,1,3.0,제외,0.0,NEUTRAL,1.0,200일선상단 | 20일돌파 | MACD+,EPS스크래핑
385,385,2026-05-09,필에너지,378340,KQ,전기제품,19950.0,14297.75,1,,11.001500307370634,0.3127522075595796,0,-732.874184742725,,-806.1616032169976,TRAILING_DART,-732.874184742725,-8794.4902169127,-144.08265772888572,0.0,95.0,47.5,1,3.0,제외,0.0,NEUTRAL,1.0,200일선상단 | MACD+,EPS스크래핑
386,386,2026-05-09,코스모화학,005420,KS,화학,18000.0,16456.45,1,,3.44679454031791,0.8195313518645908,0,-806.1065914574345,,-886.7172506031781,TRAILING_DART,-806.1065914574345,-9673.279097489214,-153.74043943049563,0.0,95.0,47.5,1,3.0,제외,0.0,NEUTRAL,1.0,200일선상단 | MACD+,EPS스크래핑
387,387,2026-05-09,서울반도체,046890,KQ,디스플레이장비및부품,18000.0,7797.75,1,,581.1344642829615,0.9948895418215624,1,-1029.1724466687476,,-1132.0896913356223,TRAILING_DART,-1029.1724466687476,-12350.069360024972,-168.61149644458317,0.0,95.0,47.5,1,3.0,제외,0.0,NEUTRAL,1.0,200일선상단 | 20일돌파 | MACD+,EPS스크래핑
388,388,2026-05-09,오픈엣지테크놀로지,394280,KQ,반도체와반도체장비,19790.0,13906.15,1,,69.0755358869933,0.8274406882485374,0,-1146.7476199691323,,-1261.4223819660456,TRAILING_DART,-1146.7476199691323,-13760.971439629588,-169.53497442965934,0.0,95.0,47.5,1,3.0,제외,0.0,NEUTRAL,1.0,200일선상단 | MACD+,EPS스크래핑
389,389,2026-05-09,호텔신라,008770,KS,백화점과일반상점,64200.0,48488.25,1,,353.1815137376807,0.425267414379585,0,-4403.995544321727,2252.0,2252.0,TRAILING_DART,-4403.995544321727,-52847.946531860725,-182.31767372563976,0.0,95.0,47.5,1,3.0,제외,0.0,NEUTRAL,1.0,200일선상단 | MACD+,EPS스크래핑
390,390,2026-05-09,한화솔루션,009830,KS,에너지장비및서비스,47300.0,34491.0,1,,132.2207746722288,0.3914975125652531,0,-3579.457341882489,235.0,235.0,TRAILING_DART,-3579.457341882489,-42953.488102589865,-190.81075708792784,0.0,95.0,47.5,1,3.0,제외,0.0,NEUTRAL,1.0,200일선상단 | MACD+,EPS스크래핑
391,391,2026-05-09,제이앤티씨,204270,KQ,핸드셋,20750.0,20320.95,1,,217.0126978425824,0.9410484776523396,0,-1583.1111369314442,,-1741.4222506245887,TRAILING_DART,-1583.1111369314442,-18997.33364317733,-191.55341514784257,0.0,95.0,47.5,1,3.0,제외,0.0,NEUTRAL,1.0,200일선상단 | MACD+,EPS스크래핑
392,392,2026-05-09,에이직랜드,445090,KQ,반도체와반도체장비,31000.0,29711.5,1,,133.12523458151895,0.5267606813385648,0,-2430.5919125420182,,-2673.6511037962205,TRAILING_DART,-2430.5919125420182,-29167.102950504217,-194.08742887259424,0.0,95.0,47.5,1,3.0,제외,0.0,NEUTRAL,1.0,200일선상단 | MACD+,EPS스크래핑
393,393,2026-05-09,메디포스트,078160,KQ,생물공학,26800.0,17411.25,1,,9.46033691246248,0.905782747160193,0,-2193.4025596943297,,-2412.742815663763,TRAILING_DART,-2193.4025596943297,-26320.830716331955,-198.2120549116864,0.0,95.0,47.5,1,3.0,제외,0.0,NEUTRAL,1.0,200일선상단 | MACD+,EPS스크래핑
394,394,2026-05-09,덕산하이메탈,077360,KQ,반도체와반도체장비,18170.0,8101.75,1,,147.61256288710365,0.3135293406640942,0,-2546.4839025911083,,-2801.1322928502195,TRAILING_DART,-2546.4839025911083,-30557.8068310933,-268.1772527853236,0.0,95.0,47.5,1,3.0,제외,0.0,NEUTRAL,1.0,200일선상단 | MACD+,EPS스크래핑
395,395,2026-05-09,덕산테코피아,317330,KQ,반도체와반도체장비,30000.0,18791.45,1,,542.5081053172312,0.8120029500991017,0,-5154.690951283671,,-5670.160046412038,TRAILING_DART,-5154.690951283671,-61856.29141540405,-306.1876380513468,0.0,95.0,47.5,1,3.0,제외,0.0,NEUTRAL,1.0,200일선상단 | MACD+,EPS스크래핑
396,396,2026-05-09,SK이노베이션,096770,KS,석유와가스,134700.0,114516.0,1,,173.23526781997225,0.8286082110281779,0,-32158.24770071228,995.0,995.0,TRAILING_DART,-32158.24770071228,-385898.97240854736,-386.4877300731606,0.0,95.0,47.5,1,3.0,제외,0.0,NEUTRAL,1.0,200일선상단 | MACD+,EPS스크래핑
397,397,2026-05-09,롯데케미칼,011170,KS,화학,99900.0,75108.0,1,,217.52824767181573,0.7317184425174791,0,-57887.83334302348,-13282.0,-13282.0,TRAILING_DART,-57887.83334302348,-694654.0001162817,-795.3493494657474,0.0,95.0,47.5,1,3.0,제외,0.0,NEUTRAL,1.0,200일선상단 | MACD+,EPS스크래핑
398,398,2026-05-09,CJ CGV,079160,KS,방송과엔터테인먼트,4990.0,5271.775,0,,16.94801662850422,1.8943892848123536,1,-143369293871.0,-343.0,-343.0,TRAILING_DART,-143369293871.0,-1720431526452.0,-34477585800.44089,0.0,95.0,47.5,1,3.0,제외,0.0,NEUTRAL,1.0,20일돌파 | 거래량상승1.9x | MACD+,EPS스크래핑
399,399,2026-05-09,오리온,271560,KS,식품,141200.0,115346.0,1,,-138.87524676968678,0.6523231915677656,0,9879.50877880517,11854.0,11854.0,TRAILING_DART,9879.50877880517,118554.10534566204,-16.038169018652948,9.904577453367637,85.0,47.45228872668382,0,3.0,제외,0.0,NEUTRAL,1.0,200일선상단,EPS스크래핑
400,400,2026-05-09,KH바텍,060720,KQ,핸드셋,14030.0,13283.3,1,,15.933192885638135,1.7038615251248754,0,861.2391389661096,987.0,987.0,TRAILING_DART,861.2391389661096,10334.869667593315,-26.33735090810182,0.0,90.0,45.0,0,3.0,제외,0.0,NEUTRAL,1.0,200일선상단 | 거래량상승1.7x | MACD+,EPS스크래핑
401,401,2026-05-09,남해화학,025860,KS,화학,9300.0,7321.3,1,,22.183733629921107,0.2503838039354638,0,541.9961683487677,,596.1957851836445,TRAILING_DART,541.9961683487677,6503.954020185212,-30.065010535642877,0.0,90.0,45.0,0,3.0,제외,0.0,NEUTRAL,1.0,200일선상단 | MACD+,EPS스크래핑
402,402,2026-05-09,코스맥스,192820,KS,화장품,210000.0,198456.0,1,,-1545.8081991114395,1.183064197617126,0,11549.061129252375,12485.0,12485.0,TRAILING_DART,11549.061129252375,138588.7335510285,-34.005364975700715,0.0,90.0,45.0,0,3.0,제외,0.0,NEUTRAL,1.0,200일선상단,EPS스크래핑
403,403,2026-05-09,자화전자,033240,KS,통신장비,47900.0,26933.0,1,,198.74644409140137,1.219797948721578,0,2181.4326902471416,,2399.575959271856,TRAILING_DART,2181.4326902471416,26177.192282965698,-45.350329263119626,0.0,90.0,45.0,0,3.0,제외,0.0,NEUTRAL,1.0,200일선상단 | MACD+,EPS스크래핑
404,404,2026-05-09,제룡전기,033100,KQ,전기장비,87800.0,42302.25,1,,3825.871944178292,1.0486694975695532,0,3655.269824781576,,4020.796807259734,TRAILING_DART,3655.269824781576,43863.23789737892,-50.04187027633381,0.0,90.0,45.0,0,3.0,제외,0.0,NEUTRAL,1.0,200일선상단 | MACD+,EPS스크래핑
405,405,2026-05-09,케이씨텍,281820,KS,반도체와반도체장비,68300.0,41142.75,1,,1027.6165852232584,1.0000629144103157,0,2580.537244971961,,2838.5909694691577,TRAILING_DART,2580.537244971961,30966.446939663532,-54.66113185993626,0.0,90.0,45.0,0,3.0,제외,0.0,NEUTRAL,1.0,200일선상단 | MACD+,EPS스크래핑
406,406,2026-05-09,케이아이엔엑스,093320,KQ,IT서비스,109300.0,102696.0,1,,9.192234893271548,1.6949860391857383,0,4012.026929713115,,4413.229622684426,TRAILING_DART,4012.026929713115,48144.32315655738,-55.95212885950834,0.0,90.0,45.0,0,3.0,제외,0.0,NEUTRAL,1.0,200일선상단 | 거래량상승1.7x | MACD+,EPS스크래핑
407,407,2026-05-09,에코마케팅,230360,KQ,"섬유,의류,신발,호화품",16000.0,13661.3,1,,-7.7877175744258835,0.8822894813510933,1,570.5787884146843,,627.6366672561527,TRAILING_DART,570.5787884146843,6846.945460976211,-57.20659086889868,0.0,90.0,45.0,0,3.0,제외,0.0,NEUTRAL,1.0,200일선상단 | 20일돌파,EPS스크래핑
408,408,2026-05-09,두산2우B,000157,KS,복합기업,602000.0,437652.5,1,,10787.93004862476,1.027526455449343,0,,19872.0,19872.0,CONSENSUS_SCRAPE,19872.0,238464.0,-60.38803986710963,0.0,90.0,45.0,0,3.0,제외,0.0,NEUTRAL,1.0,200일선상단 | MACD+,EPS스크래핑
409,409,2026-05-09,삼성전자,005930,KS,반도체와반도체장비,268500.0,129000.0,1,,4858.942057850361,1.0157596113259235,0,7732.577940801414,36464.0,36464.0,TRAILING_DART,7732.577940801414,92790.93528961697,-65.44099244334564,0.0,90.0,45.0,0,3.0,제외,0.0,NEUTRAL,1.0,200일선상단 | MACD+,EPS스크래핑
410,410,2026-05-09,HD현대중공업,329180,KS,조선,658000.0,535717.5,1,,7622.968954583404,1.1362887171223366,0,13485.785488879346,25210.0,25210.0,TRAILING_DART,13485.785488879346,161829.42586655216,-75.40586233031122,0.0,90.0,45.0,0,3.0,제외,0.0,NEUTRAL,1.0,200일선상단 | MACD+,EPS스크래핑
411,411,2026-05-09,브이엠,089970,KQ,반도체와반도체장비,55500.0,27810.8,1,,-163.3647087337613,1.2290781589269324,0,1070.455589380418,2812.0,2812.0,TRAILING_DART,1070.455589380418,12845.467072565014,-76.85501428366665,0.0,90.0,45.0,0,3.0,제외,0.0,NEUTRAL,1.0,200일선상단,EPS스크래핑
412,412,2026-05-09,LS에코에너지,229640,KS,전기장비,90100.0,42469.5,1,,2527.476576578214,1.034481484845675,0,1582.8891834642025,1518.0,1518.0,TRAILING_DART,1582.8891834642025,18994.67020157043,-78.91823507039908,0.0,90.0,45.0,0,3.0,제외,0.0,NEUTRAL,1.0,200일선상단 | MACD+,EPS스크래핑
413,413,2026-05-09,롯데관광개발,032350,KS,"호텔,레스토랑,레저",20100.0,19749.85,1,,75.26148430167808,0.7811516249947036,0,346.68499759187875,1065.0,1065.0,TRAILING_DART,346.68499759187875,4160.219971102545,-79.30238820346993,0.0,90.0,45.0,0,3.0,제외,0.0,NEUTRAL,1.0,200일선상단 | MACD+,EPS스크래핑
414,414,2026-05-09,디아이,003160,KS,반도체와반도체장비,33200.0,24322.7,1,,201.29947331036897,0.634866975932456,0,477.64271056537103,,525.4069816219081,TRAILING_DART,477.64271056537103,5731.712526784452,-82.7358056422155,0.0,90.0,45.0,0,3.0,제외,0.0,NEUTRAL,1.0,200일선상단 | MACD+,EPS스크래핑
415,415,2026-05-09,카카오페이,377300,KS,IT서비스,57000.0,56010.75,1,,462.67261462666266,0.8327687846902916,0,411.7767402043429,673.0,673.0,TRAILING_DART,411.7767402043429,4941.320882452115,-91.33101599569804,0.0,90.0,45.0,0,3.0,제외,0.0,NEUTRAL,1.0,200일선상단 | MACD+,EPS스크래핑
416,416,2026-05-09,네오셈,253590,KQ,반도체와반도체장비,17800.0,12480.45,1,,19.407688224463072,0.6980637753356578,0,121.77560436300998,,133.953164799311,TRAILING_DART,121.77560436300998,1461.3072523561198,-91.79040869462854,0.0,90.0,45.0,0,3.0,제외,0.0,NEUTRAL,1.0,200일선상단 | MACD+,EPS스크래핑
417,417,2026-05-09,한라캐스트,125490,KQ,자동차부품,18850.0,,0,,320.16084050768336,6.057506621207022,1,100.20487564746512,,110.22536321221163,TRAILING_DART,100.20487564746512,1202.4585077695815,-93.62090977310567,0.0,90.0,45.0,0,3.0,제외,0.0,NEUTRAL,1.0,20일돌파 | 거래량상승6.1x | MACD+,EPS스크래핑
418,418,2026-05-09,삼미금속,012210,KQ,기계,14870.0,9926.125,1,,83.45563884468054,0.5961581033671223,0,76.16069683091375,,83.77676651400513,TRAILING_DART,76.16069683091375,913.9283619709649,-93.85387786166129,0.0,90.0,45.0,0,3.0,제외,0.0,NEUTRAL,1.0,200일선상단 | MACD+,EPS스크래핑
419,419,2026-05-09,두산에너빌리티,034020,KS,기계,129600.0,83636.0,1,,1041.7332612966538,1.0406870343713952,0,320.2863634192387,512.0,512.0,TRAILING_DART,320.2863634192387,3843.436361030864,-97.03438552389593,0.0,90.0,45.0,0,3.0,제외,0.0,NEUTRAL,1.0,200일선상단 | MACD+,EPS스크래핑
420,420,2026-05-09,펨트론,168360,KQ,전자장비와기기,24150.0,18072.5,1,,-8.998737890829489,1.2821805448637158,0,-177.9468308953413,,-195.74151398487544,TRAILING_DART,-177.9468308953413,-2135.3619707440957,-108.84207855380579,0.0,90.0,45.0,1,3.0,제외,0.0,NEUTRAL,1.0,200일선상단,EPS스크래핑
421,421,2026-05-09,자람테크놀로지,389020,KQ,통신장비,55500.0,42318.0,1,,-6.279361781432272,1.052872431910747,0,-1030.3971874758656,,-1133.4369062234523,TRAILING_DART,-1030.3971874758656,-12364.766249710388,-122.2788581075863,0.0,90.0,45.0,1,3.0,제외,0.0,NEUTRAL,1.0,200일선상단,EPS스크래핑
422,422,2026-05-09,뉴로메카,348340,KQ,기계,65200.0,44600.5,1,,-8.956578897925553,1.6285239371423472,0,-1778.9097711231643,,-1956.8007482354808,TRAILING_DART,-1778.9097711231643,-21346.917253477972,-132.74067063416868,0.0,90.0,45.0,1,3.0,제외,0.0,NEUTRAL,1.0,200일선상단 | 거래량상승1.6x,EPS스크래핑
423,423,2026-05-09,유니테스트,086390,KQ,반도체와반도체장비,18430.0,16127.1,1,,14.256806828047388,0.6667963510093294,0,-1061.8720867378192,,-1168.0592954116012,TRAILING_DART,-1061.8720867378192,-12742.465040853831,-169.13979946203924,0.0,90.0,45.0,1,3.0,제외,0.0,NEUTRAL,1.0,200일선상단 | MACD+,EPS스크래핑
424,424,2026-05-09,하나투어,039130,KS,"호텔,레스토랑,레저",42250.0,47812.25,0,,41.8627995905828,0.7587756354120431,0,3104.705232405152,3711.0,3711.0,TRAILING_DART,3104.705232405152,37256.46278886183,-11.819022984942418,20.45244253764396,65.0,42.72622126882198,0,3.0,제외,0.0,NEUTRAL,1.0,MACD+,EPS스크래핑
425,425,2026-05-09,감성코퍼레이션,036620,KQ,"섬유,의류,신발,호화품",6060.0,5886.55,1,,-4.74843778544232,0.7255378152975714,0,391.3346343546282,517.0,517.0,TRAILING_DART,391.3346343546282,4696.015612255538,-22.507993197103325,0.0,85.0,42.5,0,3.0,제외,0.0,NEUTRAL,1.0,200일선상단,EPS스크래핑
426,426,2026-05-09,세아제강,306200,KS,철강,174000.0,133430.5,1,,1454.1042316591063,0.4333197690533902,0,10576.864998413426,16782.0,16782.0,TRAILING_DART,10576.864998413426,126922.37998096112,-27.056103459217752,0.0,85.0,42.5,0,3.0,제외,0.0,NEUTRAL,1.0,200일선상단 | MACD+,EPS스크래핑
427,427,2026-05-09,현대백화점,069960,KS,백화점과일반상점,112100.0,87431.0,1,,1747.048885692661,0.8247606961351335,0,6254.349664739375,11377.0,11377.0,TRAILING_DART,6254.349664739375,75052.19597687249,-33.048888513048624,0.0,85.0,42.5,0,3.0,제외,0.0,NEUTRAL,1.0,200일선상단 | MACD+,EPS스크래핑
428,428,2026-05-09,KG모빌리티,003620,KS,자동차,4180.0,3599.8,1,,-9.26790509856488,0.7427702740195652,0,230.1248183569315,,253.13730019262468,TRAILING_DART,230.1248183569315,2761.497820283178,-33.93545884490005,0.0,85.0,42.5,0,3.0,제외,0.0,NEUTRAL,1.0,200일선상단,EPS스크래핑
429,429,2026-05-09,NAVER,035420,KS,양방향미디어와서비스,215000.0,238453.75,0,,354.0776171600115,1.9304115997100968,0,11595.25484050195,13899.0,13899.0,TRAILING_DART,11595.25484050195,139143.0580860234,-35.28229856464028,0.0,85.0,42.5,0,3.0,제외,0.0,NEUTRAL,1.0,거래량상승1.9x | MACD+,EPS스크래핑
430,430,2026-05-09,피엔티,137400,KQ,전기제품,56600.0,43165.5,1,,-156.9721875011246,0.5713382036793943,0,2934.368050530148,,3227.804855583164,TRAILING_DART,2934.368050530148,35212.416606361774,-37.78724981208167,0.0,85.0,42.5,0,3.0,제외,0.0,NEUTRAL,1.0,200일선상단,EPS스크래핑
431,431,2026-05-09,한국토지신탁,034830,KS,부동산,1545.0,1361.51,1,,-3.830245336801697,1.029318836284999,0,76.94603899738614,,84.64064289712476,TRAILING_DART,76.94603899738614,923.3524679686336,-40.23608621562242,0.0,85.0,42.5,0,3.0,제외,0.0,NEUTRAL,1.0,200일선상단,EPS스크래핑
432,432,2026-05-09,코미코,183300,KQ,반도체와반도체장비,149500.0,100833.5,1,,-1093.5643848970958,0.754527174066798,0,7383.571095733319,,8121.928205306652,TRAILING_DART,7383.571095733319,88602.85314879983,-40.733877492441586,0.0,85.0,42.5,0,3.0,제외,0.0,NEUTRAL,1.0,200일선상단,EPS스크래핑
433,433,2026-05-09,와이지-원,019210,KQ,기계,15350.0,7630.8,1,,-48.360913799272,0.6289534224011758,0,681.0041533615561,,749.1045686977118,TRAILING_DART,681.0041533615561,8172.049840338673,-46.76189029095327,0.0,85.0,42.5,0,3.0,제외,0.0,NEUTRAL,1.0,200일선상단,EPS스크래핑
434,434,2026-05-09,DSC인베스트먼트,241520,KQ,창업투자,15720.0,9421.7,1,,-34.85334281223436,0.3126713152529462,0,668.0718313909774,,734.8790145300752,TRAILING_DART,668.0718313909774,8016.861976691729,-49.002150275497904,0.0,85.0,42.5,0,3.0,제외,0.0,NEUTRAL,1.0,200일선상단,EPS스크래핑
435,435,2026-05-09,비에이치,090460,KS,전자장비와기기,32200.0,18917.0,1,,-488.46211428231845,0.5246292634296535,0,1205.7601516430368,2657.0,2657.0,TRAILING_DART,1205.7601516430368,14469.121819716442,-55.0648390692036,0.0,85.0,42.5,0,3.0,제외,0.0,NEUTRAL,1.0,200일선상단,EPS스크래핑
436,436,2026-05-09,싸이맥스,160980,KQ,반도체와반도체장비,37050.0,18333.4,1,,422.9087059136496,0.6357037100446422,0,1367.544243843715,,1504.2986682280866,TRAILING_DART,1367.544243843715,16410.530926124582,-55.707069025304776,0.0,85.0,42.5,0,3.0,제외,0.0,NEUTRAL,1.0,200일선상단 | MACD+,EPS스크래핑
437,437,2026-05-09,현대로템,064350,KS,우주항공과국방,223000.0,204807.5,1,,-459.138610843087,1.1033519935669138,0,7059.519988278054,8562.0,8562.0,TRAILING_DART,7059.519988278054,84714.23985933665,-62.011551632584464,0.0,85.0,42.5,0,3.0,제외,0.0,NEUTRAL,1.0,200일선상단,EPS스크래핑
438,438,2026-05-09,STX엔진,077970,KS,조선,55000.0,35873.75,1,,260.5031929842953,0.4347134680958859,0,1717.3484929023848,,1889.083342192624,TRAILING_DART,1717.3484929023848,20608.181914828616,-62.53057833667525,0.0,85.0,42.5,0,3.0,제외,0.0,NEUTRAL,1.0,200일선상단 | MACD+,EPS스크래핑
439,439,2026-05-09,달바글로벌,483650,KS,화장품,212000.0,165883.5,1,,-2042.8829066002872,0.8922392069524573,0,6378.543724798113,9622.0,9622.0,TRAILING_DART,6378.543724798113,76542.52469757735,-63.89503552001068,0.0,85.0,42.5,0,3.0,제외,0.0,NEUTRAL,1.0,200일선상단,EPS스크래핑
440,440,2026-05-09,전진건설로봇,079900,KS,기계,67300.0,52121.75,1,,-461.5544260552474,0.6042791254722841,0,2004.201589921429,,2204.621748913572,TRAILING_DART,2004.201589921429,24050.41907905715,-64.26386466707706,0.0,85.0,42.5,0,3.0,제외,0.0,NEUTRAL,1.0,200일선상단,EPS스크래핑
441,441,2026-05-09,그린리소스,402490,KQ,반도체와반도체장비,22650.0,10416.15,1,,-210.57900172171549,0.5257098593962733,0,635.3949078432242,,698.9343986275467,TRAILING_DART,635.3949078432242,7624.738894118691,-66.33669362420004,0.0,85.0,42.5,0,3.0,제외,0.0,NEUTRAL,1.0,200일선상단,EPS스크래핑
442,442,2026-05-09,한화엔진,082740,KS,조선,79400.0,47394.75,1,,1278.3727364047954,0.8776618986540017,0,2082.1974541800364,,2290.41719959804,TRAILING_DART,2082.1974541800364,24986.369450160437,-68.53102084362665,0.0,85.0,42.5,0,3.0,제외,0.0,NEUTRAL,1.0,200일선상단 | MACD+,EPS스크래핑
443,443,2026-05-09,SK증권,001510,KS,증권,5130.0,2105.315,1,,111.7395225927866,0.5467120906488366,0,124.09624558602272,,68.25293492476736,TRAILING_DART,124.09624558602272,1489.1549470322725,-70.97163845940989,0.0,85.0,42.5,0,3.0,제외,0.0,NEUTRAL,1.0,200일선상단 | MACD+,EPS스크래핑
444,444,2026-05-09,LG이노텍,011070,KS,전자장비와기기,624000.0,257267.0,1,,11748.086286061458,0.6755895202463682,0,14419.252847422376,26048.0,26048.0,TRAILING_DART,14419.252847422376,173031.0341690685,-72.27066760111082,0.0,85.0,42.5,0,3.0,제외,0.0,NEUTRAL,1.0,200일선상단 | MACD+,EPS스크래핑
445,445,2026-05-09,하나마이크론,067310,KQ,반도체와반도체장비,42800.0,25628.9,1,,450.8328969541426,0.4380659600216242,0,986.6739431374708,,1085.341337451218,TRAILING_DART,986.6739431374708,11840.08731764965,-72.33624458493072,0.0,85.0,42.5,0,3.0,제외,0.0,NEUTRAL,1.0,200일선상단 | MACD+,EPS스크래핑
446,446,2026-05-09,티씨케이,064760,KQ,반도체와반도체장비,299000.0,176357.0,1,,-1501.250281444216,0.4131774338069074,0,6252.806457153039,8972.0,8972.0,TRAILING_DART,6252.806457153039,75033.67748583647,-74.90512458667678,0.0,85.0,42.5,0,3.0,제외,0.0,NEUTRAL,1.0,200일선상단,EPS스크래핑
447,447,2026-05-09,엠케이전자,033160,KQ,반도체와반도체장비,28500.0,11380.0,1,,-347.4927120275793,0.6831755254191155,0,588.177879271442,,646.9956671985861,TRAILING_DART,588.177879271442,7058.134551257303,-75.2346156096235,0.0,85.0,42.5,0,3.0,제외,0.0,NEUTRAL,1.0,200일선상단,EPS스크래핑
448,448,2026-05-09,HD현대에너지솔루션,322000,KS,에너지장비및서비스,197200.0,77981.5,1,,-101.5704214276011,0.3113542772088078,0,3721.132036517857,6027.0,6027.0,TRAILING_DART,3721.132036517857,44653.58443821428,-77.35619450394813,0.0,85.0,42.5,0,3.0,제외,0.0,NEUTRAL,1.0,200일선상단,EPS스크래핑
449,449,2026-05-09,삼화콘덴서,001820,KS,전기제품,66000.0,37797.5,1,,-266.3278027671927,0.4426102097253267,0,1212.931936026936,,1334.2251296296297,TRAILING_DART,1212.931936026936,14555.183232323232,-77.94669207223752,0.0,85.0,42.5,0,3.0,제외,0.0,NEUTRAL,1.0,200일선상단,EPS스크래핑
450,450,2026-05-09,샘씨엔에스,252990,KQ,반도체와반도체장비,13650.0,7881.225,1,,27.002436485968477,0.7247753989040877,0,250.1409859120103,,275.15508450321136,TRAILING_DART,250.1409859120103,3001.6918309441235,-78.00958365608702,0.0,85.0,42.5,0,3.0,제외,0.0,NEUTRAL,1.0,200일선상단 | MACD+,EPS스크래핑
451,451,2026-05-09,HPSP,403870,KQ,반도체와반도체장비,53900.0,35753.75,1,,533.4455222938427,0.4420396590345478,0,882.8945995868772,1271.0,1271.0,TRAILING_DART,882.8945995868772,10594.735195042527,-80.34371948971702,0.0,85.0,42.5,0,3.0,제외,0.0,NEUTRAL,1.0,200일선상단 | MACD+,EPS스크래핑
452,452,2026-05-09,파크시스템스,140860,KQ,전자장비와기기,305500.0,253767.5,1,,3840.690442535839,0.8683223155261748,0,4926.823154137937,7798.0,7798.0,TRAILING_DART,4926.823154137937,59121.87784965525,-80.64750315886899,0.0,85.0,42.5,0,3.0,제외,0.0,NEUTRAL,1.0,200일선상단 | MACD+,EPS스크래핑
453,453,2026-05-09,신세계,004170,KS,백화점과일반상점,428500.0,254027.0,1,,3525.93563063434,0.8062172031541965,0,6839.837304758903,26485.0,26485.0,TRAILING_DART,6839.837304758903,82078.04765710683,-80.84526309052349,0.0,85.0,42.5,0,3.0,제외,0.0,NEUTRAL,1.0,200일선상단 | MACD+,EPS스크래핑
454,454,2026-05-09,상아프론테크,089980,KQ,전자장비와기기,26550.0,19115.4,1,,-133.5634168598085,0.5883619422081124,0,422.4861748709444,,464.7347923580389,TRAILING_DART,422.4861748709444,5069.8340984513325,-80.90457966684997,0.0,85.0,42.5,0,3.0,제외,0.0,NEUTRAL,1.0,200일선상단,EPS스크래핑
455,455,2026-05-09,이수페타시스,007660,KS,전자장비와기기,141100.0,102994.75,1,,-425.8022987994318,0.6536751685449528,0,2186.136344768904,3578.0,3578.0,TRAILING_DART,2186.136344768904,26233.63613722685,-81.40777027836509,0.0,85.0,42.5,0,3.0,제외,0.0,NEUTRAL,1.0,200일선상단,EPS스크래핑
456,456,2026-05-09,HD현대일렉트릭,267260,KS,전기장비,1403000.0,793772.5,1,,24613.26823911321,0.9901192560212728,0,20301.646477729784,27050.0,27050.0,TRAILING_DART,20301.646477729784,243619.75773275743,-82.63579773822114,0.0,85.0,42.5,0,3.0,제외,0.0,NEUTRAL,1.0,200일선상단 | MACD+,EPS스크래핑
457,457,2026-05-09,RFHIC,218410,KQ,통신장비,99700.0,45565.25,1,,-568.3439297515288,0.8251152838363033,0,1337.1457800084825,1657.0,1657.0,TRAILING_DART,1337.1457800084825,16045.749360101789,-83.90596854553482,0.0,85.0,42.5,0,3.0,제외,0.0,NEUTRAL,1.0,200일선상단,EPS스크래핑
458,458,2026-05-09,LIG디펜스앤에어로스페이스,079550,KS,우주항공과국방,840000.0,564130.0,1,,-18935.25571029269,1.1269799243455003,0,10794.524381636364,17024.0,17024.0,TRAILING_DART,10794.524381636364,129534.29257963636,-84.57925088337662,0.0,85.0,42.5,0,3.0,제외,0.0,NEUTRAL,1.0,200일선상단,EPS스크래핑
459,459,2026-05-09,효성중공업,298040,KS,전기장비,4398000.0,2054365.0,1,,110513.37954719596,0.982354977685712,0,53926.22440948344,85605.0,85605.0,TRAILING_DART,53926.22440948344,647114.6929138013,-85.28615977913138,0.0,85.0,42.5,0,3.0,제외,0.0,NEUTRAL,1.0,200일선상단 | MACD+,EPS스크래핑
460,460,2026-05-09,POSCO홀딩스,005490,KS,철강,525000.0,330457.5,1,,11866.424321764498,0.7957929511404549,0,6365.393138701126,22435.0,22435.0,TRAILING_DART,6365.393138701126,76384.71766441352,-85.45052996868314,0.0,85.0,42.5,0,3.0,제외,0.0,NEUTRAL,1.0,200일선상단 | MACD+,EPS스크래핑
461,461,2026-05-09,에이치브이엠,295310,KQ,비철금속,89900.0,52965.0,1,,-234.17363893898204,0.9692528882363431,0,1048.5596299283022,,1153.4155929211329,TRAILING_DART,1048.5596299283022,12582.715559139626,-86.00365343810942,0.0,85.0,42.5,0,3.0,제외,0.0,NEUTRAL,1.0,200일선상단,EPS스크래핑
462,462,2026-05-09,동국제강,460860,KS,철강,14490.0,9422.95,1,,192.61607553133445,0.3973711277366438,0,165.93795865696467,562.0,562.0,TRAILING_DART,165.93795865696467,1991.255503883576,-86.25772599114164,0.0,85.0,42.5,0,3.0,제외,0.0,NEUTRAL,1.0,200일선상단 | MACD+,EPS스크래핑
463,463,2026-05-09,씨어스,458870,KQ,건강관리기술,41200.0,34932.00000976562,1,,-432.9967677433161,1.64325851962167,0,421.5892841884889,1141.0,1141.0,TRAILING_DART,421.5892841884889,5059.071410261867,-87.72070046052944,0.0,85.0,42.5,0,3.0,제외,0.0,NEUTRAL,1.0,200일선상단 | 거래량상승1.6x,EPS스크래핑
464,464,2026-05-09,HD건설기계,267270,KS,기계,185100.0,113423.5,1,,-705.3577838424335,0.7086620393816425,0,1814.20521373629,9801.0,9801.0,TRAILING_DART,1814.20521373629,21770.46256483548,-88.2385399433628,0.0,85.0,42.5,0,3.0,제외,0.0,NEUTRAL,1.0,200일선상단,EPS스크래핑
465,465,2026-05-09,대주전자재료,078600,KQ,전자장비와기기,149900.0,86252.0,1,,-1109.086300265315,0.4721074813141779,0,1345.9090121956128,1950.0,1950.0,TRAILING_DART,1345.9090121956128,16150.908146347354,-89.22554493239002,0.0,85.0,42.5,0,3.0,제외,0.0,NEUTRAL,1.0,200일선상단,EPS스크래핑
466,466,2026-05-09,두산,000150,KS,복합기업,1735000.0,878790.0,1,,25465.09912376228,0.9123410090255512,0,15407.777095419337,19872.0,19872.0,TRAILING_DART,15407.777095419337,184893.32514503202,-89.3433241991336,0.0,85.0,42.5,0,3.0,제외,0.0,NEUTRAL,1.0,200일선상단 | MACD+,EPS스크래핑
467,467,2026-05-09,한중엔시에스,107640,KQ,전기장비,62600.0,45804.75,1,,-351.87249505626005,0.2646637891320771,0,538.916831606057,,592.8085147666628,TRAILING_DART,538.916831606057,6467.001979272684,-89.66932591170497,0.0,85.0,42.5,0,3.0,제외,0.0,NEUTRAL,1.0,200일선상단,EPS스크래핑
468,468,2026-05-09,신세계인터내셔날,031430,KS,"섬유,의류,신발,호화품",14840.0,11450.95,1,,-12.7681639639095,0.9685310462614688,0,117.74988149545533,1074.0,1074.0,TRAILING_DART,117.74988149545533,1412.998577945464,-90.47844624025969,0.0,85.0,42.5,0,3.0,제외,0.0,NEUTRAL,1.0,200일선상단,EPS스크래핑
469,469,2026-05-09,대덕전자,353200,KS,전자장비와기기,123200.0,50009.15,1,,1398.580399513039,0.4123929941948243,0,963.3405496193864,3113.0,3113.0,TRAILING_DART,963.3405496193864,11560.086595432636,-90.61681282838259,0.0,85.0,42.5,0,3.0,제외,0.0,NEUTRAL,1.0,200일선상단 | MACD+,EPS스크래핑
470,470,2026-05-09,LS ELECTRIC,010120,KS,전기장비,313000.0,107693.5,1,,9924.519155208509,0.8980065133856476,0,1895.0448878133327,3040.0,3040.0,TRAILING_DART,1895.0448878133327,22740.53865375999,-92.73465218729713,0.0,85.0,42.5,0,3.0,제외,0.0,NEUTRAL,1.0,200일선상단 | MACD+,EPS스크래핑
471,471,2026-05-09,한미반도체,042700,KS,반도체와반도체장비,390000.0,170961.5,1,,8155.163138072097,0.6224873936956286,0,2245.3321653576354,,2469.865381893399,TRAILING_DART,2245.3321653576354,26943.985984291627,-93.09128564505342,0.0,85.0,42.5,0,3.0,제외,0.0,NEUTRAL,1.0,200일선상단 | MACD+,EPS스크래핑
472,472,2026-05-09,상신이디피,091580,KQ,전기제품,26500.0,14270.35,1,,-246.05634457644783,0.3326501386055425,0,150.92915865202994,,166.02207451723294,TRAILING_DART,150.92915865202994,1811.1499038243592,-93.16547206104016,0.0,85.0,42.5,0,3.0,제외,0.0,NEUTRAL,1.0,200일선상단,EPS스크래핑
473,473,2026-05-09,태웅,044490,KQ,에너지장비및서비스,52000.0,35582.0,1,,-31.93450857053631,0.5057622709318591,0,270.6256578509701,,297.6882236360671,TRAILING_DART,270.6256578509701,3247.5078942116406,-93.75479251113146,0.0,85.0,42.5,0,3.0,제외,0.0,NEUTRAL,1.0,200일선상단,EPS스크래핑
474,474,2026-05-09,후성,093370,KS,화학,13210.0,7691.225,1,,-127.2967811000135,0.1862910224710966,0,65.5276775429249,,72.08044529721741,TRAILING_DART,65.5276775429249,786.3321305150989,-94.04744791434445,0.0,85.0,42.5,0,3.0,제외,0.0,NEUTRAL,1.0,200일선상단,EPS스크래핑
475,475,2026-05-09,아주IB투자,027360,KQ,창업투자,15750.0,4430.43,1,,-133.9276062949707,0.3003136121447934,0,68.66347466778889,,75.52982213456778,TRAILING_DART,68.66347466778889,823.9616960134667,-94.76849716816847,0.0,85.0,42.5,0,3.0,제외,0.0,NEUTRAL,1.0,200일선상단,EPS스크래핑
476,476,2026-05-09,에코프로머티,450080,KS,전기제품,80100.0,60871.0,1,,-342.5890851654044,0.7101219538145932,0,341.6123018697297,,375.7735320567027,TRAILING_DART,341.6123018697297,4099.347622436757,-94.88221270607147,0.0,85.0,42.5,0,3.0,제외,0.0,NEUTRAL,1.0,200일선상단,EPS스크래핑
477,477,2026-05-09,케어젠,214370,KQ,건강관리업체및서비스,97200.0,79118.75,1,,86.3927630441097,0.5621596303671859,0,374.1701557293121,,411.58717130224335,TRAILING_DART,374.1701557293121,4490.041868751745,-95.38061536136652,0.0,85.0,42.5,0,3.0,제외,0.0,NEUTRAL,1.0,200일선상단 | MACD+,EPS스크래핑
478,478,2026-05-09,LS마린솔루션,060370,KQ,건설,46350.0,28603.5,1,,1359.979749140724,0.7330506418429175,0,159.96383638124988,251.0,251.0,TRAILING_DART,159.96383638124988,1919.5660365749986,-95.85854145291263,0.0,85.0,42.5,0,3.0,제외,0.0,NEUTRAL,1.0,200일선상단 | MACD+,EPS스크래핑
479,479,2026-05-09,나노신소재,121600,KQ,화학,80900.0,60191.75,1,,-665.6157166931462,0.4924578959263676,0,133.89192765881722,,147.28112042469897,TRAILING_DART,133.89192765881722,1606.7031319058067,-98.01396399022768,0.0,85.0,42.5,0,3.0,제외,0.0,NEUTRAL,1.0,200일선상단,EPS스크래핑
480,480,2026-05-09,포스코퓨처엠,003670,KS,화학,290000.0,193447.0,1,,4548.63390642979,0.7487612281429501,0,410.6064444784725,313.0,313.0,TRAILING_DART,410.6064444784725,4927.27733374167,-98.30093885043391,0.0,85.0,42.5,0,3.0,제외,0.0,NEUTRAL,1.0,200일선상단 | MACD+,EPS스크래핑
481,481,2026-05-09,현대제철,004020,KS,철강,42900.0,34277.75,1,,-15.027971639577116,0.8180287041814638,0,10.408811533462822,2060.0,2060.0,TRAILING_DART,10.408811533462822,124.90573840155386,-99.7088444326304,0.0,85.0,42.5,0,3.0,제외,0.0,NEUTRAL,1.0,200일선상단,EPS스크래핑
482,482,2026-05-09,이수스페셜티케미컬,457190,KS,화학,115000.0,70156.25,1,,-762.8882970817012,0.454402197368087,0,25.4649809562713,,28.01147905189844,TRAILING_DART,25.4649809562713,305.5797714752556,-99.73427845958673,0.0,85.0,42.5,0,3.0,제외,0.0,NEUTRAL,1.0,200일선상단,EPS스크래핑
483,483,2026-05-09,두산밥캣,241560,KS,기계,74900.0,59833.5,1,,-135.60829618052776,0.6212736610186446,0,2.951289519343403,5316.0,5316.0,TRAILING_DART,2.951289519343403,35.415474232120836,-99.95271632278757,0.0,85.0,42.5,0,3.0,제외,0.0,NEUTRAL,1.0,200일선상단,EPS스크래핑
484,484,2026-05-09,코스모신소재,005070,KS,화학,61900.0,48923.25,1,,-39.74367865270688,0.5679366216807994,0,-15.741605634466874,,-17.31576619791356,TRAILING_DART,-15.741605634466874,-188.8992676136025,-100.30516844525623,0.0,85.0,42.5,1,3.0,제외,0.0,NEUTRAL,1.0,200일선상단,EPS스크래핑
485,485,2026-05-09,LIG아큐버,073490,KQ,통신장비,51200.0,28300.6,1,,-267.10433127373653,0.453104747328417,0,-157.62488601163147,,-173.38737461279464,TRAILING_DART,-157.62488601163147,-1891.4986321395777,-103.69433326589761,0.0,85.0,42.5,1,3.0,제외,0.0,NEUTRAL,1.0,200일선상단,EPS스크래핑
486,486,2026-05-09,국일제지,078130,KQ,종이와목재,436.0,416.95821166992187,1,,-0.692690300594883,0.0,0,-1.6469018077341553,,-1.8115919885075709,TRAILING_DART,-1.6469018077341553,-19.762821692809865,-104.5327572689931,0.0,85.0,42.5,1,3.0,제외,0.0,NEUTRAL,1.0,200일선상단,EPS스크래핑
487,487,2026-05-09,비나텍,126340,KQ,전기장비,182200.0,78251.29607421876,1,,5748.361664824472,0.7389623734109665,0,-979.5357154056092,,-1077.48928694617,TRAILING_DART,-979.5357154056092,-11754.42858486731,-106.45138780728173,0.0,85.0,42.5,1,3.0,제외,0.0,NEUTRAL,1.0,200일선상단 | MACD+,EPS스크래핑
488,488,2026-05-09,애경케미칼,161000,KS,화학,15320.0,11099.05,1,,-264.7268020256115,0.4592728899834074,0,-101.38283422896176,,-111.52111765185794,TRAILING_DART,-101.38283422896176,-1216.594010747541,-107.94121416937037,0.0,85.0,42.5,1,3.0,제외,0.0,NEUTRAL,1.0,200일선상단,EPS스크래핑
489,489,2026-05-09,토모큐브,475960,KQ,생명과학도구및서비스,53900.0,46523.0,1,,201.8626575884831,1.9326490938355736,0,-359.40475947813667,,-395.3452354259504,TRAILING_DART,-359.40475947813667,-4312.85711373764,-108.00159019246315,0.0,85.0,42.5,1,3.0,제외,0.0,NEUTRAL,1.0,200일선상단 | 거래량상승1.9x | MACD+,EPS스크래핑
490,490,2026-05-09,인텍플러스,064290,KQ,반도체와반도체장비,30700.0,15764.1,1,,-114.81810846121608,0.5028662059589895,0,-258.0008163892275,,-283.8008980281503,TRAILING_DART,-258.0008163892275,-3096.00979667073,-110.08472246472549,0.0,85.0,42.5,1,3.0,제외,0.0,NEUTRAL,1.0,200일선상단,EPS스크래핑
491,491,2026-05-09,삼성SDI,006400,KS,전기제품,678000.0,324631.5,1,,3501.4490593048395,0.4888666253949895,0,-7257.821081948583,1135.0,1135.0,TRAILING_DART,-7257.821081948583,-87093.852983383,-112.84570102999749,0.0,85.0,42.5,1,3.0,제외,0.0,NEUTRAL,1.0,200일선상단 | MACD+,EPS스크래핑
492,492,2026-05-09,신흥에스이씨,243840,KQ,전기제품,10010.0,5801.0,1,,-98.54575872783198,0.4159166894423166,0,-150.7493897736761,,-165.82432875104374,TRAILING_DART,-150.7493897736761,-1808.9926772841134,-118.0718549179232,0.0,85.0,42.5,1,3.0,제외,0.0,NEUTRAL,1.0,200일선상단,EPS스크래핑
493,493,2026-05-09,TCC스틸,002710,KS,철강,18970.0,16492.25,1,,-25.36263463505861,0.4308988071338014,0,-289.9552255448745,,-318.950748099362,TRAILING_DART,-289.9552255448745,-3479.462706538494,-118.34192254369265,0.0,85.0,42.5,1,3.0,제외,0.0,NEUTRAL,1.0,200일선상단,EPS스크래핑
494,494,2026-05-09,에스티큐브,052020,KQ,판매업체,19070.0,9743.8,1,,-20.9198857285694,0.4870570099678036,0,-320.66229746070985,,-352.7285272067809,TRAILING_DART,-320.66229746070985,-3847.947569528518,-120.17801557172794,0.0,85.0,42.5,1,3.0,제외,0.0,NEUTRAL,1.0,200일선상단,EPS스크래핑
495,495,2026-05-09,큐리옥스바이오시스템즈,445680,KQ,생명과학도구및서비스,90600.0,82071.75,1,,773.1089121698406,0.6428309971362746,0,-1587.4902189174393,,-1746.2392408091837,TRAILING_DART,-1587.4902189174393,-19049.882627009272,-121.02636051546276,0.0,85.0,42.5,1,3.0,제외,0.0,NEUTRAL,1.0,200일선상단 | MACD+,EPS스크래핑
496,496,2026-05-09,제이오,418550,KQ,건설,11680.0,8451.8,1,,-104.16841446543708,0.292235835535994,0,-232.49689245061623,,-255.74658169567783,TRAILING_DART,-232.49689245061623,-2789.962709407395,-123.88666703259756,0.0,85.0,42.5,1,3.0,제외,0.0,NEUTRAL,1.0,200일선상단,EPS스크래핑
497,497,2026-05-09,링크솔루션,474650,KQ,기계,59800.0,44641.45,1,,-20.792390260953766,2.014023129194277,0,-1216.6586586872531,,-1338.3245245559783,TRAILING_DART,-1216.6586586872531,-14599.903904247038,-124.41455502382448,0.0,85.0,42.5,1,3.0,제외,0.0,NEUTRAL,1.0,200일선상단 | 거래량상승2.0x,EPS스크래핑
498,498,2026-05-09,아이씨티케이,456010,KQ,통신장비,22800.0,15538.65,1,,-199.5229742153292,0.1836082908816898,0,-480.5109405551231,,-528.5620346106355,TRAILING_DART,-480.5109405551231,-5766.131286661477,-125.29004950290121,0.0,85.0,42.5,1,3.0,제외,0.0,NEUTRAL,1.0,200일선상단,EPS스크래핑
499,499,2026-05-09,강원에너지,114190,KQ,전자장비와기기,15150.0,13956.3,1,,-9.676928106874584,0.4338407357360487,0,-324.1277985738106,,-356.5405784311917,TRAILING_DART,-324.1277985738106,-3889.533582885727,-125.67348899594539,0.0,85.0,42.5,1,3.0,제외,0.0,NEUTRAL,1.0,200일선상단,EPS스크래핑
500,500,2026-05-09,삼아알미늄,006110,KS,비철금속,72900.0,29597.35,1,,-189.472789539258,0.4698036999512822,1,-1645.694032415212,,-1810.2634356567328,TRAILING_DART,-1645.694032415212,-19748.328388982543,-127.089613702308,0.0,85.0,42.5,1,3.0,제외,0.0,NEUTRAL,1.0,200일선상단 | 20일돌파,EPS스크래핑
501,501,2026-05-09,OCI홀딩스,010060,KS,화학,318500.0,135997.0,1,,-3607.18792800454,0.4045708828947308,0,-7833.207428809669,13027.0,13027.0,TRAILING_DART,-7833.207428809669,-93998.48914571603,-129.5128694335058,0.0,85.0,42.5,1,3.0,제외,0.0,NEUTRAL,1.0,200일선상단,EPS스크래핑
502,502,2026-05-09,서진시스템,178320,KQ,전기장비,66100.0,31090.8,1,,1321.524057765313,0.4348514715290285,0,-1728.8987235389534,,-1901.788595892849,TRAILING_DART,-1728.8987235389534,-20746.78468246744,-131.38696623671322,0.0,85.0,42.5,1,3.0,제외,0.0,NEUTRAL,1.0,200일선상단 | MACD+,EPS스크래핑
503,503,2026-05-09,컨텍,451760,KQ,우주항공과국방,22850.0,13047.45,1,,-34.12135815529564,0.5845041360004654,0,-655.1799222299069,,-720.6979144528976,TRAILING_DART,-655.1799222299069,-7862.159066758883,-134.40769832279597,0.0,85.0,42.5,1,3.0,제외,0.0,NEUTRAL,1.0,200일선상단,EPS스크래핑
504,504,2026-05-09,빛과전자,069540,KQ,통신장비,5200.0,1538.23,1,,-157.69801230618418,0.2527016076720614,0,-200.7228771653937,,-220.7951648819331,TRAILING_DART,-200.7228771653937,-2408.6745259847244,-146.3206639612447,0.0,85.0,42.5,1,3.0,제외,0.0,NEUTRAL,1.0,200일선상단,EPS스크래핑
505,505,2026-05-09,롯데에너지머티리얼즈,020150,KS,전자장비와기기,71400.0,35357.75,1,,1050.7364337012978,0.5516917641758075,0,-3191.990340828267,-818.0,-818.0,TRAILING_DART,-3191.990340828267,-38303.88408993921,-153.64689648450872,0.0,85.0,42.5,1,3.0,제외,0.0,NEUTRAL,1.0,200일선상단 | MACD+,EPS스크래핑
506,506,2026-05-09,OCI,456040,KS,화학,134300.0,71449.5,1,,717.267913068752,0.2554912625799042,0,-7649.69452649792,,-8414.663979147714,TRAILING_DART,-7649.69452649792,-91796.33431797504,-168.35170090690622,0.0,85.0,42.5,1,3.0,제외,0.0,NEUTRAL,1.0,200일선상단 | MACD+,EPS스크래핑
507,507,2026-05-09,엘앤에프,066970,KS,전기제품,195800.0,113469.5,1,,-1202.6051616877303,0.900581161394601,0,-13246.394061626868,-71.0,-71.0,TRAILING_DART,-13246.394061626868,-158956.72873952243,-181.18321181793792,0.0,85.0,42.5,1,3.0,제외,0.0,NEUTRAL,1.0,200일선상단,EPS스크래핑
508,508,2026-05-09,대우건설,047040,KS,건설,32850.0,8192.6,1,,-527.4659899953222,0.1723025131439079,0,-2229.4049795492,698.0,698.0,TRAILING_DART,-2229.4049795492,-26752.8597545904,-181.43945130773332,0.0,85.0,42.5,1,3.0,제외,0.0,NEUTRAL,1.0,200일선상단,EPS스크래핑
509,509,2026-05-09,성일하이텍,365340,KQ,전기제품,77000.0,49028.5,1,,-690.4933351608142,0.5423043136205087,0,-6563.038083629675,-318.0,-318.0,TRAILING_DART,-6563.038083629675,-78756.4570035561,-202.28111299163132,0.0,85.0,42.5,1,3.0,제외,0.0,NEUTRAL,1.0,200일선상단,EPS스크래핑
510,510,2026-05-09,SGC에너지,005090,KS,에너지장비및서비스,61800.0,32217.25,1,,-22.74364920736639,0.7319795234076386,0,-6579.734319694048,1254.0,1254.0,TRAILING_DART,-6579.734319694048,-78956.81183632858,-227.76183145036987,0.0,85.0,42.5,1,3.0,제외,0.0,NEUTRAL,1.0,200일선상단,EPS스크래핑
511,511,2026-05-09,솔루스첨단소재,336370,KS,전자장비와기기,12940.0,8835.4,1,,-194.90505467727732,0.2923299019409902,0,-1970.9441760571287,-176.0,-176.0,TRAILING_DART,-1970.9441760571287,-23651.330112685544,-282.7768942247724,0.0,85.0,42.5,1,3.0,제외,0.0,NEUTRAL,1.0,200일선상단,EPS스크래핑
512,512,2026-05-09,LB세미콘,061970,KQ,반도체와반도체장비,5490.0,4504.05,1,,-15.321932276949724,0.6895202382369992,0,-2597.5847121789807,,-2857.343183396879,TRAILING_DART,-2597.5847121789807,-31171.016546147766,-667.7780791648045,0.0,85.0,42.5,1,3.0,제외,0.0,NEUTRAL,1.0,200일선상단,EPS스크래핑
513,513,2026-05-09,DL,000210,KS,화학,64000.0,45295.75,1,,-861.3009596605934,1.1114086147413886,0,-96298295176.0,,-5054.815377561739,TRAILING_DART,-96298295176.0,-1155579542112.0,-1805593134.55,0.0,85.0,42.5,1,3.0,제외,0.0,NEUTRAL,1.0,200일선상단,EPS스크래핑
514,514,2026-05-09,대한조선,439260,KS,조선,82600.0,,0,,-979.7240188139548,0.6837762213400179,0,6457.269960176826,7809.0,7809.0,TRAILING_DART,6457.269960176826,77487.23952212192,-6.189782660869348,34.52554334782663,50.0,42.26277167391331,0,3.0,제외,0.0,NEUTRAL,1.0,추천사유미확인,EPS스크래핑
515,515,2026-05-09,동국제약,086450,KQ,제약,23100.0,19321.6,1,,-503.30893800455,0.2773629893124022,0,1634.5809739551391,1786.0,1786.0,TRAILING_DART,1634.5809739551391,19614.97168746167,-15.086702651681072,12.283243370797322,70.0,41.14162168539866,0,3.0,제외,0.0,NEUTRAL,1.0,200일선상단,EPS스크래핑
516,516,2026-05-09,미원상사,002840,KS,화학,144600.0,148958.5,0,,239.08252013632045,0.7021331561854148,0,9162.47011136842,,10078.717122505264,TRAILING_DART,9162.47011136842,109949.64133642105,-23.9629036400961,0.0,80.0,40.0,0,3.0,제외,0.0,NEUTRAL,1.0,MACD+,EPS스크래핑
517,517,2026-05-09,한텍,098070,KQ,에너지장비및서비스,43850.0,39953.75,1,,-209.30370374670176,0.4624241138089305,0,2766.720677581554,,3043.3927453397096,TRAILING_DART,2766.720677581554,33200.64813097865,-24.28586515170206,0.0,80.0,40.0,0,3.0,제외,0.0,NEUTRAL,1.0,200일선상단,EPS스크래핑
518,518,2026-05-09,이엔에프테크놀로지,102710,KQ,반도체와반도체장비,55900.0,49253.25,1,,-164.6780111714147,0.9495051179167384,0,3520.911929560222,,3873.003122516244,TRAILING_DART,3520.911929560222,42250.94315472266,-24.416917433412056,0.0,80.0,40.0,0,3.0,제외,0.0,NEUTRAL,1.0,200일선상단,EPS스크래핑
519,519,2026-05-09,국도화학,007690,KS,화학,38750.0,36140.0,1,,-402.51157786548856,0.873037142335582,0,2364.6661338851627,,2601.13274727368,TRAILING_DART,2364.6661338851627,28375.993606621952,-26.77162940226593,0.0,80.0,40.0,0,3.0,제외,0.0,NEUTRAL,1.0,200일선상단,EPS스크래핑
520,520,2026-05-09,크래프톤,259960,KS,게임엔터테인먼트,273000.0,274587.5,0,,480.7086413543475,0.8352814534683207,0,15476.264619080754,21054.0,21054.0,TRAILING_DART,15476.264619080754,185715.17542896903,-31.972463212831858,0.0,80.0,40.0,0,3.0,제외,0.0,NEUTRAL,1.0,MACD+,EPS스크래핑
521,521,2026-05-09,세진중공업,075580,KS,조선,19140.0,18168.5,1,,-122.28652166378583,0.9865015513844252,0,1052.6832157021872,,1157.951537272406,TRAILING_DART,1052.6832157021872,12632.198588426247,-34.0010523070729,0.0,80.0,40.0,0,3.0,제외,0.0,NEUTRAL,1.0,200일선상단,EPS스크래핑
522,522,2026-05-09,HD현대마린엔진,071970,KS,조선,94800.0,84316.25,1,,-704.4649576929014,0.7273106089180578,0,4867.168798279675,4170.0,4170.0,TRAILING_DART,4867.168798279675,58406.025579356094,-38.39026837620665,0.0,80.0,40.0,0,3.0,제외,0.0,NEUTRAL,1.0,200일선상단,EPS스크래핑
523,523,2026-05-09,포스코인터내셔널,047050,KS,무역회사와판매업체,78000.0,59451.25,1,,-159.4930390794293,0.9338130515547304,0,3619.7835041131793,4563.0,4563.0,TRAILING_DART,3619.7835041131793,43437.40204935815,-44.3110230136434,0.0,80.0,40.0,0,3.0,제외,0.0,NEUTRAL,1.0,200일선상단,EPS스크래핑
524,524,2026-05-09,한솔케미칼,014680,KS,화학,286000.0,235073.5,1,,-3.375321807139698,0.9520600705486878,0,13028.345038761428,15688.0,15688.0,TRAILING_DART,13028.345038761428,156340.14046513714,-45.33561522198002,0.0,80.0,40.0,0,3.0,제외,0.0,NEUTRAL,1.0,200일선상단,EPS스크래핑
525,525,2026-05-09,미래나노텍,095500,KQ,디스플레이장비및부품,10670.0,10792.3,0,,26.075551223777097,0.4869771638960025,0,438.54349850188646,,482.39784835207513,TRAILING_DART,438.54349850188646,5262.5219820226375,-50.67926914692935,0.0,80.0,40.0,0,3.0,제외,0.0,NEUTRAL,1.0,MACD+,EPS스크래핑
526,526,2026-05-09,한국가스공사,036460,KS,가스유틸리티,38000.0,40059.25,0,,106.99473197875926,0.7235374304384454,0,1432.636790051239,8295.0,8295.0,TRAILING_DART,1432.636790051239,17191.641480614868,-54.758838208908244,0.0,80.0,40.0,0,3.0,제외,0.0,NEUTRAL,1.0,MACD+,EPS스크래핑
527,527,2026-05-09,GS건설,006360,KS,건설,37350.0,22129.7,1,,-928.0259435451636,0.3993500570095282,0,1091.6262383372853,3140.0,3140.0,TRAILING_DART,1091.6262383372853,13099.514860047424,-64.92767105743663,0.0,80.0,40.0,0,3.0,제외,0.0,NEUTRAL,1.0,200일선상단,EPS스크래핑
528,528,2026-05-09,아이쓰리시스템,214430,KQ,우주항공과국방,93500.0,91879.5,1,,-1083.8127750690785,1.1004494048782425,0,2570.517072509841,,2827.568779760825,TRAILING_DART,2570.517072509841,30846.20487011809,-67.00940655602344,0.0,80.0,40.0,0,3.0,제외,0.0,NEUTRAL,1.0,200일선상단,EPS스크래핑
529,529,2026-05-09,퍼스텍,010820,KS,우주항공과국방,12990.0,5766.45,1,,-358.10946234946096,0.1260845454008922,0,301.9529084122103,,332.14819925343136,TRAILING_DART,301.9529084122103,3623.434900946524,-72.10596689032698,0.0,80.0,40.0,0,3.0,제외,0.0,NEUTRAL,1.0,200일선상단,EPS스크래핑
530,530,2026-05-09,비에이치아이,083650,KQ,에너지장비및서비스,94700.0,63577.5,1,,-240.75972643272397,1.6219594001435138,0,2106.8902526226493,,2317.5792778849145,TRAILING_DART,2106.8902526226493,25282.68303147179,-73.30234104385238,0.0,80.0,40.0,0,3.0,제외,0.0,NEUTRAL,1.0,200일선상단 | 거래량상승1.6x,EPS스크래핑
531,531,2026-05-09,HJ중공업,097230,KS,건설,26650.0,22860.1,1,,-439.6383021480606,0.5527797243913534,0,569.7303728085914,,626.7034100894506,TRAILING_DART,569.7303728085914,6836.764473703097,-74.34609953582327,0.0,80.0,40.0,0,3.0,제외,0.0,NEUTRAL,1.0,200일선상단,EPS스크래핑
532,532,2026-05-09,효성티앤씨,298020,KS,"섬유,의류,신발,호화품",488500.0,294360.0,1,,-8338.877500725423,0.5145347946814365,0,8825.910448595807,37914.0,37914.0,TRAILING_DART,8825.910448595807,105910.92538314968,-78.31915549986701,0.0,80.0,40.0,0,3.0,제외,0.0,NEUTRAL,1.0,200일선상단,EPS스크래핑
533,533,2026-05-09,리노공업,058470,KQ,반도체와반도체장비,112600.0,73234.75,1,,-724.1264856984735,0.7696413861658303,0,1993.9244409629207,2413.0,2413.0,TRAILING_DART,1993.9244409629207,23927.093291555047,-78.75036119755325,0.0,80.0,40.0,0,3.0,제외,0.0,NEUTRAL,1.0,200일선상단,EPS스크래핑
534,534,2026-05-09,덕양에너젠,0001A0,KQ,석유와가스,20100.0,,0,,490.387005575246,0.7879077142980887,0,,,276.1,FORWARD_AUTO,276.1,3313.2000000000003,-83.51641791044776,0.0,80.0,40.0,0,3.0,제외,0.0,NEUTRAL,1.0,MACD+,EPS스크래핑
535,535,2026-05-09,S-Oil,010950,KS,석유와가스,116800.0,86322.25,1,,-375.1703638810336,0.6926045405746201,0,1571.749970457297,10828.0,10828.0,TRAILING_DART,1571.749970457297,18860.999645487565,-83.85188386516475,0.0,80.0,40.0,0,3.0,제외,0.0,NEUTRAL,1.0,200일선상단,EPS스크래핑
536,536,2026-05-09,한화비전,489790,KS,통신장비,80000.0,59558.75,1,,-196.36846218699972,0.7991794185795398,0,844.1495923122128,3417.0,3417.0,TRAILING_DART,844.1495923122128,10129.795107746553,-87.33775611531681,0.0,80.0,40.0,0,3.0,제외,0.0,NEUTRAL,1.0,200일선상단,EPS스크래핑
537,537,2026-05-09,이오테크닉스,039030,KQ,반도체와반도체장비,478500.0,307364.0,1,,-4576.800896932546,0.8988092396527139,0,4672.636037030574,9034.0,9034.0,TRAILING_DART,4672.636037030574,56071.632444366885,-88.28179050274464,0.0,80.0,40.0,0,3.0,제외,0.0,NEUTRAL,1.0,200일선상단,EPS스크래핑
538,538,2026-05-09,쎄트렉아이,099320,KQ,우주항공과국방,175200.0,103367.25,1,,-513.1806266795479,0.766254151751852,0,1286.2228875022622,1756.0,1756.0,TRAILING_DART,1286.2228875022622,15434.674650027147,-91.19025419518998,0.0,80.0,40.0,0,3.0,제외,0.0,NEUTRAL,1.0,200일선상단,EPS스크래핑
539,539,2026-05-09,재영솔루텍,049630,KQ,핸드셋,13090.0,11400.25,1,,95.22240206993888,1.2387914852156938,0,72.31973677637069,,79.55171045400776,TRAILING_DART,72.31973677637069,867.8368413164483,-93.37023039483233,0.0,80.0,40.0,0,3.0,제외,0.0,NEUTRAL,1.0,200일선상단 | MACD+,EPS스크래핑
540,540,2026-05-09,레이크머티리얼즈,281740,KQ,화학,22150.0,16634.1,1,,-172.43838616428752,0.7462035815711667,0,118.71230515224065,,130.58353566746473,TRAILING_DART,118.71230515224065,1424.5476618268876,-93.56863358091698,0.0,80.0,40.0,0,3.0,제외,0.0,NEUTRAL,1.0,200일선상단,EPS스크래핑
541,541,2026-05-09,에이디테크놀로지,200710,KQ,반도체와반도체장비,51400.0,33493.25,1,,-754.3248283822631,0.6043460268529046,0,265.81155907882084,,292.39271498670297,TRAILING_DART,265.81155907882084,3189.73870894585,-93.79428266742053,0.0,80.0,40.0,0,3.0,제외,0.0,NEUTRAL,1.0,200일선상단,EPS스크래핑
542,542,2026-05-09,에코아이,448280,KQ,상업서비스와공급품,11720.0,12104.15,0,,69.60147659431968,0.8943466727716853,0,60.23443203935969,,66.25787524329566,TRAILING_DART,60.23443203935969,722.8131844723163,-93.83265200962188,0.0,80.0,40.0,0,3.0,제외,0.0,NEUTRAL,1.0,MACD+,EPS스크래핑
543,543,2026-05-09,큐렉소,060280,KQ,건강관리장비와용품,15810.0,12657.1,1,,-48.82936130403101,0.9596763877409472,0,67.17165906564236,,73.8888249722066,TRAILING_DART,67.17165906564236,806.0599087877083,-94.90158185460021,0.0,80.0,40.0,0,3.0,제외,0.0,NEUTRAL,1.0,200일선상단,EPS스크래핑
544,544,2026-05-09,오르비텍,046120,KQ,에너지장비및서비스,11000.0,5596.925,1,,-131.5462806966949,0.3257671677562595,0,24.091722690394988,,26.50089495943449,TRAILING_DART,24.091722690394988,289.10067228473986,-97.37181207013873,0.0,80.0,40.0,0,3.0,제외,0.0,NEUTRAL,1.0,200일선상단,EPS스크래핑
545,545,2026-05-09,하이젠알앤엠,160190,KQ,기계,41450.0,49510.5,0,,519.1104697772638,1.50715901038966,0,-229.9128583268584,,-252.90414415954424,TRAILING_DART,-229.9128583268584,-2758.954299922301,-106.656102050476,0.0,80.0,40.0,1,3.0,제외,0.0,NEUTRAL,1.0,거래량상승1.5x | MACD+,EPS스크래핑
546,546,2026-05-09,지투지바이오,456160,KQ,제약,77400.0,,0,,558.871551758425,1.0913417066855264,0,-730.5622296862824,,-803.6184526549107,TRAILING_DART,-730.5622296862824,-8766.746756235389,-111.32654619668654,0.0,80.0,40.0,1,3.0,제외,0.0,NEUTRAL,1.0,MACD+,EPS스크래핑
547,547,2026-05-09,HLB이노베이션,024850,KQ,반도체와반도체장비,20900.0,12757.975,1,,-278.2721958347892,2.85668806969538,0,-213.83190144529908,,-235.215091589829,TRAILING_DART,-213.83190144529908,-2565.982817343589,-112.27742974805545,0.0,80.0,40.0,1,3.0,제외,0.0,NEUTRAL,1.0,200일선상단 | 거래량상승2.9x,EPS스크래핑
548,548,2026-05-09,제이에스링크,127120,KQ,생명과학도구및서비스,43400.0,24934.15,1,,-452.1481261303745,2.2623881611234853,0,-476.6943354093664,,-524.3637689503031,TRAILING_DART,-476.6943354093664,-5720.332024912396,-113.18048853666451,0.0,80.0,40.0,1,3.0,제외,0.0,NEUTRAL,1.0,200일선상단 | 거래량상승2.3x,EPS스크래핑
549,549,2026-05-09,알멕,354320,KQ,자동차부품,82800.0,38079.45,1,,-2096.473156821561,0.7976349365986879,0,-958.65933794277,,-1054.525271737047,TRAILING_DART,-958.65933794277,-11503.91205531324,-113.89361359337346,0.0,80.0,40.0,1,3.0,제외,0.0,NEUTRAL,1.0,200일선상단,EPS스크래핑
550,550,2026-05-09,코미팜,041960,KQ,제약,9350.0,7108.65,1,,-62.13305599662198,0.3980490703773963,0,-108.65071266406667,,-119.51578393047336,TRAILING_DART,-108.65071266406667,-1303.8085519688002,-113.94447649164492,0.0,80.0,40.0,1,3.0,제외,0.0,NEUTRAL,1.0,200일선상단,EPS스크래핑
551,551,2026-05-09,메지온,140410,KQ,식품,82500.0,80822.5,1,,36.729726033853694,1.338024921698478,0,-1149.2718623848043,,-1264.1990486232849,TRAILING_DART,-1149.2718623848043,-13791.262348617653,-116.71668163468807,0.0,80.0,40.0,1,3.0,제외,0.0,NEUTRAL,1.0,200일선상단 | MACD+,EPS스크래핑
552,552,2026-05-09,쓰리빌리언,394800,KQ,건강관리기술,11620.0,11363.85,1,,-40.58394224400696,1.1547844560888156,0,-170.3731293533084,,-187.41044228863925,TRAILING_DART,-170.3731293533084,-2044.4775522397008,-117.59447118967041,0.0,80.0,40.0,1,3.0,제외,0.0,NEUTRAL,1.0,200일선상단,EPS스크래핑
553,553,2026-05-09,에프에스티,036810,KQ,반도체와반도체장비,42200.0,33069.5272265625,1,,-245.5539660293084,0.5238826516382705,0,-668.1659410264162,,-734.982535129058,TRAILING_DART,-668.1659410264162,-8017.991292316995,-118.99997936568008,0.0,80.0,40.0,1,3.0,제외,0.0,NEUTRAL,1.0,200일선상단,EPS스크래핑
554,554,2026-05-09,DI동일,001530,KS,"섬유,의류,신발,호화품",27450.0,25376.621323242187,1,,-236.96788912265535,0.7107505021347419,0,-505.2692008020566,,-555.7961208822624,TRAILING_DART,-505.2692008020566,-6063.230409624679,-122.08827107331395,0.0,80.0,40.0,1,3.0,제외,0.0,NEUTRAL,1.0,200일선상단,EPS스크래핑
555,555,2026-05-09,LG생활건강,051900,KS,화장품,275500.0,277105.0,0,,2841.559909877439,0.8654097785804148,0,-5605.568608875215,7409.0,7409.0,TRAILING_DART,-5605.568608875215,-67266.82330650259,-124.41626980272326,0.0,80.0,40.0,1,3.0,제외,0.0,NEUTRAL,1.0,MACD+,EPS스크래핑
556,556,2026-05-09,노타,486990,KQ,IT서비스,33600.0,,0,,142.63812867725505,2.723966515903452,0,-779.0428839659274,,-856.9471723625203,TRAILING_DART,-779.0428839659274,-9348.514607591129,-127.82296014164025,0.0,80.0,40.0,1,3.0,제외,0.0,NEUTRAL,1.0,거래량상승2.7x | MACD+,EPS스크래핑
557,557,2026-05-09,오름테라퓨틱,475830,KQ,제약,82500.0,71546.5,1,,1033.3438259000982,1.0033049841556774,0,-1976.6599729243576,,-2174.3259702167934,TRAILING_DART,-1976.6599729243576,-23719.919675092293,-128.75141778799068,0.0,80.0,40.0,1,3.0,제외,0.0,NEUTRAL,1.0,200일선상단 | MACD+,EPS스크래핑
558,558,2026-05-09,세미파이브,490470,KQ,반도체와반도체장비,41200.0,,0,,335.3556956630414,0.3233146915958269,0,-1660.43124528926,,-1826.4743698181865,TRAILING_DART,-1660.43124528926,-19925.17494347112,-148.36207510551242,0.0,80.0,40.0,1,3.0,제외,0.0,NEUTRAL,1.0,MACD+,EPS스크래핑
559,559,2026-05-09,루닛,328130,KQ,건강관리기술,19770.0,20150.725,0,,234.0519743024772,0.8492063473723883,0,-1618.2511744949595,,-1780.0762919444555,TRAILING_DART,-1618.2511744949595,-19419.014093939513,-198.22465399058933,0.0,80.0,40.0,1,3.0,제외,0.0,NEUTRAL,1.0,MACD+,EPS스크래핑
560,560,2026-05-09,동화기업,025900,KQ,건축자재,11340.0,9738.05,1,,-101.5663637151772,0.7053797234115966,0,-1105.4299272004023,,-1215.9729199204426,TRAILING_DART,-1105.4299272004023,-13265.159126404827,-216.97671187305846,0.0,80.0,40.0,1,3.0,제외,0.0,NEUTRAL,1.0,200일선상단,EPS스크래핑
561,561,2026-05-09,SK아이이테크놀로지,361610,KS,전기제품,26400.0,27119.5,0,,9.80144423681952,0.7198594992940528,0,-2584.9789025408654,-2306.0,-2306.0,TRAILING_DART,-2584.9789025408654,-31019.746830490385,-217.4990410245848,0.0,80.0,40.0,1,3.0,제외,0.0,NEUTRAL,1.0,MACD+,EPS스크래핑
562,562,2026-05-09,롯데지주,004990,KS,복합기업,29250.0,29610.25,0,,148.09541011911335,1.139024449554919,0,-5970.105804369684,,-6567.116384806653,TRAILING_DART,-5970.105804369684,-71641.26965243621,-344.9274176151665,0.0,80.0,40.0,1,3.0,제외,0.0,NEUTRAL,1.0,MACD+,EPS스크래핑
563,563,2026-05-09,더블유씨피,393890,KQ,전기제품,16600.0,9296.2,1,,-309.8962182820926,0.925194672997272,0,-4788.733741079139,-1881.0,-1881.0,TRAILING_DART,-4788.733741079139,-57464.804892949665,-446.173523451504,0.0,80.0,40.0,1,3.0,제외,0.0,NEUTRAL,1.0,200일선상단,EPS스크래핑
564,564,2026-05-09,제주항공,089590,KS,항공사,5420.0,5866.375,0,,4.966643066973736,1.2708453185626811,0,-116400560741.0,-182.0,-182.0,TRAILING_DART,-116400560741.0,-1396806728892.0,-25771341961.476017,0.0,80.0,40.0,1,3.0,제외,0.0,NEUTRAL,1.0,MACD+,EPS스크래핑
565,565,2026-05-09,동원시스템즈,014820,KS,포장재,26750.0,27617.0,0,,-60.613259647942414,1.286407485228051,0,1853.1409104985423,,2038.4550015483967,TRAILING_DART,1853.1409104985423,22237.690925982508,-16.868445136513987,7.828887158715034,70.0,38.91444357935752,0,3.0,제외,0.0,NEUTRAL,1.0,추천사유미확인,EPS스크래핑
566,566,2026-05-09,JYP Ent.,035900,KQ,방송과엔터테인먼트,59900.0,70450.5,0,,-162.4070497535164,0.6278898995641463,0,4518.778927185856,3685.0,3685.0,TRAILING_DART,4518.778927185856,54225.34712623028,-9.473544029665648,26.31613992583588,50.0,38.15806996291794,0,3.0,제외,0.0,NEUTRAL,1.0,추천사유미확인,EPS스크래핑
567,567,2026-05-09,부국증권,001270,KS,증권,74700.0,67570.0,1,,159.56236125726036,0.808303659368134,0,4401.29596506654,,4841.4255615731945,TRAILING_DART,4401.29596506654,52815.55158079848,-29.29645036037687,0.0,75.0,37.5,0,3.0,제외,0.0,NEUTRAL,1.0,200일선상단 | MACD+,EPS스크래핑
568,568,2026-05-09,삼성에스디에스,018260,KS,IT서비스,175400.0,167183.5,1,,-52.2428117049476,0.6912132574742855,0,10114.90659483728,10437.0,10437.0,TRAILING_DART,10114.90659483728,121378.87913804737,-30.798814630531712,0.0,75.0,37.5,0,3.0,제외,0.0,NEUTRAL,1.0,200일선상단,EPS스크래핑
569,569,2026-05-09,한전KPS,051600,KS,전기유틸리티,58900.0,54271.25,1,,-305.1562128263324,0.999934807953834,0,2761.145848377778,3456.0,3456.0,TRAILING_DART,2761.145848377778,33133.75018053333,-43.745755211318624,0.0,75.0,37.5,0,3.0,제외,0.0,NEUTRAL,1.0,200일선상단,EPS스크래핑
570,570,2026-05-09,대한제강,084010,KS,철강,11690.0,10556.051791992188,1,,-16.976862380575028,0.6970651559240498,0,402.9178071626351,718.0,718.0,TRAILING_DART,402.9178071626351,4835.013685951621,-58.63974605687237,0.0,75.0,37.5,0,3.0,제외,0.0,NEUTRAL,1.0,200일선상단,EPS스크래핑
571,571,2026-05-09,아모레퍼시픽,090430,KS,화장품,129400.0,129190.5,1,,-734.4391226481018,0.9389200598473972,0,4228.1518939805865,5086.0,5086.0,TRAILING_DART,4228.1518939805865,50737.82272776704,-60.789936068186215,0.0,75.0,37.5,0,3.0,제외,0.0,NEUTRAL,1.0,200일선상단,EPS스크래핑
572,572,2026-05-09,성호전자,043260,KQ,전기제품,43750.0,15031.37,1,,-1007.5728408194622,1.3783594324621735,0,1283.6949236919122,,1412.0644160611037,TRAILING_DART,1283.6949236919122,15404.339084302947,-64.79008209302184,0.0,75.0,37.5,0,3.0,제외,0.0,NEUTRAL,1.0,200일선상단,EPS스크래핑
573,573,2026-05-09,에코프로에이치엔,383310,KQ,상업서비스와공급품,31400.0,28179.75,1,,-43.85979170043316,0.6343441959567371,0,630.3224054313978,,693.3546459745376,TRAILING_DART,630.3224054313978,7563.868865176773,-75.91124565230328,0.0,75.0,37.5,0,3.0,제외,0.0,NEUTRAL,1.0,200일선상단,EPS스크래핑
574,574,2026-05-09,미래에셋벤처투자,100790,KQ,창업투자,57500.0,16279.25,1,,-424.5021699188319,0.3228509874095563,0,582.2234962597578,,640.4458458857337,TRAILING_DART,582.2234962597578,6986.681955117094,-87.8492487737094,0.0,75.0,37.5,0,3.0,제외,0.0,NEUTRAL,1.0,200일선상단,EPS스크래핑
575,575,2026-05-09,삼천당제약,000250,KQ,제약,404000.0,356346.5,1,,4399.941437282163,0.4949281463858451,0,512.8364480622635,,564.1200928684899,TRAILING_DART,512.8364480622635,6154.037376747161,-98.47672342159723,0.0,75.0,37.5,0,3.0,제외,0.0,NEUTRAL,1.0,200일선상단 | MACD+,EPS스크래핑
576,576,2026-05-09,보로노이,310210,KQ,제약,284500.0,213525.0,1,,-2202.1003308163167,0.7049326914832371,0,-2320.7225704510624,,-2552.794827496169,TRAILING_DART,-2320.7225704510624,-27848.67084541275,-109.78863650102382,0.0,75.0,37.5,1,3.0,제외,0.0,NEUTRAL,1.0,200일선상단,EPS스크래핑
577,577,2026-05-09,신성이엔지,011930,KS,반도체와반도체장비,3995.0,2071.13,1,,-55.62900888624546,0.0,0,-39.80866134668366,,-43.789527481352025,TRAILING_DART,-39.80866134668366,-477.70393616020385,-111.95754533567468,0.0,75.0,37.5,1,3.0,제외,0.0,NEUTRAL,1.0,200일선상단,EPS스크래핑
578,578,2026-05-09,아이센스,099190,KQ,건강관리장비와용품,20500.0,18460.5,1,,-28.058365398641627,0.7944581032959149,0,-233.1125394315639,,-256.9254554923347,TRAILING_DART,-233.1125394315639,-2797.350473178767,-113.64561206428667,0.0,75.0,37.5,1,3.0,제외,0.0,NEUTRAL,1.0,200일선상단,EPS스크래핑
579,579,2026-05-09,리브스메드,491000,KQ,건강관리장비와용품,64100.0,,0,,860.2060843489448,0.4741578755461052,0,-916.6493733456908,,-1008.31431068026,TRAILING_DART,-916.6493733456908,-10999.79248014829,-117.16036268353866,0.0,75.0,37.5,1,3.0,제외,0.0,NEUTRAL,1.0,MACD+,EPS스크래핑
580,580,2026-05-09,현대바이오,048410,KQ,화장품,13250.0,8333.05,1,,-107.74784158541324,0.8069449934582008,0,-229.2960626874477,,-252.2256689561925,TRAILING_DART,-229.2960626874477,-2751.552752249372,-120.76643586603299,0.0,75.0,37.5,1,3.0,제외,0.0,NEUTRAL,1.0,200일선상단,EPS스크래핑
581,581,2026-05-09,아난티,025980,KQ,"호텔,레스토랑,레저",7410.0,8278.1,0,,49.17307045038369,0.9168158503863832,0,-391.0018168879885,,-430.1019985767874,TRAILING_DART,-391.0018168879885,-4692.021802655862,-163.3201322895528,0.0,75.0,37.5,1,3.0,제외,0.0,NEUTRAL,1.0,MACD+,EPS스크래핑
582,582,2026-05-09,아이에스동서,010780,KS,건설,24800.0,22881.95,1,,-374.9144772975664,1.637036033289294,0,-2379.0957638154946,1982.0,1982.0,TRAILING_DART,-2379.0957638154946,-28549.149165785937,-215.11753695881427,0.0,75.0,37.5,1,3.0,제외,0.0,NEUTRAL,1.0,200일선상단 | 거래량상승1.6x,EPS스크래핑
583,583,2026-05-09,KCC글라스,344820,KS,건축자재,28050.0,27992.25,1,,-81.30056584109957,1.251652501661754,0,-5237.333611971864,,-5761.066973169051,TRAILING_DART,-5237.333611971864,-62848.00334366237,-324.05705291858243,0.0,75.0,37.5,1,3.0,제외,0.0,NEUTRAL,1.0,200일선상단,EPS스크래핑
584,584,2026-05-09,쿠콘,294570,KQ,IT서비스,28750.0,33327.75,0,,-113.10888978171404,0.7452602904239193,0,2128.992216796879,,2341.891438476567,TRAILING_DART,2128.992216796879,25547.906601562547,-11.137716168478097,22.15570957880476,50.0,36.07785478940238,0,3.0,제외,0.0,NEUTRAL,1.0,추천사유미확인,EPS스크래핑
585,585,2026-05-09,동성화인텍,033500,KQ,화학,27100.0,27632.75,0,,-137.44547083108728,1.438794193247004,0,1863.4268085016704,2461.0,2461.0,TRAILING_DART,1863.4268085016704,22361.121702020046,-17.486635785903893,6.283410535240272,65.0,35.64170526762014,0,3.0,제외,0.0,NEUTRAL,1.0,추천사유미확인,EPS스크래핑
586,586,2026-05-09,태광산업,003240,KS,화학,1123000.0,958585.0,1,,-14220.83663219723,1.3212487411883185,0,74675.45160499371,,82142.99676549308,TRAILING_DART,74675.45160499371,896105.4192599244,-20.204325978635406,0.0,70.0,35.0,0,3.0,제외,0.0,NEUTRAL,1.0,200일선상단,EPS스크래핑
587,587,2026-05-09,NC,036570,KS,게임엔터테인먼트,255500.0,218154.0,1,,-2345.0968804031545,0.6919677926496256,0,16126.123259064623,17084.0,17084.0,TRAILING_DART,16126.123259064623,193513.47910877547,-24.260869233355976,0.0,70.0,35.0,0,3.0,제외,0.0,NEUTRAL,1.0,200일선상단,EPS스크래핑
588,588,2026-05-09,실리콘투,257720,KQ,인터넷과카탈로그소매,45050.0,44139.75,1,,-462.3373533935403,0.8544671314825293,0,2755.916321197632,3359.0,3359.0,TRAILING_DART,2755.916321197632,33070.995854371584,-26.590464252227342,0.0,70.0,35.0,0,3.0,제외,0.0,NEUTRAL,1.0,200일선상단,EPS스크래핑
589,589,2026-05-09,한솔아이원스,114810,KQ,반도체와반도체장비,16740.0,13069.15,1,,-284.68421184422823,0.4268878514230546,0,994.470417275116,,1093.9174590026278,TRAILING_DART,994.470417275116,11933.645007301391,-28.711798044794556,0.0,70.0,35.0,0,3.0,제외,0.0,NEUTRAL,1.0,200일선상단,EPS스크래핑
590,590,2026-05-09,에스엔시스,0008Z0,KQ,조선,40400.0,,0,,-96.92189112750476,0.4571849884412173,0,,,2385.9,FORWARD_AUTO,2385.9,28630.800000000003,-29.131683168316826,0.0,70.0,35.0,0,3.0,제외,0.0,NEUTRAL,1.0,추천사유미확인,EPS스크래핑
591,591,2026-05-09,바이오플러스,099430,KQ,건강관리장비와용품,5700.0,5864.575,0,,-20.027553869357803,0.9279263840478368,0,324.4003735063324,,356.84041085696566,TRAILING_DART,324.4003735063324,3892.8044820759887,-31.705184524982656,0.0,70.0,35.0,0,3.0,제외,0.0,NEUTRAL,1.0,추천사유미확인,EPS스크래핑
592,592,2026-05-09,HK이노엔,195940,KQ,제약,50200.0,49367.25,1,,-154.37074069632138,1.1709905695973908,0,2672.0827350871205,3098.0,3098.0,TRAILING_DART,2672.0827350871205,32064.992821045445,-36.12551230867441,0.0,70.0,35.0,0,3.0,제외,0.0,NEUTRAL,1.0,200일선상단,EPS스크래핑
593,593,2026-05-09,미래에셋생명,085620,KS,생명보험,15800.0,10442.725,1,,-271.4843895711608,0.4351824762514971,0,783.0164987179776,,861.3181485897754,TRAILING_DART,783.0164987179776,9396.19798461573,-40.530392502432086,0.0,70.0,35.0,0,3.0,제외,0.0,NEUTRAL,1.0,200일선상단,EPS스크래핑
594,594,2026-05-09,한샘,009240,KS,가구,39700.0,44390.5,0,,142.09090793823995,0.9151072569602922,0,1966.5686221611625,999.0,999.0,TRAILING_DART,1966.5686221611625,23598.82346593395,-40.55711973316385,0.0,70.0,35.0,0,3.0,제외,0.0,NEUTRAL,1.0,MACD+,EPS스크래핑
595,595,2026-05-09,롯데칠성,005300,KS,음료,119400.0,124976.0,0,,-65.84642749736969,1.7340675744650291,0,5517.727491258647,10718.0,10718.0,TRAILING_DART,5517.727491258647,66212.72989510377,-44.54545234915932,0.0,70.0,35.0,0,3.0,제외,0.0,NEUTRAL,1.0,거래량상승1.7x,EPS스크래핑
596,596,2026-05-09,한국카본,017960,KS,조선,45800.0,35619.0,1,,-811.3544331996545,0.7063311133340454,0,1996.151009165024,2421.0,2421.0,TRAILING_DART,1996.151009165024,23953.81210998029,-47.699100196549594,0.0,70.0,35.0,0,3.0,제외,0.0,NEUTRAL,1.0,200일선상단,EPS스크래핑
597,597,2026-05-09,덕산네오룩스,213420,KQ,디스플레이장비및부품,51600.0,42975.25,1,,-413.9807782448904,0.6081060925860475,0,2172.965939394179,2949.0,2949.0,TRAILING_DART,2172.965939394179,26075.591272730147,-49.46590838618189,0.0,70.0,35.0,0,3.0,제외,0.0,NEUTRAL,1.0,200일선상단,EPS스크래핑
598,598,2026-05-09,신도리코,029530,KS,사무용전자제품,49450.0,48894.5,1,,-145.29274152496373,1.4357171826416113,0,2065.599573228113,,2272.1595305509245,TRAILING_DART,2065.599573228113,24787.194878737355,-49.8742267366282,0.0,70.0,35.0,0,3.0,제외,0.0,NEUTRAL,1.0,200일선상단,EPS스크래핑
599,599,2026-05-09,NHN,181710,KS,IT서비스,38700.0,32009.75,1,,-346.6516617096144,0.7675249759081352,0,1584.8642941368155,3160.0,3160.0,TRAILING_DART,1584.8642941368155,19018.371529641787,-50.85692111203672,0.0,70.0,35.0,0,3.0,제외,0.0,NEUTRAL,1.0,200일선상단,EPS스크래핑
600,600,2026-05-09,엠디바이스,226590,KQ,반도체와반도체장비,25800.0,18130.45,1,,-272.2900526110881,1.1377450628329668,0,1004.425075610604,,1104.8675831716646,TRAILING_DART,1004.425075610604,12053.100907327249,-53.2825546227626,0.0,70.0,35.0,0,3.0,제외,0.0,NEUTRAL,1.0,200일선상단,EPS스크래핑
601,601,2026-05-09,대명에너지,389260,KQ,에너지장비및서비스,21800.0,21459.15,1,,-260.30852099969195,0.2591260752325994,0,789.445728965064,,868.3903018615704,TRAILING_DART,789.445728965064,9473.348747580767,-56.54427180008823,0.0,70.0,35.0,0,3.0,제외,0.0,NEUTRAL,1.0,200일선상단,EPS스크래핑
602,602,2026-05-09,메카로,241770,KQ,반도체와반도체장비,37100.0,23757.45,1,,-642.3634391368591,0.4274507516659133,0,1237.5476691024112,,1361.3024360126524,TRAILING_DART,1237.5476691024112,14850.572029228933,-59.971503964342496,0.0,70.0,35.0,0,3.0,제외,0.0,NEUTRAL,1.0,200일선상단,EPS스크래핑
603,603,2026-05-09,한화에어로스페이스,012450,KS,우주항공과국방,1307000.0,1101425.0,1,,-17824.614539550126,1.1816166709525109,0,42704.38030261037,46112.0,46112.0,TRAILING_DART,42704.38030261037,512452.56363132445,-60.79169367778696,0.0,70.0,35.0,0,3.0,제외,0.0,NEUTRAL,1.0,200일선상단,EPS스크래핑
604,604,2026-05-09,현대건설,000720,KS,건설,164000.0,95693.5,1,,-2080.4953107268843,0.6610029508437482,0,5020.557310167103,4318.0,4318.0,TRAILING_DART,5020.557310167103,60246.68772200524,-63.264214803655335,0.0,70.0,35.0,0,3.0,제외,0.0,NEUTRAL,1.0,200일선상단,EPS스크래핑
605,605,2026-05-09,오스코텍,039200,KQ,제약,51000.0,46412.5,1,,-356.96732764067616,1.1617416189785568,0,1421.8366201253295,,1564.0202821378623,TRAILING_DART,1421.8366201253295,17062.039441503955,-66.54502070293343,0.0,70.0,35.0,0,3.0,제외,0.0,NEUTRAL,1.0,200일선상단,EPS스크래핑
606,606,2026-05-09,아모텍,052710,KQ,핸드셋,20850.0,12444.4,1,,-715.8281529380188,0.6243074329597602,0,541.9121904598865,,596.1034095058751,TRAILING_DART,541.9121904598865,6502.9462855186375,-68.8108091821648,0.0,70.0,35.0,0,3.0,제외,0.0,NEUTRAL,1.0,200일선상단,EPS스크래핑
607,607,2026-05-09,셀트리온,068270,KS,제약,198400.0,191777.0,1,,-402.784702419101,1.229745681079644,0,4647.615893683153,6378.0,6378.0,TRAILING_DART,4647.615893683153,55771.390724197845,-71.88941999788415,0.0,70.0,35.0,0,3.0,제외,0.0,NEUTRAL,1.0,200일선상단,EPS스크래핑
608,608,2026-05-09,SK텔레콤,017670,KS,무선통신서비스,93500.0,64349.5,1,,-1191.6440892770902,0.9030832911021628,0,1746.281984482773,5734.0,5734.0,TRAILING_DART,1746.281984482773,20955.383813793276,-77.58782479808207,0.0,70.0,35.0,0,3.0,제외,0.0,NEUTRAL,1.0,200일선상단,EPS스크래핑
609,609,2026-05-09,SK이터닉스,475150,KS,에너지장비및서비스,51100.0,28510.1,1,,-1070.1658115351445,0.4828420830761395,0,901.8046132850426,1208.0,1208.0,TRAILING_DART,901.8046132850426,10821.65535942051,-78.82259225162326,0.0,70.0,35.0,0,3.0,제외,0.0,NEUTRAL,1.0,200일선상단,EPS스크래핑
610,610,2026-05-09,씨에스윈드,112610,KS,에너지장비및서비스,60500.0,48293.75,1,,-1360.8801428000024,0.8716937245390486,0,951.6662022603326,4496.0,4496.0,TRAILING_DART,951.6662022603326,11419.994427123991,-81.12397615351406,0.0,70.0,35.0,0,3.0,제외,0.0,NEUTRAL,1.0,200일선상단,EPS스크래핑
611,611,2026-05-09,파이버프로,368770,KQ,전자장비와기기,22200.0,11500.4,1,,-549.101319630021,0.4933236876009404,0,283.3454834499977,,311.6800317949975,TRAILING_DART,283.3454834499977,3400.1458013999722,-84.68402792162175,0.0,70.0,35.0,0,3.0,제외,0.0,NEUTRAL,1.0,200일선상단,EPS스크래핑
612,612,2026-05-09,고려제강,002240,KS,철강,24400.0,19976.925,1,,-75.25594872928002,0.4677813732797644,0,170.46703603703705,,187.5137396407408,TRAILING_DART,170.46703603703705,2045.6044324444447,-91.61637527686703,0.0,70.0,35.0,0,3.0,제외,0.0,NEUTRAL,1.0,200일선상단,EPS스크래핑
613,613,2026-05-09,광전자,017900,KS,전자장비와기기,11210.0,3029.57,1,,-439.1253410136778,0.4041980490836844,0,72.94191680302158,,80.23610848332375,TRAILING_DART,72.94191680302158,875.3030016362591,-92.19176626551062,0.0,70.0,35.0,0,3.0,제외,0.0,NEUTRAL,1.0,200일선상단,EPS스크래핑
614,614,2026-05-09,예스티,122640,KQ,반도체와반도체장비,25900.0,20149.45,1,,-302.9970521903456,0.5963163222003559,0,31.179537008764616,,34.29749070964108,TRAILING_DART,31.179537008764616,374.1544441051754,-98.55538824669816,0.0,70.0,35.0,0,3.0,제외,0.0,NEUTRAL,1.0,200일선상단,EPS스크래핑
615,615,2026-05-09,티엠씨,217590,KS,조선,31500.0,,0,,-165.46878461961205,0.4722551392672919,0,-24.293163942812026,,-26.72248033709323,TRAILING_DART,-24.293163942812026,-291.5179673137443,-100.92545386448808,0.0,70.0,35.0,1,3.0,제외,0.0,NEUTRAL,1.0,추천사유미확인,EPS스크래핑
616,616,2026-05-09,헬릭스미스,084990,KQ,생물공학,7920.0,6108.05,1,,-160.8402055174862,0.8664218766778934,0,-9.982485224318236,,-10.98073374675006,TRAILING_DART,-9.982485224318236,-119.78982269181883,-101.51249776126035,0.0,70.0,35.0,1,3.0,제외,0.0,NEUTRAL,1.0,200일선상단,EPS스크래핑
617,617,2026-05-09,우리로,046970,KQ,컴퓨터와주변기기,8910.0,2448.7,1,,-405.7330616365509,0.2557532054494017,0,-17.99597898450608,,-19.79557688295669,TRAILING_DART,-17.99597898450608,-215.95174781407297,-102.42370087333414,0.0,70.0,35.0,1,3.0,제외,0.0,NEUTRAL,1.0,200일선상단,EPS스크래핑
618,618,2026-05-09,셀바스AI,108860,KQ,건강관리장비와용품,13250.0,12930.95,1,,-157.11405362297148,0.8511312962756429,0,-161.3781731531251,,-177.51599046843762,TRAILING_DART,-161.3781731531251,-1936.538077837501,-114.6153817195283,0.0,70.0,35.0,1,3.0,제외,0.0,NEUTRAL,1.0,200일선상단,EPS스크래핑
619,619,2026-05-09,리가켐바이오,141080,KQ,제약,187100.0,168425.0,1,,-1516.4124603998805,1.241124561920955,0,-2500.718270096277,865.0,865.0,TRAILING_DART,-2500.718270096277,-30008.619241155327,-116.0388130631509,0.0,70.0,35.0,1,3.0,제외,0.0,NEUTRAL,1.0,200일선상단,EPS스크래핑
620,620,2026-05-09,강스템바이오텍,217730,KQ,생물공학,3690.0,2030.91,1,,-109.00170657141024,0.4507552441827966,0,-111.2908460316833,,-122.41993063485164,TRAILING_DART,-111.2908460316833,-1335.4901523801996,-136.1921450509539,0.0,70.0,35.0,1,3.0,제외,0.0,NEUTRAL,1.0,200일선상단,EPS스크래핑
621,621,2026-05-09,HLB,028300,KQ,건강관리장비와용품,58200.0,48924.0,1,,-664.2724997719888,0.7272558085246603,0,-1768.2770862102916,,-1945.104794831321,TRAILING_DART,-1768.2770862102916,-21219.3250345235,-136.45932136516066,0.0,70.0,35.0,1,3.0,제외,0.0,NEUTRAL,1.0,200일선상단,EPS스크래핑
622,622,2026-05-09,HLB테라퓨틱스,115450,KQ,제약,3330.0,3122.077375488281,1,,-39.13298177392508,0.6668935840859244,0,-109.14284849209206,,-120.05713334130128,TRAILING_DART,-109.14284849209206,-1309.7141819051046,-139.3307562133665,0.0,70.0,35.0,1,3.0,제외,0.0,NEUTRAL,1.0,200일선상단,EPS스크래핑
623,623,2026-05-09,퓨쳐켐,220100,KQ,제약,18460.0,22230.55,0,,67.19598276695137,1.7082669792915792,0,-615.9001552563782,,-677.4901707820161,TRAILING_DART,-615.9001552563782,-7390.801863076538,-140.0368464955392,0.0,70.0,35.0,1,3.0,제외,0.0,NEUTRAL,1.0,거래량상승1.7x | MACD+,EPS스크래핑
624,624,2026-05-09,위메이드,112040,KQ,게임엔터테인먼트,22850.0,26843.5,0,,21.505694651748684,0.4070139855943112,0,-796.5140476232767,,-876.1654523856045,TRAILING_DART,-796.5140476232767,-9558.16857147932,-141.8300593937826,0.0,70.0,35.0,1,3.0,제외,0.0,NEUTRAL,1.0,MACD+,EPS스크래핑
625,625,2026-05-09,파인엠텍,441270,KQ,핸드셋,10510.0,10238.2,1,,-62.02461737080896,0.3950415018987603,0,-370.4294987258498,,-407.4724485984348,TRAILING_DART,-370.4294987258498,-4445.153984710198,-142.2945193597545,0.0,70.0,35.0,1,3.0,제외,0.0,NEUTRAL,1.0,200일선상단,EPS스크래핑
626,626,2026-05-09,큐로셀,372320,KQ,생물공학,45650.0,44803.25,1,,-2045.8203768669412,1.2295955788195727,0,-3073.94594894222,,-3381.340543836442,TRAILING_DART,-3073.94594894222,-36887.35138730664,-180.80471278709012,0.0,70.0,35.0,1,3.0,제외,0.0,NEUTRAL,1.0,200일선상단,EPS스크래핑
627,627,2026-05-09,DXVX,180400,KQ,건강관리업체및서비스,4135.0,3085.485,1,,-86.9901540769181,1.0032867762373685,0,-300.566988936805,,-330.6236878304855,TRAILING_DART,-300.566988936805,-3606.8038672416596,-187.2262120251913,0.0,70.0,35.0,1,3.0,제외,0.0,NEUTRAL,1.0,200일선상단,EPS스크래핑
628,628,2026-05-09,엔켐,348370,KQ,전기제품,42600.0,67173.75,0,,165.3969826019627,0.4112476096573319,0,-3220.623633745108,,-3542.685997119619,TRAILING_DART,-3220.623633745108,-38647.48360494129,-190.72179249986218,0.0,70.0,35.0,1,3.0,제외,0.0,NEUTRAL,1.0,MACD+,EPS스크래핑
629,629,2026-05-09,에이스테크,088800,KQ,통신장비,4790.0,3113.675,1,,-112.71765753660188,0.5466357593746628,0,-385.5924464794616,,-424.1516911274078,TRAILING_DART,-385.5924464794616,-4627.109357753539,-196.59936028713025,0.0,70.0,35.0,1,3.0,제외,0.0,NEUTRAL,1.0,200일선상단,EPS스크래핑
630,630,2026-05-09,천보,278280,KQ,전기제품,60800.0,52669.5,1,,-1024.8383950367684,0.354032133103725,0,-4990.732255801526,,-5489.805481381679,TRAILING_DART,-4990.732255801526,-59888.78706961831,-198.50129452239852,0.0,70.0,35.0,1,3.0,제외,0.0,NEUTRAL,1.0,200일선상단,EPS스크래핑
631,631,2026-05-09,유진기업,023410,KQ,건축자재,3850.0,3741.875,1,,-26.01495313285825,1.042646048498246,0,-316.7263316281956,,-348.3989647910152,TRAILING_DART,-316.7263316281956,-3800.7159795383477,-198.71989557242463,0.0,70.0,35.0,1,3.0,제외,0.0,NEUTRAL,1.0,200일선상단,EPS스크래핑
632,632,2026-05-09,유티아이,179900,KQ,핸드셋,20400.0,23012.4,0,,-9.92893985045066,1.4106861873161387,0,-1889.2869399586025,,-2078.215633954463,TRAILING_DART,-1889.2869399586025,-22671.44327950323,-211.13452587991776,0.0,70.0,35.0,1,3.0,제외,0.0,NEUTRAL,1.0,추천사유미확인,EPS스크래핑
633,633,2026-05-09,차바이오텍,085660,KQ,건강관리업체및서비스,15740.0,14767.6,1,,-150.39485973720838,1.3425820276668825,0,-1578.0244578762006,,-1735.8269036638208,TRAILING_DART,-1578.0244578762006,-18936.293494514408,-220.30682016845242,0.0,70.0,35.0,1,3.0,제외,0.0,NEUTRAL,1.0,200일선상단,EPS스크래핑
634,634,2026-05-09,제넥신,095700,KQ,생물공학,5300.0,5062.85,1,,-114.7134095609404,0.3260399933734574,0,-597.602050737526,,-657.3622558112787,TRAILING_DART,-597.602050737526,-7171.2246088503125,-235.3061246952889,0.0,70.0,35.0,1,3.0,제외,0.0,NEUTRAL,1.0,200일선상단,EPS스크래핑
635,635,2026-05-09,CJ제일제당,097950,KS,식품,229000.0,225386.5,1,,-1735.5692125018295,0.7241745888218187,0,-27696.974648778752,22916.0,22916.0,TRAILING_DART,-27696.974648778752,-332363.69578534504,-245.13698505910267,0.0,70.0,35.0,1,3.0,제외,0.0,NEUTRAL,1.0,200일선상단,EPS스크래핑
636,636,2026-05-09,아이티엠반도체,084850,KQ,전자장비와기기,17210.0,12058.7,1,,-295.75054604935394,0.2681706532764076,0,-4124.637957461764,,-4537.10175320794,TRAILING_DART,-4124.637957461764,-49495.65548954117,-387.5982306190655,0.0,70.0,35.0,1,3.0,제외,0.0,NEUTRAL,1.0,200일선상단,EPS스크래핑
637,637,2026-05-09,NHN KCP,060250,KQ,IT서비스,18750.0,17004.1,1,,-92.73436194657864,0.4426897732893782,0,1139.871283532016,1343.0,1343.0,TRAILING_DART,1139.871283532016,13678.455402384192,-27.048237853950972,0.0,65.0,32.5,0,3.0,제외,0.0,NEUTRAL,1.0,200일선상단,EPS스크래핑
638,638,2026-05-09,오리엔탈정공,014940,KQ,조선,7520.0,8121.85,0,,-50.92373688721142,0.4772366639270853,0,420.0342580553272,,462.03768386086,TRAILING_DART,420.0342580553272,5040.411096663926,-32.97325669329885,0.0,65.0,32.5,0,3.0,제외,0.0,NEUTRAL,1.0,추천사유미확인,EPS스크래핑
639,639,2026-05-09,광동제약,009290,KS,제약,8030.0,6717.3,1,,-38.48952512638655,0.7734317355389685,0,428.2907790327224,,471.1198569359947,TRAILING_DART,428.2907790327224,5139.489348392669,-35.99639665762554,0.0,65.0,32.5,0,3.0,제외,0.0,NEUTRAL,1.0,200일선상단,EPS스크래핑
640,640,2026-05-09,LG디스플레이,034220,KS,디스플레이패널,12330.0,12329.9,1,,-171.68390907394735,0.4560475154749257,0,607.614,1442.0,1442.0,TRAILING_DART,607.614,7291.368,-40.864817518248174,0.0,65.0,32.5,0,3.0,제외,0.0,NEUTRAL,1.0,200일선상단,EPS스크래핑
641,641,2026-05-09,흥아해운,003280,KS,해운사,2685.0,2019.37,1,,-72.35016037612823,0.2928296126112629,0,126.1283023519124,,138.74113258710364,TRAILING_DART,126.1283023519124,1513.5396282229487,-43.62980900473189,0.0,65.0,32.5,0,3.0,제외,0.0,NEUTRAL,1.0,200일선상단,EPS스크래핑
642,642,2026-05-09,씨앤씨인터내셔널,352480,KQ,화장품,27150.0,34873.5,0,,-170.91805420856366,1.1127452044843031,0,1048.186336349765,,1153.0049699847416,TRAILING_DART,1048.186336349765,12578.23603619718,-53.67132215028663,0.0,65.0,32.5,0,3.0,제외,0.0,NEUTRAL,1.0,추천사유미확인,EPS스크래핑
643,643,2026-05-09,스틱인베스트먼트,026890,KS,창업투자,9620.0,10335.05,0,,19.74916644378355,1.135975897491742,0,356.43601815578535,,392.0796199713639,TRAILING_DART,356.43601815578535,4277.232217869424,-55.53812663337396,0.0,65.0,32.5,0,3.0,제외,0.0,NEUTRAL,1.0,MACD+,EPS스크래핑
644,644,2026-05-09,삼양엔씨켐,482630,KQ,반도체와반도체장비,18510.0,12779.25,1,,-168.0654816865756,0.5885077028544073,0,680.7407903224922,,748.8148693547415,TRAILING_DART,680.7407903224922,8168.889483869907,-55.86769592722902,0.0,65.0,32.5,0,3.0,제외,0.0,NEUTRAL,1.0,200일선상단,EPS스크래핑
645,645,2026-05-09,신영증권,001720,KS,증권,201000.0,161059.5,1,,-108.942689515638,0.7682711645732934,0,6829.573249878345,,7512.53057486618,TRAILING_DART,6829.573249878345,81954.87899854014,-59.22642835893526,0.0,65.0,32.5,0,3.0,제외,0.0,NEUTRAL,1.0,200일선상단,EPS스크래핑
646,646,2026-05-09,한미약품,128940,KS,제약,436000.0,424722.5,1,,-7128.111153142116,0.6827793833882148,0,14607.420576519022,14682.0,14682.0,TRAILING_DART,14607.420576519022,175289.04691822827,-59.796090156369665,0.0,65.0,32.5,0,3.0,제외,0.0,NEUTRAL,1.0,200일선상단,EPS스크래핑
647,647,2026-05-09,한화오션,042660,KS,조선,126100.0,120658.75,1,,-407.07180657045706,0.8539608904162936,0,4066.145810218727,4475.0,4475.0,TRAILING_DART,4066.145810218727,48793.74972262472,-61.30551171877501,0.0,65.0,32.5,0,3.0,제외,0.0,NEUTRAL,1.0,200일선상단,EPS스크래핑
648,648,2026-05-09,현대힘스,460930,KQ,조선,19200.0,20525.25,0,,-135.68117200615677,0.5215256260948591,0,602.5866977562886,,662.8453675319175,TRAILING_DART,602.5866977562886,7231.040373075462,-62.33833139023197,0.0,65.0,32.5,0,3.0,제외,0.0,NEUTRAL,1.0,추천사유미확인,EPS스크래핑
649,649,2026-05-09,에스앤에스텍,101490,KQ,반도체와반도체장비,87500.0,65727.0,1,,-2070.88516247844,0.9130035139153456,0,2722.9030879434563,,2995.1933967378022,TRAILING_DART,2722.9030879434563,32674.837055321477,-62.657329079632596,0.0,65.0,32.5,0,3.0,제외,0.0,NEUTRAL,1.0,200일선상단,EPS스크래핑
650,650,2026-05-09,SK오션플랜트,100090,KS,에너지장비및서비스,21550.0,21311.25,1,,-300.91488831806043,0.5514524873196521,0,600.3835848861607,813.0,813.0,TRAILING_DART,600.3835848861607,7204.6030186339285,-66.56796743093305,0.0,65.0,32.5,0,3.0,제외,0.0,NEUTRAL,1.0,200일선상단,EPS스크래핑
651,651,2026-05-09,삼표시멘트,038500,KQ,건축자재,15090.0,7570.525,1,,-169.8625841639481,0.4903195355943011,0,378.10375431123447,,415.91412974235794,TRAILING_DART,378.10375431123447,4537.245051734813,-69.9321070130231,0.0,65.0,32.5,0,3.0,제외,0.0,NEUTRAL,1.0,200일선상단,EPS스크래핑
652,652,2026-05-09,고려아연,010130,KS,비철금속,1559000.0,1285215.0,1,,-7184.025585546398,0.8175169942820683,0,36901.76213513276,65142.0,65142.0,TRAILING_DART,36901.76213513276,442821.1456215931,-71.59582131997479,0.0,65.0,32.5,0,3.0,제외,0.0,NEUTRAL,1.0,200일선상단,EPS스크래핑
653,653,2026-05-09,부광약품,003000,KS,제약,5980.0,4521.5,1,,-229.0734948899007,0.5398045126168048,0,126.01349225600724,,138.61484148160798,TRAILING_DART,126.01349225600724,1512.161907072087,-74.7130115874233,0.0,65.0,32.5,0,3.0,제외,0.0,NEUTRAL,1.0,200일선상단,EPS스크래핑
654,654,2026-05-09,한진칼,180640,KS,항공사,114100.0,114571.0,0,,155.00164429694632,1.0715947559667074,0,2384.3059941078404,,2622.736593518625,TRAILING_DART,2384.3059941078404,28611.671929294083,-74.9240386246327,0.0,65.0,32.5,0,3.0,제외,0.0,NEUTRAL,1.0,MACD+,EPS스크래핑
655,655,2026-05-09,온코닉테라퓨틱스,476060,KQ,제약,20400.0,16304.8625,1,,-272.53756670121663,0.5632987869960435,0,351.63178863139774,,386.7949674945376,TRAILING_DART,351.63178863139774,4219.581463576773,-79.31577713932954,0.0,65.0,32.5,0,3.0,제외,0.0,NEUTRAL,1.0,200일선상단,EPS스크래핑
656,656,2026-05-09,메디아나,041920,KQ,건강관리장비와용품,19540.0,11662.3,1,,-69.52263807908767,0.6193984010793565,0,283.60217161607324,,311.9623887776806,TRAILING_DART,283.60217161607324,3403.2260593928786,-82.58328526411015,0.0,65.0,32.5,0,3.0,제외,0.0,NEUTRAL,1.0,200일선상단,EPS스크래핑
657,657,2026-05-09,신풍제약,019170,KS,제약,11510.0,12823.65,0,,-60.6538691278476,0.8994218394525925,0,160.04206116303698,,176.0462672793407,TRAILING_DART,160.04206116303698,1920.5047339564437,-83.31446799342794,0.0,65.0,32.5,0,3.0,제외,0.0,NEUTRAL,1.0,추천사유미확인,EPS스크래핑
658,658,2026-05-09,한국항공우주,047810,KS,우주항공과국방,166800.0,131709.0,1,,-1432.1704348107733,0.8565347445215173,0,1921.6456556852,3750.0,3750.0,TRAILING_DART,1921.6456556852,23059.7478682224,-86.17521111017842,0.0,65.0,32.5,0,3.0,제외,0.0,NEUTRAL,1.0,200일선상단,EPS스크래핑
659,659,2026-05-09,한화시스템,272210,KS,우주항공과국방,115900.0,79884.25,1,,-1489.1334532898886,0.9960592626946122,0,1107.0609349578194,1603.0,1603.0,TRAILING_DART,1107.0609349578194,13284.731219493833,-88.53776426273181,0.0,65.0,32.5,0,3.0,제외,0.0,NEUTRAL,1.0,200일선상단,EPS스크래핑
660,660,2026-05-09,HLB제약,047920,KQ,제약,16400.0,15892.4,1,,-213.9558749997111,0.6988389578584839,0,139.38506673728594,,153.32357341101454,TRAILING_DART,139.38506673728594,1672.6208008474314,-89.80109267775957,0.0,65.0,32.5,0,3.0,제외,0.0,NEUTRAL,1.0,200일선상단,EPS스크래핑
661,661,2026-05-09,한전산업,130660,KS,전기유틸리티,18880.0,14554.0,1,,-81.6402063582081,0.8018410188719237,0,124.54195653374234,,136.9961521871166,TRAILING_DART,124.54195653374234,1494.503478404908,-92.08419767794011,0.0,65.0,32.5,0,3.0,제외,0.0,NEUTRAL,1.0,200일선상단,EPS스크래핑
662,662,2026-05-09,신성에스티,416180,KQ,전기제품,37150.0,37806.0,0,,-116.10291164636226,0.5890710708650196,0,61.24965093169323,,67.37461602486256,TRAILING_DART,61.24965093169323,734.9958111803188,-98.02154559574612,0.0,65.0,32.5,0,3.0,제외,0.0,NEUTRAL,1.0,추천사유미확인,EPS스크래핑
663,663,2026-05-09,GRT,900290,KQ,화학,3750.0,3708.575,1,,-109.1358540236822,0.3068135033985731,0,6.134013271490415,,6.747414598639457,TRAILING_DART,6.134013271490415,73.60815925788498,-98.03711575312308,0.0,65.0,32.5,0,3.0,제외,0.0,NEUTRAL,1.0,200일선상단,EPS스크래핑
664,664,2026-05-09,바이오솔루션,086820,KQ,생물공학,10700.0,9104.95,1,,-114.21801682455698,0.6936031632768028,0,10.544672878522038,,11.599140166374244,TRAILING_DART,10.544672878522038,126.53607454226446,-98.81741986409098,0.0,65.0,32.5,0,3.0,제외,0.0,NEUTRAL,1.0,200일선상단,EPS스크래핑
665,665,2026-05-09,스피어,347700,KQ,우주항공과국방,41650.0,21941.65,1,,-198.84262448753736,0.5120842775595654,0,3.399153147597664,,3.739068462357431,TRAILING_DART,3.399153147597664,40.78983777117197,-99.90206521543537,0.0,65.0,32.5,0,3.0,제외,0.0,NEUTRAL,1.0,200일선상단,EPS스크래핑
666,666,2026-05-09,우리기술,032820,KQ,우주항공과국방,20150.0,9211.675,1,,-333.5887761063774,0.6111335890098525,0,-23.99035962686787,,-26.38939558955466,TRAILING_DART,-23.99035962686787,-287.88431552241445,-101.42870628050827,0.0,65.0,32.5,1,3.0,제외,0.0,NEUTRAL,1.0,200일선상단,EPS스크래핑
667,667,2026-05-09,한올바이오파마,009420,KS,제약,44050.0,42888.75,1,,-403.53019628330617,0.8236028568887895,0,-106.41452414880538,151.0,151.0,TRAILING_DART,-106.41452414880538,-1276.9742897856645,-102.89892006761785,0.0,65.0,32.5,1,3.0,제외,0.0,NEUTRAL,1.0,200일선상단,EPS스크래핑
668,668,2026-05-09,펄어비스,263750,KQ,게임엔터테인먼트,52500.0,43299.75,1,,-575.5469853141199,0.4660102625894903,0,-130.9758782919679,3844.0,3844.0,TRAILING_DART,-130.9758782919679,-1571.7105395036147,-102.99373436095927,0.0,65.0,32.5,1,3.0,제외,0.0,NEUTRAL,1.0,200일선상단,EPS스크래핑
669,669,2026-05-09,로킷헬스케어,376900,KQ,건강관리장비와용품,69200.0,55888.1,1,,-2663.423582900494,0.6568993125436136,0,-178.20640668861716,,-196.0270473574789,TRAILING_DART,-178.20640668861716,-2138.476880263406,-103.09028450905116,0.0,65.0,32.5,1,3.0,제외,0.0,NEUTRAL,1.0,200일선상단,EPS스크래핑
670,670,2026-05-09,넥스틴,348210,KQ,반도체와반도체장비,71200.0,64377.75,1,,-434.93722769076334,0.5268970901429957,0,-252.5287112108852,2436.0,2436.0,TRAILING_DART,-252.5287112108852,-3030.3445345306227,-104.25610187434076,0.0,65.0,32.5,1,3.0,제외,0.0,NEUTRAL,1.0,200일선상단,EPS스크래핑
671,671,2026-05-09,올릭스,226950,KQ,생명과학도구및서비스,168000.0,122328.5,1,,-954.8761548981016,0.9077169257953034,0,-775.4778005636587,,-853.0255806200246,TRAILING_DART,-775.4778005636587,-9305.733606763904,-105.53912714688327,0.0,65.0,32.5,1,3.0,제외,0.0,NEUTRAL,1.0,200일선상단,EPS스크래핑
672,672,2026-05-09,제노코,361390,KQ,우주항공과국방,28850.0,21220.35,1,,-237.0896630992317,0.6668748510131108,0,-218.4523487613743,,-240.29758363751176,TRAILING_DART,-218.4523487613743,-2621.4281851364917,-109.08640618764815,0.0,65.0,32.5,1,3.0,제외,0.0,NEUTRAL,1.0,200일선상단,EPS스크래핑
673,673,2026-05-09,SG,255220,KQ,건축자재,2505.0,2478.35,1,,-11.57761780399882,0.8483496994376882,0,-22.471962206935725,,-24.7191584276293,TRAILING_DART,-22.471962206935725,-269.6635464832287,-110.76501183565783,0.0,65.0,32.5,1,3.0,제외,0.0,NEUTRAL,1.0,200일선상단,EPS스크래핑
674,674,2026-05-09,큐리오시스,494120,KQ,생명과학도구및서비스,53300.0,,0,,-152.92276654093712,1.3009195647906815,0,-1032.533423830057,,-1135.7867662130627,TRAILING_DART,-1032.533423830057,-12390.401085960684,-123.24653111812512,0.0,65.0,32.5,1,3.0,제외,0.0,NEUTRAL,1.0,추천사유미확인,EPS스크래핑
675,675,2026-05-09,셀비온,308430,KQ,제약,29700.0,25135.7,1,,-896.7983427141592,0.6115981774111143,0,-590.236775095059,,-649.260452604565,TRAILING_DART,-590.236775095059,-7082.841301140708,-123.84795050889127,0.0,65.0,32.5,1,3.0,제외,0.0,NEUTRAL,1.0,200일선상단,EPS스크래핑
676,676,2026-05-09,앱클론,174900,KQ,생물공학,44700.0,37560.65,1,,-269.41256957510177,0.8870937406502696,0,-898.6951772878084,,-988.5646950165892,TRAILING_DART,-898.6951772878084,-10784.342127453701,-124.12604502786063,0.0,65.0,32.5,1,3.0,제외,0.0,NEUTRAL,1.0,200일선상단,EPS스크래핑
677,677,2026-05-09,큐리언트,115180,KQ,제약,32000.0,25880.9,1,,-696.4800590166369,0.6019871388500517,0,-839.4166581571204,,-923.3583239728324,TRAILING_DART,-839.4166581571204,-10072.999897885446,-131.47812468089202,0.0,65.0,32.5,1,3.0,제외,0.0,NEUTRAL,1.0,200일선상단,EPS스크래핑
678,678,2026-05-09,페니트리움바이오,187660,KQ,제약,9600.0,5416.5,1,,-449.6641919694274,0.3945591324690988,0,-267.3649322228419,,-294.1014254451261,TRAILING_DART,-267.3649322228419,-3208.379186674103,-133.42061652785523,0.0,65.0,32.5,1,3.0,제외,0.0,NEUTRAL,1.0,200일선상단,EPS스크래핑
679,679,2026-05-09,아스트,067390,KQ,우주항공과국방,749.0,635.705,1,,-7.608922050861312,0.5932316744026317,0,-21.596888515659145,,-23.756577367225063,TRAILING_DART,-21.596888515659145,-259.16266218790975,-134.6011565003885,0.0,65.0,32.5,1,3.0,제외,0.0,NEUTRAL,1.0,200일선상단,EPS스크래핑
680,680,2026-05-09,지아이이노베이션,358570,KQ,생물공학,14600.0,16614.25,0,,-67.07169188487273,0.7169298802172988,0,-546.9519444342825,,-601.6471388777107,TRAILING_DART,-546.9519444342825,-6563.42333321139,-144.95495433706432,0.0,65.0,32.5,1,3.0,제외,0.0,NEUTRAL,1.0,추천사유미확인,EPS스크래핑
681,681,2026-05-09,신라젠,215600,KQ,제약,3425.0,3312.775,1,,-44.90463323510359,0.8983517473592817,0,-175.12483006205844,,-192.6373130682643,TRAILING_DART,-175.12483006205844,-2101.4979607447012,-161.35760469327596,0.0,65.0,32.5,1,3.0,제외,0.0,NEUTRAL,1.0,200일선상단,EPS스크래핑
682,682,2026-05-09,켄코아에어로스페이스,274090,KQ,우주항공과국방,21850.0,16058.0,1,,-211.26873071432792,0.5887407253386453,0,-1127.618654114495,,-1240.3805195259447,TRAILING_DART,-1127.618654114495,-13531.42384937394,-161.92871326944592,0.0,65.0,32.5,1,3.0,제외,0.0,NEUTRAL,1.0,200일선상단,EPS스크래핑
683,683,2026-05-09,큐라클,365270,KQ,제약,14590.0,9051.2,1,,-233.9556998763101,0.7276898677455682,0,-826.1434075365505,,-908.7577482902057,TRAILING_DART,-826.1434075365505,-9913.720890438606,-167.94873811129958,0.0,65.0,32.5,1,3.0,제외,0.0,NEUTRAL,1.0,200일선상단,EPS스크래핑
684,684,2026-05-09,콜마비앤에이치,200130,KQ,건강관리업체및서비스,11450.0,13574.8,0,,-24.73427718700566,1.0618824144401402,0,-769.6272657822775,,-846.5899923605053,TRAILING_DART,-769.6272657822775,-9235.52718938733,-180.6596261081863,0.0,65.0,32.5,1,3.0,제외,0.0,NEUTRAL,1.0,추천사유미확인,EPS스크래핑
685,685,2026-05-09,엘앤씨바이오,290650,KQ,건강관리장비와용품,61700.0,59452.75,1,,-663.2630432376109,0.7657821684030865,0,-5563.905327040061,,-6120.295859744068,TRAILING_DART,-5563.905327040061,-66766.86392448073,-208.21209712233502,0.0,65.0,32.5,1,3.0,제외,0.0,NEUTRAL,1.0,200일선상단,EPS스크래핑
686,686,2026-05-09,와이바이오로직스,338840,KQ,생물공학,21200.0,20939.6,1,,-240.0216334065208,0.6169616359043225,0,-2768.7729762412,,-3045.6502738653203,TRAILING_DART,-2768.7729762412,-33225.2757148944,-256.72299865516226,0.0,65.0,32.5,1,3.0,제외,0.0,NEUTRAL,1.0,200일선상단,EPS스크래핑
687,687,2026-05-09,GKL,114090,KS,"호텔,레스토랑,레저",11470.0,14383.4,0,,-8.28849265326825,2.6702969413538526,0,761.0031827640053,868.0,868.0,TRAILING_DART,761.0031827640053,9132.038193168064,-20.38327643271086,0.0,60.0,30.0,0,3.0,제외,0.0,NEUTRAL,1.0,거래량상승2.7x,EPS스크래핑
688,688,2026-05-09,넷마블,251270,KS,게임엔터테인먼트,43000.0,54712.0,0,,-584.427128007623,3.896749353873634,0,2816.2225225896063,4052.0,4052.0,TRAILING_DART,2816.2225225896063,33794.67027107527,-21.407743555638902,0.0,60.0,30.0,0,3.0,제외,0.0,NEUTRAL,1.0,거래량상승3.9x,EPS스크래핑
689,689,2026-05-09,에스원,012750,KS,상업서비스와공급품,72900.0,79738.0,0,,-2037.493984299413,1.5590267862242275,0,4699.139455253479,5211.0,5211.0,TRAILING_DART,4699.139455253479,56389.67346304175,-22.647910201588818,0.0,60.0,30.0,0,3.0,제외,0.0,NEUTRAL,1.0,거래량상승1.6x,EPS스크래핑
690,690,2026-05-09,카페24,042000,KQ,IT서비스,25850.0,34563.25,0,,10.230344109615883,0.8982038039167298,0,1610.647456811006,,1771.7122024921066,TRAILING_DART,1610.647456811006,19327.76948173207,-25.23106583469219,0.0,60.0,30.0,0,3.0,제외,0.0,NEUTRAL,1.0,MACD+,EPS스크래핑
691,691,2026-05-09,삼양컴텍,484590,KQ,우주항공과국방,11740.0,,0,,-99.76882059913872,0.478086726208628,0,550.0936418068718,,605.1030059875591,TRAILING_DART,550.0936418068718,6601.123701682462,-43.772370513778014,0.0,60.0,30.0,0,3.0,제외,0.0,NEUTRAL,1.0,추천사유미확인,EPS스크래핑
692,692,2026-05-09,일동제약,249420,KS,제약,23100.0,29169.7,0,,-324.3400663473683,2.6174774596351496,0,749.0210709491788,,823.9231780440967,TRAILING_DART,749.0210709491788,8988.252851390145,-61.08981449614655,0.0,60.0,30.0,0,3.0,제외,0.0,NEUTRAL,1.0,거래량상승2.6x,EPS스크래핑
693,693,2026-05-09,카카오,035720,KS,양방향미디어와서비스,46000.0,57479.0,0,,-178.51099745047475,2.288144059546171,0,1169.206374540987,1485.0,1485.0,TRAILING_DART,1169.206374540987,14030.476494491846,-69.49896414240904,0.0,60.0,30.0,0,3.0,제외,0.0,NEUTRAL,1.0,거래량상승2.3x,EPS스크래핑
694,694,2026-05-09,메디톡스,086900,KQ,생물공학,103500.0,122428.5,0,,74.13975474484062,0.8146889334679223,0,2145.508801606687,,2360.059681767356,TRAILING_DART,2145.508801606687,25746.105619280243,-75.12453563354566,0.0,60.0,30.0,0,3.0,제외,0.0,NEUTRAL,1.0,MACD+,EPS스크래핑
695,695,2026-05-09,CJ ENM,035760,KQ,방송과엔터테인먼트,50100.0,66067.5,0,,-82.52613610415028,2.7292965458257696,0,775.8476348882406,3197.0,3197.0,TRAILING_DART,775.8476348882406,9310.171618658887,-81.41682311644934,0.0,60.0,30.0,0,3.0,제외,0.0,NEUTRAL,1.0,거래량상승2.7x,EPS스크래핑
696,696,2026-05-09,스튜디오드래곤,253450,KQ,방송과엔터테인먼트,31700.0,42589.5,0,,-99.262574572595,4.035787831209856,0,343.31802111336367,1316.0,1316.0,TRAILING_DART,343.31802111336367,4119.8162533603645,-87.00373421652881,0.0,60.0,30.0,0,3.0,제외,0.0,NEUTRAL,1.0,거래량상승4.0x,EPS스크래핑
697,697,2026-05-09,그린광학,0015G0,KQ,우주항공과국방,30950.0,,0,,-78.30581547290757,0.6552633916517296,0,,,228.8,FORWARD_AUTO,228.8,2745.6000000000004,-91.12891760904685,0.0,60.0,30.0,0,3.0,제외,0.0,NEUTRAL,1.0,추천사유미확인,EPS스크래핑
698,698,2026-05-09,아이엠바이오로직스,493280,KQ,제약,43200.0,,0,,166.2316085004195,0.5508540471457776,0,59.345032488253,,65.2795357370783,TRAILING_DART,59.345032488253,712.140389859036,-98.3515268753263,0.0,60.0,30.0,0,3.0,제외,0.0,NEUTRAL,1.0,MACD+,EPS스크래핑
699,699,2026-05-09,펩트론,087010,KQ,생물공학,257000.0,282263.5,0,,160.44993135639015,0.8984385015768827,0,-592.8539311714238,,-652.1393242885663,TRAILING_DART,-592.8539311714238,-7114.247174057085,-102.76818956188991,0.0,60.0,30.0,1,3.0,제외,0.0,NEUTRAL,1.0,MACD+,EPS스크래핑
700,700,2026-05-09,젬백스,082270,KQ,반도체와반도체장비,21400.0,40238.75,0,,48.3451915970827,0.6665671295671248,0,-256.08408615352755,,-281.69249476888035,TRAILING_DART,-256.08408615352755,-3073.0090338423306,-114.35985529832864,0.0,60.0,30.0,1,3.0,제외,0.0,NEUTRAL,1.0,MACD+,EPS스크래핑
701,701,2026-05-09,하이브,352820,KS,방송과엔터테인먼트,247500.0,303962.5,0,,2653.3547604911982,0.8832663509198497,0,-5901.903587443894,9772.0,9772.0,TRAILING_DART,-5901.903587443894,-70822.84304932674,-128.61529012094007,0.0,60.0,30.0,1,3.0,제외,0.0,NEUTRAL,1.0,MACD+,EPS스크래핑
702,702,2026-05-09,에코앤드림,101360,KQ,화학,18560.0,20427.7,0,,-136.28008283871657,0.8612700054264032,0,-483.3500891200855,,-531.6850980320941,TRAILING_DART,-483.3500891200855,-5800.2010694410255,-131.25108334828138,0.0,60.0,30.0,1,3.0,제외,0.0,NEUTRAL,1.0,추천사유미확인,EPS스크래핑
703,703,2026-05-09,카프로,006380,KS,화학,3660.0,3660.0,0,,0.0,,1,-191.4799804847333,,-210.62797853320663,TRAILING_DART,-191.4799804847333,-2297.7597658167997,-162.78032147040435,0.0,60.0,30.0,1,3.0,제외,0.0,NEUTRAL,1.0,20일돌파,EPS스크래핑
704,704,2026-05-09,위메이드맥스,101730,KQ,게임엔터테인먼트,5210.0,6508.2,0,,-74.63799368162063,0.3927614719971714,0,-427.03465929725,,-469.7381252269751,TRAILING_DART,-427.03465929725,-5124.415911567,-198.3573111625144,0.0,60.0,30.0,1,3.0,제외,0.0,NEUTRAL,1.0,추천사유미확인,EPS스크래핑
705,705,2026-05-09,금양,001570,KS,화학,9900.0,9900.0,0,,0.0,,1,-1079.3320864650686,,-1187.2652951115756,TRAILING_DART,-1079.3320864650686,-12951.985037580824,-230.82813169273558,0.0,60.0,30.0,1,3.0,제외,0.0,NEUTRAL,1.0,20일돌파,EPS스크래핑
706,706,2026-05-09,삼양홀딩스,000070,KS,화학,65400.0,81976.98,0,,-362.5123792650706,1.511350031909591,0,-38403.39315443869,,-42243.73246988256,TRAILING_DART,-38403.39315443869,-460840.71785326424,-804.649415677774,0.0,60.0,30.0,1,3.0,제외,0.0,NEUTRAL,1.0,거래량상승1.5x,EPS스크래핑
707,707,2026-05-09,지씨셀,144510,KQ,건강관리업체및서비스,22350.0,23093.05,0,,-235.0138911191196,1.9888520572822648,0,-17311.449380089445,,-19042.594318098392,TRAILING_DART,-17311.449380089445,-207737.39256107336,-1029.4737922195675,0.0,60.0,30.0,1,3.0,제외,0.0,NEUTRAL,1.0,거래량상승2.0x,EPS스크래핑
708,708,2026-05-09,트리니티항공,091810,KS,항공사,929.0,1783.7614849853517,0,,2.400479423079716,0.6760256111252634,0,-819.0914263774235,,-901.000569015166,TRAILING_DART,-819.0914263774235,-9829.097116529083,-1158.0298295510315,0.0,60.0,30.0,1,3.0,제외,0.0,NEUTRAL,1.0,MACD+,EPS스크래핑
709,709,2026-05-09,녹십자,006280,KS,제약,138100.0,144670.5,0,,-361.6821966415255,2.455201338471205,0,-29685159445.0,3616.0,3616.0,TRAILING_DART,-29685159445.0,-356221913340.0,-257945004.66328746,0.0,60.0,30.0,1,3.0,제외,0.0,NEUTRAL,1.0,거래량상승2.5x,EPS스크래핑
710,710,2026-05-09,동서,026960,KS,식품,25350.0,27457.0,0,,-216.42622640841745,1.1098908248643444,0,1469.0440861584757,,1615.9484947743233,TRAILING_DART,1469.0440861584757,17628.52903390171,-30.459451542794046,0.0,55.0,27.5,0,3.0,제외,0.0,NEUTRAL,1.0,추천사유미확인,EPS스크래핑
711,711,2026-05-09,웹젠,069080,KQ,게임엔터테인먼트,11790.0,13409.8,0,,-44.61895190027616,1.235007644621346,0,680.1698923067977,,748.1868815374776,TRAILING_DART,680.1698923067977,8162.038707681572,-30.77151223340482,0.0,55.0,27.5,0,3.0,제외,0.0,NEUTRAL,1.0,추천사유미확인,EPS스크래핑
712,712,2026-05-09,오뚜기,007310,KS,식품,360000.0,386850.0,0,,-550.1473118226218,1.3124660719224033,0,17998.68295012513,,19798.551245137645,TRAILING_DART,17998.68295012513,215984.19540150155,-40.00439016624957,0.0,55.0,27.5,0,3.0,제외,0.0,NEUTRAL,1.0,추천사유미확인,EPS스크래핑
713,713,2026-05-09,카카오뱅크,323410,KS,은행,23650.0,24232.25,0,,-143.08062431921095,1.361729605694596,0,1006.62214978647,1229.0,1229.0,TRAILING_DART,1006.62214978647,12079.46579743764,-48.92403468313894,0.0,55.0,27.5,0,3.0,제외,0.0,NEUTRAL,1.0,추천사유미확인,EPS스크래핑
714,714,2026-05-09,덴티움,145720,KS,건강관리장비와용품,51100.0,54022.5,0,,-446.1174827450534,1.000266525184139,0,1893.298227215534,6556.0,6556.0,TRAILING_DART,1893.298227215534,22719.57872658641,-55.53898487947866,0.0,55.0,27.5,0,3.0,제외,0.0,NEUTRAL,1.0,추천사유미확인,EPS스크래핑
715,715,2026-05-09,클래시스,214150,KQ,건강관리장비와용품,55600.0,55910.75,0,,-298.1269613561734,1.011666182808906,0,2022.977194849829,2830.0,2830.0,TRAILING_DART,2022.977194849829,24275.726338197946,-56.33862169388859,0.0,55.0,27.5,0,3.0,제외,0.0,NEUTRAL,1.0,추천사유미확인,EPS스크래핑
716,716,2026-05-09,풀무원,017810,KS,식품,11250.0,13317.25,0,,-110.27350637523998,1.259847383811932,0,397.6842979567289,,437.4527277524018,TRAILING_DART,397.6842979567289,4772.211575480747,-57.580341551282245,0.0,55.0,27.5,0,3.0,제외,0.0,NEUTRAL,1.0,추천사유미확인,EPS스크래핑
717,717,2026-05-09,하이트진로,000080,KS,음료,17070.0,18479.95,0,,-34.213042226692494,1.3203913246134162,0,586.2702345669895,1526.0,1526.0,TRAILING_DART,586.2702345669895,7035.242814803874,-58.7859237562749,0.0,55.0,27.5,0,3.0,제외,0.0,NEUTRAL,1.0,추천사유미확인,EPS스크래핑
718,718,2026-05-09,SPC삼립,005610,KS,식품,47750.0,52242.0,0,,-199.89212026507332,1.02065546681355,0,1626.502234265835,,1789.1524576924187,TRAILING_DART,1626.502234265835,19518.026811190022,-59.12455118075388,0.0,55.0,27.5,0,3.0,제외,0.0,NEUTRAL,1.0,추천사유미확인,EPS스크래핑
719,719,2026-05-09,드림텍,192650,KS,핸드셋,6590.0,6809.8,0,,-2.6656868530313886,1.468807619089625,0,192.0530053708924,,211.25830590798168,TRAILING_DART,192.0530053708924,2304.636064450709,-65.02828430272065,0.0,55.0,27.5,0,3.0,제외,0.0,NEUTRAL,1.0,추천사유미확인,EPS스크래핑
720,720,2026-05-09,디어유,376300,KQ,양방향미디어와서비스,29000.0,39642.0,0,,-239.7952159832828,1.1511684105733204,0,784.8114327895479,1808.0,1808.0,TRAILING_DART,784.8114327895479,9417.737193474575,-67.5250441604325,0.0,55.0,27.5,0,3.0,제외,0.0,NEUTRAL,1.0,추천사유미확인,EPS스크래핑
721,721,2026-05-09,유한양행,000100,KS,제약,86600.0,110869.0,0,,-663.9613093282223,1.342500759944975,0,2326.7367031808026,2025.0,2025.0,TRAILING_DART,2326.7367031808026,27920.84043816963,-67.75884475961936,0.0,55.0,27.5,0,3.0,제외,0.0,NEUTRAL,1.0,추천사유미확인,EPS스크래핑
722,722,2026-05-09,삼성바이오로직스,207940,KS,제약,1472000.0,1668667.981875,0,,-5754.009627329822,1.0671911864337535,0,38546.45502083118,39968.0,39968.0,TRAILING_DART,38546.45502083118,462557.46024997416,-68.57625949388762,0.0,55.0,27.5,0,3.0,제외,0.0,NEUTRAL,1.0,추천사유미확인,EPS스크래핑
723,723,2026-05-09,갤럭시아머니트리,094480,KQ,IT서비스,8150.0,9761.65,0,,-26.8157904072224,1.1800032308747537,0,208.9705359986447,,229.8675895985092,TRAILING_DART,208.9705359986447,2507.6464319837364,-69.23133212289893,0.0,55.0,27.5,0,3.0,제외,0.0,NEUTRAL,1.0,추천사유미확인,EPS스크래핑
724,724,2026-05-09,컴투스,078340,KQ,게임엔터테인먼트,31200.0,34643.5,0,,-207.31280559464847,1.4519142545081936,0,774.4168606006643,2913.0,2913.0,TRAILING_DART,774.4168606006643,9293.002327207972,-70.21473613074367,0.0,55.0,27.5,0,3.0,제외,0.0,NEUTRAL,1.0,추천사유미확인,EPS스크래핑
725,725,2026-05-09,나이벡,138610,KQ,건강관리장비와용품,23950.0,31911.5,0,,-230.0450581636727,1.044563907884949,0,408.3453493567309,,449.179884292404,TRAILING_DART,408.3453493567309,4900.144192280771,-79.54010775665648,0.0,55.0,27.5,0,3.0,제외,0.0,NEUTRAL,1.0,추천사유미확인,EPS스크래핑
726,726,2026-05-09,셀트리온제약,068760,KQ,제약,53700.0,58985.33328125,0,,-165.6434525783459,1.3097973013077355,0,872.7401740971623,,960.0141915068784,TRAILING_DART,872.7401740971623,10472.882089165947,-80.4974262771584,0.0,55.0,27.5,0,3.0,제외,0.0,NEUTRAL,1.0,추천사유미확인,EPS스크래핑
727,727,2026-05-09,신성델타테크,065350,KQ,가정용기기와용품,55900.0,61113.0,0,,-221.4282272134076,1.4257721820543063,0,880.7698909559864,,968.8468800515852,TRAILING_DART,880.7698909559864,10569.238691471837,-81.0925962585477,0.0,55.0,27.5,0,3.0,제외,0.0,NEUTRAL,1.0,추천사유미확인,EPS스크래핑
728,728,2026-05-09,바이넥스,053030,KQ,제약,10560.0,14819.9,0,,-37.880584199925465,1.065542077609359,0,-100.63743777266242,,-110.70118154992868,TRAILING_DART,-100.63743777266242,-1207.649253271949,-111.43607247416618,0.0,55.0,27.5,1,3.0,제외,0.0,NEUTRAL,1.0,추천사유미확인,EPS스크래핑
729,729,2026-05-09,인벤티지랩,389470,KQ,제약,54000.0,61393.0,0,,-127.78092918965284,1.0010426422655143,0,-1198.3313724198003,,-1318.1645096617806,TRAILING_DART,-1198.3313724198003,-14379.976469037603,-126.62958605377335,0.0,55.0,27.5,1,3.0,제외,0.0,NEUTRAL,1.0,추천사유미확인,EPS스크래핑
730,730,2026-05-09,그래피,318060,KQ,건강관리장비와용품,31200.0,,0,,-639.7915762057728,1.3324883854834173,0,-1048.7144380229763,,-1153.585881825274,TRAILING_DART,-1048.7144380229763,-12584.573256275715,-140.3351706931914,0.0,55.0,27.5,1,3.0,제외,0.0,NEUTRAL,1.0,추천사유미확인,EPS스크래핑
731,731,2026-05-09,알지노믹스,476830,KQ,생물공학,171000.0,,0,,-3250.3975570391785,1.1063660345187922,0,-7450.241896312589,,-8195.26608594385,TRAILING_DART,-7450.241896312589,-89402.90275575107,-152.28239927236905,0.0,55.0,27.5,1,3.0,제외,0.0,NEUTRAL,1.0,추천사유미확인,EPS스크래핑
732,732,2026-05-09,이뮨온시아,424870,KQ,제약,6480.0,7958.15,0,,-30.593526404091165,1.1073237409247887,0,-367.9616951542396,,-404.7578646696636,TRAILING_DART,-367.9616951542396,-4415.540341850875,-168.1410546581925,0.0,55.0,27.5,1,3.0,제외,0.0,NEUTRAL,1.0,추천사유미확인,EPS스크래핑
733,733,2026-05-09,KISCO홀딩스,001940,KS,철강,24950.0,25688.5,0,,-308.50214455671363,1.4443344068497104,0,-1636.0787873914214,,-1799.6866661305637,TRAILING_DART,-1636.0787873914214,-19632.945448697057,-178.68916011501827,0.0,55.0,27.5,1,3.0,제외,0.0,NEUTRAL,1.0,추천사유미확인,EPS스크래핑
734,734,2026-05-09,녹십자홀딩스,005250,KS,제약,13500.0,15414.65,0,,-61.556216807266615,1.2220719135973752,0,-889.2431566287554,,-978.167472291631,TRAILING_DART,-889.2431566287554,-10670.917879545064,-179.04383614477825,0.0,55.0,27.5,1,3.0,제외,0.0,NEUTRAL,1.0,추천사유미확인,EPS스크래핑
735,735,2026-05-09,유니슨,018000,KQ,에너지장비및서비스,1203.0,1213.04,0,,-21.369618126172256,1.1104281924654835,0,-84.44266485730596,,-92.88693134303657,TRAILING_DART,-84.44266485730596,-1013.3119782876715,-184.23208464569174,0.0,55.0,27.5,1,3.0,제외,0.0,NEUTRAL,1.0,추천사유미확인,EPS스크래핑
736,736,2026-05-09,한스바이오메드,042520,KQ,건강관리장비와용품,25200.0,26859.55,0,,-459.7890012578546,1.273349902297386,0,-2249.091855430128,,-2474.001040973141,TRAILING_DART,-2249.091855430128,-26989.102265161535,-207.0996121633394,0.0,55.0,27.5,1,3.0,제외,0.0,NEUTRAL,1.0,추천사유미확인,EPS스크래핑
737,737,2026-05-09,카카오게임즈,293490,KQ,게임엔터테인먼트,11610.0,15197.3,0,,-35.22184444005404,1.3395420931239628,0,-1593.6024024147573,-111.0,-111.0,TRAILING_DART,-1593.6024024147573,-19123.228828977088,-264.7134266061765,0.0,55.0,27.5,1,3.0,제외,0.0,NEUTRAL,1.0,추천사유미확인,EPS스크래핑
738,738,2026-05-09,바이오노트,377740,KS,건강관리장비와용품,4985.0,5494.225,0,,-2.053524523412875,1.178633280163348,0,-860.1325936106355,,-946.1458529716992,TRAILING_DART,-860.1325936106355,-10321.591123327626,-307.05298141078487,0.0,55.0,27.5,1,3.0,제외,0.0,NEUTRAL,1.0,추천사유미확인,EPS스크래핑
739,739,2026-05-09,아시아나항공,020560,KS,항공사,7060.0,8303.05,0,,-3.6447026559575626,1.4262430941184896,0,-1419.9696119841055,,-1561.9665731825162,TRAILING_DART,-1419.9696119841055,-17039.635343809266,-341.3546082692531,0.0,55.0,27.5,1,3.0,제외,0.0,NEUTRAL,1.0,추천사유미확인,EPS스크래핑
740,740,2026-05-09,종근당,185750,KS,제약,82800.0,85315.0,0,,-632.8791355918896,0.8496415316674559,0,5638.483010958662,5216.0,5216.0,TRAILING_DART,5638.483010958662,67661.79613150394,-18.282854913642577,4.292862715893563,50.0,27.14643135794678,0,3.0,제외,0.0,NEUTRAL,1.0,추천사유미확인,EPS스크래핑
741,741,2026-05-09,한일시멘트,300720,KS,건축자재,16880.0,18172.4,0,,-38.720044422239575,0.3753815681662605,0,1103.2930256952563,,1213.622328264782,TRAILING_DART,1103.2930256952563,13239.516308343076,-21.566846514555237,0.0,50.0,25.0,0,3.0,제외,0.0,NEUTRAL,1.0,추천사유미확인,EPS스크래핑
742,742,2026-05-09,풍산,103140,KS,비철금속,95000.0,115337.0,0,,-362.79165312003033,0.675832934723531,0,5251.319385213064,8676.0,8676.0,TRAILING_DART,5251.319385213064,63015.83262255677,-33.66754460783498,0.0,50.0,25.0,0,3.0,제외,0.0,NEUTRAL,1.0,추천사유미확인,EPS스크래핑
743,743,2026-05-09,한글과컴퓨터,030520,KQ,소프트웨어,20050.0,23671.2,0,,-70.91342983442118,0.7593129939256406,0,1016.4595808375803,,1118.1055389213386,TRAILING_DART,1016.4595808375803,12197.514970050965,-39.164513865082476,0.0,50.0,25.0,0,3.0,제외,0.0,NEUTRAL,1.0,추천사유미확인,EPS스크래핑
744,744,2026-05-09,케이뱅크,279570,KS,은행,5950.0,,0,,-4.409965176348464,0.7493073836394781,0,277.57048543082044,,305.3275339739025,TRAILING_DART,277.57048543082044,3330.8458251698453,-44.01939789630512,0.0,50.0,25.0,0,3.0,제외,0.0,NEUTRAL,1.0,추천사유미확인,EPS스크래핑
745,745,2026-05-09,한미사이언스,008930,KS,제약,37100.0,40115.25,0,,-230.32846102750705,0.812591448786251,0,1721.1074393547156,,1893.2181832901872,TRAILING_DART,1721.1074393547156,20653.28927225659,-44.330756678553676,0.0,50.0,25.0,0,3.0,제외,0.0,NEUTRAL,1.0,추천사유미확인,EPS스크래핑
746,746,2026-05-09,신대양제지,016590,KS,포장재,12020.0,12621.85,0,,-133.60354649831316,0.2534631958446678,0,552.6959035501176,,607.9654939051294,TRAILING_DART,552.6959035501176,6632.3508426014105,-44.82237235772537,0.0,50.0,25.0,0,3.0,제외,0.0,NEUTRAL,1.0,추천사유미확인,EPS스크래핑
747,747,2026-05-09,엠앤씨솔루션,484870,KS,우주항공과국방,109000.0,153776.0,0,,-377.09919084752255,0.5088269668450514,0,4980.139806749036,,5478.15378742394,TRAILING_DART,4980.139806749036,59761.67768098843,-45.17277276973538,0.0,50.0,25.0,0,3.0,제외,0.0,NEUTRAL,1.0,추천사유미확인,EPS스크래핑
748,748,2026-05-09,골프존,215000,KQ,"호텔,레스토랑,레저",49900.0,58373.5,0,,-100.55308049604892,0.6278701709778689,0,2049.586797367186,,2254.545477103905,TRAILING_DART,2049.586797367186,24595.04156840623,-50.711339542272086,0.0,50.0,25.0,0,3.0,제외,0.0,NEUTRAL,1.0,추천사유미확인,EPS스크래핑
749,749,2026-05-09,애경산업,018250,KS,화장품,14420.0,14708.15,0,,-107.68594600964806,0.4451400466507131,0,572.7580544215652,,630.0338598637218,TRAILING_DART,572.7580544215652,6873.096653058783,-52.336361629273355,0.0,50.0,25.0,0,3.0,제외,0.0,NEUTRAL,1.0,추천사유미확인,EPS스크래핑
750,750,2026-05-09,아세아시멘트,183190,KS,건축자재,11560.0,12414.8,0,,-8.336181107862444,0.4062789284341591,0,450.1711315059365,,495.1882446565302,TRAILING_DART,450.1711315059365,5402.053578071238,-53.26943271564672,0.0,50.0,25.0,0,3.0,제외,0.0,NEUTRAL,1.0,추천사유미확인,EPS스크래핑
751,751,2026-05-09,SNT다이내믹스,003570,KS,자동차부품,52700.0,54213.5,0,,-465.0157714028651,0.7858118751201112,0,1851.72758949447,,2036.9003484439168,TRAILING_DART,1851.72758949447,22220.73107393364,-57.835424907146795,0.0,50.0,25.0,0,3.0,제외,0.0,NEUTRAL,1.0,추천사유미확인,EPS스크래핑
752,752,2026-05-09,SK바이오팜,326030,KS,제약,99400.0,110572.5,0,,-325.4921612987792,0.9803883392687792,0,3233.8569478217287,3458.0,3458.0,TRAILING_DART,3233.8569478217287,38806.283373860744,-60.959473466940906,0.0,50.0,25.0,0,3.0,제외,0.0,NEUTRAL,1.0,추천사유미확인,EPS스크래핑
753,753,2026-05-09,제주은행,006220,KS,은행,12240.0,13562.5,0,,-55.42280896632303,0.7366082779977255,0,368.5325871037881,,405.3858458141669,TRAILING_DART,368.5325871037881,4422.3910452454575,-63.869354205510966,0.0,50.0,25.0,0,3.0,제외,0.0,NEUTRAL,1.0,추천사유미확인,EPS스크래핑
754,754,2026-05-09,삼양바이오팜,0120G0,KS,건강관리장비와용품,72000.0,,0,,-212.84707723013435,0.5337843563741137,0,,,2047.1,FORWARD_AUTO,2047.1,24565.199999999997,-65.88166666666667,0.0,50.0,25.0,0,3.0,제외,0.0,NEUTRAL,1.0,추천사유미확인,EPS스크래핑
755,755,2026-05-09,조광피혁,004700,KS,"섬유,의류,신발,호화품",67300.0,67807.5,0,,-152.00640289905667,0.7366006696369725,0,1735.7999430903676,,1909.3799373994043,TRAILING_DART,1735.7999430903676,20829.599317084412,-69.04962954370815,0.0,50.0,25.0,0,3.0,제외,0.0,NEUTRAL,1.0,추천사유미확인,EPS스크래핑
756,756,2026-05-09,아스테라시스,450950,KQ,건강관리장비와용품,11100.0,12382.5,0,,-49.70912836117749,0.5888527035378673,0,244.77274657915925,444.0,444.0,TRAILING_DART,244.77274657915925,2937.272958949911,-73.5380814509017,0.0,50.0,25.0,0,3.0,제외,0.0,NEUTRAL,1.0,추천사유미확인,EPS스크래핑
757,757,2026-05-09,메쥬,0088M0,KQ,건강관리장비와용품,32150.0,,0,,-856.3782099258788,0.7740258447436171,0,,,457.6,FORWARD_AUTO,457.6,5491.200000000001,-82.92006220839814,0.0,50.0,25.0,0,3.0,제외,0.0,NEUTRAL,1.0,추천사유미확인,EPS스크래핑
758,758,2026-05-09,시노펙스,025320,KQ,핸드셋,5650.0,6328.840483398438,0,,-42.09827458320339,0.926512094482917,0,77.71876216401493,,85.49063838041643,TRAILING_DART,77.71876216401493,932.6251459681791,-83.49336024835081,0.0,50.0,25.0,0,3.0,제외,0.0,NEUTRAL,1.0,추천사유미확인,EPS스크래핑
759,759,2026-05-09,엠로,058970,KQ,소프트웨어,26700.0,38575.5,0,,-98.15383033220188,0.5995933196153886,0,205.0812151764952,,225.58933669414472,TRAILING_DART,205.0812151764952,2460.974582117942,-90.78286673364066,0.0,50.0,25.0,0,3.0,제외,0.0,NEUTRAL,1.0,추천사유미확인,EPS스크래핑
760,760,2026-05-09,율촌화학,008730,KS,포장재,24300.0,29031.5,0,,-315.0653472207485,0.9511099961426704,0,167.94407262096777,,184.73847988306457,TRAILING_DART,167.94407262096777,2015.3288714516134,-91.70646554958184,0.0,50.0,25.0,0,3.0,제외,0.0,NEUTRAL,1.0,추천사유미확인,EPS스크래핑
761,761,2026-05-09,바이오니아,064550,KQ,생물공학,9940.0,13203.05,0,,-79.30935582159717,0.7116490987566477,0,66.13643147223718,,72.7500746194609,TRAILING_DART,66.13643147223718,793.6371776668461,-92.01572255868365,0.0,50.0,25.0,0,3.0,제외,0.0,NEUTRAL,1.0,추천사유미확인,EPS스크래핑
762,762,2026-05-09,바이오다인,314930,KQ,건강관리장비와용품,11480.0,13646.7,0,,-86.70846013565244,0.7329740730357495,0,28.61143569487043,,31.47257926435748,TRAILING_DART,28.61143569487043,343.33722833844513,-97.0092575928707,0.0,50.0,25.0,0,3.0,제외,0.0,NEUTRAL,1.0,추천사유미확인,EPS스크래핑
763,763,2026-05-09,에임드바이오,0009K0,KQ,생물공학,44100.0,,0,,-259.5876797123444,0.7045469028217162,0,,,101.2,FORWARD_AUTO,101.2,1214.4,-97.24625850340136,0.0,50.0,25.0,0,3.0,제외,0.0,NEUTRAL,1.0,추천사유미확인,EPS스크래핑
764,764,2026-05-09,프레스티지바이오파마,950210,KS,제약,8000.0,12350.8,0,,-107.59801997166142,0.9731981287756314,0,0.0494923344097471,,0.0544415678507218,TRAILING_DART,0.0494923344097471,0.5939080129169653,-99.99257614983854,0.0,50.0,25.0,0,3.0,제외,0.0,NEUTRAL,1.0,추천사유미확인,EPS스크래핑
765,765,2026-05-09,넥스트바이오메디컬,389650,KQ,건강관리장비와용품,55800.0,69495.75,0,,-307.14205740502894,0.7758166125496073,0,-37.919043121759614,-509.0,-509.0,TRAILING_DART,-37.919043121759614,-455.02851746111537,-100.81546329294106,0.0,50.0,25.0,1,3.0,제외,0.0,NEUTRAL,1.0,추천사유미확인,EPS스크래핑
766,766,2026-05-09,네이처셀,007390,KQ,생물공학,19070.0,22329.15,0,,-138.2911463063585,0.6436035839691818,0,-44.04914025371531,,-48.45405427908684,TRAILING_DART,-44.04914025371531,-528.5896830445837,-102.77183892524691,0.0,50.0,25.0,1,3.0,제외,0.0,NEUTRAL,1.0,추천사유미확인,EPS스크래핑
767,767,2026-05-09,안트로젠,065660,KQ,제약,32750.0,32784.5,0,,-310.16000165449736,0.5070448887526051,0,-137.3005968359301,,-151.03065651952312,TRAILING_DART,-137.3005968359301,-1647.6071620311611,-105.03086156345394,0.0,50.0,25.0,1,3.0,제외,0.0,NEUTRAL,1.0,추천사유미확인,EPS스크래핑
768,768,2026-05-09,에이비엘바이오,298380,KQ,생물공학,130100.0,144184.5,0,,-2155.7295291641917,0.7726857040264553,0,-676.5353762502151,-3830.0,-3830.0,TRAILING_DART,-676.5353762502151,-8118.424515002582,-106.24014182552082,0.0,50.0,25.0,1,3.0,제외,0.0,NEUTRAL,1.0,추천사유미확인,EPS스크래핑
769,769,2026-05-09,디앤디파마텍,347850,KQ,생물공학,70800.0,120554.125,0,,-859.7765664407826,0.7740337297086046,0,-547.4293430254446,,-602.1722773279891,TRAILING_DART,-547.4293430254446,-6569.152116305335,-109.27846344110922,0.0,50.0,25.0,1,3.0,제외,0.0,NEUTRAL,1.0,추천사유미확인,EPS스크래핑
770,770,2026-05-09,비츠로넥스텍,488900,KQ,우주항공과국방,18400.0,,0,,-149.0181753273313,0.6857096668238113,0,-227.6582010773372,,-250.42402118507093,TRAILING_DART,-227.6582010773372,-2731.898412928046,-114.84727398330459,0.0,50.0,25.0,1,3.0,제외,0.0,NEUTRAL,1.0,추천사유미확인,EPS스크래핑
771,771,2026-05-09,아크릴,0007C0,KQ,IT서비스,35900.0,,0,,-134.3873211069366,0.3695800377444904,0,,,-525.8000000000001,FORWARD_AUTO,-525.8000000000001,-6309.6,-117.57548746518106,0.0,50.0,25.0,1,3.0,제외,0.0,NEUTRAL,1.0,추천사유미확인,EPS스크래핑
772,772,2026-05-09,프로티나,468530,KQ,생물공학,51700.0,,0,,-526.925522619721,0.8823129995991936,0,-823.7989096373868,,-906.1788006011255,TRAILING_DART,-823.7989096373868,-9885.586915648642,-119.12105786392387,0.0,50.0,25.0,1,3.0,제외,0.0,NEUTRAL,1.0,추천사유미확인,EPS스크래핑
773,773,2026-05-09,삼성에피스홀딩스,0126Z0,KS,제약,530000.0,,0,,-5461.232601130252,0.7918777601549156,0,,,-8583.300000000001,FORWARD_AUTO,-8583.300000000001,-102999.6,-119.43388679245284,0.0,50.0,25.0,1,3.0,제외,0.0,NEUTRAL,1.0,추천사유미확인,EPS스크래핑
774,774,2026-05-09,씨엠티엑스,388210,KQ,반도체와반도체장비,133500.0,,0,,-2035.0414494723177,0.6489856928015358,0,-2248.159868155967,7139.0,7139.0,TRAILING_DART,-2248.159868155967,-26977.918417871606,-120.208178590166,0.0,50.0,25.0,1,3.0,제외,0.0,NEUTRAL,1.0,추천사유미확인,EPS스크래핑
775,775,2026-05-09,SK바이오사이언스,302440,KS,제약,42300.0,48105.5,0,,-121.67088849411248,0.8306385987072812,0,-715.9785644928857,,-787.5764209421743,TRAILING_DART,-715.9785644928857,-8591.742773914628,-120.31144863809604,0.0,50.0,25.0,1,3.0,제외,0.0,NEUTRAL,1.0,추천사유미확인,EPS스크래핑
776,776,2026-05-09,나라스페이스테크놀로지,478340,KQ,우주항공과국방,32950.0,,0,,-142.96493752375864,0.5774207747008193,0,-665.7992930389156,,-732.3792223428072,TRAILING_DART,-665.7992930389156,-7989.591516466988,-124.24762220475564,0.0,50.0,25.0,1,3.0,제외,0.0,NEUTRAL,1.0,추천사유미확인,EPS스크래핑
777,777,2026-05-09,인투셀,287840,KQ,제약,34400.0,44642.0,0,,-581.8193624809232,0.8283416009567736,0,-705.8645347211682,,-776.4509881932851,TRAILING_DART,-705.8645347211682,-8470.374416654018,-124.62318144376168,0.0,50.0,25.0,1,3.0,제외,0.0,NEUTRAL,1.0,추천사유미확인,EPS스크래핑
778,778,2026-05-09,지노믹트리,228760,KQ,건강관리장비와용품,15660.0,21069.7,0,,-147.133949298064,0.9476767465313602,0,-367.0689056712279,,-403.7757962383507,TRAILING_DART,-367.0689056712279,-4404.826868054735,-128.1278854920481,0.0,50.0,25.0,1,3.0,제외,0.0,NEUTRAL,1.0,추천사유미확인,EPS스크래핑
779,779,2026-05-09,솔트룩스,304100,KQ,IT서비스,22100.0,29199.9,0,,-209.4103147193212,0.8927860268082474,0,-952.7149054836664,,-1047.986396032033,TRAILING_DART,-952.7149054836664,-11432.578865803996,-151.73112608961085,0.0,50.0,25.0,1,3.0,제외,0.0,NEUTRAL,1.0,추천사유미확인,EPS스크래핑
780,780,2026-05-09,스맥,099440,KQ,기계,4095.0,4931.225,0,,-9.679238626863397,0.7717509975496348,0,-314.9671561323577,,-346.46387174559345,TRAILING_DART,-314.9671561323577,-3779.605873588292,-192.29806773109382,0.0,50.0,25.0,1,3.0,제외,0.0,NEUTRAL,1.0,추천사유미확인,EPS스크래핑
781,781,2026-05-09,넥슨게임즈,225570,KQ,게임엔터테인먼트,11220.0,12871.7,0,,-104.03105383620382,0.6739318542896051,0,-938.6532259389415,,-1032.518548532836,TRAILING_DART,-938.6532259389415,-11263.838711267299,-200.39071935175846,0.0,50.0,25.0,1,3.0,제외,0.0,NEUTRAL,1.0,추천사유미확인,EPS스크래핑
782,782,2026-05-09,동아에스티,170900,KS,제약,43250.0,47013.4166015625,0,,-204.0887206562969,0.6188789018009814,0,-3866.3649482993055,,-4253.001443129237,TRAILING_DART,-3866.3649482993055,-46396.379379591664,-207.27486561755296,0.0,50.0,25.0,1,3.0,제외,0.0,NEUTRAL,1.0,추천사유미확인,EPS스크래핑
783,783,2026-05-09,다날,064260,KQ,IT서비스,7260.0,7938.65,0,,-49.27343035314272,0.2532714756931181,0,-903.7482866552052,,-994.1231153207258,TRAILING_DART,-903.7482866552052,-10844.979439862462,-249.37988209176947,0.0,50.0,25.0,1,3.0,제외,0.0,NEUTRAL,1.0,추천사유미확인,EPS스크래핑
784,784,2026-05-09,카나프테라퓨틱스,0082N0,KQ,제약,31600.0,,0,,-318.85697219659323,0.5280740505029726,0,,,-3982.000000000001,FORWARD_AUTO,-3982.000000000001,-47784.000000000015,-251.21518987341778,0.0,50.0,25.0,1,3.0,제외,0.0,NEUTRAL,1.0,추천사유미확인,EPS스크래핑
785,785,2026-05-09,HLB생명과학,067630,KQ,건강관리장비와용품,3990.0,4050.15,0,,-52.90034435930357,0.8944593202235919,0,-819.7732725227014,,-901.7505997749716,TRAILING_DART,-819.7732725227014,-9837.279270272416,-346.5483526384064,0.0,50.0,25.0,1,3.0,제외,0.0,NEUTRAL,1.0,추천사유미확인,EPS스크래핑
786,786,2026-05-09,대상,001680,KS,식품,20150.0,21686.15,0,,-78.12525542848005,0.8496102496413716,0,-8747.655523799696,,-9622.421076179668,TRAILING_DART,-8747.655523799696,-104971.86628559636,-620.9521900029596,0.0,50.0,25.0,1,3.0,제외,0.0,NEUTRAL,1.0,추천사유미확인,EPS스크래핑
787,787,2026-05-09,에스디바이오센서,137310,KS,건강관리장비와용품,7950.0,9194.25,0,,-77.23647633819505,0.8668855891149713,0,-4251.697128762084,,-4676.8668416382925,TRAILING_DART,-4251.697128762084,-51020.365545145,-741.7656043414465,0.0,50.0,25.0,1,3.0,제외,0.0,NEUTRAL,1.0,추천사유미확인,EPS스크래핑
788,788,2026-05-09,삼양사,145990,KS,식품,46200.0,49686.0,0,,-132.6594517139079,0.7145055596904256,0,-29317.37433355224,,-32249.111766907467,TRAILING_DART,-29317.37433355224,-351808.4920026269,-861.4902424299285,0.0,50.0,25.0,1,3.0,제외,0.0,NEUTRAL,1.0,추천사유미확인,EPS스크래핑
