기준일,종목명,종목코드,시장,섹터그룹,종가,20일이평,60일이평,120일이평,200일이평,200일선상단여부,RSI14,MACD히스토그램,거래량비율20일,20일돌파,5일수익률(%),20일수익률(%),후행EPS(DART),컨센서스EPS(스크랩),자동선행EPS,원본EPS출처,EPS소스,수동선행EPS,모델EPS,현재PER,적정주가_기준,상승여력(%),밸류점수,기술점수,시장상태,레짐비중배수,date,market_regime,regime_weight_multiplier,sector_group
2026-05-06,삼성전자,005930,KS,반도체와반도체장비,266000.0,217775.0,196505.83333333334,158892.08333333334,126907.0,1,75.4591868164917,2920.4523581806316,2.3656634889863533,1,18.485523385300674,37.75245986535474,7732.577940801414,36464.0,36464.0,DART|DAILY_DISC,TRAILING_DART,,7732.577940801414,34.39991190989941,92790.93528961697,-65.1161897407455,5.0,91.449199549949,BULL,1.0,2026-05-06,BULL,1.0,반도체와반도체장비
2026-05-06,SK하이닉스,000660,KS,반도체와반도체장비,1601000.0,1190750.0,1015916.6666666666,831000.0,636167.5,1,83.57470222867909,32920.02239043372,1.8417497931119533,1,23.91640866873066,80.6997742663657,60260.64190203718,224066.0,224066.0,DART|DAILY_DISC,TRAILING_DART,,60260.64190203718,26.56792144037676,723127.7028244461,-54.83274810590593,5.0,87.40170300237678,BULL,1.0,2026-05-06,BULL,1.0,반도체와반도체장비
2026-05-06,현대차,005380,KS,자동차,550000.0,521200.0,516008.3333333333,427516.6666666667,346677.5,1,57.349207246532494,2527.567134545481,1.757613503888596,0,4.961832061068705,17.27078891257996,50619.69175811383,40715.0,40715.0,DART|DAILY_DISC,TRAILING_DART,,50619.69175811383,10.865336806635936,607436.301097366,10.442963835884722,46.78792649332507,73.01248781960028,BULL,1.0,2026-05-06,BULL,1.0,자동차
2026-05-06,LG에너지솔루션,373220,KS,전기제품,482000.0,442675.0,407916.6666666667,410683.3333333333,398662.5,1,64.1739035127253,2028.7242807026742,1.3124541201372635,0,3.87931034482758,16.848484848484844,345.3119658119658,-416.0,-416.0,DART|DAILY_DISC,TRAILING_DART,,345.3119658119658,1395.8392633936858,4143.74358974359,-99.14030215980424,5.0,77.2283816014702,BULL,1.0,2026-05-06,BULL,1.0,전기제품
2026-05-06,SK스퀘어,402340,KS,복합기업,1089000.0,720250.0,613316.6666666666,487591.6666666667,368377.5,1,88.39265590339754,35847.987807985744,2.9989275042275083,1,38.02281368821292,123.61396303901438,66829.3639178036,187971.0,187971.0,DART,TRAILING_DART,,66829.3639178036,16.29523215781927,801952.3670136431,-26.35882763878392,16.936025816064067,89.14548003450088,BULL,1.0,2026-05-06,BULL,1.0,복합기업
2026-05-06,삼성바이오로직스,207940,KS,제약,1480000.0,1547850.0,1607383.3333333333,1691113.709375,1670096.734375,0,38.03150543069084,-7211.970936190748,1.9510406822962918,0,-1.9218025182239917,-4.8231511254019255,38546.45502083118,39968.0,39968.0,DART,TRAILING_DART,,38546.45502083118,38.39522983890949,462557.46024997416,-68.74611755067743,5.0,20.702608343126514,BULL,1.0,2026-05-06,BULL,1.0,제약
2026-05-06,한화에어로스페이스,012450,KS,우주항공과국방,1433000.0,1459350.0,1364566.6666666667,1194058.3333333333,1096820.0,1,50.74529564075847,-6530.852441578254,0.8954873101206551,0,-1.4442916093535096,-1.172413793103444,42704.38030261037,46112.0,46112.0,DART|DAILY_DISC,TRAILING_DART,,42704.38030261037,33.55627665933852,512452.56363132445,-64.23917909062635,5.0,65.62592958280844,BULL,1.0,2026-05-06,BULL,1.0,우주항공과국방
2026-05-06,두산에너빌리티,034020,KS,기계,127000.0,113915.0,103930.0,92773.33333333333,82943.5,1,69.83187335275701,1267.4690598051884,1.0455982758528886,0,-1.4740108611326574,32.706374085684416,320.2863634192387,512.0,512.0,DART,TRAILING_DART,,320.2863634192387,396.5201597851464,3843.436361030864,-96.97367215666861,5.0,76.11161356369968,BULL,1.0,2026-05-06,BULL,1.0,기계
2026-05-06,기아,000270,KS,자동차,154600.0,154470.0,161116.66666666666,145065.83333333334,129205.5,1,48.57442932719901,154.9239522789992,1.171089107525716,0,1.3106159895150737,1.978891820580464,19349.186729689773,21385.0,21385.0,DART|DAILY_DISC,TRAILING_DART,,19349.186729689773,7.989999898175499,232190.2407562773,50.18773658232683,72.62202877851243,54.43975286199727,BULL,1.0,2026-05-06,BULL,1.0,자동차
2026-05-06,KB금융,105560,KS,은행,158900.0,157930.0,154576.66666666666,141377.5,130459.5,1,55.00573387005051,-205.22559684566113,1.7913342018747433,0,0.9529860228716602,7.437457741717379,15665.033853854356,16924.0,16924.0,DART|DAILY_DISC,TRAILING_DART,,15665.033853854356,10.143610379807951,187980.40624625227,18.301073786187704,51.89569796102201,68.24459443255498,BULL,1.0,2026-05-06,BULL,1.0,은행
2026-05-06,HD현대중공업,329180,KS,조선,648000.0,571000.0,555625.0,559404.1666666666,532940.0,1,63.62790946640672,12894.160545412822,1.3267910445832547,0,-3.714710252600295,37.579617834394895,13485.785488879346,25210.0,25210.0,DART|DAILY_DISC,TRAILING_DART,,13485.785488879346,48.05059375550308,161829.42586655216,-75.02632316874195,5.0,78.0775012902177,BULL,1.0,2026-05-06,BULL,1.0,조선
2026-05-06,삼성전기,009150,KS,전자장비와기기,912000.0,704200.0,503166.6666666667,380904.1666666667,299786.0,1,82.81919840770834,14575.977748644655,1.7805508039554205,0,14.86146095717884,97.40259740259741,9786.495465668211,14602.0,14602.0,DART|DAILY_DISC,TRAILING_DART,,9786.495465668211,93.18964109260226,117437.94558801854,-87.12303228201552,5.0,77.34942585265149,BULL,1.0,2026-05-06,BULL,1.0,전자장비와기기
2026-05-06,삼성생명,032830,KS,생명보험,298000.0,249950.0,227428.33333333334,194599.16666666666,174650.0,1,74.18162989365922,2486.832092316745,2.199080768850041,1,19.199999999999996,31.85840707964602,12257.575,12321.0,12321.0,DART,TRAILING_DART,,12257.575,24.311497176235918,147090.90000000002,-50.64063758389261,5.0,89.97509069356168,BULL,1.0,2026-05-06,BULL,1.0,생명보험
2026-05-06,삼성물산,028260,KS,복합기업,375500.0,307325.0,300141.6666666667,276983.3333333333,239945.5,1,72.78689457495155,4784.463989378046,4.593451097161967,1,20.352564102564095,39.332096474953616,24090.01117695868,15388.0,15388.0,DART,TRAILING_DART,,24090.01117695868,15.58737342385103,289080.13412350416,-23.014611418507545,19.862215008805897,89.81082344557163,BULL,1.0,2026-05-06,BULL,1.0,복합기업
2026-05-06,신한지주,055550,KS,은행,97300.0,98620.0,95796.66666666667,87508.33333333333,80337.5,1,49.66107310828987,-362.9680987639126,1.8081510503864988,0,-2.407221664994985,4.736275565123793,10712.045264448756,11394.0,11394.0,DART|DAILY_DISC,TRAILING_DART,,10712.045264448756,9.083232715877353,128544.54317338507,32.11155516278013,60.872510855807086,65.16736480727681,BULL,1.0,2026-05-06,BULL,1.0,은행
2026-05-06,셀트리온,068270,KS,제약,194700.0,202260.0,211050.0,202760.0,191546.0,1,40.94643624924229,-549.5725680502192,2.0999015965132934,0,-4.558823529411759,-0.5617977528089901,4647.615893683153,6378.0,6378.0,DART|DAILY_DISC,TRAILING_DART,,4647.615893683153,41.892446461556375,55771.390724197845,-71.35521791258456,5.0,36.16814032954491,BULL,1.0,2026-05-06,BULL,1.0,제약
2026-05-06,삼성SDI,006400,KS,전기제품,698000.0,576875.0,460575.0,384854.1666666667,319473.5,1,76.69419516220873,10600.58287486471,0.8700113006506404,0,9.921259842519682,53.914002205071654,-7257.821081948583,1135.0,1135.0,DART|DAILY_DISC,TRAILING_DART,,-7257.821081948583,-96.17211448433785,-87093.852983383,-112.47762936724686,5.0,74.74461383647018,BULL,1.0,2026-05-06,BULL,1.0,전기제품
2026-05-06,한화오션,042660,KS,조선,130200.0,129315.0,130203.33333333333,127348.33333333333,120160.25,1,50.44542178955528,216.83975300065458,0.9343550004332595,0,-2.4719101123595544,6.721311475409841,4066.145810218727,4475.0,4475.0,DART|DAILY_DISC,TRAILING_DART,,4066.145810218727,32.020494610102595,48793.74972262472,-62.52400174913616,5.0,49.697991978741875,BULL,1.0,2026-05-06,BULL,1.0,조선
2026-05-06,HD현대일렉트릭,267260,KS,전기장비,1389000.0,1124800.0,1007050.0,921858.3333333334,784217.5,1,76.26855155599065,24043.185397807276,1.6999552669804383,1,6.3552833078101,55.36912751677852,20301.646477729784,27050.0,27050.0,DART|DAILY_DISC,TRAILING_DART,,20301.646477729784,68.41809611470113,243619.75773275743,-82.460780580795,5.0,89.26475554869737,BULL,1.0,2026-05-06,BULL,1.0,전기장비
2026-05-06,미래에셋증권,006800,KS,증권,83800.0,68890.0,65366.9583984375,45684.96717122396,35762.93896484375,1,70.40362892192778,707.9877623905675,7.0116181030325455,1,21.97962154294033,32.59493670886076,2828.823607287122,3466.0,3466.0,DART|DAILY_DISC,TRAILING_DART,,2828.823607287122,29.62362155919834,33945.88328744546,-59.491786053167715,5.0,91.08500386461218,BULL,1.0,2026-05-06,BULL,1.0,증권
2026-05-06,현대모비스,012330,KS,자동차부품,432500.0,423150.0,424400.0,396787.5,359597.5,1,53.13757840697171,644.9053349028254,1.5436963951847356,0,0.0,11.325611325611318,40390.51770409755,47937.0,47937.0,DART|DAILY_DISC,TRAILING_DART,,40390.51770409755,10.707958812722117,484686.21244917053,12.06617628882556,47.84301458773661,65.02150566771328,BULL,1.0,2026-05-06,BULL,1.0,자동차부품
2026-05-06,고려아연,010130,KS,비철금속,1747000.0,1634350.0,1656716.6666666667,1512416.6666666667,1278130.0,1,61.07317306228552,4747.360511513492,1.7031284140960719,1,6.39464068209501,17.960837272113437,36901.76213513276,65142.0,65142.0,DART|DAILY_DISC,TRAILING_DART,,36901.76213513276,47.34191265995799,442821.1456215931,-74.65248164730434,5.0,78.65051037683097,BULL,1.0,2026-05-06,BULL,1.0,비철금속
2026-05-06,하나금융지주,086790,KS,은행,125500.0,122015.0,117496.66666666667,106375.83333333333,98603.0,1,61.68581930314554,274.07985881904096,1.4051126831505643,0,1.2096774193548487,11.654804270462638,14712.50913937596,15539.0,15539.0,DART|DAILY_DISC,TRAILING_DART,,14712.50913937596,8.53015612844154,176550.10967251152,40.677378225108775,66.44029584632071,71.2895459925843,BULL,1.0,2026-05-06,BULL,1.0,은행
2026-05-06,NAVER,035420,KS,양방향미디어와서비스,208000.0,210145.0,223366.66666666666,237637.5,238908.75,0,44.30857012217954,461.34992182205815,1.2781361215194333,0,-3.2558139534883734,5.691056910569103,11595.25484050195,13899.0,13899.0,DART|DAILY_DISC,TRAILING_DART,,11595.25484050195,17.938372451587778,139143.0580860234,-33.10429899710413,11.033738377533886,20.751785547578738,BULL,1.0,2026-05-06,BULL,1.0,양방향미디어와서비스
2026-05-06,POSCO홀딩스,005490,KS,철강,506000.0,408325.0,374700.0,348125.0,328290.0,1,82.10896009844596,11119.151468842632,1.2118313308333972,1,21.197604790419167,44.985673352435526,6365.393138701126,22435.0,22435.0,DART|DAILY_DISC,TRAILING_DART,,6365.393138701126,79.49234068883459,76384.71766441352,-84.9042059951752,5.0,84.60982200682102,BULL,1.0,2026-05-06,BULL,1.0,철강
2026-05-06,HD한국조선해양,009540,KS,조선,452500.0,430400.0,412783.3333333333,419220.8333333333,408325.0,1,57.65284729921163,3114.3435638865376,1.3363524755725777,0,-5.532359081419624,21.8034993270525,41377.22670003678,47566.0,47566.0,DART|DAILY_DISC,TRAILING_DART,,41377.22670003678,10.93596734455859,496526.7204004413,9.729661966948356,46.32428027851643,69.03569482744167,BULL,1.0,2026-05-06,BULL,1.0,조선
2026-05-06,한국전력,015760,KS,전기유틸리티,45050.0,44610.0,49479.166666666664,50776.25,45955.25,0,48.56391174251283,186.07790109149255,1.271192440467458,0,-1.7448200654307522,11.925465838509307,13500.219576928132,14016.0,14016.0,DART,TRAILING_DART,,13500.219576928132,3.3369827611537834,162002.63492313758,259.6062928371533,100.0,31.559731722926976,BULL,1.0,2026-05-06,BULL,1.0,전기유틸리티
2026-05-06,LS ELECTRIC,010120,KS,전기장비,315500.0,212060.0,168980.0,133634.16666666666,105086.5,1,91.12217885111689,11081.775623875652,1.3866850296551994,1,23.483365949119374,97.4342928660826,1895.0448878133327,3040.0,3040.0,DART,TRAILING_DART,,1895.0448878133327,166.48682151484616,22740.53865375999,-92.79222229674802,5.0,82.31109793481646,BULL,1.0,2026-05-06,BULL,1.0,전기장비
2026-05-06,효성중공업,298040,KS,전기장비,4597000.0,3347450.0,2828933.3333333335,2442475.0,2018960.0,1,84.89086713646805,126839.56267908018,1.8116783254173452,1,16.64552144125857,74.59172047094569,53926.22440948344,85605.0,85605.0,DART|DAILY_DISC,TRAILING_DART,,53926.22440948344,85.24609409131142,647114.6929138013,-85.92310870320206,5.0,86.77337322413466,BULL,1.0,2026-05-06,BULL,1.0,전기장비
2026-05-06,한미반도체,042700,KS,반도체와반도체장비,394500.0,312150.0,279070.0,211894.16666666666,168007.0,1,75.48840579857824,9629.616734278563,1.432593205593616,1,5.622489959839361,56.547619047619044,2245.3321653576354,,2469.865381893399,DART,TRAILING_DART,,2245.3321653576354,175.69783486229275,26943.985984291627,-93.1700922726764,5.0,88.13621028934635,BULL,1.0,2026-05-06,BULL,1.0,반도체와반도체장비
2026-05-06,SK,034730,KS,석유와가스,520000.0,388975.0,360391.6666666667,316391.6666666667,275490.5,1,85.50254144559169,12673.338305775425,3.4871497986769273,1,26.21359223300972,65.60509554140128,49036.04766294023,43752.0,43752.0,DART,TRAILING_DART,,49036.04766294023,10.604443563117714,588432.5719552828,13.160109991400537,48.55407149441035,90.1285108967302,BULL,1.0,2026-05-06,BULL,1.0,석유와가스
2026-05-06,우리금융지주,316140,KS,은행,32600.0,34207.5,34298.333333333336,31057.083333333332,28793.0,1,40.379970579928234,-270.76688837053354,2.315283755335332,0,-1.8072289156626509,0.6172839506172867,4396.692703559761,4486.0,4486.0,DART|DAILY_DISC,TRAILING_DART,,4396.692703559761,7.414664202846282,52760.31244271713,61.84144921078874,80.19694198701268,51.17321694528266,BULL,1.0,2026-05-06,BULL,1.0,은행
2026-05-06,삼성중공업,010140,KS,조선,31850.0,30417.5,28714.166666666668,27667.916666666668,25168.7,1,58.070746593405,128.36857290762669,1.112929064406322,0,-4.783258594917783,17.96296296296296,608.811062740909,1358.0,1358.0,DART|DAILY_DISC,TRAILING_DART,,608.811062740909,52.31508089982649,7305.732752890908,-77.06206357020123,5.0,76.07362492569128,BULL,1.0,2026-05-06,BULL,1.0,조선
2026-05-06,LG화학,051910,KS,화학,423500.0,374625.0,339666.6666666667,348154.1666666667,330842.5,1,68.81774236694758,4608.535527742475,1.1887076732907174,0,11.594202898550732,33.596214511041,-13840.920395573214,-3822.0,-3822.0,DART|DAILY_DISC,TRAILING_DART,,-13840.920395573214,-30.59767615854863,-166091.04474687856,-139.21866463916848,5.0,77.58779007614355,BULL,1.0,2026-05-06,BULL,1.0,화학
2026-05-06,한화시스템,272210,KS,우주항공과국방,122200.0,128515.0,127225.0,95273.33333333333,79280.25,1,44.813553651543856,-1432.8600179418013,1.4270911704669702,0,-3.0927835051546393,-4.2319749216300995,1107.0609349578194,1603.0,1603.0,DART|DAILY_DISC,TRAILING_DART,,1107.0609349578194,110.38236120639195,13284.731219493833,-89.12869785638803,5.0,53.77883943796843,BULL,1.0,2026-05-06,BULL,1.0,우주항공과국방
2026-05-06,현대로템,064350,KS,우주항공과국방,262000.0,228750.0,212315.0,204356.66666666666,204465.5,1,70.3254994981716,4635.526448935889,1.0295406502039433,0,13.41991341991342,24.17061611374407,7059.519988278054,8562.0,8562.0,DART|DAILY_DISC,TRAILING_DART,,7059.519988278054,37.113004911812226,84714.23985933665,-67.66632066437532,5.0,77.67367383336492,BULL,1.0,2026-05-06,BULL,1.0,우주항공과국방
2026-05-06,카카오,035720,KS,양방향미디어와서비스,46300.0,48182.5,51219.166666666664,55547.083333333336,57629.25,0,39.307771970265414,-42.46665880592582,2.0515619966086236,0,-4.4375644994840036,3.2329988851727887,1169.206374540987,1485.0,1485.0,DART,TRAILING_DART,,1169.206374540987,39.599510409936556,14030.476494491846,-69.69659504429406,5.0,19.917896438158806,BULL,1.0,2026-05-06,BULL,1.0,양방향미디어와서비스
2026-05-06,SK이노베이션,096770,KS,석유와가스,146700.0,131170.0,121770.0,116459.16666666667,114341.0,1,70.10302971512235,1723.7724628937358,1.8010060060979463,0,12.5,19.074675324675326,-32158.24770071228,995.0,995.0,DART,TRAILING_DART,,-32158.24770071228,-4.561815723459047,-385898.97240854736,-363.0531509260718,5.0,80.49832528356687,BULL,1.0,2026-05-06,BULL,1.0,석유와가스
2026-05-06,두산,000150,KS,복합기업,1790000.0,1429050.0,1189250.0,1023475.0,867075.0,1,80.48760266512971,29203.637505537336,1.4541746308397352,1,13.147914032869789,66.04823747680891,15407.777095419337,19872.0,19872.0,DART,TRAILING_DART,,15407.777095419337,116.17509708990787,184893.32514503202,-89.6707639583781,5.0,86.46436928567033,BULL,1.0,2026-05-06,BULL,1.0,복합기업
2026-05-06,삼성화재,000810,KS,손해보험,480500.0,470775.0,490391.6666666667,491187.5,475860.0,1,53.754953885036834,1566.3583362408785,3.413675619013892,0,4.229934924078083,8.098987626546684,45249.75315523456,44013.0,44013.0,DART,TRAILING_DART,,45249.75315523456,10.618842457583993,542997.0378628147,13.006667609326694,48.45433394606235,48.634244570443315,BULL,1.0,2026-05-06,BULL,1.0,손해보험
2026-05-06,SK텔레콤,017670,KS,무선통신서비스,95500.0,95610.0,83870.0,69980.0,63967.5,1,56.87292137794058,-844.5851144482431,0.9951860227161573,0,-2.5510204081632626,18.781094527363184,1746.281984482773,5734.0,5734.0,DART,TRAILING_DART,,1746.281984482773,54.68761680450246,20955.383813793276,-78.05718972377667,5.0,72.13986908086538,BULL,1.0,2026-05-06,BULL,1.0,무선통신서비스
2026-05-06,포스코퓨처엠,003670,KS,화학,288500.0,239725.0,222631.66666666666,213591.66666666666,191780.5,1,73.48155693695433,3777.555121877029,2.9250321873024383,1,15.631262525050094,36.729857819905206,410.6064444784725,313.0,313.0,DART|DAILY_DISC,TRAILING_DART,,410.6064444784725,702.6192693259729,4927.27733374167,-98.29210491031485,5.0,93.47827935296499,BULL,1.0,2026-05-06,BULL,1.0,화학
2026-05-06,HD현대,267250,KS,조선,285500.0,268525.0,265291.6666666667,239288.33333333334,204654.5,1,56.34601065242305,3851.140529132299,1.7869530997307834,0,0.35149384885764245,17.489711934156382,46529.16929374261,19327.0,19327.0,DART|DAILY_DISC,TRAILING_DART,,46529.16929374261,6.135935894269124,558350.0315249113,95.56918792466244,93.55691879246625,77.22019426723162,BULL,1.0,2026-05-06,BULL,1.0,조선
2026-05-06,LG전자,066570,KS,전자제품,154900.0,127660.0,120158.33333333333,106925.0,95795.0,1,74.68470294389456,2535.9276472351075,3.428746148853052,1,19.153846153846143,41.59049360146252,7492.412487484298,9479.0,9479.0,DART,TRAILING_DART,,7492.412487484298,20.67424881621944,89908.94984981159,-41.95677866377561,5.0,92.7862856610817,BULL,1.0,2026-05-06,BULL,1.0,전자제품
2026-05-06,HMM,011200,KS,해운사,20550.0,20915.0,21001.0,20526.333333333332,21282.15,0,46.77248962234065,-27.943314432617086,1.550487652059565,0,-1.9093078758949833,2.238805970149249,1991.7900463655,1280.0,1280.0,DART,TRAILING_DART,,1991.7900463655,10.317352492798333,23901.480556386,16.308907816963504,50.600790081026275,37.35580276028362,BULL,1.0,2026-05-06,BULL,1.0,해운사
2026-05-06,현대건설,000720,KS,건설,163700.0,172710.0,153355.0,115750.83333333333,94768.5,1,48.44913488429911,-2633.3564902248136,0.8824999913977243,0,-4.4924154025670955,7.768268597761696,5020.557310167103,4318.0,4318.0,DART|DAILY_DISC,TRAILING_DART,,5020.557310167103,32.60594190778223,60246.68772200524,-63.196892045201444,5.0,64.49340011453141,BULL,1.0,2026-05-06,BULL,1.0,건설
2026-05-06,KT&G,033780,KS,담배,175400.0,170770.0,164596.66666666666,154180.0,147055.0,1,61.09090336224094,362.0559280762536,1.8470375408903046,0,-1.3498312710911176,11.50667514303878,9612.384457183936,11414.0,11414.0,DART,TRAILING_DART,,9612.384457183936,18.24729345577856,115348.61348620724,-34.23682241379291,10.042780387931206,73.5431405216317,BULL,1.0,2026-05-06,BULL,1.0,담배
2026-05-06,LIG디펜스앤에어로스페이스,079550,KS,우주항공과국방,979000.0,927600.0,730241.6666666666,586691.6666666666,561400.0,1,60.65207632921419,-5106.967534044357,0.6706189505130454,0,3.0526315789473735,20.864197530864192,10794.524381636364,17024.0,17024.0,DART,TRAILING_DART,,10794.524381636364,90.69413022638348,129534.29257963636,-86.76871373037423,5.0,71.33790283530186,BULL,1.0,2026-05-06,BULL,1.0,우주항공과국방
2026-05-06,한국항공우주,047810,KS,우주항공과국방,176600.0,183560.0,180200.0,153311.66666666666,130884.0,1,47.1411930219288,-1360.657132012852,1.8263591513380528,0,2.853814793244025,-3.5499726925177444,1921.6456556852,3750.0,3750.0,DART|DAILY_DISC,TRAILING_DART,,1921.6456556852,91.90039770210906,23059.7478682224,-86.94238512558188,5.0,59.568107097344225,BULL,1.0,2026-05-06,BULL,1.0,우주항공과국방
2026-05-06,기업은행,024110,KS,은행,21600.0,22285.0,23369.166666666668,22089.583333333332,21072.1,1,38.79534912445592,-6.970187123083804,2.425959639121289,0,-2.7027027027026973,0.0,3409.5558041145014,3499.0,3499.0,DART|DAILY_DISC,TRAILING_DART,,3409.5558041145014,6.335136082516694,40914.66964937402,89.41976689525009,92.941976689525,38.75603242429227,BULL,1.0,2026-05-06,BULL,1.0,은행
2026-05-06,현대글로비스,086280,KS,항공화물운송과물류,220000.0,224550.0,234775.0,216348.33333333334,196259.5,1,45.663246339184745,212.6849122553872,1.6295635709581224,0,-4.139433551198257,5.263157894736836,23129.296707266665,24033.0,24033.0,DART|DAILY_DISC,TRAILING_DART,,23129.296707266665,9.511746197232245,277551.5604872,26.159800221454542,57.00387014394545,48.198112640624615,BULL,1.0,2026-05-06,BULL,1.0,항공화물운송과물류
2026-05-06,KT,030200,KS,다각화된통신서비스,58500.0,61790.0,61228.333333333336,56791.25,55229.5,1,36.87292203160957,-438.8811476372606,1.3770051311565386,0,-4.255319148936165,-2.8239202657807327,7288.142685023315,5829.0,5829.0,DART,TRAILING_DART,,7288.142685023315,8.02673637553967,87457.71222027978,49.500362769709014,72.17523580031086,39.18582541950875,BULL,1.0,2026-05-06,BULL,1.0,다각화된통신서비스
2026-05-06,에이피알,278470,KS,화장품,422000.0,411150.0,343666.6666666667,293783.3333333333,263150.0,1,57.76489126216899,-2622.958197483029,1.7061713502567957,0,-6.013363028953234,25.595238095238095,7736.888030059174,13387.0,13387.0,DART|DAILY_DISC,TRAILING_DART,,7736.888030059174,54.54389392226637,92842.65636071008,-77.99937053063742,5.0,77.25177076773576,BULL,1.0,2026-05-06,BULL,1.0,화장품
2026-05-06,삼성에피스홀딩스,0126Z0,KS,제약,515000.0,555875.0,561333.3333333334,,,0,40.415772137597024,-5308.161227729639,1.2358474949617213,0,-9.010600706713777,4.887983706720989,,,-8583.300000000001,SCRAPE,FORWARD_AUTO,,-8583.300000000001,-60.00023301061363,-102999.6,-119.99992233009709,5.0,16.847984059622654,BULL,1.0,2026-05-06,BULL,1.0,제약
2026-05-06,LG,003550,KS,복합기업,103000.0,95065.0,93563.33333333333,88632.5,84005.5,1,68.18346753536196,903.1340131811739,2.0027365572359384,1,7.853403141361248,16.515837104072407,6484.961232890973,7820.0,7820.0,DART|DAILY_DISC,TRAILING_DART,,6484.961232890973,15.882901423927704,77819.53479469169,-24.447053597386713,18.608828102286626,85.38021618908724,BULL,1.0,2026-05-06,BULL,1.0,복합기업
2026-05-06,한국금융지주,071050,KS,증권,291500.0,252925.0,238916.66666666666,205165.83333333334,182606.0,1,69.1392549401028,1409.5359280448683,3.10270785917878,1,11.900191938579653,35.58139534883722,36326.89033153506,36407.0,36407.0,DART,TRAILING_DART,,36326.89033153506,8.02435874195792,435922.68397842074,49.54466002690248,72.20402901748662,90.42964326489972,BULL,1.0,2026-05-06,BULL,1.0,증권
2026-05-06,삼성에스디에스,018260,KS,IT서비스,170000.0,167925.0,165955.0,169502.5,167138.5,1,52.39279995858781,-638.5143580759795,1.3754080439359577,0,0.11778563015312216,11.548556430446189,10114.90659483728,10437.0,10437.0,DART|DAILY_DISC,TRAILING_DART,,10114.90659483728,16.806877889190712,121378.87913804737,-28.600659330560376,14.974423085759671,46.901861262772364,BULL,1.0,2026-05-06,BULL,1.0,IT서비스
2026-05-06,S-Oil,010950,KS,석유와가스,122000.0,119930.0,114880.0,100534.16666666667,85786.75,1,52.714606570702344,832.5743952410212,1.0208390022036338,0,5.719237435008662,3.302286198137172,1571.749970457297,10828.0,10828.0,DART,TRAILING_DART,,1571.749970457297,77.62048817758487,18860.999645487565,-84.5401642250102,5.0,70.52662558461984,BULL,1.0,2026-05-06,BULL,1.0,석유와가스
2026-05-06,포스코인터내셔널,047050,KS,무역회사와판매업체,83600.0,78600.0,74716.66666666667,64667.916666666664,59169.25,1,58.92852721452633,743.756989123005,0.9526142730566531,0,2.829028290282909,3.7220843672456594,3619.7835041131793,4563.0,4563.0,DART|DAILY_DISC,TRAILING_DART,,3619.7835041131793,23.095303877981895,43437.40204935815,-48.04138510842326,5.0,77.00560886407308,BULL,1.0,2026-05-06,BULL,1.0,무역회사와판매업체
2026-05-06,NH투자증권,005940,KS,증권,38450.0,34852.5,33049.166666666664,27433.166666666668,24538.8,1,66.25925632049862,144.2077935100067,3.2767032168092824,1,9.078014184397155,26.272577996715917,2894.6746174064,3532.0,3532.0,DART|DAILY_DISC,TRAILING_DART,,2894.6746174064,13.283012801781092,34736.095408876805,-9.659049651815854,31.54833155466113,90.73370300549588,BULL,1.0,2026-05-06,BULL,1.0,증권
2026-05-06,크래프톤,259960,KS,게임엔터테인먼트,284000.0,259025.0,248075.0,248491.66666666666,275437.5,1,62.51596934862064,2350.6528519319045,1.4978131959537417,0,2.898550724637672,20.08456659619451,15476.264619080754,21054.0,21054.0,DART|DAILY_DISC,TRAILING_DART,,15476.264619080754,18.350681316850526,185715.17542896903,-34.60733259543344,9.718583978995738,62.97051844501496,BULL,1.0,2026-05-06,BULL,1.0,게임엔터테인먼트
2026-05-06,카카오뱅크,323410,KS,은행,25000.0,24952.5,25248.333333333332,23547.5,24305.75,1,52.326058093497934,-54.15633165436863,3.9514112532490446,0,0.2004008016031955,5.708245243128962,1006.62214978647,1229.0,1229.0,DART|DAILY_DISC,TRAILING_DART,,1006.62214978647,24.835535364787205,12079.46579743764,-51.682136810249446,5.0,50.559771015002326,BULL,1.0,2026-05-06,BULL,1.0,은행
2026-05-06,DB손해보험,005830,KS,손해보험,162000.0,169195.0,175871.66666666666,151859.16666666666,144760.0,1,41.13785405159394,-536.363307106724,2.2190508877695794,0,-5.429071803852892,-0.6134969325153339,25806.828663668857,,28387.511530035747,DART,TRAILING_DART,,25806.828663668857,6.277408282563034,309681.9439640263,91.1616938049545,93.11616938049545,47.09861247373692,BULL,1.0,2026-05-06,BULL,1.0,손해보험
2026-05-06,현대오토에버,307950,KS,IT서비스,441000.0,427725.0,420866.6666666667,369400.8333333333,286734.5,1,53.71340733910364,2090.061336648945,1.132397295510338,0,0.0,18.230563002680956,6811.167028916516,8097.0,8097.0,DART|DAILY_DISC,TRAILING_DART,,6811.167028916516,64.74661363137236,81734.00434699819,-81.46621216621355,5.0,67.69645762306419,BULL,1.0,2026-05-06,BULL,1.0,IT서비스
2026-05-06,대우건설,047040,KS,건설,32200.0,29337.5,17373.0,10644.166666666666,7904.0,1,63.939980498327856,-251.44163807836594,0.5154593800362653,0,-3.0120481927710885,86.01964182553436,-2229.4049795492,698.0,698.0,DART|DAILY_DISC,TRAILING_DART,,-2229.4049795492,-14.44331572566553,-26752.8597545904,-183.0834153869267,5.0,68.75507978378519,BULL,1.0,2026-05-06,BULL,1.0,건설
2026-05-06,키움증권,039490,KS,증권,484500.0,447325.0,441641.6666666667,374887.5,320192.0,1,59.44869423910106,-688.4286860566481,3.784286921580969,1,6.9536423841059625,15.219976218787167,42510.32405957744,55287.0,55287.0,DART|DAILY_DISC,TRAILING_DART,,42510.32405957744,11.397231395389555,510123.8887149293,5.288728320934832,43.437673408607644,86.5539164098538,BULL,1.0,2026-05-06,BULL,1.0,증권
2026-05-06,하이브,352820,KS,방송과엔터테인먼트,246500.0,253900.0,316391.6666666667,318520.8333333333,304265.0,0,37.1343690818503,3409.336991870852,1.3011594547446403,0,-1.4000000000000012,-9.040590405904059,-5901.903587443894,9772.0,9772.0,DART,TRAILING_DART,,-5901.903587443894,-41.766185493849925,-70822.84304932674,-128.73137649059908,5.0,20.770694562089762,BULL,1.0,2026-05-06,BULL,1.0,방송과엔터테인먼트
2026-05-06,삼양식품,003230,KS,식품,1294000.0,1297250.0,1199650.0,1234791.6666666667,1316930.0,0,52.03624816128388,-7758.709070492077,1.1493263538793936,0,-0.5380476556494984,7.1192052980132425,51596.03090196953,70582.0,70582.0,DART|DAILY_DISC,TRAILING_DART,,51596.03090196953,25.079448503675607,619152.3708236343,-52.15205789616427,5.0,49.802286033183094,BULL,1.0,2026-05-06,BULL,1.0,식품
2026-05-06,LS,006260,KS,전기장비,531000.0,363050.0,294000.0,247317.5,220689.0,1,84.11974698968359,17121.627261543865,1.7420826526954931,1,24.64788732394365,98.13432835820895,15549.51923076923,14858.0,14858.0,DART,TRAILING_DART,,15549.51923076923,34.14896577311938,186594.23076923075,-64.85984354628422,5.0,86.68248026223213,BULL,1.0,2026-05-06,BULL,1.0,전기장비
2026-05-06,한화,000880,KS,복합기업,140600.0,128960.0,123771.66666666667,108432.5,100620.5,1,66.83027913880682,1084.7446098120245,2.058115696179795,1,6.676783004552345,22.154648132059073,28246.47256998182,10406.0,10406.0,DART|DAILY_DISC,TRAILING_DART,,28246.47256998182,4.977612678951597,338957.6708397818,141.07942449486615,98.10794244948661,88.88656547197847,BULL,1.0,2026-05-06,BULL,1.0,복합기업
2026-05-06,삼성증권,016360,KS,증권,149500.0,111915.0,102650.0,91570.83333333333,84014.25,1,81.72011639149167,3113.5791482586437,8.37584236418227,1,32.65306122448979,55.405405405405396,11279.13476087346,15228.0,15228.0,DART|DAILY_DISC,TRAILING_DART,,11279.13476087346,13.254562798434256,135349.61713048152,-9.465139043156167,31.718003337238354,91.52852986018155,BULL,1.0,2026-05-06,BULL,1.0,증권
2026-05-06,삼성E&A,028050,KS,건설,53000.0,51745.0,40141.666666666664,33020.0,30733.25,1,60.8405265394305,-321.4370475552005,0.48874730614060385,0,-2.3941068139963217,16.10076670317635,3307.693569505102,3544.0,3544.0,DART|DAILY_DISC,TRAILING_DART,,3307.693569505102,16.023249701431645,39692.322834061226,-25.10882484139392,18.029778263780322,70.559586254369,BULL,1.0,2026-05-06,BULL,1.0,건설
2026-05-06,LG이노텍,011070,KS,전자장비와기기,632000.0,458150.0,337700.0,301416.6666666667,252494.5,1,83.14795483087727,15438.712834604106,1.1974411739698803,1,17.910447761194035,87.81575037147103,14419.252847422376,26048.0,26048.0,DART|DAILY_DISC,TRAILING_DART,,14419.252847422376,43.83028764995809,173031.0341690685,-72.62167180869169,5.0,84.1630147918214,BULL,1.0,2026-05-06,BULL,1.0,전자장비와기기
2026-05-06,대한항공,003490,KS,항공사,24550.0,24690.0,24790.0,23648.333333333332,23653.25,1,49.13023481349227,-34.719673508111995,1.2972793882391327,0,0.0,6.047516198704095,1757.8396566047118,498.0,498.0,DART,TRAILING_DART,,1757.8396566047118,13.966006460121976,21094.07587925654,-14.077083994881711,27.682551504478504,44.88332594599444,BULL,1.0,2026-05-06,BULL,1.0,항공사
2026-05-06,이수페타시스,007660,KS,전자장비와기기,151600.0,135190.0,119750.0,121834.16666666667,102134.25,1,62.57289611579808,1117.7397608663196,0.831824942641012,0,-2.508038585209005,44.656488549618324,2186.136344768904,3578.0,3578.0,DART,TRAILING_DART,,2186.136344768904,69.34608647020394,26233.63613722685,-82.69549067465248,5.0,76.53613551993229,BULL,1.0,2026-05-06,BULL,1.0,전자장비와기기
2026-05-06,현대차2우B,005387,KS,자동차,250500.0,247725.0,258816.66666666666,242399.16666666666,214954.5,1,49.757728365438524,912.5744824732346,1.246950059403949,0,0.20000000000000018,5.696202531645578,,40715.0,40715.0,SCRAPE,CONSENSUS_SCRAPE,,40715.0,6.152523639936142,488580.0,95.04191616766467,93.50419161676646,55.30671437565041,BULL,1.0,2026-05-06,BULL,1.0,자동차
2026-05-06,HD현대마린솔루션,443060,KS,조선,260500.0,220305.0,190505.0,192880.0,199714.5,1,68.07916385377402,4909.998115523758,0.9564562178008245,0,-7.1301247771836,49.79873490511788,6012.725498478146,7713.0,7713.0,DART|DAILY_DISC,TRAILING_DART,,6012.725498478146,43.32477843299748,72152.70598173774,-72.3022241912715,5.0,78.27638398049858,BULL,1.0,2026-05-06,BULL,1.0,조선
2026-05-06,SK바이오팜,326030,KS,제약,98500.0,101260.0,103053.33333333333,114746.66666666667,110541.5,0,43.61345695202812,-298.00026214489037,1.4796982947038113,0,-3.80859375,2.8183716075156573,3233.8569478217287,3458.0,3458.0,DART,TRAILING_DART,,3233.8569478217287,30.45898491779234,38806.283373860744,-60.602757996080456,5.0,25.236927370535895,BULL,1.0,2026-05-06,BULL,1.0,제약
2026-05-06,HD건설기계,267270,KS,기계,187700.0,174505.0,147121.66666666666,125020.83333333333,112303.5,1,64.18628988282927,329.1954978866888,0.9136304906228435,0,-5.2498738011105495,25.973154362416118,1814.20521373629,9801.0,9801.0,DART,TRAILING_DART,,1814.20521373629,103.46128353001403,21770.46256483548,-88.40145840978397,5.0,74.14283297325647,BULL,1.0,2026-05-06,BULL,1.0,기계
2026-05-06,한진칼,180640,KS,항공사,109700.0,113995.0,122226.66666666667,117725.83333333333,114694.0,0,41.95202279694869,-92.13832941857072,1.3453610242233975,0,-4.525674499564836,1.7625231910946226,2384.3059941078404,,2622.736593518625,DART,TRAILING_DART,,2384.3059941078404,46.009195242176766,28611.671929294083,-73.91825712917586,5.0,24.501372951679002,BULL,1.0,2026-05-06,BULL,1.0,항공사
2026-05-06,유한양행,000100,KS,제약,87800.0,93975.0,99541.66666666667,106870.83333333333,111102.5,0,30.608227601353377,-447.0281730709396,2.515377312350758,0,-6.695005313496283,-4.357298474945537,2326.7367031808026,2025.0,2025.0,DART|DAILY_DISC,TRAILING_DART,,2326.7367031808026,37.73525379127411,27920.84043816963,-68.19949836199359,5.0,17.471865013936284,BULL,1.0,2026-05-06,BULL,1.0,제약
2026-05-06,아모레퍼시픽,090430,KS,화장품,130000.0,134085.0,139353.33333333334,132285.83333333334,129250.5,1,43.624320578091364,-39.12201591875623,1.3900410433102255,0,-13.793103448275868,-0.9146341463414642,4228.1518939805865,5086.0,5086.0,DART,TRAILING_DART,,4228.1518939805865,30.746293714063267,50737.82272776704,-60.97090559402536,5.0,34.31061036026014,BULL,1.0,2026-05-06,BULL,1.0,화장품
2026-05-06,카카오페이,377300,KS,IT서비스,63300.0,55097.5,58074.166666666664,54867.083333333336,56295.25,1,67.87822393667615,758.6136675237867,9.360126472109451,1,15.300546448087427,27.108433734939762,411.7767402043429,673.0,673.0,DART|DAILY_DISC,TRAILING_DART,,411.7767402043429,153.72407865628247,4941.320882452115,-92.19380587290345,5.0,78.28681701089991,BULL,1.0,2026-05-06,BULL,1.0,IT서비스
2026-05-06,한화솔루션,009830,KS,에너지장비및서비스,48100.0,44960.0,45661.25,36646.875,34357.75,1,55.92934444024071,548.5348747384974,0.7114174168150033,0,-4.183266932270913,26.081258191349942,-3579.457341882489,235.0,235.0,DART|DAILY_DISC,TRAILING_DART,,-3579.457341882489,-13.437791096765386,-42953.488102589865,-189.3003910656754,5.0,67.05699349291375,BULL,1.0,2026-05-06,BULL,1.0,에너지장비및서비스
2026-05-06,LG유플러스,032640,KS,무선통신서비스,15400.0,16680.5,16157.833333333334,15720.333333333334,15383.25,1,37.11511382416022,-204.02028371626395,1.4497144618260913,0,-6.269020085209986,-1.3452914798206317,1184.7194213141197,1712.0,1712.0,DART,TRAILING_DART,,1184.7194213141197,12.998858398824883,14216.633055769436,-7.684200936562102,33.27632418050817,34.338757162849284,BULL,1.0,2026-05-06,BULL,1.0,무선통신서비스
2026-05-06,엘앤에프,066970,KS,전기제품,212500.0,191040.0,146020.0,132472.5,111958.5,1,67.95885628546648,272.3637255548092,0.6179248183663965,0,4.166666666666674,24.560375146541613,-13246.394061626868,-71.0,-71.0,DART|DAILY_DISC,TRAILING_DART,,-13246.394061626868,-16.04210164754087,-158956.72873952243,-174.80316646565763,5.0,71.0502914214981,BULL,1.0,2026-05-06,BULL,1.0,전기제품
2026-05-06,한국타이어앤테크놀로지,161390,KS,자동차부품,59500.0,61205.0,62195.0,61250.416666666664,53699.0,1,47.428829032698665,-153.27184656586542,1.1138759280097152,0,-4.340836012861738,11.423220973782765,7843.342059958813,11517.0,11517.0,DART,TRAILING_DART,,7843.342059958813,7.586051908121479,94120.10471950575,58.18504994874915,77.82028246668696,46.714102749197465,BULL,1.0,2026-05-06,BULL,1.0,자동차부품
2026-05-06,대한전선,001440,KS,전기장비,69200.0,42100.0,34442.5,29536.25,24508.8,1,89.13369775825248,2724.2708336388678,2.145124146883318,1,58.89781859931114,139.4463667820069,482.0525579560551,562.0,562.0,DART|DAILY_DISC,TRAILING_DART,,482.0525579560551,143.55281153037345,5784.6306954726615,-91.64070708746725,5.0,87.01305458121301,BULL,1.0,2026-05-06,BULL,1.0,전기장비
2026-05-06,LG디스플레이,034220,KS,디스플레이패널,12760.0,13041.5,12349.166666666666,12365.0,12299.0,1,50.37551185597968,-172.14944239631922,1.2773801670158427,0,0.8695652173912993,16.529680365296805,607.614,1442.0,1442.0,DART|DAILY_DISC,TRAILING_DART,,607.614,21.000174452859873,7291.368,-42.857617554858926,5.0,48.967086863070584,BULL,1.0,2026-05-06,BULL,1.0,디스플레이패널
2026-05-06,한전기술,052690,KS,전기유틸리티,182000.0,180690.0,166098.33333333334,134741.66666666666,118202.75,1,53.158864693207505,-483.9679071765777,1.0096387454170355,0,-5.257678292555957,12.903225806451623,2233.5882332548404,1633.0,1633.0,DART,TRAILING_DART,,2233.5882332548404,81.48323728173705,26803.058799058083,-85.27304461590215,5.0,71.70901858975935,BULL,1.0,2026-05-06,BULL,1.0,전기유틸리티
2026-05-06,두산밥캣,241560,KS,기계,72600.0,71220.0,64681.666666666664,61774.166666666664,59639.5,1,57.792220005783,-182.62927704233243,0.916213034555292,0,-5.098039215686279,19.211822660098534,2.951289519343403,5316.0,5316.0,DART|DAILY_DISC,TRAILING_DART,,2.951289519343403,24599.416466654176,35.415474232120836,-99.95121835505218,5.0,74.58385007636763,BULL,1.0,2026-05-06,BULL,1.0,기계
2026-05-06,한미약품,128940,KS,제약,434500.0,494750.0,528350.0,490333.3333333333,423227.5,1,31.363742830180755,-6882.162874905129,1.2824059758816542,0,-12.13346814964611,-13.100000000000001,14607.420576519022,14682.0,14682.0,DART|DAILY_DISC,TRAILING_DART,,14607.420576519022,29.74515573943598,175289.04691822827,-59.657296451500976,5.0,23.742122551031738,BULL,1.0,2026-05-06,BULL,1.0,제약
2026-05-06,GS,078930,KS,석유와가스,76900.0,73880.0,69785.0,64192.5,57545.5,1,57.520001537969605,565.5905560843312,1.774307903977907,0,0.5228758169934622,17.22560975609757,11172.929845907744,8318.0,8318.0,DART|DAILY_DISC,TRAILING_DART,,11172.929845907744,6.882706779741018,134075.15815089294,74.3500105993406,88.3275068895714,80.1979806102072,BULL,1.0,2026-05-06,BULL,1.0,석유와가스
2026-05-06,LG씨엔에스,064400,KS,IT서비스,67000.0,65035.0,65635.0,64345.0,65920.0,1,55.33276319381002,138.64545668783876,1.4669837354166173,0,0.1494768310911887,16.319444444444443,4532.727449805208,5114.0,5114.0,DART|DAILY_DISC,TRAILING_DART,,4532.727449805208,14.781387308623485,54392.7293976625,-18.816821794533578,23.53528092978312,48.945471427915116,BULL,1.0,2026-05-06,BULL,1.0,IT서비스
2026-05-06,삼성카드,029780,KS,카드,51600.0,53720.0,57263.333333333336,55744.166666666664,53950.5,0,35.09355422894011,-45.360237173022824,3.09214381908514,0,-2.6415094339622636,-2.457466918714557,5575.083572999158,5697.0,5697.0,DART|DAILY_DISC,TRAILING_DART,,5575.083572999158,9.255466635496802,66901.00287598989,29.653106348817616,59.27451912673145,28.18573758344146,BULL,1.0,2026-05-06,BULL,1.0,카드
2026-05-06,CJ,001040,KS,복합기업,215500.0,210795.0,205223.33333333334,193314.16666666666,183257.0,1,54.25308219547883,830.2832914369219,1.4154875170459296,0,-1.8223234624145768,15.4876741693462,4888.489795968729,11404.0,11404.0,DART,TRAILING_DART,,4888.489795968729,44.083144078097725,58661.87755162474,-72.77871111293516,5.0,69.5467715188243,BULL,1.0,2026-05-06,BULL,1.0,복합기업
2026-05-06,산일전기,062040,KS,전기장비,319500.0,208045.0,169076.66666666666,155365.83333333334,140529.5,1,80.42128389141146,12441.10010667724,1.1574565751662305,0,38.01295896328294,132.36363636363637,4864.205152886495,6661.0,6661.0,DART|DAILY_DISC,TRAILING_DART,,4864.205152886495,65.68390722796791,58370.46183463794,-81.7306848717878,5.0,74.92638058476929,BULL,1.0,2026-05-06,BULL,1.0,전기장비
2026-05-06,두산로보틱스,454910,KS,기계,104700.0,95100.0,94175.0,90503.33333333333,80590.0,1,63.08568184609159,1703.3087095396545,1.697650377370366,0,3.3563672260612076,28.46625766871165,-856.14561342043,,-941.7601747624732,DART|DAILY_DISC,TRAILING_DART,,-856.14561342043,-122.29228107787391,-10273.74736104516,-109.81255717387313,5.0,78.3862712585667,BULL,1.0,2026-05-06,BULL,1.0,기계
2026-05-06,BNK금융지주,138930,KS,은행,18130.0,18572.5,18955.333333333332,17247.916666666668,16223.9,1,42.895148382393664,-62.46971183587874,1.2317679117455347,0,-3.255069370330843,4.375359815774327,2694.438949970562,2763.0,2763.0,DART|DAILY_DISC,TRAILING_DART,,2694.438949970562,6.728673514832495,32333.267399646746,78.34124324129479,90.92180810684161,45.993539198560896,BULL,1.0,2026-05-06,BULL,1.0,은행
2026-05-06,코웨이,021240,KS,가정용기기와용품,83200.0,82100.0,79335.0,82108.33333333333,89811.0,0,54.580455000270334,245.3051949599021,1.7853946722891836,0,-3.3681765389082408,14.917127071823199,8725.908395396493,9702.0,9702.0,DART|DAILY_DISC,TRAILING_DART,,8725.908395396493,9.534823909438888,104710.9007447579,25.85444801052632,56.80539120684211,46.75097634123377,BULL,1.0,2026-05-06,BULL,1.0,가정용기기와용품
2026-05-06,JB금융지주,175330,KS,은행,26550.0,29475.0,30400.0,27471.25,25784.0,1,32.93508698949121,-401.620553553499,1.1982681860764597,0,-3.4545454545454546,-11.940298507462687,3877.960697948784,3953.0,3953.0,DART|DAILY_DISC,TRAILING_DART,,3877.960697948784,6.846381917703139,46535.52837538541,75.27505979429532,88.92878886629197,26.28017193630785,BULL,1.0,2026-05-06,BULL,1.0,은행
2026-05-06,NC,036570,KS,게임엔터테인먼트,261500.0,255800.0,231626.66666666666,223773.33333333334,217681.5,1,55.4274055078481,-495.8663555286221,0.7634945079149195,0,0.0,22.7699530516432,16126.123259064623,17084.0,17084.0,DART,TRAILING_DART,,16126.123259064623,16.21592467073627,193513.47910877547,-25.998669556873622,17.25116413773558,73.18321828157568,BULL,1.0,2026-05-06,BULL,1.0,게임엔터테인먼트
2026-05-06,맥쿼리인프라,088980,KS,nan,11250.0,11349.5,11374.666666666666,11390.25,11419.65,0,40.73730598178074,-9.850742100912635,2.087157113009102,0,-1.055408970976257,-0.17746228926353025,,,,EMPTY,FORWARD_AUTO,,,,,,,41.02463341767137,BULL,1.0,2026-05-06,BULL,1.0,nan
2026-05-06,오리온,271560,KS,식품,139200.0,137360.0,133188.33333333334,120130.0,115155.0,1,53.52798198410293,199.55349807406765,1.0685403328202507,0,-1.555869872701554,6.0975609756097615,9879.50877880517,11854.0,11854.0,DART,TRAILING_DART,,9879.50877880517,14.089769351552201,118554.10534566204,-14.831820872369217,27.022156736676934,66.86092710167885,BULL,1.0,2026-05-06,BULL,1.0,식품
2026-05-06,현대제철,004020,KS,철강,41900.0,40620.0,37331.666666666664,34177.083333333336,34182.5,1,55.833618334738404,130.40497091712905,0.989214488051698,0,-3.788748564867972,22.69399707174231,10.408811533462822,2060.0,2060.0,DART|DAILY_DISC,TRAILING_DART,,10.408811533462822,4025.435551916524,124.90573840155386,-99.70189561240679,5.0,76.51970575808149,BULL,1.0,2026-05-06,BULL,1.0,철강
2026-05-06,에코프로머티,450080,KS,전기제품,83200.0,78165.0,70616.66666666667,64962.5,60556.75,1,58.5066617651565,267.0751562347996,0.7869805784530571,0,-3.703703703703709,20.75471698113207,341.6123018697297,,375.7735320567027,DART,TRAILING_DART,,341.6123018697297,243.5509480912296,4099.347622436757,-95.07289949226352,5.0,76.0871728514404,BULL,1.0,2026-05-06,BULL,1.0,전기제품
2026-05-06,포스코DX,022100,KS,IT서비스,34550.0,33837.5,34050.0,32045.0,28835.25,1,53.25739684619534,143.41364369707549,1.005511698873949,0,-2.94943820224719,10.383386581469644,346.1308198931311,,380.7439018824442,DART|DAILY_DISC,TRAILING_DART,,346.1308198931311,99.81775101872584,4153.5698387175735,-87.97809019184494,5.0,62.76017034523939,BULL,1.0,2026-05-06,BULL,1.0,IT서비스
2026-05-06,OCI홀딩스,010060,KS,화학,337500.0,287300.0,206260.0,158051.66666666666,133590.0,1,63.69226267644187,3102.465690658428,0.6963176082864677,0,-10.477453580901852,55.88914549653579,-7833.207428809669,13027.0,13027.0,DART|DAILY_DISC,TRAILING_DART,,-7833.207428809669,-43.085798897487685,-93998.48914571603,-127.85140419132325,5.0,76.1509801986967,BULL,1.0,2026-05-06,BULL,1.0,화학
2026-05-06,KCC,002380,KS,건축자재,623000.0,546550.0,538725.0,483137.5,446582.5,1,66.76226518117358,6049.947528378885,3.6966047466408414,1,12.86231884057971,36.3238512035011,173127.92396137904,60152.0,60152.0,DART|DAILY_DISC,TRAILING_DART,,173127.92396137904,3.598495180586682,2077535.0875365485,233.4727267313882,100.0,90.07823291968334,BULL,1.0,2026-05-06,BULL,1.0,건축자재
2026-05-06,한화엔진,082740,KS,조선,84500.0,63855.0,54829.166666666664,50629.166666666664,46838.5,1,70.49224327776803,2880.345080386681,1.0075012418758647,0,-4.519774011299438,90.74492099322799,2082.1974541800364,,2290.41719959804,DART|DAILY_DISC,TRAILING_DART,,2082.1974541800364,40.582126267787544,24986.369450160437,-70.43033201164445,5.0,77.6832279219483,BULL,1.0,2026-05-06,BULL,1.0,조선
2026-05-06,대덕전자,353200,KS,전자장비와기기,125400.0,99610.0,78781.66666666667,63900.0,48969.05,1,73.87045507132699,1699.6952979367143,0.9360176057156777,1,15.257352941176471,54.8148148148148,963.3405496193864,3113.0,3113.0,DART,TRAILING_DART,,963.3405496193864,130.17203526784505,11560.086595432636,-90.7814301471829,5.0,85.52216963746663,BULL,1.0,2026-05-06,BULL,1.0,전자장비와기기
2026-05-06,DB하이텍,000990,KS,반도체와반도체장비,162000.0,124315.0,101096.66666666667,87413.33333333333,72782.75,1,80.43795098647682,3854.4872570662046,2.1071594060856844,1,1.8867924528301883,76.85589519650655,5805.880538346898,,6386.468592181588,DART|DAILY_DISC,TRAILING_DART,,5805.880538346898,27.90274428314815,69670.56646016278,-56.99347749372667,5.0,89.91886400302504,BULL,1.0,2026-05-06,BULL,1.0,반도체와반도체장비
2026-05-06,SKC,011790,KS,화학,161200.0,112185.0,105598.39453125,108072.53059895833,106327.518359375,1,77.86316511416996,3815.933978559886,4.795501556721879,1,29.27024859663192,79.3103448275862,-18996.38190150505,,-20896.02009165556,DART|DAILY_DISC,TRAILING_DART,,-18996.38190150505,-8.485826450310961,-227956.5828180606,-241.41227221964056,5.0,91.6470200406835,BULL,1.0,2026-05-06,BULL,1.0,화학
2026-05-06,한온시스템,018880,KS,자동차부품,5410.0,4211.25,4174.166666666667,3790.550193277995,3664.320616455078,1,78.23929496026275,109.40747398829464,8.119690007244294,1,26.995305164319248,44.07456724367509,-192.2201044036536,196.0,196.0,DART|DAILY_DISC,TRAILING_DART,,-192.2201044036536,-28.144818757559523,-2306.641252843843,-142.63662204886955,5.0,87.69196671306247,BULL,1.0,2026-05-06,BULL,1.0,자동차부품
2026-05-06,한화생명,088350,KS,생명보험,5250.0,4878.75,4783.833333333333,3982.9583333333335,3716.775,1,60.97553263377618,26.810533434741174,3.3875510932228323,1,6.815869786368256,16.407982261640797,962.9131981624124,,1059.2045179786537,DART,TRAILING_DART,,962.9131981624124,5.4522048404974655,11554.95837794895,120.0944452942657,96.00944452942657,89.14520005175733,BULL,1.0,2026-05-06,BULL,1.0,생명보험
2026-05-06,넷마블,251270,KS,게임엔터테인먼트,48450.0,50357.5,52199.166666666664,51647.083333333336,54882.5,0,40.62793667628778,-115.32002980475215,1.0569824874049656,0,-3.1000000000000028,-2.515090543259557,2816.2225225896063,4052.0,4052.0,DART,TRAILING_DART,,2816.2225225896063,17.203896216073396,33794.67027107527,-30.24835857363205,13.532686248071956,18.21497203668772,BULL,1.0,2026-05-06,BULL,1.0,게임엔터테인먼트
2026-05-06,일진전기,103590,KS,전기장비,142200.0,96780.0,83316.66666666667,70870.0,58979.625,1,86.62481072999364,5706.976182967104,1.51440709406418,0,29.390354868061873,87.10526315789473,2178.643773281502,3108.0,3108.0,DART,TRAILING_DART,,2178.643773281502,65.26996370123257,26143.725279378024,-81.61482047863711,5.0,74.58952222684381,BULL,1.0,2026-05-06,BULL,1.0,전기장비
2026-05-06,한화비전,489790,KS,통신장비,89700.0,81050.0,76738.33333333333,61726.25,59283.25,1,60.23870205357607,730.5180067110487,0.9478688381406047,1,1.0135135135135087,26.51622002820875,844.1495923122128,3417.0,3417.0,DART,TRAILING_DART,,844.1495923122128,106.26078697059185,10129.795107746553,-88.70702886538847,5.0,86.58800099594292,BULL,1.0,2026-05-06,BULL,1.0,통신장비
2026-05-06,현대엘리베이터,017800,KS,기계,97000.0,96660.0,94401.66666666667,90925.83333333333,87029.5,1,52.99120891889077,-89.1880577986617,1.1880776890734845,0,-1.6227180527383367,9.728506787330327,6888.3638595087,,7577.200245459571,DART,TRAILING_DART,,6888.3638595087,14.081718384562564,82660.36631410441,-14.783127511232564,27.064763427671508,58.08427155059991,BULL,1.0,2026-05-06,BULL,1.0,기계
2026-05-06,LG생활건강,051900,KS,화장품,267500.0,252725.0,254166.66666666666,263200.0,277607.5,0,60.14567369709394,2355.4630919557926,1.845809198106574,0,5.31496062992125,11.924686192468625,-5605.568608875215,7409.0,7409.0,DART|DAILY_DISC,TRAILING_DART,,-5605.568608875215,-47.720404238112636,-67266.82330650259,-125.14647600243087,5.0,50.94732938828652,BULL,1.0,2026-05-06,BULL,1.0,화장품
2026-05-06,롯데케미칼,011170,KS,화학,100800.0,95000.0,84966.66666666667,80111.66666666667,74772.0,1,56.660456085643105,1243.135796127749,1.6340239690409124,0,9.327548806941422,20.574162679425847,-57887.83334302348,-13282.0,-13282.0,DART|DAILY_DISC,TRAILING_DART,,-57887.83334302348,-1.7412985454593493,-694654.0001162817,-789.1408731312318,5.0,83.89690143122556,BULL,1.0,2026-05-06,BULL,1.0,화학
2026-05-06,DL이앤씨,375500,KS,건설,93100.0,96285.0,68505.83333333333,55095.416666666664,50601.25,1,55.872546066377424,-2067.8393728290957,0.6657359123990143,0,-5.28992878942014,20.5958549222798,9567.184222811082,8020.0,8020.0,DART|DAILY_DISC,TRAILING_DART,,9567.184222811082,9.731180860719839,114806.21067373297,23.314941647403842,55.154712070812494,69.58617351001682,BULL,1.0,2026-05-06,BULL,1.0,건설
2026-05-06,영원무역,111770,KS,"섬유,의류,신발,호화품",81500.0,83545.0,86213.33333333333,85162.5,75030.5,1,44.21099795296829,20.410062408364013,2.172041061942661,0,-2.628434886499398,0.991325898389106,9619.42136579632,13371.0,13371.0,DART,TRAILING_DART,,9619.42136579632,8.472443081637815,115433.05638955583,41.63565201172494,67.06317380762121,48.23753889424343,BULL,1.0,2026-05-06,BULL,1.0,"섬유,의류,신발,호화품"
2026-05-06,강원랜드,035250,KS,"호텔,레스토랑,레저",16410.0,16929.5,17744.333333333332,17824.75,17998.05,0,35.361808430268724,18.870661860321235,3.285470964727158,0,-4.370629370629375,-1.2635379061371799,1487.295431187643,1360.0,1360.0,DART|DAILY_DISC,TRAILING_DART,,1487.295431187643,11.033450151121757,17847.545174251718,8.760177783374278,45.69411555919328,27.248179870889295,BULL,1.0,2026-05-06,BULL,1.0,"호텔,레스토랑,레저"
2026-05-06,SK바이오사이언스,302440,KS,제약,44100.0,43385.0,44694.166666666664,47986.25,48163.75,0,52.70929466712906,48.8181521051813,2.948848792125035,0,0.6849315068493178,8.220858895705518,-715.9785644928857,,-787.5764209421743,DART|DAILY_DISC,TRAILING_DART,,-715.9785644928857,-61.594022764124524,-8591.742773914628,-119.48240991817376,5.0,39.22111665614996,BULL,1.0,2026-05-06,BULL,1.0,제약
2026-05-06,더존비즈온,012510,KS,소프트웨어,120000.0,119410.0,113911.66666666667,102560.83333333333,94089.0,1,66.90557873612423,-184.18176758090715,0.4620573931621847,1,1.0951979780960297,0.5867560771165126,3036.3447477892614,3590.0,3590.0,DART,TRAILING_DART,,3036.3447477892614,39.52120393686226,36436.13697347113,-69.6365525221074,5.0,73.40130693899602,BULL,1.0,2026-05-06,BULL,1.0,소프트웨어
2026-05-06,신세계,004170,KS,백화점과일반상점,410000.0,374500.0,350500.0,301266.6666666667,251601.5,1,70.01487970552417,3132.402183807051,1.1612346831228075,0,1.990049751243772,26.738794435857805,6839.837304758903,26485.0,26485.0,DART|DAILY_DISC,TRAILING_DART,,6839.837304758903,59.94294626200207,82078.04765710683,-79.9809639860715,5.0,74.8955267839781,BULL,1.0,2026-05-06,BULL,1.0,백화점과일반상점
2026-05-06,CJ제일제당,097950,KS,식품,230000.0,236575.0,220913.33333333334,217006.66666666666,225644.0,1,48.37127229858188,-926.0488709223082,0.9958667779208448,0,-1.7094017094017144,-1.2875536480686733,-27696.974648778752,22916.0,22916.0,DART|DAILY_DISC,TRAILING_DART,,-27696.974648778752,-8.304156064573696,-332363.69578534504,-244.50595468928046,5.0,48.93693551996212,BULL,1.0,2026-05-06,BULL,1.0,식품
2026-05-06,에스원,012750,KS,상업서비스와공급품,73400.0,87910.0,87441.66666666667,81535.83333333333,79730.0,0,23.166702603693523,-1650.8806866699356,3.289431239632421,0,-15.14450867052023,-16.4009111617312,4699.139455253479,5211.0,5211.0,DART|DAILY_DISC,TRAILING_DART,,4699.139455253479,15.619881192915285,56389.67346304175,-23.174831794221053,19.722022180056577,21.288523779340775,BULL,1.0,2026-05-06,BULL,1.0,상업서비스와공급품
2026-05-06,대한조선,439260,KS,조선,86500.0,90190.0,89610.0,79365.83333333333,,0,42.04970136273402,-457.3345384510736,1.6156959982027483,0,-6.283856988082337,-2.8089887640449396,6457.269960176826,7809.0,7809.0,DART,TRAILING_DART,,6457.269960176826,13.395754015777788,77487.23952212192,-10.419376275003566,30.883045759371882,25.73429370610875,BULL,1.0,2026-05-06,BULL,1.0,조선
2026-05-06,서울보증보험,031210,KS,손해보험,46400.0,48507.5,53047.5,51444.583333333336,49410.0,0,34.94635034041106,-39.319198815054506,0.8162520276791995,0,-4.428424304840373,-3.734439834024894,3844.2397252781298,,4228.663697805943,DART,TRAILING_DART,,3844.2397252781298,12.070006897564895,46130.876703337555,-0.580007104875957,39.492493783233535,17.473879415301237,BULL,1.0,2026-05-06,BULL,1.0,손해보험
2026-05-06,금호석유화학,011780,KS,화학,140100.0,136210.0,133190.0,129629.16666666667,123164.75,1,55.044347334922065,864.8101968734704,0.942311617239578,0,5.975794251134636,15.880893300248133,11564.61510311609,12452.0,12452.0,DART,TRAILING_DART,,11564.61510311609,12.114540670034925,138775.38123739307,-0.9454809154938792,39.17270419894285,64.22607079264151,BULL,1.0,2026-05-06,BULL,1.0,화학
2026-05-06,롯데쇼핑,023530,KS,백화점과일반상점,131800.0,120345.0,109895.0,91829.16666666667,82880.5,1,63.58606789052867,1298.7267677395093,1.39064815966222,0,-1.1252813203300849,26.003824091778192,2600.169485189433,9616.0,9616.0,DART,TRAILING_DART,,2600.169485189433,50.689003447941715,31202.033822273195,-76.32622623499758,5.0,80.10778949795908,BULL,1.0,2026-05-06,BULL,1.0,백화점과일반상점
2026-05-06,신영증권,001720,KS,증권,212500.0,203715.0,203166.66666666666,175325.83333333334,160674.5,1,58.11126999885407,341.6070173344681,2.90052072232791,1,3.9119804400977953,14.802809292274443,6829.573249878345,,7512.53057486618,DART|DAILY_DISC,TRAILING_DART,,6829.573249878345,31.114682019668688,81954.87899854014,-61.43299811833405,5.0,84.0321873856554,BULL,1.0,2026-05-06,BULL,1.0,증권
2026-05-06,한국가스공사,036460,KS,가스유틸리티,37850.0,37175.0,38060.833333333336,39338.75,40129.5,0,53.446500441349066,222.99618624791054,1.6104956520490956,0,-1.1749347258485643,6.920903954802249,1432.636790051239,8295.0,8295.0,DART,TRAILING_DART,,1432.636790051239,26.41981572918163,17191.641480614868,-54.57954694685636,5.0,40.432191624576596,BULL,1.0,2026-05-06,BULL,1.0,가스유틸리티
2026-05-06,이수스페셜티케미컬,457190,KS,화학,121800.0,112415.0,102370.0,83570.41666666667,69418.25,1,61.26130015880397,487.7446438427987,0.7313389775823012,0,0.0,25.826446280991732,25.4649809562713,,28.01147905189844,DART,TRAILING_DART,,25.4649809562713,4783.039115919862,305.5797714752556,-99.74911348811555,5.0,75.12829636976329,BULL,1.0,2026-05-06,BULL,1.0,화학
2026-05-06,GS건설,006360,KS,건설,35450.0,38610.0,28522.0,23823.166666666668,21957.45,1,49.11319889125054,-999.0217590035991,0.4009761019718873,0,-13.006134969325156,26.60714285714285,1091.6262383372853,3140.0,3140.0,DART|DAILY_DISC,TRAILING_DART,,1091.6262383372853,32.4744850893249,13099.514860047424,-63.04791294768004,5.0,66.82614246116091,BULL,1.0,2026-05-06,BULL,1.0,건설
2026-05-06,한솔케미칼,014680,KS,화학,293000.0,282950.0,287775.0,263204.1666666667,233895.0,1,54.708899416320065,869.4163633098296,1.7430039930433643,0,-3.300330033003296,10.357815442561202,13028.345038761428,15688.0,15688.0,DART,TRAILING_DART,,13028.345038761428,22.48942587322317,156340.14046513714,-46.64159028493613,5.0,66.17156415531298,BULL,1.0,2026-05-06,BULL,1.0,화학
2026-05-06,HD현대마린엔진,071970,KS,조선,100100.0,94225.0,85026.66666666667,86090.83333333333,83827.25,1,56.34034736740774,777.2641007789398,1.073316953153166,0,-13.33333333333333,34.905660377358494,4867.168798279675,4170.0,4170.0,DART,TRAILING_DART,,4867.168798279675,20.566371159221116,58406.025579356094,-41.652322098545355,5.0,79.0043592282953,BULL,1.0,2026-05-06,BULL,1.0,조선
2026-05-06,두산퓨얼셀,336260,KS,전기제품,78300.0,47720.0,41580.0,37177.916666666664,33732.0,1,85.98780635223179,2850.020572035467,4.486694365537822,1,54.133858267716526,119.02097902097904,-2027.740013997677,-532.0,-532.0,DART,TRAILING_DART,,-2027.740013997677,-38.614417755475486,-24332.880167972122,-131.0764753103092,5.0,90.00435487420293,BULL,1.0,2026-05-06,BULL,1.0,전기제품
2026-05-06,iM금융지주,139130,KS,은행,18980.0,18534.0,18051.5,16324.083333333334,15391.0,1,58.664350774022985,9.320708028240801,1.4526978726814268,0,-0.2103049421661396,12.84185493460166,2848.1692618619904,3056.0,3056.0,DART|DAILY_DISC,TRAILING_DART,,2848.1692618619904,6.663929793130281,34178.03114234388,80.07392593437241,92.00739259343725,69.96717526760708,BULL,1.0,2026-05-06,BULL,1.0,은행
2026-05-06,팬오션,028670,KS,해운사,5620.0,5497.5,5269.083333333333,4659.416666666667,4387.675,1,57.47566402577489,-7.782741531005925,1.1145288095337333,0,1.0791366906474753,6.844106463878319,563.8312571780187,678.0,678.0,DART,TRAILING_DART,,563.8312571780187,9.967521183781399,6765.9750861362245,20.39101576754847,53.2541602489065,69.70805588966188,BULL,1.0,2026-05-06,BULL,1.0,해운사
2026-05-06,미래에셋생명,085620,KS,생명보험,16480.0,16974.0,15032.0,12125.0,10358.625,1,48.780446084980824,-237.2995639785944,1.0505430524887793,0,-4.739884393063587,-1.0804321728691502,783.0164987179776,,861.3181485897754,DART,TRAILING_DART,,783.0164987179776,21.046810669995438,9396.19798461573,-42.984235530244355,5.0,67.46457007553016,BULL,1.0,2026-05-06,BULL,1.0,생명보험
2026-05-06,롯데지주,004990,KS,복합기업,29350.0,28900.0,30856.666666666668,29789.166666666668,29668.0,0,49.71831394950571,255.4789985801394,1.3534202893605036,0,1.206896551724146,6.921675774134783,-5970.105804369684,,-6567.116384806653,DART,TRAILING_DART,,-5970.105804369684,-4.916160778677981,-71641.26965243621,-344.09291193334315,5.0,37.90659506580776,BULL,1.0,2026-05-06,BULL,1.0,복합기업
2026-05-06,풍산,103140,KS,비철금속,99300.0,100920.0,104605.0,106949.16666666667,115686.0,0,46.8681473347516,122.37120101672144,0.6610598012575731,0,-1.2922465208747513,-9.149130832570906,5251.319385213064,8676.0,8676.0,DART|DAILY_DISC,TRAILING_DART,,5251.319385213064,18.909533531632842,63015.83262255677,-36.539947006488646,8.027546369322435,20.96845532147723,BULL,1.0,2026-05-06,BULL,1.0,비철금속
2026-05-06,미래에셋증권2우B,00680K,KS,증권,23800.0,20495.0,20196.773063151042,15743.229549153646,13097.555703125,1,67.20790503096566,167.31850633642546,5.775219114278371,1,17.24137931034482,22.997416020671825,,3466.0,3466.0,SCRAPE,CONSENSUS_SCRAPE,,3466.0,6.866705135603,41592.0,74.7563025210084,88.59159663865546,88.86397169817647,BULL,1.0,2026-05-06,BULL,1.0,증권
2026-05-06,영원무역홀딩스,009970,KS,"섬유,의류,신발,호화품",203000.0,211675.0,220808.33333333334,203266.66666666666,176082.0,1,42.323315929032454,-320.5079528965002,1.663074441949146,0,-2.8708133971291905,-0.24570024570024218,44925.16507132959,,49417.68157846255,DART,TRAILING_DART,,44925.16507132959,4.5186255782853175,539101.980855955,165.56747825416505,100.0,48.30244235751496,BULL,1.0,2026-05-06,BULL,1.0,"섬유,의류,신발,호화품"
2026-05-06,에스엘,005850,KS,자동차부품,62800.0,60975.0,60798.333333333336,52547.916666666664,45228.5,1,52.78241375313983,300.65418782572635,0.8175405569274585,0,-2.028081123244929,14.598540145985407,6906.362346356784,7950.0,7950.0,DART,TRAILING_DART,,6906.362346356784,9.093064749654788,82876.3481562814,31.96870725522516,60.77965971589636,63.7527269051879,BULL,1.0,2026-05-06,BULL,1.0,자동차부품
2026-05-06,이마트,139480,KS,백화점과일반상점,103300.0,101015.0,100583.33333333333,91711.66666666667,87174.5,1,54.615597668426055,343.0026384513585,1.069070977865214,0,-2.639019792648445,13.391877058177837,8926.67539046404,8079.0,8079.0,DART|DAILY_DISC,TRAILING_DART,,8926.67539046404,11.572057398922635,107120.10468556848,3.698068427462231,42.40374447785045,64.84023181950937,BULL,1.0,2026-05-06,BULL,1.0,백화점과일반상점
2026-05-06,롯데에너지머티리얼즈,020150,KS,전자장비와기기,78500.0,57747.5,46896.666666666664,41414.583333333336,34857.5,1,83.1926142682321,1987.5335285826004,0.996675198182814,1,16.989567809239947,72.71727172717273,-3191.990340828267,-818.0,-818.0,DART,TRAILING_DART,,-3191.990340828267,-24.5928062487904,-38303.88408993921,-148.79475680247035,5.0,83.09040196230787,BULL,1.0,2026-05-06,BULL,1.0,전자장비와기기
2026-05-06,동서,026960,KS,식품,25100.0,26962.5,26930.0,27028.333333333332,27512.75,0,30.39660124121326,-192.30363796573894,2.6126720373640775,0,-5.283018867924527,-6.517690875232773,1469.0440861584757,,1615.9484947743233,DART,TRAILING_DART,,1469.0440861584757,17.08594060348186,17628.52903390171,-29.766816598001167,13.95403547674898,25.86434726381135,BULL,1.0,2026-05-06,BULL,1.0,식품
2026-05-06,한미사이언스,008930,KS,제약,36750.0,38735.0,39826.666666666664,39102.916666666664,40211.75,0,38.64573108400616,-197.2695937060065,1.4669061994555535,0,-5.161290322580648,-3.289473684210531,1721.1074393547156,,1893.2181832901872,DART|DAILY_DISC,TRAILING_DART,,1721.1074393547156,21.352531027219577,20653.28927225659,-43.800573408825606,5.0,21.773335805870765,BULL,1.0,2026-05-06,BULL,1.0,제약
2026-05-06,씨에스윈드,112610,KS,에너지장비및서비스,66900.0,67760.0,58798.333333333336,50392.916666666664,48151.75,1,50.470271847828506,-387.8460209144673,0.8079121794314812,0,-9.472259810554807,-8.731241473397,951.6662022603326,4496.0,4496.0,DART|DAILY_DISC,TRAILING_DART,,951.6662022603326,70.29775759725804,11419.994427123991,-82.9297542195456,5.0,70.08612623650647,BULL,1.0,2026-05-06,BULL,1.0,에너지장비및서비스
2026-05-06,현대해상,001450,KS,손해보험,30800.0,30422.5,31331.666666666668,30152.5,29166.5,1,51.22197883816998,100.93452100666963,1.360344357959474,0,0.9836065573770592,2.8380634390651194,11407.383087058166,,12548.121395763985,DART,TRAILING_DART,,11407.383087058166,2.700005756354674,136888.597044698,344.4434968983701,100.0,47.36677296503134,BULL,1.0,2026-05-06,BULL,1.0,손해보험
2026-05-06,세아베스틸지주,001430,KS,철강,71000.0,70145.0,70008.33333333333,58558.333333333336,46458.75,1,51.34196826678496,162.1559874096913,1.4893896646106595,0,-2.0689655172413834,7.575757575757569,1565.3372286785395,2057.0,2057.0,DART,TRAILING_DART,,1565.3372286785395,45.357638404817294,18784.046744142473,-73.5435961350106,5.0,64.4258140190164,BULL,1.0,2026-05-06,BULL,1.0,철강
2026-05-06,한전KPS,051600,KS,전기유틸리티,59900.0,60250.0,59455.0,56353.333333333336,54233.25,1,47.903244258252656,6.402899608352868,1.3610906916592067,0,-7.131782945736431,6.394316163410307,2761.145848377778,3456.0,3456.0,DART|DAILY_DISC,TRAILING_DART,,2761.145848377778,21.69389206122245,33133.75018053333,-44.68489118441848,5.0,54.46067921397549,BULL,1.0,2026-05-06,BULL,1.0,전기유틸리티
2026-05-06,효성,004800,KS,복합기업,258500.0,177395.0,157161.66666666666,145770.83333333334,124254.5,1,82.78809380331901,8916.60639887437,3.552351330335711,1,26.405867970660157,87.18320057929037,25215.68690934456,17204.0,17204.0,DART|DAILY_DISC,TRAILING_DART,,25215.68690934456,10.25155495185831,302588.24291213474,17.055413118814222,51.08601852722924,91.1471093559575,BULL,1.0,2026-05-06,BULL,1.0,복합기업
2026-05-06,한국카본,017960,KS,조선,47750.0,49402.5,44036.666666666664,37777.5,35385.75,1,48.6398061709934,-546.0440026857211,0.8917248041458085,0,-7.461240310077521,3.2432432432432323,1996.151009165024,2421.0,2421.0,DART,TRAILING_DART,,1996.151009165024,23.921035924017335,23953.81210998029,-49.834948460774264,5.0,65.75999027052016,BULL,1.0,2026-05-06,BULL,1.0,조선
2026-05-06,코오롱인더,120110,KS,화학,95600.0,89740.0,75378.33333333333,59940.416666666664,51246.25,1,61.59628418629204,-0.23628067770187045,1.690742014905637,0,6.222222222222218,15.180722891566267,1722.2155002038332,4528.0,4528.0,DART|DAILY_DISC,TRAILING_DART,,1722.2155002038332,55.50989408043606,20666.586002445998,-78.38223221501465,5.0,78.45537161539933,BULL,1.0,2026-05-06,BULL,1.0,화학
2026-05-06,HJ중공업,097230,KS,건설,27850.0,28302.5,25909.0,24474.083333333332,22665.7,1,49.62164409896994,-174.57283357342703,0.6147721909619723,0,-10.16129032258064,19.017094017094017,569.7303728085914,,626.7034100894506,DART,TRAILING_DART,,569.7303728085914,48.88277214835549,6836.764473703097,-75.45147406210737,5.0,65.50424314023752,BULL,1.0,2026-05-06,BULL,1.0,건설
2026-05-06,F&F,383220,KS,"섬유,의류,신발,호화품",78500.0,67075.0,66526.66666666667,68615.0,68166.0,1,76.1346649204221,1166.493013957332,2.0376143875754162,1,17.867867867867872,29.111842105263165,10459.855496040876,10579.0,10579.0,DART|DAILY_DISC,TRAILING_DART,,10459.855496040876,7.504883794017304,125518.26595249052,59.89588019425545,78.93232212626604,83.06814001454606,BULL,1.0,2026-05-06,BULL,1.0,"섬유,의류,신발,호화품"
2026-05-06,케이뱅크,279570,KS,은행,6080.0,6285.0,,,,0,31.572384466273306,22.948367159098325,1.1614669453986242,0,-4.552590266875978,-1.6181229773462813,277.57048543082044,,305.3275339739025,DART|DAILY_DISC,TRAILING_DART,,277.57048543082044,21.904346171975597,3330.8458251698453,-45.21635155970649,5.0,14.026416064429544,BULL,1.0,2026-05-06,BULL,1.0,은행
2026-05-06,한올바이오파마,009420,KS,제약,44950.0,48322.5,53250.833333333336,50197.083333333336,42708.75,1,37.84621171493846,-166.18302917539495,1.3512209709380938,0,-13.223938223938225,-4.463336875664192,-106.41452414880538,151.0,151.0,DART,TRAILING_DART,,-106.41452414880538,-422.4047455885242,-1276.9742897856645,-102.84087717416166,5.0,31.524941112819366,BULL,1.0,2026-05-06,BULL,1.0,제약
2026-05-06,HL만도,204320,KS,자동차부품,57000.0,53590.0,54562.5,54019.583333333336,46512.75,1,59.48978875794535,629.6875765310888,1.0734229394820025,0,0.5291005291005346,18.5031185031185,2615.200139212115,4351.0,4351.0,DART,TRAILING_DART,,2615.200139212115,21.79565500373997,31382.401670545383,-44.943154963955465,5.0,68.25519765040822,BULL,1.0,2026-05-06,BULL,1.0,자동차부품
2026-05-06,달바글로벌,483650,KS,화장품,217500.0,204585.0,173238.33333333334,157649.16666666666,166008.5,1,60.84021078340067,394.4204322069745,0.7366590334743316,0,-7.249466950959493,43.37508239947265,6378.543724798113,9622.0,9622.0,DART|DAILY_DISC,TRAILING_DART,,6378.543724798113,34.09869233229785,76542.52469757735,-64.80803462180351,5.0,74.4302679866518,BULL,1.0,2026-05-06,BULL,1.0,화장품
2026-05-06,CJ대한통운,000120,KS,항공화물운송과물류,99700.0,103525.0,113568.33333333333,104710.0,96919.0,1,38.805167627344645,-61.14318778757115,1.3251789914667857,0,-3.203883495145632,-5.137963843958138,11342.234705166642,12929.0,12929.0,DART|DAILY_DISC,TRAILING_DART,,11342.234705166642,8.790154902594672,136106.8164619997,36.51636555867572,63.73563761313922,30.585531992445087,BULL,1.0,2026-05-06,BULL,1.0,항공화물운송과물류
2026-05-06,가온전선,000500,KS,전기장비,367000.0,174530.0,124936.66666666667,103367.5,87146.5,1,93.10135108330061,17794.110990287103,2.206773480920684,1,66.43990929705214,263.7264618434093,3106.828732073736,,3417.51160528111,DART,TRAILING_DART,,3106.828732073736,118.12688488786958,37281.94478488483,-89.84143193872349,5.0,85.92050571569699,BULL,1.0,2026-05-06,BULL,1.0,전기장비
2026-05-06,코스맥스,192820,KS,화장품,209000.0,206675.0,194548.33333333334,183620.0,198986.0,1,52.926171072275615,-878.4333254397334,1.0934257042529771,0,-7.317073170731703,12.064343163538883,11549.061129252375,12485.0,12485.0,DART,TRAILING_DART,,11549.061129252375,18.096709131673766,138588.7335510285,-33.6896011717567,10.521598974712887,55.75717105095028,BULL,1.0,2026-05-06,BULL,1.0,화장품
2026-05-06,코리안리,003690,KS,손해보험,12040.0,12194.0,12817.5,12121.583333333334,11633.15,1,41.8961887653547,19.213605430957955,1.5185092690736133,0,-2.0341741253051215,-1.1494252873563204,1822.3155821957605,,2004.5471404153368,DART,TRAILING_DART,,1822.3155821957605,6.606978570359727,21867.786986349125,81.62613776037479,92.16261377603747,37.711992537783786,BULL,1.0,2026-05-06,BULL,1.0,손해보험
2026-05-06,한국앤컴퍼니,000240,KS,자동차부품,24300.0,24810.0,26673.333333333332,26650.0,25411.0,0,43.42911624600273,73.11885034615324,1.3711626118320608,0,-2.213279678068414,2.9661016949152463,3657.538424182632,,4023.2922666008953,DART,TRAILING_DART,,3657.538424182632,6.643812636207763,43890.46109019158,80.61918144111762,92.06191814411176,27.437860365476382,BULL,1.0,2026-05-06,BULL,1.0,자동차부품
2026-05-06,농심,004370,KS,식품,376500.0,377475.0,393200.0,410891.6666666667,414165.0,0,47.07296935740323,840.9831566171254,1.3170381766480264,0,-1.1811023622047223,2.588555858310637,27957.33328477987,30570.0,30570.0,DART,TRAILING_DART,,27957.33328477987,13.466949660930956,335487.9994173584,-10.892961642135878,30.468658563131104,28.022125790530414,BULL,1.0,2026-05-06,BULL,1.0,식품
2026-05-06,BGF리테일,282330,KS,백화점과일반상점,129100.0,133730.0,129271.66666666667,120060.83333333333,117109.0,1,46.22145103638012,-817.8676368473243,1.1820008005156373,0,-6.584659913169322,-4.29948109710897,11297.393339503236,12474.0,12474.0,DART|DAILY_DISC,TRAILING_DART,,11297.393339503236,11.427414813342839,135568.72007403884,5.010627477954177,43.25690786067022,51.0384461933909,BULL,1.0,2026-05-06,BULL,1.0,백화점과일반상점
2026-05-06,DN오토모티브,007340,KS,자동차부품,49500.0,40202.5,34923.333333333336,29907.916666666668,28080.75,1,69.01075358544902,995.4696069840875,0.7472730291594176,0,19.85472154963681,35.616438356164394,5554.27368916867,,6109.701058085538,DART,TRAILING_DART,,5554.27368916867,8.912056331780953,66651.28427002404,34.64905913136172,62.52188843538512,76.84270921129898,BULL,1.0,2026-05-06,BULL,1.0,자동차부품
2026-05-06,제일기획,030000,KS,광고,19110.0,19635.0,20392.666666666668,21135.083333333332,20820.1,0,37.910067567701795,16.09695394291451,2.4476989086813123,0,-3.2405063291139236,-0.3129890453834161,1813.371840338105,1989.0,1989.0,DART|DAILY_DISC,TRAILING_DART,,1813.371840338105,10.538379153630688,21760.46208405726,13.869503317934374,49.015177156657344,29.834508932236215,BULL,1.0,2026-05-06,BULL,1.0,광고
2026-05-06,현대위아,011210,KS,자동차부품,81700.0,82250.0,83823.33333333333,77937.5,67373.75,1,47.835290839542665,30.271302130072968,1.4112481554059457,0,-3.655660377358494,7.926023778071345,4299.7478625088215,7116.0,7116.0,DART|DAILY_DISC,TRAILING_DART,,4299.7478625088215,19.00111416122191,51596.974350105855,-36.8458086290014,7.759917449623778,57.82377161585079,BULL,1.0,2026-05-06,BULL,1.0,자동차부품
2026-05-06,미스토홀딩스,081660,KS,"섬유,의류,신발,호화품",39000.0,41660.0,45582.5,44455.0,42123.25,0,31.493950388741325,-97.75305498669593,1.2912067780919279,0,-5.339805825242716,-4.645476772616142,6566.31588924023,4899.0,4899.0,DART,TRAILING_DART,,6566.31588924023,5.939403564776196,78795.79067088276,102.04048889969938,94.20404888996994,16.75433733916719,BULL,1.0,2026-05-06,BULL,1.0,"섬유,의류,신발,호화품"
2026-05-06,SK가스,018670,KS,가스유틸리티,262000.0,253225.0,244641.66666666666,241295.83333333334,245562.5,1,53.73283241453569,2107.3142205592058,0.9883651408619124,0,1.9455252918287869,0.7692307692307665,25257.89698899586,27168.0,27168.0,DART,TRAILING_DART,,25257.89698899586,10.372993448906133,303094.7638679503,15.685024377080259,50.19526584510217,59.87889917207543,BULL,1.0,2026-05-06,BULL,1.0,가스유틸리티
2026-05-06,현대지에프홀딩스,005440,KS,복합기업,15050.0,14302.0,14221.5,11330.083333333334,10095.85,1,55.31408255169561,38.31035401872401,1.029159470658099,0,-2.9032258064516148,9.693877551020403,3326.796532701173,1788.0,1788.0,DART|DAILY_DISC,TRAILING_DART,,3326.796532701173,4.523871493812169,39921.558392414074,165.25952420208685,100.0,66.79796567483612,BULL,1.0,2026-05-06,BULL,1.0,복합기업
2026-05-06,다우기술,023590,KS,증권,50100.0,48070.0,49456.666666666664,44578.75,41086.75,1,58.07392624139862,80.40807945548417,3.7324837908979545,1,4.483837330552665,13.863636363636367,26705.72355943469,,29376.29591537816,DART,TRAILING_DART,,26705.72355943469,1.8760023441604337,320468.6827132163,539.658049327777,100.0,79.60366981735564,BULL,1.0,2026-05-06,BULL,1.0,증권
2026-05-06,코리아써키트,007810,KS,전자장비와기기,94900.0,89025.0,69978.33333333333,56496.666666666664,39900.15,1,61.59650267194982,-646.7942783604149,2.036395278023602,0,-3.3604887983706755,41.220238095238095,2243.0731565191795,3753.0,3753.0,DART,TRAILING_DART,,2243.0731565191795,42.308027147570456,26916.877878230152,-71.63658811566897,5.0,77.54929587859415,BULL,1.0,2026-05-06,BULL,1.0,전자장비와기기
2026-05-06,아모레퍼시픽홀딩스,002790,KS,화장품,27400.0,28055.0,29062.5,28353.333333333332,28185.5,0,45.44623994336249,-7.872535708692396,1.4076222627501196,0,-10.603588907014682,0.9208103130755152,3821.118067040047,,4203.229873744052,DART,TRAILING_DART,,3821.118067040047,7.170676100365792,45853.41680448057,67.34823651270281,83.77635373325683,32.59274862732086,BULL,1.0,2026-05-06,BULL,1.0,화장품
2026-05-06,효성티앤씨,298020,KS,"섬유,의류,신발,호화품",505000.0,498250.0,417975.0,336370.8333333333,292085.0,1,58.33788993496069,-4417.62921329221,0.7542343998674258,0,-2.321083172146998,24.231242312423127,8825.910448595807,37914.0,37914.0,DART|DAILY_DISC,TRAILING_DART,,8825.910448595807,57.21789303678523,105910.92538314968,-79.02753952808918,5.0,71.19197277437831,BULL,1.0,2026-05-06,BULL,1.0,"섬유,의류,신발,호화품"
2026-05-06,호텔신라,008770,KS,백화점과일반상점,63900.0,56277.5,49070.0,47444.583333333336,48338.0,1,68.04481532704351,861.7607493630594,1.1894265078861226,0,-3.034901365705611,45.392491467576804,-4403.995544321727,2252.0,2252.0,DART|DAILY_DISC,TRAILING_DART,,-4403.995544321727,-14.50955146455341,-52847.946531860725,-182.70414167740336,5.0,78.90924421881608,BULL,1.0,2026-05-06,BULL,1.0,백화점과일반상점
2026-05-06,한국콜마,161890,KS,화장품,86900.0,84970.0,76901.66666666667,70977.5,76044.0,1,58.723471722349956,-215.33964801756656,0.8226763062044044,0,-4.5054945054945,14.795244385733163,7126.452052285193,6209.0,6209.0,DART|DAILY_DISC,TRAILING_DART,,7126.452052285193,12.194006128496206,85517.42462742231,-1.5909958257510848,38.607878652467804,70.19833664100902,BULL,1.0,2026-05-06,BULL,1.0,화장품
2026-05-06,현대백화점,069960,KS,백화점과일반상점,107700.0,93925.0,93636.66666666667,92832.5,87084.5,1,64.89534898162978,2233.279248024085,1.7973900767827016,0,-4.942630185348628,41.710526315789465,6254.349664739375,11377.0,11377.0,DART|DAILY_DISC,TRAILING_DART,,6254.349664739375,17.220015792719188,75052.19597687249,-30.313652760564068,13.47555383450644,78.34509111801557,BULL,1.0,2026-05-06,BULL,1.0,백화점과일반상점
2026-05-06,SK아이이테크놀로지,361610,KS,전기제품,26800.0,25107.5,24147.5,25817.916666666668,27137.5,0,60.28076678631561,138.09388926721294,0.7827772634507875,0,-1.1070110701106972,22.935779816513758,-2584.9789025408654,-2306.0,-2306.0,DART,TRAILING_DART,,-2584.9789025408654,-10.367589450597585,-31019.746830490385,-215.7453239943671,5.0,53.397931292216924,BULL,1.0,2026-05-06,BULL,1.0,전기제품
2026-05-06,시프트업,462870,KS,게임엔터테인먼트,32900.0,33647.5,32508.333333333332,34425.416666666664,37121.75,0,47.21357769849426,-184.97513949660436,0.7090157935615227,0,-5.595408895265419,0.0,3263.704743706945,,3590.07521807764,DART|DAILY_DISC,TRAILING_DART,,3263.704743706945,10.080568735097001,39164.45692448334,19.040902506028388,52.37658662891845,28.528208022659708,BULL,1.0,2026-05-06,BULL,1.0,게임엔터테인먼트
2026-05-06,GS리테일,007070,KS,백화점과일반상점,22450.0,23000.0,21673.0,21547.416666666668,19680.35,1,48.27453405847026,-133.76721834989485,1.4439093433541552,0,-6.458333333333332,2.277904328018221,600.8920694534091,2294.0,2294.0,DART|DAILY_DISC,TRAILING_DART,,600.8920694534091,37.3611188119378,7210.70483344091,-67.88104751251265,5.0,61.57977502619105,BULL,1.0,2026-05-06,BULL,1.0,백화점과일반상점
2026-05-06,대신증권,003540,KS,증권,42200.0,38667.5,38881.666666666664,33325.416666666664,30899.5,1,65.48906772761865,257.7452611997926,3.8179030505697065,1,7.379134860050884,17.385257301808068,3793.7302339306266,,4173.10325732369,DART|DAILY_DISC,TRAILING_DART,,3793.7302339306266,11.123616440243621,45524.76280716752,7.8785848511078616,45.121080153220106,85.2978094911563,BULL,1.0,2026-05-06,BULL,1.0,증권
2026-05-06,LX인터내셔널,001120,KS,무역회사와판매업체,49850.0,51082.5,47117.5,40136.25,36437.5,1,47.670562060142814,-264.1074239889863,1.1180849318921222,0,-9.198542805100185,-4.501915708812265,4083.128182017544,7006.0,7006.0,DART|DAILY_DISC,TRAILING_DART,,4083.128182017544,12.208776648145358,48997.53818421053,-1.710053792957822,38.503702931161904,66.69073222690778,BULL,1.0,2026-05-06,BULL,1.0,무역회사와판매업체
2026-05-06,코스모신소재,005070,KS,화학,64000.0,58800.0,54121.666666666664,51360.833333333336,48652.25,1,62.6433026040368,133.1466308471404,1.0494205736554016,0,1.2658227848101333,23.79110251450678,-15.741605634466874,,-17.31576619791356,DART|DAILY_DISC,TRAILING_DART,,-15.741605634466874,-4065.6589604728406,-188.8992676136025,-100.29515510564626,5.0,75.53921552450164,BULL,1.0,2026-05-06,BULL,1.0,화학
2026-05-06,SK이터닉스,475150,KS,에너지장비및서비스,54700.0,56045.0,43801.666666666664,31938.666666666668,28223.35,1,51.972636447297845,-721.0040896002797,0.4840233030400176,0,0.7366482504604033,-11.774193548387101,901.8046132850426,1208.0,1208.0,DART,TRAILING_DART,,901.8046132850426,60.65615455297124,10821.65535942051,-80.21635217656214,5.0,67.84737015974923,BULL,1.0,2026-05-06,BULL,1.0,에너지장비및서비스
2026-05-06,SNT다이내믹스,003570,KS,자동차부품,55800.0,55535.0,52778.333333333336,50360.416666666664,54226.0,1,51.95460398727122,107.11076110418799,1.0959423426396124,0,-0.8880994671403242,7.307692307692304,1851.72758949447,,2036.9003484439168,DART|DAILY_DISC,TRAILING_DART,,1851.72758949447,30.134022043292905,22220.73107393364,-60.177901301194204,5.0,53.8598698718457,BULL,1.0,2026-05-06,BULL,1.0,자동차부품
2026-05-06,HD현대에너지솔루션,322000,KS,에너지장비및서비스,213500.0,181400.0,134268.33333333334,94971.66666666667,76423.75,1,67.5534206840663,3076.2015156012785,0.508655730179678,0,13.142554319024914,18.217054263565903,3721.132036517857,6027.0,6027.0,DART,TRAILING_DART,,3721.132036517857,57.375013276816695,44653.58443821428,-79.08497216008699,5.0,76.35143924627849,BULL,1.0,2026-05-06,BULL,1.0,에너지장비및서비스
2026-05-06,대웅제약,069620,KS,제약,143200.0,150350.0,161695.0,166690.83333333334,157261.5,0,36.58238847354793,-170.92613015030702,1.2187314720987257,0,-4.278074866310155,-6.7708333333333375,16649.347980572344,13861.0,13861.0,DART,TRAILING_DART,,16649.347980572344,8.600937416113595,199792.1757668681,39.51967581485203,65.68778927965383,17.18841070944154,BULL,1.0,2026-05-06,BULL,1.0,제약
2026-05-06,LS에코에너지,229640,KS,전기장비,92100.0,61645.0,49671.666666666664,43335.416666666664,41927.0,1,84.96578767615617,3715.863545951993,1.0038771579053474,1,34.84626647144948,112.45674740484431,1582.8891834642025,1518.0,1518.0,DART,TRAILING_DART,,1582.8891834642025,58.18474278688055,18994.67020157043,-79.37603669753483,5.0,82.49503079636335,BULL,1.0,2026-05-06,BULL,1.0,전기장비
2026-05-06,녹십자,006280,KS,제약,135800.0,142755.0,151848.33333333334,151156.66666666666,144638.0,0,36.09977891504863,-567.7270452994385,1.3659623456314103,0,-4.096045197740117,-3.0000000000000027,-2540.115767817638,3616.0,3616.0,DART,TRAILING_DART,,-2540.115767817638,-53.462130238525994,-30481.389213811653,-122.445794708256,5.0,19.435464471323513,BULL,1.0,2026-05-06,BULL,1.0,제약
2026-05-06,STX엔진,077970,KS,조선,57800.0,46832.5,37713.333333333336,36347.916666666664,35513.0,1,66.59909984779158,1305.7272119716308,0.5206681350104994,0,-3.5058430717863076,63.27683615819208,1717.3484929023848,,1889.083342192624,DART,TRAILING_DART,,1717.3484929023848,33.65653519881442,20608.181914828616,-64.34570602970828,5.0,76.92889291150301,BULL,1.0,2026-05-06,BULL,1.0,조선
2026-05-06,동원산업,006040,KS,식품,37900.0,38612.5,40013.333333333336,41667.5,43292.5,0,42.09064142804019,-16.714140241606287,2.1484931942779553,0,-1.813471502590669,0.9320905459387463,8769.339989484459,6682.0,6682.0,DART|DAILY_DISC,TRAILING_DART,,8769.339989484459,4.3218759958499575,105232.0798738135,177.65720283328102,100.0,26.293817059535346,BULL,1.0,2026-05-06,BULL,1.0,식품
2026-05-06,금호타이어,073240,KS,자동차부품,5530.0,6010.0,6242.833333333333,6032.75,5538.25,0,34.19003681866781,-43.55385113961741,1.7374659141316422,0,-9.492635024549923,-7.058823529411762,1311.6083163872909,1498.0,1498.0,DART|DAILY_DISC,TRAILING_DART,,1311.6083163872909,4.216197725272051,15739.29979664749,184.61663285076835,100.0,26.80547860123,BULL,1.0,2026-05-06,BULL,1.0,자동차부품
2026-05-06,HDC,012630,KS,건설,27650.0,27402.5,25596.5,21615.833333333332,21151.45,1,53.88975543175162,-34.71398676106094,2.057641891336315,0,0.3629764065335772,2.9795158286778367,6971.399814595231,,7668.539796054754,DART|DAILY_DISC,TRAILING_DART,,6971.399814595231,3.9662048850092235,83656.79777514277,202.55623065151093,100.0,76.315252817279,BULL,1.0,2026-05-06,BULL,1.0,건설
2026-05-06,한화투자증권,003530,KS,증권,9370.0,7612.0,7401.0,6226.916666666667,6060.45,1,71.51690794418158,127.8764906400487,10.156469973775893,1,17.271589486858563,41.32730015082957,475.46519650460135,,523.0117161550615,DART|DAILY_DISC,TRAILING_DART,,475.46519650460135,19.70701550583276,5705.582358055216,-39.10797910293259,5.780518284933985,90.95362656369943,BULL,1.0,2026-05-06,BULL,1.0,증권
2026-05-06,롯데관광개발,032350,KS,"호텔,레스토랑,레저",20400.0,19342.5,20719.166666666668,21200.75,19727.05,1,53.67348988858992,235.13910892808542,1.0271639132072359,0,-7.692307692307687,26.550868486352353,346.68499759187875,1065.0,1065.0,DART,TRAILING_DART,,346.68499759187875,58.84304236324381,4160.219971102545,-79.60676484753655,5.0,45.492806212224686,BULL,1.0,2026-05-06,BULL,1.0,"호텔,레스토랑,레저"
2026-05-06,오리온홀딩스,001800,KS,식품,24200.0,24407.5,24104.166666666668,22225.083333333332,21713.2,1,48.11503802055142,-1.261438072696592,1.5391142221338059,0,-2.6156941649899346,6.843267108167761,5391.900149862508,,5931.09016484876,DART,TRAILING_DART,,5391.900149862508,4.488213677439314,64702.801798350105,167.3669495799591,100.0,56.11830346598265,BULL,1.0,2026-05-06,BULL,1.0,식품
2026-05-06,IPARK현대산업개발,294870,KS,건설,22050.0,22952.5,22367.5,21314.5,21242.75,1,45.39559315861859,-150.9625926596234,0.5333121414255033,0,-3.9215686274509776,7.560975609756104,2399.5619063767263,5108.0,5108.0,DART|DAILY_DISC,TRAILING_DART,,2399.5619063767263,9.189177383339489,28794.742876520715,30.58840306812116,59.882461994278756,39.56421538956851,BULL,1.0,2026-05-06,BULL,1.0,건설
2026-05-06,교보증권,030610,KS,증권,15810.0,13530.0,13158.166666666666,11486.916666666666,10573.2,1,72.76828465411808,181.55241785817805,6.461956521739131,1,12.366737739872068,35.012809564474814,1254.0110817232978,,1379.4121898956278,DART|DAILY_DISC,TRAILING_DART,,1254.0110817232978,12.60754408826551,15048.132980679573,-4.818893227833188,35.783468425645964,89.62316555902237,BULL,1.0,2026-05-06,BULL,1.0,증권
2026-05-06,아시아나항공,020560,KS,항공사,6990.0,7100.5,7223.5,7630.833333333333,8331.4,0,41.649843348461644,-9.715446363162872,1.7963635747736761,0,-1.4104372355430161,0.7204610951008661,-1419.9696119841055,,-1561.9665731825162,DART,TRAILING_DART,,-1419.9696119841055,-4.922640555830601,-17039.635343809266,-343.7716072075718,5.0,26.584993215416098,BULL,1.0,2026-05-06,BULL,1.0,항공사
2026-05-06,후성,093370,KS,화학,14130.0,12452.5,9232.166666666666,8630.5,7604.925,1,67.11366986650451,0.959052123994752,0.5280966892159061,1,7.616146230007614,42.72727272727273,65.5276775429249,,72.08044529721741,DART,TRAILING_DART,,65.5276775429249,215.63407295709402,786.3321305150989,-94.43501676917835,5.0,80.77226729261868,BULL,1.0,2026-05-06,BULL,1.0,화학
2026-05-06,오뚜기,007310,KS,식품,357000.0,364900.0,373658.3333333333,379958.3333333333,387327.5,0,39.517705032089296,-221.60581648288235,2.181907697576847,0,-2.3255813953488413,0.5633802816901401,17998.68295012513,,19798.551245137645,DART,TRAILING_DART,,17998.68295012513,19.834784633367747,215984.19540150155,-39.50022537773066,5.437302794485674,31.03676426897939,BULL,1.0,2026-05-06,BULL,1.0,식품
2026-05-06,파라다이스,034230,KS,"호텔,레스토랑,레저",15420.0,15490.0,17333.833333333332,17116.75,18224.75,0,43.28901586827338,108.52087659050557,1.0279643075245868,0,-4.104477611940293,4.118838622552334,1563.0187047669172,1033.0,1033.0,DART|DAILY_DISC,TRAILING_DART,,1563.0187047669172,9.86552493132159,18756.224457203007,21.635696869020805,54.06320296486352,18.813588954269,BULL,1.0,2026-05-06,BULL,1.0,"호텔,레스토랑,레저"
2026-05-06,SK오션플랜트,100090,KS,에너지장비및서비스,23150.0,23962.5,22084.833333333332,20756.583333333332,21299.0,1,46.399736144262945,-155.12210810246302,0.4378961202770004,0,-1.906779661016944,-19.19720767888308,600.3835848861607,813.0,813.0,DART,TRAILING_DART,,600.3835848861607,38.55868245363419,7204.6030186339285,-68.87860467112775,5.0,52.97393956729806,BULL,1.0,2026-05-06,BULL,1.0,에너지장비및서비스
2026-05-06,태광산업,003240,KS,화학,1162000.0,1208700.0,1170516.6666666667,980258.3333333334,959095.0,1,45.51731959162812,-9107.121572386506,1.790999773863665,0,-4.283360790774305,1.573426573426584,74675.45160499371,,82142.99676549308,DART,TRAILING_DART,,74675.45160499371,15.560669202866857,896105.4192599244,-22.882494039593425,19.977817715355755,60.613209921566956,BULL,1.0,2026-05-06,BULL,1.0,화학
2026-05-06,롯데정밀화학,004000,KS,화학,64800.0,57270.0,52162.5,49008.333333333336,47099.25,1,65.39513624316211,1169.748943838329,1.4473546661626582,0,3.6799999999999944,35.56485355648535,4112.129535581395,5901.0,5901.0,DART|DAILY_DISC,TRAILING_DART,,4112.129535581395,15.758258449618179,49345.55442697674,-23.84945304478898,19.131728585809643,81.81864131401248,BULL,1.0,2026-05-06,BULL,1.0,화학
2026-05-06,대웅,003090,KS,제약,21850.0,22772.5,24122.5,23637.916666666668,23526.5,0,39.10327687825876,-53.86646973601643,1.634711406261967,0,-5.818965517241381,-3.31858407079646,3919.831402439339,,4311.814542683273,DART,TRAILING_DART,,3919.831402439339,5.574219336679274,47037.97682927207,115.27678182733214,95.52767818273321,22.268160821198492,BULL,1.0,2026-05-06,BULL,1.0,제약
2026-05-06,동양생명,082640,KS,생명보험,8070.0,8561.5,8224.5,7418.166666666667,7587.2,1,40.40581090950431,-87.1551451199132,0.8643096860092666,0,-7.771428571428574,-6.380510440835263,771.5362650211639,,848.6898915232804,DART|DAILY_DISC,TRAILING_DART,,771.5362650211639,10.459650914501903,9258.435180253968,14.726582159280888,49.57227840353258,41.22068653037935,BULL,1.0,2026-05-06,BULL,1.0,생명보험
2026-05-06,DL,000210,KS,화학,65500.0,66615.0,56218.333333333336,47471.25,45173.75,1,51.623833724686186,-366.38487801907195,0.8370599035294914,0,-2.6745913818722156,4.465709728867617,-4595.286706874308,,-5054.815377561739,DART,TRAILING_DART,,-4595.286706874308,-14.25373522440187,-55143.4404824917,-184.18845875189572,5.0,70.73301655767004,BULL,1.0,2026-05-06,BULL,1.0,화학
2026-05-06,NHN,181710,KS,IT서비스,40900.0,40240.0,38191.666666666664,34710.416666666664,31912.25,1,53.559073403481555,-109.60192675100961,0.8429758299717289,0,-1.2077294685990392,12.05479452054794,1584.8642941368155,3160.0,3160.0,DART|DAILY_DISC,TRAILING_DART,,1584.8642941368155,25.8066259371916,19018.371529641787,-53.500314108455285,5.0,67.39075991277682,BULL,1.0,2026-05-06,BULL,1.0,IT서비스
2026-05-06,한일시멘트,300720,KS,건축자재,16800.0,17130.0,17168.0,17501.416666666668,18190.6,0,45.43736563350767,-0.6200622652119421,0.9526040039716613,0,-2.3255813953488413,2.127659574468077,1103.2930256952563,,1213.622328264782,DART,TRAILING_DART,,1103.2930256952563,15.22714238985897,13239.516308343076,-21.19335530748169,21.45581410595352,30.19408618644736,BULL,1.0,2026-05-06,BULL,1.0,건축자재
2026-05-06,종근당,185750,KS,제약,83100.0,87715.0,88915.0,87065.0,85332.0,0,35.57130300197082,-494.63887214900524,2.229557025463599,0,-5.568181818181817,-6.524184476940387,5638.483010958662,5216.0,5216.0,DART,TRAILING_DART,,5638.483010958662,14.738006630239227,67661.79613150394,-18.577862657636647,23.744370174567933,32.25060202246608,BULL,1.0,2026-05-06,BULL,1.0,제약
2026-05-06,하이트진로,000080,KS,음료,16830.0,17164.5,17179.0,17826.166666666668,18526.1,0,42.300806938604964,-33.76863561293585,2.2252033598052567,0,-1.980198019801982,0.3577817531305927,586.2702345669895,1526.0,1526.0,DART,TRAILING_DART,,586.2702345669895,28.70689829994591,7035.242814803874,-58.198200743886666,5.0,33.64753213212292,BULL,1.0,2026-05-06,BULL,1.0,음료
2026-05-06,KB발해인프라,415640,KS,nan,9900.0,9952.0,9975.166666666666,9960.166666666666,9506.9,1,46.31518108670722,3.681935538409252,1.1472593967408726,0,-0.20161290322581182,-0.30211480362537513,,,,EMPTY,FORWARD_AUTO,,,,,,,44.41505165574896,BULL,1.0,2026-05-06,BULL,1.0,nan
2026-05-06,영풍,000670,KS,핸드셋,70000.0,64225.0,60211.666666666664,58154.789713541664,51691.41748046875,1,65.15224118715224,271.88547365200884,1.9241387173790612,1,6.544901065449005,18.644067796610166,1658.77930097711,,1824.6572310748213,DART,TRAILING_DART,,1658.77930097711,42.19970671129441,19905.35161172532,-71.56378341182096,5.0,89.01510694622863,BULL,1.0,2026-05-06,BULL,1.0,핸드셋
2026-05-06,SK네트웍스,001740,KS,복합기업,6680.0,5610.0,5441.0,5026.125,4840.35,1,73.24616526395114,122.99258286906073,8.02818356766865,1,18.439716312056742,30.46875,225.87433967988363,296.0,296.0,DART,TRAILING_DART,,225.87433967988363,29.573965814209398,2710.4920761586036,-59.42377131499097,5.0,91.05926003615681,BULL,1.0,2026-05-06,BULL,1.0,복합기업
2026-05-06,롯데렌탈,089860,KS,도로와철도운송,31950.0,32757.5,32518.333333333332,31901.25,31232.75,1,43.30975585934208,-76.42062682110594,1.3998105763240665,0,-5.333333333333334,3.9024390243902474,3489.8676294957104,4267.0,4267.0,DART|DAILY_DISC,TRAILING_DART,,3489.8676294957104,9.155075032062694,41878.41155394852,31.07484054443981,60.19864635388588,41.74033376682662,BULL,1.0,2026-05-06,BULL,1.0,도로와철도운송
2026-05-06,SNT에너지,100840,KS,에너지장비및서비스,64100.0,57015.0,49713.333333333336,44716.666666666664,47276.0,1,66.03152510094195,227.88213072803592,1.5191127805985885,1,11.478260869565226,16.757741347905288,4079.7811126880447,,4487.759223956849,DART|DAILY_DISC,TRAILING_DART,,4079.7811126880447,15.711627224472943,48957.37335225654,-23.623442508180126,19.32948780534239,87.39107524299406,BULL,1.0,2026-05-06,BULL,1.0,에너지장비및서비스
2026-05-06,에스디바이오센서,137310,KS,건강관리장비와용품,7930.0,8347.5,8260.333333333334,8650.0,9217.6,0,42.70804523122981,-58.28233706966131,1.2204909895775995,0,-6.042654028436023,7.017543859649122,-4251.697128762084,,-4676.8668416382925,DART,TRAILING_DART,,-4251.697128762084,-1.8651375579776739,-51020.365545145,-743.3841808971627,5.0,22.995518551277748,BULL,1.0,2026-05-06,BULL,1.0,건강관리장비와용품
2026-05-06,롯데칠성,005300,KS,음료,120300.0,120490.0,125188.33333333333,126820.83333333333,125095.5,0,47.896470935719,445.49042059378775,1.8903958592926293,0,-2.195121951219514,5.52631578947369,5517.727491258647,10718.0,10718.0,DART|DAILY_DISC,TRAILING_DART,,5517.727491258647,21.802454033944763,66212.72989510377,-44.96032427672172,5.0,37.59176839156082,BULL,1.0,2026-05-06,BULL,1.0,음료
2026-05-06,케이씨텍,281820,KS,반도체와반도체장비,69700.0,56067.5,49838.333333333336,45102.5,40735.75,1,80.49968640122582,1200.6096668495056,1.5556791028723835,1,15.588723051409614,61.156069364161844,2580.537244971961,,2838.5909694691577,DART,TRAILING_DART,,2580.537244971961,27.009879487617056,30966.446939663532,-55.57181213821588,5.0,86.99428772896573,BULL,1.0,2026-05-06,BULL,1.0,반도체와반도체장비
2026-05-06,파미셀,005690,KS,화학,20100.0,18169.5,16510.0,16020.583333333334,14766.5,1,61.24232116642026,131.60443405427645,1.0461682822938414,0,6.180665610142633,36.73469387755102,671.293309621593,958.0,958.0,DART,TRAILING_DART,,671.293309621593,29.942202181830677,8055.519715459117,-59.922787485278015,5.0,77.80927598470885,BULL,1.0,2026-05-06,BULL,1.0,화학
2026-05-06,SK디스커버리,006120,KS,석유와가스,62900.0,58970.0,57490.0,59157.5,57461.75,1,58.596197408599096,-60.04806116872476,2.562983969952113,0,8.07560137457044,22.8515625,8305.309969402917,,9135.84096634321,DART,TRAILING_DART,,8305.309969402917,7.573468086287692,99663.71963283501,58.44788494886328,77.99112521676113,69.22819130495465,BULL,1.0,2026-05-06,BULL,1.0,석유와가스
2026-05-06,더블유게임즈,192080,KS,게임엔터테인먼트,58900.0,53845.0,52470.0,52670.833333333336,53038.0,1,64.4552329304228,883.4492758351132,1.0935912107367385,0,3.1523642732049106,22.70833333333333,8492.266220913834,8230.0,8230.0,DART|DAILY_DISC,TRAILING_DART,,8492.266220913834,6.935722275751019,101907.194650966,73.01730840571479,87.4612504637146,69.50204882229053,BULL,1.0,2026-05-06,BULL,1.0,게임엔터테인먼트
2026-05-06,롯데웰푸드,280360,KS,식품,117700.0,116695.0,118048.33333333333,117760.83333333333,117374.0,1,51.09733005504897,404.76355620837785,1.2483997799278055,0,-3.6036036036036,7.586837294332716,7672.584649979676,11712.0,11712.0,DART,TRAILING_DART,,7672.584649979676,15.340332543650955,92071.01579975612,-21.774837893155375,20.947016843489045,43.68454658144083,BULL,1.0,2026-05-06,BULL,1.0,식품
2026-05-06,세진중공업,075580,KS,조선,19520.0,19237.0,18161.0,18456.833333333332,18081.95,1,52.51932898870071,31.622418031561438,1.2307630992085132,0,-9.209302325581392,15.502958579881664,1052.6832157021872,,1157.951537272406,DART,TRAILING_DART,,1052.6832157021872,18.543090370239522,12632.198588426247,-35.28586788716063,9.124865598734452,61.40135874726872,BULL,1.0,2026-05-06,BULL,1.0,조선
2026-05-06,엠앤씨솔루션,484870,KS,우주항공과국방,113500.0,114005.0,120600.0,133426.66666666666,154309.5,0,47.43984985553136,338.4778227905746,0.4759490363439549,0,-2.658662092624353,5.092592592592582,4980.139806749036,,5478.15378742394,DART,TRAILING_DART,,4980.139806749036,22.79052484554468,59761.67768098843,-47.34653948811592,5.0,19.6052015751338,BULL,1.0,2026-05-06,BULL,1.0,우주항공과국방
2026-05-06,비에이치,090460,KS,전자장비와기기,32050.0,29700.0,23070.666666666668,20090.416666666668,18728.9,1,59.87244497864594,-151.23719064039415,0.9416013599864365,0,-11.09570041608876,44.36936936936937,1205.7601516430368,2657.0,2657.0,DART,TRAILING_DART,,1205.7601516430368,26.580742410774533,14469.121819716442,-54.85453410384886,5.0,73.24165590533134,BULL,1.0,2026-05-06,BULL,1.0,전자장비와기기
2026-05-06,SNT홀딩스,036530,KS,자동차부품,60300.0,62080.0,61105.0,59134.166666666664,61194.5,0,45.30260088313106,-269.32654066197586,1.9766242826859457,0,-3.520000000000001,2.901023890784993,13473.50692534283,,14820.857617877116,DART|DAILY_DISC,TRAILING_DART,,13473.50692534283,4.475449512448718,161682.08310411396,168.1294910515986,100.0,41.80768565345336,BULL,1.0,2026-05-06,BULL,1.0,자동차부품
2026-05-06,쿠쿠홀딩스,192400,KS,가정용기기와용품,28800.0,28675.0,28481.666666666668,28580.416666666668,29576.0,0,50.6312938763728,38.24645395693335,1.002154862807068,0,-1.0309278350515427,4.159132007233279,4083.512211102889,,4491.863432213178,DART,TRAILING_DART,,4083.512211102889,7.0527522659768405,49002.14653323467,70.14634212928705,85.59512238403659,40.74318144948033,BULL,1.0,2026-05-06,BULL,1.0,가정용기기와용품
2026-05-06,해성디에스,195870,KS,반도체와반도체장비,78000.0,66440.0,60207.5,57104.166666666664,46535.75,1,65.53619441731387,1317.1746613466003,1.1563728407217582,0,-2.985074626865669,49.13957934990441,1401.223774764706,4854.0,4854.0,DART|DAILY_DISC,TRAILING_DART,,1401.223774764706,55.66562700743341,16814.68529717647,-78.44271115746606,5.0,80.23678010287836,BULL,1.0,2026-05-06,BULL,1.0,반도체와반도체장비
2026-05-06,SK케미칼,285130,KS,화학,58200.0,57745.0,59066.666666666664,64510.833333333336,64490.0,0,50.705925321819876,267.1616981637692,1.4865791259116865,0,0.8665511265164572,12.790697674418606,1577.992536519657,,1735.791790171623,DART,TRAILING_DART,,1577.992536519657,36.88230372011966,18935.910438235886,-67.46407141196583,5.0,33.64910291076633,BULL,1.0,2026-05-06,BULL,1.0,화학
2026-05-06,경동나비엔,009450,KS,가정용기기와용품,74800.0,70295.0,65510.0,61679.166666666664,68122.5,1,61.133657925419485,556.9160309304029,1.1178200088700596,0,-1.1889035667106973,22.622950819672138,6157.003532393522,,6772.7038856328745,DART,TRAILING_DART,,6157.003532393522,12.1487667834619,73884.04238872226,-1.2245422610664969,38.92852552156682,69.88958035073303,BULL,1.0,2026-05-06,BULL,1.0,가정용기기와용품
2026-05-06,대한유화,006650,KS,화학,170700.0,160155.0,150430.0,148663.33333333334,134436.0,1,58.658648031910964,2076.2672760547994,1.3086353617725743,0,8.587786259541975,21.408250355618776,8599.392465846155,12419.0,12419.0,DART,TRAILING_DART,,8599.392465846155,19.850239499820717,103192.70959015386,-39.54732888684601,5.396087224009741,81.2631587501491,BULL,1.0,2026-05-06,BULL,1.0,화학
2026-05-06,전진건설로봇,079900,KS,기계,62700.0,66585.0,59585.833333333336,53785.0,51952.25,1,47.962318573958015,-888.7724380334007,0.29393948847535706,0,-6.278026905829592,13.586956521739136,2004.201589921429,,2204.621748913572,DART,TRAILING_DART,,2004.201589921429,31.284278146121036,24050.41907905715,-61.642074834039626,5.0,61.79671887117756,BULL,1.0,2026-05-06,BULL,1.0,기계
2026-05-06,유안타증권,003470,KS,증권,7830.0,5234.0,5013.75,4429.208333333333,4146.925,1,84.02613917533847,214.77733056545793,19.332969649314478,1,44.4649446494465,73.23008849557522,479.1241408870661,,527.0365549757728,DART|DAILY_DISC,TRAILING_DART,,479.1241408870661,16.342319937173865,5749.489690644794,-26.57101289087108,16.750363720487805,88.12846420270304,BULL,1.0,2026-05-06,BULL,1.0,증권
2026-05-06,HS효성첨단소재,298050,KS,화학,258500.0,233100.0,231986.66666666666,216817.5,206796.0,1,63.25117185161239,4613.051550576205,1.778972918947218,0,8.158995815899583,23.684210526315795,3494.08801396802,13489.0,13489.0,DART,TRAILING_DART,,3494.08801396802,73.9821089127167,41929.05616761624,-83.77986221755658,5.0,78.56876869077185,BULL,1.0,2026-05-06,BULL,1.0,화학
2026-05-06,한화3우B,00088K,KS,복합기업,50900.0,49040.0,48370.833333333336,44612.083333333336,41952.25,1,58.69394621970312,127.6411516312503,1.424263632921572,1,1.5968063872255467,12.23814773980154,,10406.0,10406.0,SCRAPE,CONSENSUS_SCRAPE,,10406.0,4.891408802613877,124872.0,145.32809430255404,98.5328094302554,79.7505352885244,BULL,1.0,2026-05-06,BULL,1.0,복합기업
2026-05-06,GS피앤엘,499790,KS,"호텔,레스토랑,레저",54500.0,49927.5,50652.5,47980.833333333336,47092.0,1,59.38995642248734,769.8387023041694,2.2005336803381157,0,-3.3687943262411313,32.442284325637914,1509.967729961629,2777.0,2777.0,DART|DAILY_DISC,TRAILING_DART,,1509.967729961629,36.09348658158737,18119.61275953955,-66.75300411093662,5.0,75.56907915883293,BULL,1.0,2026-05-06,BULL,1.0,"호텔,레스토랑,레저"
2026-05-06,현대홈쇼핑,057050,KS,인터넷과카탈로그소매,86800.0,82060.0,79641.66666666667,67252.5,62333.0,1,58.613361597443365,296.8355073430864,1.8321626423382833,0,-2.2522522522522515,11.139564660691414,9559.69225,,10515.661475,DART|DAILY_DISC,TRAILING_DART,,9559.69225,9.079790199313162,114716.307,32.161644009216594,60.905068605990785,76.03505369130184,BULL,1.0,2026-05-06,BULL,1.0,인터넷과카탈로그소매
2026-05-06,NICE평가정보,030190,KS,상업서비스와공급품,14740.0,15461.0,16382.333333333334,16568.166666666668,16006.5,0,36.65527416036808,-35.462862354538146,2.046453405941971,0,-7.874999999999998,-7.701941139636814,1325.2974399390462,,1457.827183932951,DART,TRAILING_DART,,1325.2974399390462,11.122031595170009,15903.569279268555,7.893957118511219,45.13107212703229,22.383639597377858,BULL,1.0,2026-05-06,BULL,1.0,상업서비스와공급품
2026-05-06,한샘,009240,KS,가구,39950.0,40097.5,42814.166666666664,44194.166666666664,44491.75,0,46.23717500177652,436.72670257217794,1.2268723159388666,0,1.13924050632912,2.9639175257731853,1966.5686221611625,999.0,999.0,DART,TRAILING_DART,,1966.5686221611625,20.314572067206537,23598.82346593395,-40.92910271355707,5.0,26.51995886715919,BULL,1.0,2026-05-06,BULL,1.0,가구
2026-05-06,솔루엠,248070,KS,전자장비와기기,23600.0,19298.5,17987.0,17300.416666666668,17193.35,1,77.84818090309831,280.56632787821616,6.219297141082785,1,18.652589240824536,48.895899053627765,296.6923694914004,1085.0,1085.0,DART,TRAILING_DART,,296.6923694914004,79.54367023478183,3560.308433896805,-84.91394731399659,5.0,91.1605662424172,BULL,1.0,2026-05-06,BULL,1.0,전자장비와기기
2026-05-06,일동제약,249420,KS,제약,24650.0,27495.0,31269.166666666668,33111.25,29131.3,0,30.062040502734547,-111.44390123819733,2.268888623483497,0,-12.277580071174377,-8.193668528864062,749.0210709491788,,823.9231780440967,DART,TRAILING_DART,,749.0210709491788,32.90962157948759,8988.252851390145,-63.536499588680954,5.0,15.99736135246075,BULL,1.0,2026-05-06,BULL,1.0,제약
2026-05-06,SNT모티브,064960,KS,자동차부품,34100.0,34697.5,34254.166666666664,34183.333333333336,34276.75,0,46.94922953519912,-38.24265573911424,1.165691133277722,0,-5.67081604426003,2.095808383233533,2618.968963920189,3801.0,3801.0,DART|DAILY_DISC,TRAILING_DART,,2618.968963920189,13.020391027833185,31427.627567042266,-7.836869304861393,33.142739358246274,40.78786221014695,BULL,1.0,2026-05-06,BULL,1.0,자동차부품
2026-05-06,디아이,003160,KS,반도체와반도체장비,35450.0,32262.5,33312.5,29283.666666666668,24132.9,1,59.26062529661111,395.65223898456895,1.305387897302041,1,1.8678160919540332,26.60714285714285,477.64271056537103,,525.4069816219081,DART,TRAILING_DART,,477.64271056537103,74.21865594481474,5731.712526784452,-83.8315584575897,5.0,79.95406813556104,BULL,1.0,2026-05-06,BULL,1.0,반도체와반도체장비
2026-05-06,세아제강지주,003030,KS,철강,220000.0,227375.0,184771.66666666666,159055.0,167145.0,1,51.12484075130862,-1867.38508273564,0.6826200150855252,0,-1.3452914798206317,-9.278350515463918,23626.740122129864,,25989.414134342853,DART,TRAILING_DART,,23626.740122129864,9.311483465886102,283520.88146555837,28.873127938890164,58.7675331602786,68.58418256229697,BULL,1.0,2026-05-06,BULL,1.0,철강
2026-05-06,자화전자,033240,KS,통신장비,46350.0,41760.0,39942.5,31249.916666666668,26629.35,1,60.335998837660526,561.1935372940757,1.4000980033899808,0,-6.36363636363636,36.92762186115215,2181.4326902471416,,2399.575959271856,DART,TRAILING_DART,,2181.4326902471416,21.247504086293333,26177.192282965698,-43.52277824602871,5.0,79.75577317076002,BULL,1.0,2026-05-06,BULL,1.0,통신장비
2026-05-06,LX세미콘,108320,KS,디스플레이장비및부품,61600.0,56595.0,54099.166666666664,52862.5,54406.5,1,62.015240126223546,633.4110746412425,1.9061805099829563,0,-6.240487062404876,24.444444444444446,5080.641733366945,,5588.70590670364,DART|DAILY_DISC,TRAILING_DART,,5080.641733366945,12.124452624841474,60967.70080040334,-1.026459739604968,39.10184772784565,76.35647418688788,BULL,1.0,2026-05-06,BULL,1.0,디스플레이장비및부품
2026-05-06,대한해운,005880,KS,해운사,2570.0,2660.25,2409.0833333333335,2117.0416666666665,1982.985,1,49.5902429494728,-30.447986976223802,0.23493860051346627,0,-3.9252336448598157,11.49674620390455,536.828793253571,476.0,476.0,DART,TRAILING_DART,,536.828793253571,4.78737361389269,6441.9455190428525,150.65935871762073,99.06593587176208,63.368956761869185,BULL,1.0,2026-05-06,BULL,1.0,해운사
2026-05-06,지역난방공사,071320,KS,복합유틸리티,73600.0,75850.0,84765.0,94557.5,91377.0,0,37.314082055745246,358.29918236185995,1.15667734122152,0,-3.6649214659685847,2.0804438280166426,29267.941324205804,15978.0,15978.0,DART|DAILY_DISC,TRAILING_DART,,29267.941324205804,2.5146968549895834,351215.2958904696,377.1946955033555,100.0,16.489331071047424,BULL,1.0,2026-05-06,BULL,1.0,복합유틸리티
2026-05-06,아이에스동서,010780,KS,건설,25000.0,27950.0,28959.166666666668,25075.666666666668,22853.95,1,37.257720594543805,-284.20361173110297,2.00377939443682,0,-9.255898366606175,-11.190053285968027,-2379.0957638154946,1982.0,1982.0,DART,TRAILING_DART,,-2379.0957638154946,-10.508194071139886,-28549.149165785937,-214.19659666314374,5.0,38.1672134090426,BULL,1.0,2026-05-06,BULL,1.0,건설
2026-05-06,KG모빌리티,003620,KS,자동차,4330.0,4090.25,3831.8333333333335,3679.3333333333335,3594.075,1,62.04302980857483,18.52086640321727,0.9675701962874566,0,1.2865497076023358,28.296296296296287,230.1248183569315,,253.13730019262468,DART|DAILY_DISC,TRAILING_DART,,230.1248183569315,18.815875796951293,2761.497820283178,-36.22406881563099,8.303939786322882,75.30439193393498,BULL,1.0,2026-05-06,BULL,1.0,자동차
2026-05-06,OCI,456040,KS,화학,141900.0,115315.0,96565.0,79586.66666666667,70683.5,1,71.48140449305113,3071.99278680691,0.656821442685631,0,0.8528784648187626,51.118210862619804,-7649.69452649792,,-8414.663979147714,DART,TRAILING_DART,,-7649.69452649792,-18.54976032160107,-91796.33431797504,-164.69086280336506,5.0,75.48427290571439,BULL,1.0,2026-05-06,BULL,1.0,화학
2026-05-06,보령,003850,KS,제약,9760.0,9913.5,9654.166666666666,9303.166666666666,8998.85,1,48.86728183734726,-25.465988627449406,1.3420373649424058,0,-2.2044088176352727,7.135016465422606,749.5632139999616,,824.5195353999578,DART|DAILY_DISC,TRAILING_DART,,749.5632139999616,13.020916472030203,8994.758567999539,-7.840588442627672,33.13948511270078,52.82846296291413,BULL,1.0,2026-05-06,BULL,1.0,제약
2026-05-06,한국단자,025540,KS,자동차부품,88100.0,82730.0,77620.0,72766.66666666667,68750.0,1,63.01894096870465,506.63039863844324,1.0258456412442079,0,2.5611175785797524,19.701086956521728,10494.880672268908,,11544.3687394958,DART,TRAILING_DART,,10494.880672268908,8.394569004752057,125938.5680672269,42.9495664781236,67.91721821078033,75.7371760327573,BULL,1.0,2026-05-06,BULL,1.0,자동차부품
2026-05-06,SK증권,001510,KS,증권,5640.0,4194.95,3714.65,2541.375,2068.325,1,74.90125348653824,175.1160369902056,5.78766699687826,1,16.408668730650145,51.36876006441224,124.09624558602272,,68.25293492476736,DART|DAILY_DISC,TRAILING_DART,,124.09624558602272,45.448594946334524,1489.1549470322725,-73.5965434923356,5.0,93.96383804052206,BULL,1.0,2026-05-06,BULL,1.0,증권
2026-05-06,신성이엔지,011930,KS,반도체와반도체장비,3995.0,3874.5,2917.116666666667,2273.2083333333335,2034.74,1,61.74697163526155,-47.73441535172418,0.0,0,0.0,15.965166908563134,-39.80866134668366,,-43.789527481352025,DART,TRAILING_DART,,-39.80866134668366,-100.35504497899454,-477.70393616020385,-111.95754533567468,5.0,68.66179584454945,BULL,1.0,2026-05-06,BULL,1.0,반도체와반도체장비
2026-05-06,세방전지,004490,KS,자동차부품,64900.0,63020.0,63265.0,63365.833333333336,64216.5,1,55.0588363698927,404.4714842886567,1.8662543203818722,0,-0.15384615384614886,8.528428093645491,10204.202214502164,,11224.62243595238,DART,TRAILING_DART,,10204.202214502164,6.360124842269828,122450.42657402597,88.67554171652692,92.8675541716527,52.76069004260215,BULL,1.0,2026-05-06,BULL,1.0,자동차부품
2026-05-06,명인제약,317450,KS,제약,54300.0,56640.0,58815.0,63675.833333333336,,0,39.169849854436805,-74.10551877979753,1.849718964644269,0,-4.232804232804233,2.6465028355387554,5577.754563972603,,6135.530020369864,DART,TRAILING_DART,,5577.754563972603,9.735100276862363,66933.05476767124,23.265294231438748,55.12244125043519,21.534904875967026,BULL,1.0,2026-05-06,BULL,1.0,제약
2026-05-06,코오롱,002020,KS,복합기업,71000.0,63830.0,62133.333333333336,56050.416666666664,51803.5,1,61.4569206428735,1107.9130206100308,1.2957617919873692,0,16.776315789473696,12.698412698412698,-22979.015572201977,,-25276.91712942217,DART,TRAILING_DART,,-22979.015572201977,-3.089775529195848,-275748.1868664237,-488.37772798087843,5.0,78.66349443538473,BULL,1.0,2026-05-06,BULL,1.0,복합기업
2026-05-06,CJ CGV,079160,KS,방송과엔터테인먼트,4780.0,4834.25,5115.583333333333,5462.791666666667,5277.1,0,43.79062898954074,17.23879921949004,2.2628618080207628,0,-3.238866396761131,2.5751072961373467,-865.8487901631604,-343.0,-343.0,DART,TRAILING_DART,,-865.8487901631604,-5.520594420533009,-10390.185481957924,-317.3678971120905,5.0,29.402674476405913,BULL,1.0,2026-05-06,BULL,1.0,방송과엔터테인먼트
2026-05-06,삼아알미늄,006110,KS,비철금속,65700.0,59707.5,40926.666666666664,32948.75,29061.35,1,62.28064927161948,-136.11670264844724,0.39786859411824205,0,-4.505813953488369,72.89473684210526,-1645.694032415212,,-1810.2634356567328,DART,TRAILING_DART,,-1645.694032415212,-39.922366312271926,-19748.328388982543,-130.05833849160206,5.0,71.64248008201967,BULL,1.0,2026-05-06,BULL,1.0,비철금속
2026-05-06,광전자,017900,KS,전자장비와기기,10490.0,11466.0,5402.3,3617.758333333333,2939.67,1,54.899960819208,-536.4914786881893,0.20251415802366055,0,-10.723404255319146,81.17443868739204,72.94191680302158,,80.23610848332375,DART,TRAILING_DART,,72.94191680302158,143.81305646694298,875.3030016362591,-91.65583411214243,5.0,68.89284314971714,BULL,1.0,2026-05-06,BULL,1.0,전자장비와기기
2026-05-06,부광약품,003000,KS,제약,6170.0,7355.5,6425.5,5147.416666666667,4497.3,1,37.87372618914238,-244.99380567628683,0.7010537002662166,0,-15.479452054794518,-21.401273885350314,126.01349225600724,,138.61484148160798,DART,TRAILING_DART,,126.01349225600724,48.96301094064685,1512.161907072087,-75.4917032889451,5.0,52.45094465696834,BULL,1.0,2026-05-06,BULL,1.0,제약
2026-05-06,부국증권,001270,KS,증권,79000.0,75290.0,77773.33333333333,70248.33333333333,67455.5,1,58.35513037603297,336.8346739616931,4.500575483662861,1,5.898123324396787,11.111111111111116,4401.29596506654,,4841.4255615731945,DART,TRAILING_DART,,4401.29596506654,17.94925872448245,52815.55158079848,-33.144871416710785,10.998237510378063,79.59144508761409,BULL,1.0,2026-05-06,BULL,1.0,증권
2026-05-06,한화손해보험,000370,KS,손해보험,7090.0,6660.5,6933.5,6224.666666666667,6090.55,1,59.56820727422771,48.28098734916825,3.3149783601193663,1,6.296851574212892,12.53968253968254,2504.159516987116,,2754.575468685828,DART,TRAILING_DART,,2504.159516987116,2.8312892816550064,30049.914203845394,323.83517917976576,100.0,79.40410069289696,BULL,1.0,2026-05-06,BULL,1.0,손해보험
2026-05-06,CJ4우(전환),00104K,KS,복합기업,186700.0,180825.0,175795.0,166509.16666666666,156674.5,1,55.87956435235469,865.3423211670752,1.1068853448330054,0,-0.6914893617021245,12.334536702767739,,11404.0,11404.0,SCRAPE,CONSENSUS_SCRAPE,,11404.0,16.37144861452122,136848.0,-26.701660417782534,16.636047134440282,70.14165315095853,BULL,1.0,2026-05-06,BULL,1.0,복합기업
2026-05-06,F&F홀딩스,007700,KS,"섬유,의류,신발,호화품",19940.0,19160.5,19420.666666666668,19613.5,19315.9,1,57.26022316239057,106.97802234903742,1.3602878571375687,0,-0.10020040080159776,12.401352874859084,9405.895715224024,,10346.485286746429,DART,TRAILING_DART,,9405.895715224024,2.1199469570692644,112870.74858268828,466.0518986092692,100.0,52.08460464393144,BULL,1.0,2026-05-06,BULL,1.0,"섬유,의류,신발,호화품"
2026-05-06,PI첨단소재,178920,KS,화학,31250.0,25415.0,22274.5,19307.833333333332,18766.85,1,76.42230163094605,432.90478519851604,1.3940377309701608,1,20.42389210019269,48.80952380952381,1034.6942918830623,1406.0,1406.0,DART|DAILY_DISC,TRAILING_DART,,1034.6942918830623,30.20215753111719,12416.331502596748,-60.2677391916904,5.0,87.14093376339194,BULL,1.0,2026-05-06,BULL,1.0,화학
2026-05-06,솔루스첨단소재,336370,KS,전자장비와기기,13320.0,12287.0,9895.5,9021.666666666666,8789.45,1,57.05258045943394,-10.300924321390994,0.5443034643896875,0,-14.615384615384619,45.41484716157205,-1970.9441760571287,-176.0,-176.0,DART|DAILY_DISC,TRAILING_DART,,-1970.9441760571287,-6.758182277210227,-23651.330112685544,-277.5625383835251,5.0,73.35229881166083,BULL,1.0,2026-05-06,BULL,1.0,전자장비와기기
2026-05-06,LF,093050,KS,"섬유,의류,신발,호화품",24700.0,25230.0,23209.0,20664.75,19879.35,1,50.05663273918088,-218.9932624660937,0.9223123945385656,0,-3.703703703703709,2.4896265560165887,4019.376897024624,,4421.314586727087,DART,TRAILING_DART,,4019.376897024624,6.145231122337488,48232.52276429549,95.27337151536636,93.52733715153664,65.51135453609449,BULL,1.0,2026-05-06,BULL,1.0,"섬유,의류,신발,호화품"
2026-05-06,동원시스템즈,014820,KS,포장재,26600.0,26532.5,26380.833333333332,26438.75,27668.0,0,49.64575987699527,63.92888649368001,1.6866345982154936,0,-6.50263620386643,9.465020576131678,1853.1409104985423,,2038.4550015483967,DART|DAILY_DISC,TRAILING_DART,,1853.1409104985423,14.354008294406452,22237.690925982508,-16.399658172998087,25.65029909862667,42.91774261201611,BULL,1.0,2026-05-06,BULL,1.0,포장재
2026-05-06,이노션,214320,KS,광고,19310.0,18840.0,19140.333333333332,18785.583333333332,18767.2,1,56.47629006582925,97.88631686126033,0.936462695968452,0,-0.20671834625323182,8.666291502532353,2724.29292705,2562.0,2562.0,DART|DAILY_DISC,TRAILING_DART,,2724.29292705,7.088077720375624,32691.5151246,69.29836936613154,85.0439400879855,47.73412492681162,BULL,1.0,2026-05-06,BULL,1.0,광고
2026-05-06,SGC에너지,005090,KS,에너지장비및서비스,56300.0,56660.0,51935.833333333336,37246.25,31865.0,1,49.00685094663655,-164.09101020326034,1.0120001003582952,0,-9.4855305466238,2.550091074681249,-6579.734319694048,1254.0,1254.0,DART,TRAILING_DART,,-6579.734319694048,-8.556576491468109,-78956.81183632858,-240.2430050378838,5.0,69.3382476745387,BULL,1.0,2026-05-06,BULL,1.0,에너지장비및서비스
2026-05-06,GKL,114090,KS,"호텔,레스토랑,레저",11970.0,11942.5,12300.5,13194.5,14440.4,0,49.214216150500526,43.36216200812089,2.4580775233100693,0,1.3547840812870415,6.211180124223592,761.0031827640053,868.0,868.0,DART|DAILY_DISC,TRAILING_DART,,761.0031827640053,15.729237762875451,9132.038193168064,-23.708954108871648,19.25466515473731,34.283640647742956,BULL,1.0,2026-05-06,BULL,1.0,"호텔,레스토랑,레저"
2026-05-06,TKG휴켐스,069260,KS,화학,18020.0,18039.0,18667.5,18713.916666666668,18327.2,0,46.520814118829705,74.42513815148946,1.047840336703158,0,-1.9052803483941227,3.4443168771526977,1448.385116628784,,1593.2236282916626,DART,TRAILING_DART,,1448.385116628784,12.441442398926874,17380.62139954541,-3.548160934820155,36.895359182032365,35.56728210766336,BULL,1.0,2026-05-06,BULL,1.0,화학
2026-05-06,신풍제약,019170,KS,제약,11140.0,11444.0,11463.0,12663.083333333334,12855.8,0,47.12584316762932,-38.50651385668763,0.32730606361236025,0,-7.551867219917008,10.297029702970306,160.04206116303698,,176.0462672793407,DART,TRAILING_DART,,160.04206116303698,69.6067016323386,1920.5047339564437,-82.76028066466388,5.0,22.798034669616932,BULL,1.0,2026-05-06,BULL,1.0,제약
2026-05-06,흥아해운,003280,KS,해운사,2795.0,3144.5,2786.1666666666665,2206.141666666667,2010.645,1,42.27054632901613,-73.39937487736374,0.20823343759341614,0,-10.416666666666663,-26.2532981530343,126.1283023519124,,138.74113258710364,DART,TRAILING_DART,,126.1283023519124,22.159974786639324,1513.5396282229487,-45.84831383817715,5.0,56.4166851552541,BULL,1.0,2026-05-06,BULL,1.0,해운사
2026-05-06,대상,001680,KS,식품,20050.0,20737.0,21198.333333333332,21227.333333333332,21719.9,0,40.30417621188148,-55.97483769507638,1.3741426610038143,0,-3.83693045563549,2.139582272032614,-8747.655523799696,,-9622.421076179668,DART,TRAILING_DART,,-8747.655523799696,-2.292042701664472,-104971.86628559636,-623.5504552897575,5.0,25.80539601154306,BULL,1.0,2026-05-06,BULL,1.0,식품
2026-05-06,JW중외제약,001060,KS,제약,30100.0,31052.5,32139.166666666668,29601.25,26716.5,1,43.85532451539339,-32.08689170958834,1.08079934546886,0,-6.521739130434778,5.24475524475525,2641.560496703374,,2905.716546373712,DART|DAILY_DISC,TRAILING_DART,,2641.560496703374,11.394779728711239,31698.72596044049,5.311381928373726,43.45239825344292,45.07970973311736,BULL,1.0,2026-05-06,BULL,1.0,제약
2026-05-06,티엠씨,217590,KS,조선,32000.0,28807.5,21156.5,,,0,62.927319886402195,-216.4401128710274,1.4735007687354307,0,3.2258064516129004,49.53271028037383,-24.293163942812026,,-26.72248033709323,DART,TRAILING_DART,,-24.293163942812026,-1317.242993762791,-291.5179673137443,-100.91099364785545,5.0,44.132113953854244,BULL,1.0,2026-05-06,BULL,1.0,조선
2026-05-06,넥센타이어,002350,KS,자동차부품,7140.0,7488.0,7860.666666666667,7780.0,7089.3,1,38.726736862831046,-18.043299709456765,1.5498376150335593,0,-7.632600258732214,2.0000000000000018,1547.8373423024236,1587.0,1587.0,DART,TRAILING_DART,,1547.8373423024236,4.612887804721895,18574.04810762908,160.14072979872665,100.0,30.28679073030907,BULL,1.0,2026-05-06,BULL,1.0,자동차부품
2026-05-06,애경케미칼,161000,KS,화학,15540.0,14878.5,12053.833333333334,11020.583333333334,11074.95,1,55.14259450627324,-163.56878741075366,0.2936157502367683,0,-7.499999999999996,26.34146341463415,-101.38283422896176,,-111.52111765185794,DART,TRAILING_DART,,-101.38283422896176,-153.2803863512501,-1216.594010747541,-107.82879028795071,5.0,68.97949803795473,BULL,1.0,2026-05-06,BULL,1.0,화학
2026-05-06,빙그레,005180,KS,식품,72600.0,74360.0,76506.66666666667,75785.0,76050.0,0,39.90614492814361,-51.618811078885514,1.342032851285896,0,-3.9682539682539653,0.9735744089012455,5994.740426696167,,6594.214469365784,DART,TRAILING_DART,,5994.740426696167,12.11061611219945,71936.885120354,-0.9133813769228727,39.20079129519249,29.24059391495949,BULL,1.0,2026-05-06,BULL,1.0,식품
2026-05-06,세아홀딩스,058650,KS,철강,155200.0,157225.0,157733.33333333334,145275.0,137992.0,1,47.08467899390472,209.80301320068952,2.4526293378752397,0,-1.6476552598225558,-0.8939974457215838,19911.624296004207,,21902.78672560463,DART,TRAILING_DART,,19911.624296004207,7.794441964794654,238939.4915520505,53.95585795879543,75.07130767321704,59.64201103100424,BULL,1.0,2026-05-06,BULL,1.0,철강
2026-05-06,녹십자홀딩스,005250,KS,제약,13570.0,14019.0,14465.833333333334,15190.25,15445.75,0,40.18798533129021,-32.52995687768754,1.2289791473574132,0,-4.30183356840621,0.07374631268437515,-889.2431566287554,,-978.167472291631,DART,TRAILING_DART,,-889.2431566287554,-15.260168041602657,-10670.917879545064,-178.63609343806237,5.0,19.665320338400836,BULL,1.0,2026-05-06,BULL,1.0,제약
2026-05-06,현대차증권,001500,KS,증권,12940.0,11135.5,11080.833333333334,9686.75,9242.55,1,69.07946246574531,137.82068877255887,8.896570151546202,1,12.717770034843202,28.628230616302197,933.7240456737017,,1027.0964502410718,DART|DAILY_DISC,TRAILING_DART,,933.7240456737017,13.85848427054646,11204.68854808442,-13.410443986982845,28.265861511390014,88.94145173446293,BULL,1.0,2026-05-06,BULL,1.0,증권
2026-05-06,롯데손해보험,000400,KS,손해보험,2170.0,2146.75,2099.133333333333,1923.7583333333334,1884.875,1,53.3502438870564,-0.11570122688883089,2.9833775594875984,0,0.9302325581395321,7.160493827160486,165.4044231754762,,181.94486549302383,DART,TRAILING_DART,,165.4044231754762,13.119358952679667,1984.8530781057145,-8.532116216326525,32.534398310714295,69.47103827448481,BULL,1.0,2026-05-06,BULL,1.0,손해보험
2026-05-06,고려제강,002240,KS,철강,25000.0,24077.5,22681.666666666668,21291.5,19916.375,1,56.1216071214199,72.68469807987447,0.935935593041536,0,-1.1857707509881465,19.90407673860912,170.46703603703705,,187.5137396407408,DART,TRAILING_DART,,170.46703603703705,146.6559200018489,2045.6044324444447,-91.81758227022222,5.0,73.72878868885165,BULL,1.0,2026-05-06,BULL,1.0,철강
2026-05-06,삼화콘덴서,001820,KS,전기제품,66900.0,63990.0,54093.333333333336,42430.0,37385.5,1,57.794182418099304,-68.87382645830894,0.6450039742417277,0,6.359300476947527,19.677996422182463,1212.931936026936,,1334.2251296296297,DART,TRAILING_DART,,1212.931936026936,55.15560932391373,14555.183232323232,-78.24337334480832,5.0,73.75155509011014,BULL,1.0,2026-05-06,BULL,1.0,전기제품
2026-05-06,E1,017940,KS,가스유틸리티,104800.0,99490.0,100073.33333333333,92055.0,87013.5,1,59.7553238022389,896.3099251400204,1.8856248008251406,0,1.6488845780795236,7.818930041152261,16647.301354081632,,18312.0314894898,DART,TRAILING_DART,,16647.301354081632,6.2953146441543115,199767.61624897958,90.61795443604923,93.06179544360492,72.46847565092604,BULL,1.0,2026-05-06,BULL,1.0,가스유틸리티
2026-05-06,하나투어,039130,KS,"호텔,레스토랑,레저",41100.0,41922.5,43606.666666666664,45390.0,47958.25,0,43.52762952822403,-13.22575140061339,1.3055996131882301,0,-2.721893491124261,3.1367628607277265,3104.705232405152,3711.0,3711.0,DART|DAILY_DISC,TRAILING_DART,,3104.705232405152,13.23797169889802,37256.46278886183,-9.351672046564897,31.817286959255714,21.842124888595347,BULL,1.0,2026-05-06,BULL,1.0,"호텔,레스토랑,레저"
2026-05-06,미원상사,002840,KS,화학,143300.0,140775.0,141100.0,144497.5,149170.0,0,52.37213320045256,994.528776678487,1.2284707596008109,0,-1.5120274914089293,6.860551826994787,9162.47011136842,,10078.717122505264,DART,TRAILING_DART,,9162.47011136842,15.639887307484821,109949.64133642105,-23.27310444073898,19.636033614353394,43.141203855087184,BULL,1.0,2026-05-06,BULL,1.0,화학
2026-05-06,동아쏘시오홀딩스,000640,KS,제약,97000.0,96790.0,101701.16484375,104798.8025390625,106469.5728515625,0,46.79111508647619,413.3196849938247,0.8988748315747108,0,-1.6227180527383367,3.743315508021383,13585.759087041166,12688.0,12688.0,DART|DAILY_DISC,TRAILING_DART,,13585.759087041166,7.139829241674384,163029.109044494,68.07124643762268,84.24631018445473,25.882980333981642,BULL,1.0,2026-05-06,BULL,1.0,제약
2026-05-06,맵스리얼티,094800,KS,nan,7000.0,7272.0,6814.666666666667,6039.5,5560.0,1,44.68135433059923,-30.479234080158164,1.2918249822228498,0,-10.141206675224645,0.0,,,,EMPTY,FORWARD_AUTO,,,,,,,63.894622326028426,BULL,1.0,2026-05-06,BULL,1.0,nan
2026-05-06,퍼스텍,010820,KS,우주항공과국방,13440.0,12882.0,8875.0,6470.375,5676.975,1,57.116651599932815,-214.42772281352768,0.19057554319063316,0,-5.882352941176472,69.91150442477876,301.9529084122103,,332.14819925343136,DART,TRAILING_DART,,301.9529084122103,44.51025184911422,3623.434900946524,-73.03991889176693,5.0,69.68451842854743,BULL,1.0,2026-05-06,BULL,1.0,우주항공과국방
2026-05-06,한국쉘석유,002960,KS,화학,482500.0,497050.0,490091.6666666667,470558.3333333333,456805.0,1,43.11169523193118,-1201.5510446477238,2.277319001196524,0,-2.228976697061802,-3.015075376884424,37098.43268384616,,40808.275952230775,DART,TRAILING_DART,,37098.43268384616,13.00594028087057,445181.1922061539,-7.734467936548417,33.23234055552013,50.20146088689012,BULL,1.0,2026-05-06,BULL,1.0,화학
2026-05-06,풍산홀딩스,005810,KS,비철금속,44800.0,46760.0,41457.5,39712.5,40950.0,1,51.677046981712046,-302.56390280524056,0.1437368819782236,0,-4.883227176220806,-5.185185185185182,5157.935458267752,,5673.729004094528,DART|DAILY_DISC,TRAILING_DART,,5157.935458267752,8.685645712799534,61895.22549921303,38.1589854893148,64.80334056805462,57.75737139833782,BULL,1.0,2026-05-06,BULL,1.0,비철금속
2026-05-06,율촌화학,008730,KS,포장재,25400.0,26450.0,25814.166666666668,27140.416666666668,29070.75,0,45.403750535056666,-180.86759434105704,0.7481572295630327,0,-3.4220532319391594,2.008032128514059,167.94407262096777,,184.73847988306457,DART,TRAILING_DART,,167.94407262096777,151.24082442209883,2015.3288714516134,-92.06563436436372,5.0,24.202151633338428,BULL,1.0,2026-05-06,BULL,1.0,포장재
2026-05-06,한전산업,130660,KS,전기유틸리티,20500.0,19726.5,20274.666666666668,15892.416666666666,14495.55,1,54.292636056497294,96.69824745272211,1.267882797481952,0,-1.9138755980861233,12.637362637362637,124.54195653374234,,136.9961521871166,DART,TRAILING_DART,,124.54195653374234,164.6031632275337,1494.503478404908,-92.70973912973216,5.0,63.008364222843,BULL,1.0,2026-05-06,BULL,1.0,전기유틸리티
2026-05-06,LX홀딩스,383800,KS,무역회사와판매업체,9160.0,8662.0,8579.166666666666,8373.666666666666,8317.15,1,60.62480540801429,65.0633927662875,0.8533885752957744,0,-0.32644178454842576,14.214463840398995,1777.57962074019,,1955.337582814209,DART,TRAILING_DART,,1777.57962074019,5.153074378848777,21330.95544888228,132.8706926733873,97.28706926733874,60.78091888053378,BULL,1.0,2026-05-06,BULL,1.0,무역회사와판매업체
2026-05-06,코스모화학,005420,KS,화학,18260.0,17108.0,16095.166666666666,16090.0,16425.95,1,61.72758729547706,74.18505215112896,1.30389135126467,0,0.6615214994487362,19.424460431654666,-806.1065914574345,,-886.7172506031781,DART|DAILY_DISC,TRAILING_DART,,-806.1065914574345,-22.65209116698334,-9673.279097489214,-152.97524149775035,5.0,69.94461439749948,BULL,1.0,2026-05-06,BULL,1.0,화학
2026-05-06,금양,001570,KS,화학,9900.0,9900.0,9900.0,9900.0,9900.0,0,,0.0,,1,0.0,0.0,-1079.3320864650686,,-1187.2652951115756,DART,TRAILING_DART,,-1079.3320864650686,-9.172339193976518,-12951.985037580824,-230.82813169273558,5.0,37.103896103896105,BULL,1.0,2026-05-06,BULL,1.0,화학
2026-05-06,미원에스씨,268280,KS,화학,119100.0,122100.0,127301.66666666667,132616.66666666666,136505.0,0,40.3938542904706,-15.703569105734005,1.803355079217148,0,-1.243781094527363,-1.488833746898266,12260.5502104,,13486.605231440002,DART,TRAILING_DART,,12260.5502104,9.714082806738439,147126.6025248,23.531992044332494,55.29579482881612,22.785303670815292,BULL,1.0,2026-05-06,BULL,1.0,화학
2026-05-06,태영건설,009410,KS,건설,1897.0,2014.85,1861.1333333333334,1762.6583333333333,1831.38,1,45.11298971062186,-22.21649035350739,0.5847733647198212,0,-5.856079404466497,5.096952908587249,322.0178640263672,,354.21965042900393,DART,TRAILING_DART,,322.0178640263672,5.890977526155727,3864.2143683164063,103.70133728605198,94.3701337286052,44.11272837816266,BULL,1.0,2026-05-06,BULL,1.0,건설
2026-05-06,삼양바이오팜,0120G0,KS,건강관리장비와용품,72100.0,78295.0,93911.66666666667,,,0,36.8446291411265,-292.79444652093116,0.40033215217374274,0,-10.434782608695647,-10.767326732673265,,,2047.1,SCRAPE,FORWARD_AUTO,,2047.1,35.220555908358165,24565.199999999997,-65.92898751733703,5.0,9.820130676499788,BULL,1.0,2026-05-06,BULL,1.0,건강관리장비와용품
2026-05-06,카프로,006380,KS,화학,3660.0,3660.0,3660.0,3660.0,3660.0,0,,0.0,,1,0.0,0.0,-191.4799804847333,,-210.62797853320663,DART,TRAILING_DART,,-191.4799804847333,-19.114269756737375,-2297.7597658167997,-162.78032147040435,5.0,37.103896103896105,BULL,1.0,2026-05-06,BULL,1.0,화학
2026-05-06,일진하이솔루스,271940,KS,자동차부품,18940.0,17096.5,16287.333333333334,15339.75,16301.15,1,70.55636997396041,170.90002753121001,3.921042793227562,1,7.0056497175141175,18.375000000000007,-55.053591794056096,,-60.55895097346171,DART,TRAILING_DART,,-55.053591794056096,-344.02841636292425,-660.6431015286731,-103.48808395738476,5.0,89.14733503991087,BULL,1.0,2026-05-06,BULL,1.0,자동차부품
2026-05-06,프레스티지바이오파마,950210,KS,제약,8210.0,9177.5,10059.5,11275.166666666666,12465.2,0,28.313931565908604,-66.17093270589731,2.318300099806117,0,-10.566448801742922,-12.19251336898396,0.0494923344097471,,0.0544415678507218,DART,TRAILING_DART,,0.0494923344097471,165884.27476524745,0.5939080129169653,-99.99276604125558,5.0,14.217598670287678,BULL,1.0,2026-05-06,BULL,1.0,제약
2026-05-06,유니드,014830,KS,화학,88500.0,87700.0,83795.0,76516.66666666667,76950.5,1,51.46505127696706,140.76273408324278,0.9206766810942318,0,-4.2207792207792245,8.990147783251224,9642.876812016077,12781.0,12781.0,DART|DAILY_DISC,TRAILING_DART,,9642.876812016077,9.17775905730947,115714.52174419293,30.75087202733664,59.98806681776881,64.2600112098494,BULL,1.0,2026-05-06,BULL,1.0,화학
2026-05-06,KG스틸,016380,KS,철강,7100.0,6068.0,5821.0,5599.083333333333,5634.825,1,79.18626608196728,134.63539520618525,1.6491092085101933,1,9.062980030721967,37.33075435203095,1355.2919371863486,,1490.8211309049836,DART,TRAILING_DART,,1355.2919371863486,5.238723706082058,16263.503246236183,129.06342600332655,96.90634260033265,85.27171607844264,BULL,1.0,2026-05-06,BULL,1.0,철강
2026-05-06,DB증권,016610,KS,증권,15610.0,13734.5,13897.166666666666,12470.583333333334,11233.15,1,67.76586212036806,163.01131272678793,3.7914401232304544,1,9.92957746478873,28.583196046128514,2248.926010667244,,2473.8186117339687,DART|DAILY_DISC,TRAILING_DART,,2248.926010667244,6.941090958954492,26987.112128006927,72.88348576557928,87.37426574762654,88.13893287803864,BULL,1.0,2026-05-06,BULL,1.0,증권
2026-05-06,현대차3우B,005389,KS,자동차,242500.0,240700.0,247900.0,233452.5,208057.0,1,49.9787960397604,521.5868050712388,1.968884913072226,0,0.20661157024792765,5.895196506550215,,40715.0,40715.0,SCRAPE,CONSENSUS_SCRAPE,,40715.0,5.956035859020017,488580.0,101.47628865979384,94.14762886597939,60.299013012545984,BULL,1.0,2026-05-06,BULL,1.0,자동차
2026-05-06,쿠쿠홈시스,284740,KS,가정용기기와용품,24000.0,24262.5,24533.333333333332,24372.083333333332,25354.0,0,45.443491050257684,-10.916154060464407,1.4962087784687688,0,-3.0303030303030276,4.121475054229928,5986.431598946933,,6585.074758841627,DART,TRAILING_DART,,5986.431598946933,4.0090661027884815,71837.1791873632,199.32157994734666,100.0,34.543258646985194,BULL,1.0,2026-05-06,BULL,1.0,가정용기기와용품
2026-05-06,삼천리,004690,KS,가스유틸리티,148000.0,139470.0,143276.66666666666,135774.16666666666,135121.5,1,62.621018965502806,1470.1621628864186,1.081890871268756,0,3.2798325191905064,9.144542772861364,32386.00962090246,,35624.61058299271,DART,TRAILING_DART,,32386.00962090246,4.5698745147188,388632.1154508295,162.58926719650643,100.0,56.84422000633816,BULL,1.0,2026-05-06,BULL,1.0,가스유틸리티
2026-05-06,한섬,020000,KS,"섬유,의류,신발,호화품",25450.0,24732.5,23610.833333333332,19727.166666666668,18061.5,1,53.585643135201906,85.69272294810617,1.17918486937909,0,-0.5859375,12.610619469026553,2061.029523151322,3201.0,3201.0,DART|DAILY_DISC,TRAILING_DART,,2061.029523151322,12.34819769155313,24732.354277815863,-2.8198260203698866,37.532652232176346,71.62686421959773,BULL,1.0,2026-05-06,BULL,1.0,"섬유,의류,신발,호화품"
2026-05-06,명신산업,009900,KS,자동차부품,12750.0,11395.0,10347.833333333334,9638.5,9317.3,1,59.233951440567935,196.47661236134172,0.7123357372413551,0,-13.265306122448983,34.778012684989434,1302.3581119758169,,1432.5939231733987,DART,TRAILING_DART,,1302.3581119758169,9.789934030246783,15628.297343709803,22.574881127135704,54.67367273263821,80.15054377926295,BULL,1.0,2026-05-06,BULL,1.0,자동차부품
2026-05-06,아세아,002030,KS,건축자재,270000.0,269250.0,279150.0,308925.0,323252.5,0,48.01971821732728,1150.8964457305692,1.8653035960305893,0,1.8867924528301883,-2.527075812274371,24905.06456996424,,27395.571026960664,DART,TRAILING_DART,,24905.06456996424,10.84116843951582,298860.77483957086,10.689175866507728,46.947964313230024,30.13596501988725,BULL,1.0,2026-05-06,BULL,1.0,건축자재
2026-05-06,신대양제지,016590,KS,포장재,12310.0,13130.0,13363.5,13333.75,12650.15,0,41.865968029814184,-92.95619923555833,0.4057970215898232,0,-5.1617873651771955,-6.671721000758146,552.6959035501176,,607.9654939051294,DART,TRAILING_DART,,552.6959035501176,22.27264562832742,6632.3508426014105,-46.12225148171072,5.0,24.009206828899195,BULL,1.0,2026-05-06,BULL,1.0,포장재
2026-05-06,한일홀딩스,003300,KS,건축자재,17010.0,17359.0,17236.666666666668,16826.916666666668,17159.85,0,43.07914452251051,-30.92157715654843,1.3413512279222013,0,-2.577319587628868,2.1008403361344463,2008.9107962135488,,2209.801875834904,DART,TRAILING_DART,,2008.9107962135488,8.467274919354768,24106.929554562586,41.72210202564719,67.11936631667066,38.68680892160429,BULL,1.0,2026-05-06,BULL,1.0,건축자재
2026-05-06,바이오노트,377740,KS,건강관리장비와용품,5020.0,5067.5,5359.583333333333,5441.375,5496.825,0,41.98031467471074,8.46891759922596,1.976796058808656,0,-2.9013539651837505,1.6194331983805599,-860.1325936106355,,-946.1458529716992,DART,TRAILING_DART,,-860.1325936106355,-5.836309468203285,-10321.591123327626,-305.6093849268451,5.0,27.416463263863296,BULL,1.0,2026-05-06,BULL,1.0,건강관리장비와용품
2026-05-06,삼양홀딩스,000070,KS,화학,66200.0,68245.0,68760.0,69519.12994791666,82398.005078125,0,42.01040282985846,-106.50622637389012,2.4127035484800534,0,-3.498542274052474,2.795031055900621,-38403.39315443869,,-42243.73246988256,DART,TRAILING_DART,,-38403.39315443869,-1.7238060119786203,-460840.71785326424,-796.134014884085,5.0,30.21686766325316,BULL,1.0,2026-05-06,BULL,1.0,화학
2026-05-06,현대그린푸드,453340,KS,식품,16900.0,16175.0,15983.666666666666,15850.583333333334,15967.8,1,68.09036296574574,48.44686513410221,18.98723726582116,1,3.872157344806393,9.811565951916833,2699.4712250194725,,2969.41834752142,DART|DAILY_DISC,TRAILING_DART,,2699.4712250194725,6.260485328891806,32393.65470023367,91.67843017889746,93.16784301788975,70.24872470026385,BULL,1.0,2026-05-06,BULL,1.0,식품
2026-05-06,동국제강,460860,KS,철강,14430.0,11900.5,9985.833333333334,9161.75,9390.15,1,68.40864591821409,374.6058853647237,1.236963536970807,0,-0.41407867494823725,54.828326180257505,165.93795865696467,562.0,562.0,DART|DAILY_DISC,TRAILING_DART,,165.93795865696467,86.96021161638143,1991.255503883576,-86.20058555867239,5.0,79.63506612604809,BULL,1.0,2026-05-06,BULL,1.0,철강
2026-05-06,케이카,381970,KS,자동차,10170.0,10500.0,12971.833333333334,14407.666666666666,14911.0,0,31.280838006352,147.0845940562682,1.4632797439987724,0,-6.525735294117652,0.09842519685039353,1042.305827502218,1179.0,1179.0,DART,TRAILING_DART,,1042.305827502218,9.757213028705202,12507.669930026617,22.985938348344327,54.94085992642381,19.786057859426755,BULL,1.0,2026-05-06,BULL,1.0,자동차
2026-05-06,우진,105840,KS,기계,28200.0,26067.5,25570.0,22197.833333333332,18373.1,1,58.200376785733,261.0498087905203,1.110554175471058,0,-0.8787346221441172,22.87581699346406,547.0984810624195,,601.8083291686615,DART,TRAILING_DART,,547.0984810624195,51.54465050832888,6565.181772749034,-76.71921357181193,5.0,74.82487145927888,BULL,1.0,2026-05-06,BULL,1.0,기계
2026-05-06,신도리코,029530,KS,사무용전자제품,48900.0,51047.5,54070.0,51016.25,48936.5,0,36.666484169314764,-168.21952650078504,1.8800372909900158,0,-4.4921875,-3.5502958579881616,2065.599573228113,,2272.1595305509245,DART,TRAILING_DART,,2065.599573228113,23.673513798988264,24787.194878737355,-49.3104399207825,5.0,29.259039612402077,BULL,1.0,2026-05-06,BULL,1.0,사무용전자제품
2026-05-06,NICE,034310,KS,IT서비스,14120.0,13766.0,13974.166666666666,13742.333333333334,13645.375,1,54.43487820833845,114.16390186668636,1.1390756708330418,0,2.3930384336475763,5.530642750373693,2083.1976860451964,,2291.5174546497165,DART,TRAILING_DART,,2083.1976860451964,6.778041323003686,24998.37223254236,77.04229626446431,90.07749257190181,50.027770329583895,BULL,1.0,2026-05-06,BULL,1.0,IT서비스
2026-05-06,제주은행,006220,KS,은행,12510.0,12893.0,13797.833333333334,13052.583333333334,13615.0,0,42.61210283776083,-22.180952595776063,1.7399778747441883,0,-4.357798165137616,2.625102543068092,368.5325871037881,,405.3858458141669,DART,TRAILING_DART,,368.5325871037881,33.945437765254844,4422.3910452454575,-64.6491523161834,5.0,23.133304170035057,BULL,1.0,2026-05-06,BULL,1.0,은행
2026-05-06,삼양사,145990,KS,식품,46750.0,47055.0,47684.166666666664,48553.333333333336,49808.25,0,47.095374087446494,48.34250499510176,0.6929038446974478,0,-2.8066528066528096,3.8888888888888973,-29317.37433355224,,-32249.111766907467,DART,TRAILING_DART,,-29317.37433355224,-1.594617562545395,-351808.4920026269,-852.5315336954586,5.0,30.693741692263604,BULL,1.0,2026-05-06,BULL,1.0,식품
2026-05-06,신세계인터내셔날,031430,KS,"섬유,의류,신발,호화품",14300.0,13855.0,12854.333333333334,11865.166666666666,11428.45,1,57.56625486329342,26.145090131706866,1.2121637151536326,0,-3.9623908663532603,20.471777590564443,117.74988149545533,1074.0,1074.0,DART,TRAILING_DART,,117.74988149545533,121.4438589524349,1412.998577945464,-90.11889106331843,5.0,77.13079669617825,BULL,1.0,2026-05-06,BULL,1.0,"섬유,의류,신발,호화품"
2026-05-06,대원전선,006340,KS,전기장비,18040.0,8598.0,6347.75,5046.458333333333,4255.875,1,92.10254036077492,1193.8528016819132,0.9869497936645627,1,77.38446411012782,246.25719769673705,164.72041939329114,,181.19246133262027,DART,TRAILING_DART,,164.72041939329114,109.5189052240523,1976.6450327194937,-89.04298762350614,5.0,79.85709916111567,BULL,1.0,2026-05-06,BULL,1.0,전기장비
2026-05-06,유진투자증권,001200,KS,증권,6400.0,5271.5,4985.0,4284.958333333333,4013.65,1,68.24860643589338,117.63247008081868,3.6547027062302195,1,15.107913669064743,41.436464088397784,666.2604596053093,,732.8865055658403,DART|DAILY_DISC,TRAILING_DART,,666.2604596053093,9.605852947946724,7995.125515263711,24.923836175995497,56.20049351439707,94.73067036230631,BULL,1.0,2026-05-06,BULL,1.0,증권
2026-05-06,케이씨,029460,KS,반도체와반도체장비,39800.0,36355.0,33370.0,30112.5,27896.75,1,68.89540306906972,204.5977938126157,0.7546313734890251,0,-0.25062656641604564,35.14431239388796,3919.13736649628,,4311.051103145908,DART,TRAILING_DART,,3919.13736649628,10.155295994531908,47029.64839795536,18.16494572350593,51.80721472027885,72.9788931866398,BULL,1.0,2026-05-06,BULL,1.0,반도체와반도체장비
2026-05-06,덴티움,145720,KS,건강관리장비와용품,51300.0,53210.0,51642.5,50382.5,54224.5,0,44.200666393247964,-315.20312116142645,1.2795712320452095,0,-3.57142857142857,2.9087261785356144,1893.298227215534,6556.0,6556.0,DART|DAILY_DISC,TRAILING_DART,,1893.298227215534,27.095572827661016,22719.57872658641,-55.71232217039685,5.0,34.61708451313472,BULL,1.0,2026-05-06,BULL,1.0,건강관리장비와용품
2026-05-06,한화갤러리아,452260,KS,백화점과일반상점,3060.0,2716.25,2640.25,2005.85,1658.06,1,60.010985898908736,48.25431041728277,0.5587485600983875,0,-12.06896551724138,28.03347280334727,17.088213001150677,,18.797034301265747,DART,TRAILING_DART,,17.088213001150677,179.07080159838523,205.05855601380813,-93.29873999954876,5.0,75.62358738761294,BULL,1.0,2026-05-06,BULL,1.0,백화점과일반상점
2026-05-06,BGF,027410,KS,화학,5170.0,5058.0,4567.5,4264.208333333333,4157.725,1,58.77817660919739,-0.2270291703970031,0.9288526029985806,0,1.5717092337917515,6.597938144329896,589.4039993045734,,648.3443992350308,DART|DAILY_DISC,TRAILING_DART,,589.4039993045734,8.771572649829293,7072.84799165488,36.805570438198856,63.923620784829254,75.43531783653975,BULL,1.0,2026-05-06,BULL,1.0,화학
2026-05-06,풀무원,017810,KS,식품,11430.0,12202.5,12359.333333333334,12762.333333333334,13330.85,0,35.05097692539444,-55.82308744852971,4.067731963983455,0,-6.080525883319643,-3.6256323777403066,397.6842979567289,,437.4527277524018,DART,TRAILING_DART,,397.6842979567289,28.741391246087545,4772.211575480747,-58.24836766858489,5.0,23.921077857812087,BULL,1.0,2026-05-06,BULL,1.0,식품
2026-05-06,대덕,008060,KS,전자장비와기기,16900.0,15245.5,13333.833333333334,11850.0,10499.5,1,68.75557801895154,68.91422527753423,2.2517271167488375,0,1.0161386730424438,33.91442155309032,199.001512636295,,218.9016638999245,DART,TRAILING_DART,,199.001512636295,84.92397759250844,2388.0181516355397,-85.86971507907964,5.0,80.48312867428493,BULL,1.0,2026-05-06,BULL,1.0,전자장비와기기
2026-05-06,드림텍,192650,KS,핸드셋,6590.0,6675.0,7084.0,7126.416666666667,6805.5,0,44.667178368012166,16.807781940662373,1.6783697404678204,0,-4.0756914119359555,3.9432176656151396,192.0530053708924,,211.25830590798168,DART,TRAILING_DART,,192.0530053708924,34.31344376659664,2304.636064450709,-65.02828430272065,5.0,31.99283272358572,BULL,1.0,2026-05-06,BULL,1.0,핸드셋
2026-05-06,한세실업,105630,KS,"섬유,의류,신발,호화품",11280.0,11576.5,12358.0,12929.083333333334,11910.3,0,40.60716414853784,25.33448128234022,2.2349912263038285,0,-3.2590051457976,4.444444444444451,1431.3801308,1579.0,1579.0,DART,TRAILING_DART,,1431.3801308,7.880506203265233,17176.5615696,52.27448199999998,73.97841329999999,29.870435104642603,BULL,1.0,2026-05-06,BULL,1.0,"섬유,의류,신발,호화품"
2026-05-06,KCC글라스,344820,KS,건축자재,28350.0,28095.0,27401.666666666668,27033.75,28051.25,1,54.97581357568852,9.55403260195294,1.1949637802934439,0,-2.072538860103623,12.5,-5237.333611971864,,-5761.066973169051,DART,TRAILING_DART,,-5237.333611971864,-5.4130597934788005,-62848.00334366237,-321.6860788136239,5.0,49.52203960700049,BULL,1.0,2026-05-06,BULL,1.0,건축자재
2026-05-06,조광피혁,004700,KS,"섬유,의류,신발,호화품",66900.0,68175.0,69265.0,69130.83333333333,67914.5,0,43.32459889259896,3.1699876374921843,2.1356935717738037,0,-3.3236994219653204,0.7530120481927804,1735.7999430903676,,1909.3799373994043,DART,TRAILING_DART,,1735.7999430903676,38.54130786575162,20829.599317084412,-68.86457501183196,5.0,40.01837978328358,BULL,1.0,2026-05-06,BULL,1.0,"섬유,의류,신발,호화품"
2026-05-06,DI동일,001530,KS,"섬유,의류,신발,호화품",28850.0,26840.0,23656.166666666668,21297.662719726562,25500.50226074219,1,58.76634356876685,208.15182131532947,0.8938356367939948,0,-10.542635658914733,34.81308411214954,-505.2692008020566,,-555.7961208822624,DART,TRAILING_DART,,-505.2692008020566,-57.09827544248482,-6063.230409624679,-121.01639656715659,5.0,73.29382288174617,BULL,1.0,2026-05-06,BULL,1.0,"섬유,의류,신발,호화품"
2026-05-06,동아에스티,170900,KS,제약,43050.0,44907.5,46445.833333333336,48701.88483072917,47049.94041015625,0,39.60211394640753,-165.0994915784718,2.3526314210773647,0,-5.9016393442623,0.4667444574095736,-3866.3649482993055,,-4253.001443129237,DART|DAILY_DISC,TRAILING_DART,,-3866.3649482993055,-11.134489520689547,-46396.379379591664,-207.77323897698415,5.0,27.371272995560943,BULL,1.0,2026-05-06,BULL,1.0,제약
2026-05-06,농심홀딩스,072710,KS,식품,95200.0,95900.0,95310.0,93398.33333333333,91837.5,1,47.40817055551506,-4.774660348983161,3.492656816774308,0,-2.4590163934426257,2.6968716289104577,24705.90139764845,,27176.49153741329,DART,TRAILING_DART,,24705.90139764845,3.8533303629658824,296470.8167717814,211.41892518044267,100.0,52.325872229127164,BULL,1.0,2026-05-06,BULL,1.0,식품
2026-05-06,TCC스틸,002710,KS,철강,20150.0,17906.0,15653.166666666666,15577.666666666666,16469.15,1,62.87464806233122,196.19708787952868,0.6238761715915035,0,6.726694915254239,42.20183486238531,-289.9552255448745,,-318.950748099362,DART,TRAILING_DART,,-289.9552255448745,-69.49348804504133,-3479.462706538494,-117.26780499522826,5.0,76.2794495975038,BULL,1.0,2026-05-06,BULL,1.0,철강
2026-05-06,퍼시스,016800,KS,가구,35150.0,37260.0,39058.333333333336,42249.583333333336,43590.25,0,29.08600209317514,-148.11097650880333,2.6219747931647723,0,-3.698630136986303,-8.344198174706651,3093.9279331304347,,3403.320726443478,DART,TRAILING_DART,,3093.9279331304347,11.360962750168278,37127.135197565214,5.624851202176995,43.656153281415044,17.985081294528538,BULL,1.0,2026-05-06,BULL,1.0,가구
2026-05-06,제주항공,089590,KS,항공사,5180.0,5312.0,5464.083333333333,5463.625,5884.375,0,44.60283597841044,-8.440264719637868,1.585690719154764,0,-2.631578947368418,2.777777777777768,-1443.4417032604451,-182.0,-182.0,DART|DAILY_DISC,TRAILING_DART,,-1443.4417032604451,-3.588645103088971,-17321.30043912534,-434.388039365354,5.0,24.35208826464018,BULL,1.0,2026-05-06,BULL,1.0,항공사
2026-05-06,남해화학,025860,KS,화학,10530.0,9196.0,8299.5,7459.416666666667,7304.95,1,61.72407859142482,218.23654188260332,0.6332393058278099,0,12.140575079872207,27.48184019370461,541.9961683487677,,596.1957851836445,DART,TRAILING_DART,,541.9961683487677,19.42818162733593,6503.954020185212,-38.23405488902932,6.545201972099342,78.84491564651721,BULL,1.0,2026-05-06,BULL,1.0,화학
2026-05-06,INVENI,015360,KS,가스유틸리티,16180.0,16097.5,15845.5,14598.583333333334,13728.55,1,53.10101965957382,0.6454942007687805,1.0861890413219273,0,0.7471980074719831,-1.2210012210012167,3182.2162935779816,,3500.43792293578,DART,TRAILING_DART,,3182.2162935779816,5.084506679402276,38186.59552293578,136.0110971751284,97.60110971751284,63.36098514897695,BULL,1.0,2026-05-06,BULL,1.0,가스유틸리티
2026-05-06,SPC삼립,005610,KS,식품,48050.0,49692.5,50601.666666666664,51265.833333333336,52335.5,0,28.02287247514542,-76.84803426191624,5.142772122549688,0,-3.319919517102621,-2.4365482233502544,1626.502234265835,,1789.1524576924187,DART,TRAILING_DART,,1626.502234265835,29.54192068582595,19518.026811190022,-59.37975689658684,5.0,27.847991622212383,BULL,1.0,2026-05-06,BULL,1.0,식품
2026-05-06,아세아시멘트,183190,KS,건축자재,11340.0,11573.0,12009.166666666666,12058.333333333334,12423.75,0,45.00632062210892,12.640849054306731,0.5278708874637414,0,-6.203473945409432,8.516746411483256,450.1711315059365,,495.1882446565302,DART,TRAILING_DART,,450.1711315059365,25.19042027876116,5402.053578071238,-52.362843226885026,5.0,22.792540441355623,BULL,1.0,2026-05-06,BULL,1.0,건축자재
2026-05-06,수산인더스트리,126720,KS,에너지장비및서비스,34100.0,30802.5,28426.666666666668,25355.416666666668,24215.75,1,64.25543686021406,456.3278557843946,0.9121659196587634,0,0.5899705014749346,24.452554744525546,3418.2857781744365,,3760.114355991881,DART,TRAILING_DART,,3418.2857781744365,9.9757604287291,41019.429338093236,20.291581636637048,53.18952806381408,78.76171335427705,BULL,1.0,2026-05-06,BULL,1.0,에너지장비및서비스
2026-05-06,광동제약,009290,KS,제약,8110.0,8342.5,8380.5,7158.083333333333,6701.2,1,44.28952346870894,-14.980109260946396,1.5604792229836595,0,-3.90995260663507,-0.6127450980392135,428.2907790327224,,471.1198569359947,DART,TRAILING_DART,,428.2907790327224,18.935733377954367,5139.489348392669,-36.62775156112615,7.950717384014616,56.998997992591356,BULL,1.0,2026-05-06,BULL,1.0,제약
2026-05-06,두산2우B,000157,KS,복합기업,630000.0,500925.0,464050.0,461670.8333333333,435695.0,1,80.21797228107656,13810.715763320688,1.3488843813387426,1,14.54545454545455,65.1376146788991,,19872.0,19872.0,SCRAPE,CONSENSUS_SCRAPE,,19872.0,31.702898550724637,238464.0,-62.14857142857143,5.0,85.96817949279635,BULL,1.0,2026-05-06,BULL,1.0,복합기업
2026-05-06,트리니티항공,091810,KS,항공사,896.0,951.5,1120.1,1317.327474975586,1794.7764849853515,0,36.88831922191507,1.490902874094509,0.8579280655844903,0,-8.102564102564102,3.4642032332563577,-819.0914263774235,,-901.000569015166,DART,TRAILING_DART,,-819.0914263774235,-1.093894980640584,-9829.097116529083,-1196.9974460411922,5.0,13.483211782702785,BULL,1.0,2026-05-06,BULL,1.0,항공사
2026-05-06,세아제강,306200,KS,철강,179200.0,156940.0,140813.33333333334,130058.33333333333,133289.5,1,70.63128800819655,2835.2865824809414,0.7788291345980792,0,10.209102091020906,20.430107526881724,10576.864998413426,16782.0,16782.0,DART,TRAILING_DART,,10576.864998413426,16.9426384875746,126922.37998096112,-29.17277902848152,14.47381835007867,76.43003168292721,BULL,1.0,2026-05-06,BULL,1.0,철강
2026-05-06,넥스틸,092790,KS,철강,20150.0,17303.0,13579.666666666666,11899.25,12444.45,1,64.17031063062423,236.02283118791047,0.5064166206995814,0,21.1665664461816,34.422948632421615,1385.961203522806,,1524.5573238750867,DART,TRAILING_DART,,1385.961203522806,14.53864649947139,16631.534442273674,-17.46136753214057,24.721303409377,76.48163438006702,BULL,1.0,2026-05-06,BULL,1.0,철강
2026-05-06,엠씨넥스,097520,KS,핸드셋,22900.0,23102.5,24467.5,26414.166666666668,27687.75,0,46.17489044614154,62.60831418893565,1.8379650859855383,0,-4.184100418410042,7.259953161592514,2962.654793897078,2797.0,2797.0,DART,TRAILING_DART,,2962.654793897078,7.729553928177142,35551.857526764936,55.24828614307833,75.91138599300092,25.136926280209185,BULL,1.0,2026-05-06,BULL,1.0,핸드셋
2026-05-06,스틱인베스트먼트,026890,KS,창업투자,9760.0,9688.0,10306.0,10334.083333333334,10355.35,0,49.30229247362118,66.99552477996333,2.1284459016037056,0,0.6185567010309256,6.318082788671031,356.43601815578535,,392.0796199713639,DART,TRAILING_DART,,356.43601815578535,27.382193445260224,4277.232217869424,-56.17589940707557,5.0,36.14312688761798,BULL,1.0,2026-05-06,BULL,1.0,창업투자
2026-05-06,일진홀딩스,015860,KS,전기장비,13620.0,9066.5,8180.666666666667,7732.0,7005.85,1,84.88877047128236,510.9000374742409,5.936717944049227,1,33.52941176470588,93.74110953058322,1815.7691979751023,,1997.3461177726128,DART,TRAILING_DART,,1815.7691979751023,7.50095332335666,21789.230375701227,59.97966501983281,78.98678226289132,90.39686768882774,BULL,1.0,2026-05-06,BULL,1.0,전기장비
2026-05-06,화신,010690,KS,자동차부품,12320.0,11867.0,11780.833333333334,10151.166666666666,9497.2,1,53.66979509704952,67.14858803131494,0.6493252318368229,0,-2.0667726550079535,15.898400752587015,1909.724814542556,,2100.697295996812,DART,TRAILING_DART,,1909.724814542556,6.451191242938872,22916.69777451067,86.01215726063856,92.60121572606386,64.64002669217,BULL,1.0,2026-05-06,BULL,1.0,자동차부품
2026-05-06,애경산업,018250,KS,화장품,14470.0,14926.5,14759.333333333334,14046.083333333334,14728.65,0,43.71309005831858,-64.54818051676486,1.01166737521172,0,-6.343042071197413,3.2097004279600494,572.7580544215652,,630.0338598637218,DART|DAILY_DISC,TRAILING_DART,,572.7580544215652,25.263721545764056,6873.096653058783,-52.50105975771401,5.0,35.10008170664778,BULL,1.0,2026-05-06,BULL,1.0,화장품
2026-05-06,KG케미칼,001390,KS,자동차,6320.0,5936.5,5601.75,5488.708333333333,5227.2,1,57.83932448212199,67.95667353091204,1.0119388573542796,0,1.1200000000000099,23.4375,3628.948809580648,,3991.843690538713,DART,TRAILING_DART,,3628.948809580648,1.741551157545902,43547.38571496777,589.0409132115153,100.0,78.96592122993628,BULL,1.0,2026-05-06,BULL,1.0,자동차
2026-05-06,국도화학,007690,KS,화학,39650.0,40327.5,38255.0,35701.25,36130.0,1,49.46403736262409,-133.6183932293402,1.1595897004457314,0,-5.819477434679332,11.69014084507043,2364.6661338851627,,2601.13274727368,DART|DAILY_DISC,TRAILING_DART,,2364.6661338851627,16.767694784402725,28375.993606621952,-28.43381183701904,15.120414642608342,56.75117931995643,BULL,1.0,2026-05-06,BULL,1.0,화학
2026-05-06,대한제강,084010,KS,철강,12400.0,11972.0,11879.666666666666,11130.885172526041,10546.059853515624,1,55.021801956804154,93.09272744074661,0.6331834955191132,0,-1.7432646592709933,18.66028708133971,402.9178071626351,718.0,718.0,DART,TRAILING_DART,,402.9178071626351,30.77550750938844,4835.013685951621,-61.007954145551444,5.0,65.3389094871624,BULL,1.0,2026-05-06,BULL,1.0,철강
2026-05-06,한국토지신탁,034830,KS,부동산,1560.0,1553.35,1523.8666666666666,1401.6333333333334,1359.075,1,49.34584662765486,1.3725146771858103,0.965803161634404,0,-1.8867924528301883,2.0274689339437435,76.94603899738614,,84.64064289712476,DART,TRAILING_DART,,76.94603899738614,20.273948085267822,923.3524679686336,-40.810739232779895,5.0,59.07296616436649,BULL,1.0,2026-05-06,BULL,1.0,부동산
2026-05-06,KISCO홀딩스,001940,KS,철강,25550.0,26725.0,25468.333333333332,25698.333333333332,25722.5,0,41.0420912354934,-167.53602127758467,1.1475970837672966,0,-6.581352833638022,-1.5414258188824692,-1636.0787873914214,,-1799.6866661305637,DART,TRAILING_DART,,-1636.0787873914214,-15.616607340002952,-19632.945448697057,-176.84127377180846,5.0,39.379180832708585,BULL,1.0,2026-05-06,BULL,1.0,철강
2026-05-06,제이에스코퍼레이션,194370,KS,"섬유,의류,신발,호화품",14450.0,13487.0,12820.666666666666,12362.5,11750.1,1,61.7757192655359,118.99647977870495,0.9853027441742382,0,-5.9856864020819796,32.690541781450875,2955.336888945347,,3250.8705778398817,DART|DAILY_DISC,TRAILING_DART,,2955.336888945347,4.889459490744111,35464.04266734416,145.42590081207032,98.54259008120704,75.97155652362282,BULL,1.0,2026-05-06,BULL,1.0,"섬유,의류,신발,호화품"
2026-05-06,HL홀딩스,060980,KS,자동차부품,42000.0,42505.0,44251.666666666664,44806.25,42919.5,0,43.13168406477999,134.8125201576225,1.8621608803135044,0,-4.218928164196123,2.941176470588225,2368.0841704899312,,2604.8925875389245,DART,TRAILING_DART,,2368.0841704899312,17.735856066007422,28417.010045879175,-32.340452271716245,11.702104262248286,36.2895998257182,BULL,1.0,2026-05-06,BULL,1.0,자동차부품
2026-05-06,에코프로,086520,KQ,화학,162800.0,153840.0,155868.33333333334,128856.66666666667,100354.5,1,57.93366936267667,568.2299663207814,1.5092306261664916,0,4.092071611253201,13.846153846153841,-777.3058936594402,,-855.0364830253843,DART,TRAILING_DART,,-777.3058936594402,-209.44135549205973,-9327.670723913283,-105.7295274716912,5.0,68.36439855215677,BULL,1.0,2026-05-06,BULL,1.0,화학
2026-05-06,에코프로비엠,247540,KQ,전기제품,228500.0,208765.0,203411.66666666666,183481.66666666666,161131.0,1,63.63595024835466,1164.8565449743705,1.9747031413826868,1,10.120481927710845,14.307153576788401,936.1865336506634,302.0,302.0,DART,TRAILING_DART,,936.1865336506634,244.0752903259175,11234.23840380796,-95.08348428717376,5.0,87.42712864761052,BULL,1.0,2026-05-06,BULL,1.0,전기제품
2026-05-06,알테오젠,196170,KQ,생물공학,363500.0,367100.0,370858.3333333333,422695.8333333333,437920.0,0,47.82900198774399,667.5853892864795,1.0486209497121441,0,-4.089709762532978,0.4143646408839796,2711.798253116258,,2982.978078427884,DART,TRAILING_DART,,2711.798253116258,134.04389488867199,32541.579037395095,-91.04770865546215,5.0,27.490491452220887,BULL,1.0,2026-05-06,BULL,1.0,생물공학
2026-05-06,레인보우로보틱스,277810,KQ,기계,702000.0,620950.0,666733.3333333334,571900.0,464417.5,1,66.24191109050906,13401.45475868187,2.0402903681480473,1,4.932735426008961,29.520295202952028,53.28059117752305,,58.60865029527536,DART,TRAILING_DART,,53.28059117752305,13175.529484292692,639.3670941302767,-99.9089220663632,5.0,80.06157530089641,BULL,1.0,2026-05-06,BULL,1.0,기계
2026-05-06,삼천당제약,000250,KQ,제약,406000.0,465150.0,647108.3333333334,455095.8333333333,353950.0,1,36.30576718123848,1749.1669050687779,0.28362535844120246,0,-8.764044943820226,-34.3042071197411,512.8364480622635,,564.1200928684899,DART,TRAILING_DART,,512.8364480622635,791.6753996991796,6154.037376747161,-98.48422724710662,5.0,39.68084372928842,BULL,1.0,2026-05-06,BULL,1.0,제약
2026-05-06,코오롱티슈진,950160,KQ,생물공학,103600.0,102515.0,101335.0,87958.33333333333,69826.25,1,50.76126780322051,57.93961579348502,1.2073367363751553,0,0.5825242718446644,4.964539007092195,-1.5980598694416368,,-1.7578658563858007,DART,TRAILING_DART,,-1.5980598694416368,-64828.609979548455,-19.17671843329964,-100.01851034597809,5.0,63.29457520168186,BULL,1.0,2026-05-06,BULL,1.0,생물공학
2026-05-06,에이비엘바이오,298380,KQ,생물공학,127600.0,152590.0,172103.33333333334,180236.66666666666,143586.0,0,33.58915850152462,-2267.1588019426854,0.9915950635412505,0,-26.114649681528668,-17.35751295336787,-676.5353762502151,-3830.0,-3830.0,DART,TRAILING_DART,,-676.5353762502151,-188.60802328954256,-8118.424515002582,-106.36240165752552,5.0,9.20947156575781,BULL,1.0,2026-05-06,BULL,1.0,생물공학
2026-05-06,리노공업,058470,KQ,반도체와반도체장비,116700.0,115630.0,109008.33333333333,87256.66666666667,72604.0,1,53.14309119122733,-195.34401555515524,1.8286931139253697,0,6.284153005464477,10.616113744075829,1993.9244409629207,2413.0,2413.0,DART|DAILY_DISC,TRAILING_DART,,1993.9244409629207,58.52779453550526,23927.093291555047,-79.49692091554837,5.0,73.31636473111618,BULL,1.0,2026-05-06,BULL,1.0,반도체와반도체장비
2026-05-06,HLB,028300,KQ,건강관리장비와용품,61700.0,60645.0,54385.0,52540.416666666664,48844.5,1,57.47150931543913,-322.2224467147935,0.8047976665880523,0,-0.3231017770597755,20.743639921722124,-1768.2770862102916,,-1945.104794831321,DART,TRAILING_DART,,-1768.2770862102916,-34.892721554308686,-21219.3250345235,-134.39112647410616,5.0,72.80017340526368,BULL,1.0,2026-05-06,BULL,1.0,건강관리장비와용품
2026-05-06,리가켐바이오,141080,KQ,제약,176800.0,190115.0,189523.33333333334,183122.5,167968.5,1,41.745434163867095,-1814.8432062290276,0.8704625295089043,0,-14.174757281553397,6.377858002406733,-2500.718270096277,865.0,865.0,DART,TRAILING_DART,,-2500.718270096277,-70.69968741148648,-30008.619241155327,-116.97320092825527,5.0,34.625729801209516,BULL,1.0,2026-05-06,BULL,1.0,제약
2026-05-06,펩트론,087010,KQ,생물공학,269500.0,267000.0,279350.0,277945.8333333333,281631.0,0,48.30415910562925,1240.7635954766574,1.40080308196669,0,-4.770318021201414,-0.9191176470588203,-592.8539311714238,,-652.1393242885663,DART,TRAILING_DART,,-592.8539311714238,-454.5807758540004,-7114.247174057085,-102.63979486977999,5.0,34.82805726726892,BULL,1.0,2026-05-06,BULL,1.0,생물공학
2026-05-06,원익IPS,240810,KQ,반도체와반도체장비,129000.0,120490.0,119223.33333333333,95315.83333333333,74695.5,1,58.79405461336295,527.3618894688454,2.5383181934053156,1,6.172839506172845,14.973262032085554,1711.9372024648162,3131.0,3131.0,DART,TRAILING_DART,,1711.9372024648162,75.35323130677232,20543.246429577794,-84.07500276776916,5.0,87.80552688514634,BULL,1.0,2026-05-06,BULL,1.0,반도체와반도체장비
2026-05-06,이오테크닉스,039030,KQ,반도체와반도체장비,479000.0,474875.0,426875.0,357104.1666666667,304721.0,1,54.581592441931235,-2805.002107020213,1.689001660004937,0,-5.148514851485153,21.26582278481013,4672.636037030574,9034.0,9034.0,DART,TRAILING_DART,,4672.636037030574,102.51172918325584,56071.632444366885,-88.29402245420316,5.0,76.16834612430692,BULL,1.0,2026-05-06,BULL,1.0,반도체와반도체장비
2026-05-06,보로노이,310210,KQ,제약,283000.0,296675.0,292283.3333333333,254720.0,211871.5,1,44.93318664526438,-2447.8231786464503,1.2640797020407744,0,-7.516339869281041,4.044117647058831,-2320.7225704510624,,-2552.794827496169,DART,TRAILING_DART,,-2320.7225704510624,-121.94477858031746,-27848.67084541275,-109.84051973336139,5.0,54.38020241778503,BULL,1.0,2026-05-06,BULL,1.0,제약
2026-05-06,케어젠,214370,KQ,건강관리업체및서비스,101000.0,98195.0,111018.33333333333,93391.66666666667,78520.25,1,48.724175910729244,1125.1520173562672,0.5799024807175442,0,-7.762557077625576,13.738738738738743,374.1701557293121,,411.58717130224335,DART|DAILY_DISC,TRAILING_DART,,374.1701557293121,269.93066778171095,4490.041868751745,-95.55441399133491,5.0,50.80868391047335,BULL,1.0,2026-05-06,BULL,1.0,건강관리업체및서비스
2026-05-06,ISC,095340,KQ,반도체와반도체장비,256000.0,238950.0,214993.33333333334,160111.66666666666,123418.0,1,60.13123778796338,558.0128276016285,0.7898388570168954,0,6.444906444906451,6.666666666666665,2658.0703091438445,4009.0,4009.0,DART|DAILY_DISC,TRAILING_DART,,2658.0703091438445,96.31046971156182,31896.843709726134,-87.54029542588823,5.0,75.10989056931977,BULL,1.0,2026-05-06,BULL,1.0,반도체와반도체장비
2026-05-06,로보티즈,108490,KQ,기계,310000.0,281300.0,268733.3333333333,263302.5,208418.5,1,57.977266763712386,3936.1732958434495,0.9360499985799655,0,-10.919540229885062,28.364389233954455,361.92159125590814,658.0,658.0,DART,TRAILING_DART,,361.92159125590814,856.539116454107,4343.0590950708975,-98.59901319513841,5.0,78.46539775562742,BULL,1.0,2026-05-06,BULL,1.0,기계
2026-05-06,우리기술,032820,KQ,우주항공과국방,21250.0,22085.0,19984.833333333332,12392.166666666666,9045.075,1,46.789780831886794,-242.01162043206017,0.5698452995738889,0,-8.207343412527003,3.1553398058252524,-23.99035962686787,,-26.38939558955466,DART,TRAILING_DART,,-23.99035962686787,-885.7724657116511,-287.88431552241445,-101.35474972010547,5.0,62.1308735226697,BULL,1.0,2026-05-06,BULL,1.0,우주항공과국방
2026-05-06,클래시스,214150,KQ,건강관리장비와용품,55100.0,56160.0,57429.166666666664,57666.666666666664,55942.75,0,46.6729904963365,-128.89905135536924,0.9187388454314183,0,-9.07590759075908,8.678500986193294,2022.977194849829,2830.0,2830.0,DART,TRAILING_DART,,2022.977194849829,27.23708410568129,24275.726338197946,-55.9424204388422,5.0,32.9500980202476,BULL,1.0,2026-05-06,BULL,1.0,건강관리장비와용품
2026-05-06,성호전자,043260,KQ,전기제품,40600.0,46282.5,39162.5,23534.958333333332,14615.36,1,44.23335682041327,-1363.1704228777003,1.0513833982835068,0,-5.471478463329449,-4.245283018867929,1283.6949236919122,,1412.0644160611037,DART,TRAILING_DART,,1283.6949236919122,31.627452325848747,15404.339084302947,-62.05827811748043,5.0,61.77990967394072,BULL,1.0,2026-05-06,BULL,1.0,전기제품
2026-05-06,HPSP,403870,KQ,반도체와반도체장비,56600.0,48162.5,45850.833333333336,39333.75,35471.75,1,68.9393189239306,903.8570911740005,1.3061872071733902,1,3.2846715328467058,36.057692307692314,882.8945995868772,1271.0,1271.0,DART,TRAILING_DART,,882.8945995868772,64.10731249968478,10594.735195042527,-81.28138658119694,5.0,87.69681183503354,BULL,1.0,2026-05-06,BULL,1.0,반도체와반도체장비
2026-05-06,현대무벡스,319400,KQ,기계,32150.0,30582.5,29935.0,23960.416666666668,17268.05,1,58.84982102616262,186.36290844852113,0.9629316749906696,0,2.3885350318471277,23.65384615384616,101.4027367053339,,111.5430103758673,DART,TRAILING_DART,,101.4027367053339,317.052586987121,1216.8328404640067,-96.21513890990978,5.0,70.61925889331816,BULL,1.0,2026-05-06,BULL,1.0,기계
2026-05-06,올릭스,226950,KQ,생명과학도구및서비스,167400.0,171335.0,169536.66666666666,152391.66666666666,121042.25,1,46.36325647217627,-178.17130884851497,1.0595762993386284,0,-14.809160305343516,6.420851875397338,-775.4778005636587,,-853.0255806200246,DART,TRAILING_DART,,-775.4778005636587,-215.86691440854239,-9305.733606763904,-105.55898064920186,5.0,57.839374393028834,BULL,1.0,2026-05-06,BULL,1.0,생명과학도구및서비스
2026-05-06,펄어비스,263750,KQ,게임엔터테인먼트,54700.0,56925.0,56591.666666666664,48299.166666666664,43182.75,1,44.926825315729204,-66.75314808721467,0.9166337515151508,0,-9.136212624584717,-9.136212624584717,-130.9758782919679,3844.0,3844.0,DART,TRAILING_DART,,-130.9758782919679,-417.63415304659566,-1571.7105395036147,-102.87332822578357,5.0,54.754897504686404,BULL,1.0,2026-05-06,BULL,1.0,게임엔터테인먼트
2026-05-06,디앤디파마텍,347850,KQ,생물공학,71900.0,76725.0,79258.33333333333,90594.375,121125.125,0,41.74614929907343,-464.6781457350462,1.2255569393735946,0,-12.102689486552565,8.446455505279026,-547.4293430254446,,-602.1722773279891,DART,TRAILING_DART,,-547.4293430254446,-131.3411509924452,-6569.152116305335,-109.13651198373482,5.0,16.393156807800157,BULL,1.0,2026-05-06,BULL,1.0,생물공학
2026-05-06,티씨케이,064760,KQ,반도체와반도체장비,299500.0,280950.0,243441.66666666666,202236.66666666666,174409.0,1,60.0981592338987,-31.592461770287628,0.9839568327712843,0,-1.4802631578947345,42.28028503562946,6252.806457153039,8972.0,8972.0,DART|DAILY_DISC,TRAILING_DART,,6252.806457153039,47.89849198952579,75033.67748583647,-74.94701920339351,5.0,75.22928924706765,BULL,1.0,2026-05-06,BULL,1.0,반도체와반도체장비
2026-05-06,솔브레인,357780,KQ,반도체와반도체장비,466000.0,442100.0,425658.3333333333,357291.6666666667,312570.5,1,58.49731997188078,1847.675790100384,1.6595081867826948,0,-3.9175257731958735,27.496580027359773,10797.519150959188,20725.0,20725.0,DART,TRAILING_DART,,10797.519150959188,43.15806191078654,129570.22981151025,-72.19522965418234,5.0,76.30957553675867,BULL,1.0,2026-05-06,BULL,1.0,반도체와반도체장비
2026-05-06,휴젤,145020,KQ,생물공학,255000.0,259325.0,256466.66666666666,246200.0,271432.5,0,47.78321709287285,-815.937990295407,1.674148388713659,0,-4.850746268656714,7.36842105263158,11945.21272008942,13420.0,13420.0,DART|DAILY_DISC,TRAILING_DART,,11945.21272008942,21.347464124363547,143342.55264107304,-43.78723425840273,5.0,37.180724228786815,BULL,1.0,2026-05-06,BULL,1.0,생물공학
2026-05-06,에임드바이오,0009K0,KQ,생물공학,44250.0,48047.5,53091.666666666664,,,0,38.16656900554275,-69.26503427268221,1.1229036567244042,0,-13.064833005893906,-4.427645788336932,,,101.2,SCRAPE,FORWARD_AUTO,,101.2,437.25296442687744,1214.4,-97.255593220339,5.0,14.042631693174783,BULL,1.0,2026-05-06,BULL,1.0,생물공학
2026-05-06,주성엔지니어링,036930,KQ,반도체와반도체장비,127600.0,96470.0,72265.83333333333,51460.833333333336,42674.5,1,77.15438347943781,2651.9067657010837,0.3645111486650458,0,1.2698412698412653,109.18032786885247,767.912131508188,1740.0,1740.0,DART|DAILY_DISC,TRAILING_DART,,767.912131508188,166.16484460193664,9214.945578098257,-92.77825581653741,5.0,73.15914875734364,BULL,1.0,2026-05-06,BULL,1.0,반도체와반도체장비
2026-05-06,파마리서치,214450,KQ,건강관리장비와용품,336000.0,310200.0,321441.6666666667,376425.0,464835.0,0,59.3210250910808,4368.385482216038,1.4068627388097898,0,1.2048192771084265,17.68826619964974,16194.526982434823,18767.0,18767.0,DART|DAILY_DISC,TRAILING_DART,,16194.526982434823,20.74775017290952,194334.3237892179,-42.162403634161336,5.0,39.66916545925709,BULL,1.0,2026-05-06,BULL,1.0,건강관리장비와용품
2026-05-06,비에이치아이,083650,KQ,에너지장비및서비스,98800.0,96290.0,93125.0,73645.41666666667,62980.25,1,53.86490299483753,41.53220539321137,1.2216680270300018,0,0.3045685279187804,7.860262008733621,2106.8902526226493,,2317.5792778849145,DART,TRAILING_DART,,2106.8902526226493,46.893757222054695,25282.68303147179,-74.41023984668847,5.0,68.64974450985213,BULL,1.0,2026-05-06,BULL,1.0,에너지장비및서비스
2026-05-06,유진테크,084370,KQ,반도체와반도체장비,138700.0,131735.0,125338.33333333333,104535.0,87003.25,1,57.23944366768936,136.39101137130092,2.113375283350637,0,1.9852941176470518,17.145270270270263,1941.0855408625976,,2135.1940949488576,DART,TRAILING_DART,,1941.0855408625976,71.45486228204204,23293.02649035117,-83.2061813335608,5.0,79.10462264829795,BULL,1.0,2026-05-06,BULL,1.0,반도체와반도체장비
2026-05-06,서진시스템,178320,KQ,전기장비,59500.0,51457.5,45312.5,36164.166666666664,30646.05,1,65.36674984323028,797.184944960723,0.6785042261882631,0,18.290258449304165,30.05464480874316,-1728.8987235389534,,-1901.788595892849,DART,TRAILING_DART,,-1728.8987235389534,-34.41497132822622,-20746.78468246744,-134.86854568481922,5.0,77.14142457170936,BULL,1.0,2026-05-06,BULL,1.0,전기장비
2026-05-06,파두,440110,KQ,반도체와반도체장비,78800.0,65485.0,58677.5,40841.666666666664,31340.2,1,67.2321504261748,1730.9918989315802,1.7497238520586436,0,-3.075030750307506,56.34920634920635,-1522.0686285060565,,-1674.2754913566623,DART|DAILY_DISC,TRAILING_DART,,-1522.0686285060565,-51.77164716767332,-18264.823542072678,-123.17871007877244,5.0,82.75398158795299,BULL,1.0,2026-05-06,BULL,1.0,반도체와반도체장비
2026-05-06,에스티팜,237690,KQ,제약,150000.0,147770.0,149946.66666666666,135883.33333333334,118596.5,1,50.004306702233066,964.835382959327,0.8245457106827402,0,-10.447761194029848,9.649122807017552,2617.642286551857,3094.0,3094.0,DART|DAILY_DISC,TRAILING_DART,,2617.642286551857,57.303475257343344,31411.707438622285,-79.05886170758514,5.0,59.99037968225303,BULL,1.0,2026-05-06,BULL,1.0,제약
2026-05-06,실리콘투,257720,KQ,인터넷과카탈로그소매,43450.0,45332.5,41847.5,42787.083333333336,44235.5,0,47.88810748807698,-588.76123028758,0.9405090900589801,0,-3.7652270210409733,15.099337748344377,2755.916321197632,3359.0,3359.0,DART,TRAILING_DART,,2755.916321197632,15.766081018424405,33070.995854371584,-23.887236238500385,19.098668291312165,42.83416286489702,BULL,1.0,2026-05-06,BULL,1.0,인터넷과카탈로그소매
2026-05-06,심텍,222800,KQ,전자장비와기기,93800.0,78360.0,62008.333333333336,57127.5,48322.25,1,73.81238878350692,801.5866882648079,1.3112200469416275,1,9.069767441860455,72.11009174311927,-4407.353560867756,2366.0,2366.0,DART|DAILY_DISC,TRAILING_DART,,-4407.353560867756,-21.282612956862913,-52888.24273041307,-156.38405408359603,5.0,85.51426181709284,BULL,1.0,2026-05-06,BULL,1.0,전자장비와기기
2026-05-06,동진쎄미켐,005290,KQ,반도체와반도체장비,59100.0,55265.0,51948.333333333336,45452.916666666664,41449.5,1,58.65334241129596,102.00034310086085,0.43521120786210604,0,-2.796052631578949,31.333333333333325,1830.0719996388568,,2013.0791996027424,DART,TRAILING_DART,,1830.0719996388568,32.29381139740004,21960.86399566628,-62.84117767230748,5.0,73.30312732691586,BULL,1.0,2026-05-06,BULL,1.0,반도체와반도체장비
2026-05-06,메지온,140410,KQ,식품,86800.0,89720.0,108346.66666666667,100389.16666666667,80344.5,1,42.99740051942171,747.0601706621492,1.6491213341448863,0,-5.549510337323182,1.2835472578763163,-1149.2718623848043,,-1264.1990486232849,DART,TRAILING_DART,,-1149.2718623848043,-75.52608120056561,-13791.262348617653,-115.88855109287748,5.0,42.64106883588289,BULL,1.0,2026-05-06,BULL,1.0,식품
2026-05-06,알지노믹스,476830,KQ,생물공학,167500.0,188490.0,177331.66666666666,,,0,39.71202109789409,-3333.7017155517697,0.9384989315336182,0,-14.888211382113825,-4.340376927470013,-7450.241896312589,,-8195.26608594385,DART,TRAILING_DART,,-7450.241896312589,-22.482491485666014,-89402.90275575107,-153.3748673168663,5.0,22.068432363506204,BULL,1.0,2026-05-06,BULL,1.0,생물공학
2026-05-06,셀트리온제약,068760,KQ,제약,54700.0,56855.0,61925.0,62251.927994791666,58972.235234375,0,37.30829586795589,8.004969306908379,2.2644195269192116,0,-5.5267702936096725,-0.36429872495445936,872.7401740971623,,960.0141915068784,DART|DAILY_DISC,TRAILING_DART,,872.7401740971623,62.67615680301002,10472.882089165947,-80.85396327391966,5.0,25.184259847509892,BULL,1.0,2026-05-06,BULL,1.0,제약
2026-05-06,피에스케이홀딩스,031980,KQ,반도체와반도체장비,127600.0,115525.0,101190.0,76210.41666666667,61888.5,1,59.864237685782015,1209.3877898372602,1.0611872158622215,0,8.780903665814144,38.54505971769815,4252.075763522558,4859.0,4859.0,DART,TRAILING_DART,,4252.075763522558,30.008872629845147,51024.9091622707,-60.011826675336444,5.0,79.55268625678406,BULL,1.0,2026-05-06,BULL,1.0,반도체와반도체장비
2026-05-06,비츠로셀,082920,KQ,전기제품,57000.0,51472.5,34702.5,26231.458333333332,21600.875,1,66.99457987807658,-440.68225293875,0.6012705481694938,0,5.555555555555558,47.477360931435975,1255.5231602914166,1673.0,1673.0,DART,TRAILING_DART,,1255.5231602914166,45.39940146286896,15066.277923497,-73.56793346754912,5.0,67.70183010100632,BULL,1.0,2026-05-06,BULL,1.0,전기제품
2026-05-06,에스피지,058610,KQ,전기제품,127900.0,117745.0,123833.33333333333,101049.16666666667,71712.75,1,58.20445555963272,1928.2616445348383,0.975555744279916,0,-3.7622272385252065,23.574879227053145,411.831043235083,,453.0141475585913,DART,TRAILING_DART,,411.831043235083,310.5642522605845,4941.972518820996,-96.1360652706638,5.0,66.73474068970737,BULL,1.0,2026-05-06,BULL,1.0,전기제품
2026-05-06,RFHIC,218410,KQ,통신장비,96400.0,94285.0,77375.0,55636.666666666664,44833.5,1,55.63845715012659,-1060.5257364031995,0.9179889547049022,0,3.544575725026844,14.082840236686401,1337.1457800084825,1657.0,1657.0,DART|DAILY_DISC,TRAILING_DART,,1337.1457800084825,72.09385950377711,16045.749360101789,-83.35503178412678,5.0,70.83021791672515,BULL,1.0,2026-05-06,BULL,1.0,통신장비
2026-05-06,미래에셋벤처투자,100790,KQ,창업투자,55300.0,45850.0,31145.0,21568.916666666668,15795.0,1,66.68231181466396,-21.36356038476788,0.5022872394003395,0,-9.640522875816993,100.72595281306715,582.2234962597578,,640.4458458857337,DART,TRAILING_DART,,582.2234962597578,94.98070819067051,6986.681955117094,-87.36585541570146,5.0,70.74464588619313,BULL,1.0,2026-05-06,BULL,1.0,창업투자
2026-05-06,피에스케이,319660,KQ,반도체와반도체장비,104500.0,87975.0,74823.33333333333,56260.0,44512.1,1,69.5532889608223,1018.0875404125327,1.2260251493313798,1,13.586956521739136,38.0449141347424,2711.583487826752,3854.0,3854.0,DART,TRAILING_DART,,2711.583487826752,38.53836714566861,32539.00185392102,-68.8621991828507,5.0,87.0656803787643,BULL,1.0,2026-05-06,BULL,1.0,반도체와반도체장비
2026-05-06,원익홀딩스,030530,KQ,반도체와반도체장비,33500.0,31112.5,32249.166666666668,33452.083333333336,25114.0,1,54.85579261747873,488.8860054429143,0.8813804850427701,0,-4.558404558404561,25.703564727954962,652.8789639775799,,718.1668603753379,DART,TRAILING_DART,,652.8789639775799,51.311195257242815,7834.547567730959,-76.61329084259415,5.0,66.42629672799207,BULL,1.0,2026-05-06,BULL,1.0,반도체와반도체장비
2026-05-06,대한광통신,010170,KQ,통신장비,18270.0,16039.5,9458.083333333334,6023.416666666667,4171.205,1,64.66791095147701,-149.35218577944306,0.9612335833690793,0,14.04494382022472,34.437086092715234,-179.90680153398068,,-197.8974816873788,DART,TRAILING_DART,,-179.90680153398068,-101.55258080417362,-2158.881618407768,-111.81653868860299,5.0,70.24994349287638,BULL,1.0,2026-05-06,BULL,1.0,통신장비
2026-05-06,하나마이크론,067310,KQ,반도체와반도체장비,43500.0,36512.5,34214.166666666664,30443.333333333332,25316.7,1,69.51643283519536,613.6236166525923,1.024503155754019,1,6.87960687960687,50.51903114186851,986.6739431374708,,1085.341337451218,DART,TRAILING_DART,,986.6739431374708,44.08751270118345,11840.08731764965,-72.78140846517323,5.0,86.8476530798439,BULL,1.0,2026-05-06,BULL,1.0,반도체와반도체장비
2026-05-06,스피어,347700,KQ,우주항공과국방,42300.0,42915.0,43866.666666666664,28846.416666666668,21633.45,1,48.07530138665127,-253.12229051130078,0.8567297316565544,0,1.8050541516245522,-2.3094688221709014,3.399153147597664,,3.739068462357431,DART,TRAILING_DART,,3.399153147597664,12444.276019130039,40.78983777117197,-99.9035701234724,5.0,51.53230445874159,BULL,1.0,2026-05-06,BULL,1.0,우주항공과국방
2026-05-06,고영,098460,KQ,전자장비와기기,41600.0,33707.5,31189.166666666668,28269.416666666668,23108.7,1,65.67709145855373,866.955076432233,1.3327597222467338,0,-4.367816091954024,58.778625954198475,214.93176354645792,547.0,547.0,DART|DAILY_DISC,TRAILING_DART,,214.93176354645792,193.5498007069024,2579.181162557495,-93.80004528231372,5.0,81.11481173903317,BULL,1.0,2026-05-06,BULL,1.0,전자장비와기기
2026-05-06,JYP Ent.,035900,KQ,방송과엔터테인먼트,60700.0,61845.0,64743.333333333336,67191.66666666667,70581.0,0,42.79559535382484,120.1286293098538,1.3766980067513164,0,-3.497615262321141,0.9983361064891838,4518.778927185856,3685.0,3685.0,DART,TRAILING_DART,,4518.778927185856,13.432832404085305,54225.34712623028,-10.666643943607445,30.666686549343485,22.097576966041036,BULL,1.0,2026-05-06,BULL,1.0,방송과엔터테인먼트
2026-05-06,에스앤에스텍,101490,KQ,반도체와반도체장비,93800.0,99650.0,91273.33333333333,73611.66666666667,65295.25,1,46.450349153389354,-1050.094436280488,1.9120549987304203,0,-10.067114093959727,20.565552699228796,2722.9030879434563,,2995.1933967378022,DART|DAILY_DISC,TRAILING_DART,,2722.9030879434563,34.44852680043229,32674.837055321477,-65.16541891756772,5.0,66.4862968071344,BULL,1.0,2026-05-06,BULL,1.0,반도체와반도체장비
2026-05-06,에스엠,041510,KQ,방송과엔터테인먼트,92200.0,91625.0,98883.33333333333,104802.5,116211.0,0,47.033433823899244,786.7349645894716,1.7893106982132514,0,-0.5393743257820938,8.726415094339623,15696.395697080852,6057.0,6057.0,DART|DAILY_DISC,TRAILING_DART,,15696.395697080852,5.873959970131676,188356.74836497023,104.29148412686575,94.42914841268657,26.96597062808357,BULL,1.0,2026-05-06,BULL,1.0,방송과엔터테인먼트
2026-05-06,두산테스나,131970,KQ,반도체와반도체장비,140000.0,111610.0,88708.33333333333,68918.75,56766.5,1,77.71058931994236,1903.1055590417782,0.881420352907683,1,14.28571428571428,50.214592274678104,78.13030501305981,2230.0,2230.0,DART,TRAILING_DART,,78.13030501305981,1791.878323994747,937.5636601567178,-99.33031167131662,5.0,83.87910802085709,BULL,1.0,2026-05-06,BULL,1.0,반도체와반도체장비
2026-05-06,오스코텍,039200,KQ,제약,49700.0,52620.0,52454.166666666664,51600.833333333336,46226.25,1,43.53306102154701,-294.994297984475,1.0711884810631311,0,-10.28880866425993,4.631578947368431,1421.8366201253295,,1564.0202821378623,DART,TRAILING_DART,,1421.8366201253295,34.95478966888554,17062.039441503955,-65.66994076156145,5.0,41.20339720548937,BULL,1.0,2026-05-06,BULL,1.0,제약
2026-05-06,테크윙,089030,KQ,반도체와반도체장비,62100.0,56540.0,53782.5,50576.666666666664,47795.25,1,61.033223877106714,510.34767877640456,1.1244634765515265,1,0.0,33.69214208826696,242.78654496743843,,267.0651994641823,DART,TRAILING_DART,,242.78654496743843,255.78023694982193,2913.438539609261,-95.30847256101568,5.0,86.91225521352305,BULL,1.0,2026-05-06,BULL,1.0,반도체와반도체장비
2026-05-06,대주전자재료,078600,KQ,전자장비와기기,158600.0,141675.0,118165.0,94120.0,85450.0,1,59.92014737228839,821.76808791859,0.6651482824441765,0,-6.870229007633588,33.83966244725738,1345.9090121956128,1950.0,1950.0,DART,TRAILING_DART,,1345.9090121956128,117.83857494294664,16150.908146347354,-89.81657746131944,5.0,75.72967385511792,BULL,1.0,2026-05-06,BULL,1.0,전자장비와기기
2026-05-06,쎄트렉아이,099320,KQ,우주항공과국방,173000.0,173070.0,179445.0,132962.91666666666,102111.5,1,49.02764495131207,-453.30135012563085,0.8701026302162165,0,-6.131307650569728,8.057464084946918,1286.2228875022622,1756.0,1756.0,DART,TRAILING_DART,,1286.2228875022622,134.50234922809653,15434.674650027147,-91.07822274564906,5.0,52.286556177181694,BULL,1.0,2026-05-06,BULL,1.0,우주항공과국방
2026-05-06,파크시스템스,140860,KQ,전자장비와기기,318000.0,270875.0,265583.3333333333,249716.66666666666,253727.5,1,71.2662055185329,5124.594463401067,1.5426999897695748,1,10.801393728222997,38.56209150326797,4926.823154137937,7798.0,7798.0,DART,TRAILING_DART,,4926.823154137937,64.54463455480807,59121.87784965525,-81.40821451268702,5.0,85.93255507045218,BULL,1.0,2026-05-06,BULL,1.0,전자장비와기기
2026-05-06,오름테라퓨틱,475830,KQ,제약,89000.0,85575.0,104588.33333333333,98368.33333333333,70918.25,1,47.63876604512313,1943.8936119308164,1.2910617831106856,0,0.7927519818799578,16.95137976346912,-1976.6599729243576,,-2174.3259702167934,DART,TRAILING_DART,,-1976.6599729243576,-45.02544758283818,-23719.919675092293,-126.65159514055313,5.0,54.936726581359615,BULL,1.0,2026-05-06,BULL,1.0,제약
2026-05-06,티에스이,131290,KQ,반도체와반도체장비,170100.0,150410.0,117940.0,89356.25,71179.5,1,69.06097631261294,204.49057803466712,1.0444936473893802,0,1.8562874251496941,58.379888268156435,3620.138852584056,,3982.152737842462,DART,TRAILING_DART,,3620.138852584056,46.98714798703994,43441.666231008676,-74.46110156907191,5.0,72.86996300204937,BULL,1.0,2026-05-06,BULL,1.0,반도체와반도체장비
2026-05-06,씨어스,458870,KQ,건강관리기술,45400.0,46562.5,49825.55559895833,46005.00003255208,34606.25000976562,1,44.84957374509807,233.45479064514888,1.3045677059401077,0,-13.523809523809527,0.7769145394006749,421.5892841884889,1141.0,1141.0,DART,TRAILING_DART,,421.5892841884889,107.68774658822224,5059.071410261867,-88.8566709025069,5.0,50.83074532867714,BULL,1.0,2026-05-06,BULL,1.0,건강관리기술
2026-05-06,엘앤씨바이오,290650,KQ,건강관리장비와용품,63200.0,68795.0,78633.33333333333,70197.5,59153.75,1,37.65503827549503,-424.9212329010643,2.284746562824069,0,-12.70718232044199,-1.8633540372670843,-5563.905327040061,,-6120.295859744068,DART,TRAILING_DART,,-5563.905327040061,-11.358927998442729,-66766.86392448073,-205.64377203240625,5.0,36.751880205299244,BULL,1.0,2026-05-06,BULL,1.0,건강관리장비와용품
2026-05-06,태성,323280,KQ,전자장비와기기,78100.0,67045.0,67725.0,56999.166666666664,45427.25,1,59.39756434933935,1608.4600411892598,1.6647761808256636,0,-12.931995540691188,51.65048543689321,-83.08275491699189,,-91.39103040869108,DART,TRAILING_DART,,-83.08275491699189,-940.0266045345973,-996.9930590039027,-101.27655961460167,5.0,78.67348322394467,BULL,1.0,2026-05-06,BULL,1.0,전자장비와기기
2026-05-06,삼표시멘트,038500,KQ,건축자재,15630.0,16344.5,16132.5,10247.458333333334,7452.375,1,46.57719748441392,-61.66282754804456,0.5836031829760453,0,-3.874538745387457,4.200000000000004,378.10375431123447,,415.91412974235794,DART,TRAILING_DART,,378.10375431123447,41.33785983816028,4537.245051734813,-70.97092097418545,5.0,53.26116776427397,BULL,1.0,2026-05-06,BULL,1.0,건축자재
2026-05-06,테스,095610,KQ,반도체와반도체장비,89700.0,84835.0,72498.33333333333,59553.75,49728.75,1,62.587450986492854,-604.9779709162231,0.7251451470579969,0,1.3559322033898313,44.67741935483871,2939.9688314049586,4008.0,4008.0,DART,TRAILING_DART,,2939.9688314049586,30.510527540910687,35279.625976859505,-60.669313292241355,5.0,70.32249972257812,BULL,1.0,2026-05-06,BULL,1.0,반도체와반도체장비
2026-05-06,차바이오텍,085660,KQ,건강관리업체및서비스,16090.0,17536.0,18956.333333333332,16992.75,14728.65,1,34.447583153629296,-87.22277067451864,2.333709392720659,0,-9.505061867266596,-6.071220081727957,-1578.0244578762006,,-1735.8269036638208,DART,TRAILING_DART,,-1578.0244578762006,-10.196293168773114,-18936.293494514408,-217.6898290522959,5.0,38.78770684733145,BULL,1.0,2026-05-06,BULL,1.0,건강관리업체및서비스
2026-05-06,LS마린솔루션,060370,KQ,건설,50100.0,34895.0,31575.0,30335.0,28432.5,1,79.72857924284102,1630.4243115417848,2.0665985212182894,1,27.969348659003824,68.97133220910622,159.96383638124988,251.0,251.0,DART,TRAILING_DART,,159.96383638124988,313.19578933199716,1919.5660365749986,-96.16853086511976,5.0,89.9587327129162,BULL,1.0,2026-05-06,BULL,1.0,건설
2026-05-06,신성델타테크,065350,KQ,가정용기기와용품,56700.0,58215.0,62793.333333333336,61198.333333333336,61286.0,0,42.03815221190867,30.480011268706903,1.2447722724711225,0,-4.865771812080533,6.17977528089888,880.7698909559864,,968.8468800515852,DART,TRAILING_DART,,880.7698909559864,64.37549759842256,10569.238691471837,-81.35936738717488,5.0,21.62691730851264,BULL,1.0,2026-05-06,BULL,1.0,가정용기기와용품
2026-05-06,와이씨,232140,KQ,반도체와반도체장비,23700.0,20795.5,20331.166666666668,17489.5,15412.95,1,65.40071421379831,269.59814813380956,1.9726197949855713,1,1.0660980810234477,39.57597173144875,353.2725159561145,,388.599767551726,DART,TRAILING_DART,,353.2725159561145,67.08701902795107,4239.270191473373,-82.11278400222206,5.0,89.04841786259949,BULL,1.0,2026-05-06,BULL,1.0,반도체와반도체장비
2026-05-06,삼현,437730,KQ,자동차부품,51400.0,51382.5,52315.0,51211.25,38390.0,1,48.20823013085641,188.34473210647593,0.7747495017844185,0,-10.45296167247387,5.43589743589743,305.628149867191,,336.1909648539101,DART,TRAILING_DART,,305.628149867191,168.17822580261532,3667.5377984062916,-92.86471245446248,5.0,56.526579559715024,BULL,1.0,2026-05-06,BULL,1.0,자동차부품
2026-05-06,코미코,183300,KQ,반도체와반도체장비,147400.0,141050.0,120730.0,107783.33333333333,100020.0,1,62.554924932551685,-1124.1958303494393,1.335797020330388,0,-1.2064343163538882,32.912533814247084,7383.571095733319,,8121.928205306652,DART,TRAILING_DART,,7383.571095733319,19.9632397506373,88602.85314879983,-39.88951618127557,5.0966733413838785,73.19512203853454,BULL,1.0,2026-05-06,BULL,1.0,반도체와반도체장비
2026-05-06,로킷헬스케어,376900,KQ,건강관리장비와용품,76000.0,91310.0,91085.0,78035.83333333333,55374.3,1,36.18909834258811,-2810.365516668159,0.9235784154468349,0,-13.832199546485258,-27.68791627021884,-178.20640668861716,,-196.0270473574789,DART,TRAILING_DART,,-178.20640668861716,-426.47176053998993,-2138.476880263406,-102.81378536876764,5.0,43.375595137325476,BULL,1.0,2026-05-06,BULL,1.0,건강관리장비와용품
2026-05-06,제이에스링크,127120,KQ,생명과학도구및서비스,40650.0,43250.0,38619.166666666664,28920.0,24647.95,1,47.411645370836005,-600.7797060383539,1.3499314253024743,0,-6.979405034324948,0.37037037037037646,-476.6943354093664,,-524.3637689503031,DART,TRAILING_DART,,-476.6943354093664,-85.27477039367665,-5720.332024912396,-114.07215750285953,5.0,65.56905348762552,BULL,1.0,2026-05-06,BULL,1.0,생명과학도구및서비스
2026-05-06,큐리옥스바이오시스템즈,445680,KQ,생명과학도구및서비스,93600.0,89800.0,101965.0,100465.83333333333,81600.5,1,48.94076561716217,1842.9768326817914,1.305466416455428,0,3.197353914002199,17.587939698492463,-1587.4902189174393,,-1746.2392408091837,DART,TRAILING_DART,,-1587.4902189174393,-58.96099319832588,-19049.882627009272,-120.35243870406973,5.0,53.40740473171325,BULL,1.0,2026-05-06,BULL,1.0,생명과학도구및서비스
2026-05-06,씨엠티엑스,388210,KQ,반도체와반도체장비,137000.0,142040.0,140216.66666666666,,,0,46.160781695576766,-1157.7811308095625,0.9976402469942733,0,-9.74967061923584,16.794543904518335,-2248.159868155967,7139.0,7139.0,DART,TRAILING_DART,,-2248.159868155967,-60.938726796316764,-26977.918417871606,-119.69191125392089,5.0,23.95276126837498,BULL,1.0,2026-05-06,BULL,1.0,반도체와반도체장비
2026-05-06,리브스메드,491000,KQ,건강관리장비와용품,67400.0,63825.0,74496.66666666667,,,0,50.32788285989304,1590.8406816192164,0.9149526948731603,0,-0.7363770250368162,7.154213036565982,-916.6493733456908,,-1008.31431068026,DART,TRAILING_DART,,-916.6493733456908,-73.52865987787222,-10999.79248014829,-116.320166884493,5.0,24.240681225295013,BULL,1.0,2026-05-06,BULL,1.0,건강관리장비와용품
2026-05-06,하림지주,003380,KQ,식품,13430.0,13497.0,14846.833333333334,12511.75,10890.7,1,46.53731062566112,43.12964117594777,1.3985419072427094,0,-0.07440476190476719,1.5885022692889494,4586.912651464162,,5045.603916610578,DART,TRAILING_DART,,4586.912651464162,2.9278953013663966,55042.95181756995,309.85072090521186,100.0,50.70520134751638,BULL,1.0,2026-05-06,BULL,1.0,식품
2026-05-06,인텔리안테크,189300,KQ,통신장비,153600.0,131570.0,125131.66666666667,91782.91666666667,74422.0,1,65.8436323856165,1366.5888800729763,1.9173553390744125,1,8.936170212765958,38.87884267631103,695.1279118401617,3010.0,3010.0,DART,TRAILING_DART,,695.1279118401617,220.96652628058894,8341.53494208194,-94.56931318874874,5.0,89.6518677998882,BULL,1.0,2026-05-06,BULL,1.0,통신장비
2026-05-06,LS머트리얼즈,417200,KQ,전기제품,30200.0,24331.0,20423.666666666668,16708.416666666668,14280.0,1,70.67817177842534,663.9894617725461,1.148149816178807,0,13.108614232209748,54.08163265306123,-14.886340106750277,,-16.374974117425307,DART,TRAILING_DART,,-14.886340106750277,-2028.7054966791789,-178.63608128100333,-100.59151020291723,5.0,78.35708054022528,BULL,1.0,2026-05-06,BULL,1.0,전기제품
2026-05-06,제주반도체,080220,KQ,반도체와반도체장비,58500.0,47320.0,44517.5,34482.833333333336,27719.9,1,68.80001309555618,1211.9737754917332,1.2229209197327993,1,0.1712328767123239,50.0,1146.8013953439893,,1261.4815348783884,DART,TRAILING_DART,,1146.8013953439893,51.011448222429664,13761.61674412787,-76.47586881345663,5.0,88.20372443536412,BULL,1.0,2026-05-06,BULL,1.0,반도체와반도체장비
2026-05-06,HK이노엔,195940,KQ,제약,52100.0,51220.0,51847.5,51401.666666666664,49289.75,1,51.98561461075632,140.1396100598265,1.1122944825004586,0,-4.4036697247706424,11.324786324786329,2672.0827350871205,3098.0,3098.0,DART|DAILY_DISC,TRAILING_DART,,2672.0827350871205,19.497899266319436,32064.992821045445,-38.4549082129646,6.351955313655978,48.897168792909774,BULL,1.0,2026-05-06,BULL,1.0,제약
2026-05-06,레이크머티리얼즈,281740,KQ,화학,23800.0,22466.5,21814.666666666668,18882.166666666668,16527.8,1,57.59164877687316,17.838178572082143,1.2441412461848353,0,-1.2448132780082943,21.304791029561663,118.71230515224065,,130.58353566746473,DART,TRAILING_DART,,118.71230515224065,200.48469254706225,1424.5476618268876,-94.01450562257611,5.0,71.98756321258949,BULL,1.0,2026-05-06,BULL,1.0,화학
2026-05-06,아주IB투자,027360,KQ,창업투자,15570.0,13040.5,8533.916666666666,5676.8,4301.38,1,62.237875078924134,50.36229619878304,0.5335584601207242,0,-13.307349665924272,72.42524916943522,68.66347466778889,,75.52982213456778,DART,TRAILING_DART,,68.66347466778889,226.75811376181537,823.9616960134667,-94.7080173666444,5.0,73.78030224708203,BULL,1.0,2026-05-06,BULL,1.0,창업투자
2026-05-06,씨젠,096530,KQ,생명과학도구및서비스,23950.0,24460.0,24347.5,24695.0,25690.0,0,47.52747487177363,-86.13417128712933,0.819983452837104,0,-4.008016032064132,8.371040723981892,927.6098085371052,,1020.3707893908158,DART|DAILY_DISC,TRAILING_DART,,927.6098085371052,25.819045658616467,11131.317702445263,-53.52268182695088,5.0,30.526784939633373,BULL,1.0,2026-05-06,BULL,1.0,생명과학도구및서비스
2026-05-06,하나머티리얼즈,166090,KQ,반도체와반도체장비,80700.0,69975.0,64011.666666666664,55591.666666666664,46285.75,1,67.63911189435663,950.7475191284334,0.9707375063936529,1,9.945504087193457,49.721706864564005,1940.3515812830165,3248.0,3248.0,DART,TRAILING_DART,,1940.3515812830165,41.590400821401055,23284.218975396197,-71.14718838240867,5.0,87.22121326408659,BULL,1.0,2026-05-06,BULL,1.0,반도체와반도체장비
2026-05-06,큐리언트,115180,KQ,제약,34000.0,37145.0,38064.166666666664,33450.416666666664,25675.15,1,40.02805527609677,-309.4355201046286,1.3731051556550589,0,-17.07317073170732,-2.5787965616045794,-839.4166581571204,,-923.3583239728324,DART,TRAILING_DART,,-839.4166581571204,-40.50431888574213,-10072.999897885446,-129.62647028789837,5.0,45.57087489231629,BULL,1.0,2026-05-06,BULL,1.0,제약
2026-05-06,에이프릴바이오,397030,KQ,제약,59500.0,58445.0,61378.333333333336,53846.666666666664,42609.6,1,50.02934097615491,164.26716420053896,1.338081201254818,0,-5.854430379746834,20.68965517241379,-416.7487877756341,-271.0,-271.0,DART,TRAILING_DART,,-416.7487877756341,-142.7718609994689,-5000.9854533076095,-108.40501756858423,5.0,56.74600534773027,BULL,1.0,2026-05-06,BULL,1.0,제약
2026-05-06,현대바이오,048410,KQ,화장품,13740.0,14083.5,14165.5,9949.166666666666,8260.75,1,47.9195184651428,-33.74931971141302,0.6412676203158261,0,-10.721247563352831,7.68025078369905,-229.2960626874477,,-252.2256689561925,DART,TRAILING_DART,,-229.2960626874477,-59.92252914839155,-2751.552752249372,-120.02585700327053,5.0,53.27690012912036,BULL,1.0,2026-05-06,BULL,1.0,화장품
2026-05-06,휴림로봇,090710,KQ,기계,12460.0,11755.5,12733.166666666666,10402.208333333334,7622.925,1,53.295296169467846,173.37122604523765,0.5810741982192938,0,-5.030487804878048,17.547169811320764,-251.7984731049733,,-276.97832041547065,DART,TRAILING_DART,,-251.7984731049733,-49.48401730301795,-3021.58167725968,-124.25025423161861,5.0,58.24090440922001,BULL,1.0,2026-05-06,BULL,1.0,기계
2026-05-06,덕산네오룩스,213420,KQ,디스플레이장비및부품,52500.0,51590.0,46526.666666666664,42407.083333333336,42784.25,1,54.17702073086443,-316.8175852765046,0.9573869618646645,0,-3.136531365313655,20.274914089347075,2172.965939394179,2949.0,2949.0,DART,TRAILING_DART,,2172.965939394179,24.16052596509495,26075.591272730147,-50.33220709956163,5.0,72.10178600206368,BULL,1.0,2026-05-06,BULL,1.0,디스플레이장비및부품
2026-05-06,브이엠,089970,KQ,반도체와반도체장비,56800.0,51675.0,43386.666666666664,35272.5,27348.05,1,64.49329174164549,-7.037705902550442,0.9095687896064789,0,1.610017889087656,42.17772215269087,1070.455589380418,2812.0,2812.0,DART,TRAILING_DART,,1070.455589380418,53.06151937874972,12845.467072565014,-77.38474106942779,5.0,73.26071534493519,BULL,1.0,2026-05-06,BULL,1.0,반도체와반도체장비
2026-05-06,네이처셀,007390,KQ,생물공학,19880.0,19910.0,20039.833333333332,21411.5,22415.85,0,51.274992761853255,-36.60703432141975,1.233819695007805,0,-1.0945273631840835,17.633136094674562,-44.04914025371531,,-48.45405427908684,DART,TRAILING_DART,,-44.04914025371531,-451.3141433747559,-528.5896830445837,-102.65890182618,5.0,29.98211466076281,BULL,1.0,2026-05-06,BULL,1.0,생물공학
2026-05-06,세미파이브,490470,KQ,반도체와반도체장비,45600.0,36322.5,29820.0,,,0,66.64355496294601,947.2289702102507,0.49560498844123224,0,21.27659574468086,87.65432098765432,-1660.43124528926,,-1826.4743698181865,DART,TRAILING_DART,,-1660.43124528926,-27.46274507262487,-19925.17494347112,-143.69555908655946,5.0,46.91301608466214,BULL,1.0,2026-05-06,BULL,1.0,반도체와반도체장비
2026-05-06,피엔티,137400,KQ,전기제품,57900.0,54505.0,51358.333333333336,46366.25,42915.0,1,60.65609263547931,109.83317310497478,0.925851953120841,0,-0.8561643835616417,22.92993630573248,2934.368050530148,,3227.804855583164,DART,TRAILING_DART,,2934.368050530148,19.73167612342947,35212.416606361774,-39.18408185429746,5.713928377489722,74.1872457767977,BULL,1.0,2026-05-06,BULL,1.0,전기제품
2026-05-06,케이엠더블유,032500,KQ,통신장비,30750.0,29440.0,25271.666666666668,20423.5,17621.1,1,55.24786758432436,-142.21973120340294,0.7291654612585421,0,2.6711185308847973,12.226277372262784,-651.524399344982,,-716.6768392794803,DART,TRAILING_DART,,-651.524399344982,-47.197004488112626,-7818.292792139784,-125.42534241346273,5.0,71.84690101935885,BULL,1.0,2026-05-06,BULL,1.0,통신장비
2026-05-06,하이젠알앤엠,160190,KQ,기계,42800.0,40877.5,50337.5,54959.583333333336,49447.5,0,49.42296101141865,993.1229986151288,1.3642788019626961,0,-6.753812636165579,27.380952380952372,-229.9128583268584,,-252.90414415954424,DART,TRAILING_DART,,-229.9128583268584,-186.15748728221567,-2758.954299922301,-106.44615490636052,5.0,25.959291800122354,BULL,1.0,2026-05-06,BULL,1.0,기계
2026-05-06,클로봇,466100,KQ,기계,49750.0,47772.5,55765.0,55607.5,43884.9,1,48.98109217797498,760.4480683677018,0.5636286338505784,0,-8.547794117647056,21.19366626065773,-138.30958782679625,,-152.14054660947588,DART,TRAILING_DART,,-138.30958782679625,-359.7002983068783,-1659.715053921555,-103.33611066114885,5.0,47.14369514767375,BULL,1.0,2026-05-06,BULL,1.0,기계
2026-05-06,아이티센글로벌,124500,KQ,IT서비스,60200.0,51682.5,53723.333333333336,41375.0,32065.45,1,60.955842571845054,1382.8073066826337,1.089614161735693,0,11.481481481481492,29.184549356223165,8545.071342544496,,9399.578476798946,DART,TRAILING_DART,,8545.071342544496,7.0449967691052695,102540.85611053395,70.33364802414278,85.7168712156928,73.09355579878093,BULL,1.0,2026-05-06,BULL,1.0,IT서비스
2026-05-06,CJ ENM,035760,KQ,방송과엔터테인먼트,53000.0,54305.0,61991.666666666664,63127.5,66254.0,0,35.39333445631536,290.2998171687241,1.2931842504877462,0,-3.985507246376807,0.7604562737642651,775.8476348882406,3197.0,3197.0,DART,TRAILING_DART,,775.8476348882406,68.3123819893252,9310.171618658887,-82.4336384553606,5.0,16.765471054085033,BULL,1.0,2026-05-06,BULL,1.0,방송과엔터테인먼트
2026-05-06,SFA반도체,036540,KQ,반도체와반도체장비,8890.0,7793.0,7260.0,6045.375,5098.15,1,62.057451066803246,91.25770214764822,1.6068577907447918,0,-10.742971887550201,40.66455696202531,-116.32593052561748,,-127.95852357817924,DART,TRAILING_DART,,-116.32593052561748,-76.42320125728313,-1395.9111663074098,-115.70203786622508,5.0,81.48595791127833,BULL,1.0,2026-05-06,BULL,1.0,반도체와반도체장비
2026-05-06,에이치브이엠,295310,KQ,비철금속,87100.0,88215.0,88478.33333333333,68965.83333333333,52386.5,1,47.99868785717496,-137.56650063752267,0.8701763913304743,0,0.0,6.479217603911991,1048.5596299283022,,1153.4155929211329,DART,TRAILING_DART,,1048.5596299283022,83.0663297670116,12582.715559139626,-85.55371347974786,5.0,56.04747726131767,BULL,1.0,2026-05-06,BULL,1.0,비철금속
2026-05-06,지투지바이오,456160,KQ,제약,77800.0,75860.0,84665.0,81505.83333333333,,0,48.59714523666319,1346.0737131154551,1.4830309670853348,0,-4.88997555012225,18.778625954198482,-730.5622296862824,,-803.6184526549107,DART,TRAILING_DART,,-730.5622296862824,-106.4933236877149,-8766.746756235389,-111.26831202600948,5.0,27.57907762802121,BULL,1.0,2026-05-06,BULL,1.0,제약
2026-05-06,동국제약,086450,KQ,제약,23350.0,25670.0,22065.833333333332,19975.25,19270.25,1,44.46770071524241,-524.9480371499188,0.5534308686497448,0,-7.707509881422925,-21.906354515050165,1634.5809739551391,1786.0,1786.0,DART,TRAILING_DART,,1634.5809739551391,14.285006599275906,19614.97168746167,-15.995838597594558,26.003641227104765,60.95319927581419,BULL,1.0,2026-05-06,BULL,1.0,제약
2026-05-06,태광,023160,KQ,기계,44700.0,45030.0,35679.166666666664,29968.333333333332,27889.45,1,56.861503915467296,-493.0443676480181,0.7988313184866384,0,-4.077253218884125,2.0547945205479534,2532.717922304976,2054.0,2054.0,DART,TRAILING_DART,,2532.717922304976,17.649024238482674,30392.615067659714,-32.00757255557111,11.993374013875279,70.63987487913792,BULL,1.0,2026-05-06,BULL,1.0,기계
2026-05-06,젬백스,082270,KQ,반도체와반도체장비,22500.0,25572.5,34685.833333333336,33332.916666666664,40577.75,0,30.671597212447864,171.95575777615386,0.7267127042127641,0,-11.24260355029586,-19.064748201438853,-256.08408615352755,,-281.69249476888035,DART,TRAILING_DART,,-256.08408615352755,-87.86176578934624,-3073.0090338423306,-113.65781792818814,5.0,12.963756366197519,BULL,1.0,2026-05-06,BULL,1.0,반도체와반도체장비
2026-05-06,유일로보틱스,388720,KQ,기계,101200.0,95220.0,103345.0,97241.66666666667,87936.0,1,54.48416270776309,1438.8990539235801,1.1770033155503403,0,-2.5986525505293567,23.114355231143556,-2094.0073090975607,,-2303.408040007317,DART,TRAILING_DART,,-2094.0073090975607,-48.3283890941209,-25128.08770917073,-124.83012619483273,5.0,58.955267667287394,BULL,1.0,2026-05-06,BULL,1.0,기계
2026-05-06,에스티큐브,052020,KQ,판매업체,18850.0,17378.0,14156.333333333334,10948.25,9633.6,1,57.04238791763575,147.05143570613177,0.6751578244165466,0,-7.14285714285714,23.76887721602101,-320.66229746070985,,-352.7285272067809,DART,TRAILING_DART,,-320.66229746070985,-58.78458474623028,-3847.947569528518,-120.41351495771097,5.0,77.17401805089474,BULL,1.0,2026-05-06,BULL,1.0,판매업체
2026-05-06,솔브레인홀딩스,036830,KQ,전기제품,71200.0,61930.0,55290.833333333336,48142.916666666664,46142.25,1,61.74790955098424,1193.2076045169415,1.0213049300939236,0,0.28169014084507005,49.57983193277311,24168.868325570533,,26585.755158127587,DART,TRAILING_DART,,24168.868325570533,2.9459385123411335,290026.41990684636,307.34047739725617,100.0,80.87885524356388,BULL,1.0,2026-05-06,BULL,1.0,전기제품
2026-05-06,카카오게임즈,293490,KQ,게임엔터테인먼트,11620.0,12211.0,13380.0,14514.333333333334,15265.35,0,35.04680263414744,-3.79022647857488,1.4963909806489541,0,-6.591639871382638,0.9556907037358897,-1593.6024024147573,-111.0,-111.0,DART|DAILY_DISC,TRAILING_DART,,-1593.6024024147573,-7.291655674208586,-19123.228828977088,-264.5716766693381,5.0,15.389804266597704,BULL,1.0,2026-05-06,BULL,1.0,게임엔터테인먼트
2026-05-06,앱클론,174900,KQ,생물공학,46050.0,51360.0,61091.666666666664,52667.5,37225.05,1,37.94495556225318,-64.09208798621148,1.282022663955662,0,-16.877256317689525,-8.083832335329344,-898.6951772878084,,-988.5646950165892,DART,TRAILING_DART,,-898.6951772878084,-51.24095595903306,-10784.342127453701,-123.41876683486146,5.0,44.87035972091922,BULL,1.0,2026-05-06,BULL,1.0,생물공학
2026-05-06,기가비스,420770,KQ,반도체와반도체장비,103400.0,93165.0,77950.0,57616.666666666664,46711.25,1,62.6291579512695,922.5049462399265,0.9244471404367262,0,2.4777006937561907,28.12887236679058,1219.0353690879867,,1340.9389059967857,DART,TRAILING_DART,,1219.0353690879867,84.82116485049816,14628.424429055842,-85.85258759278932,5.0,77.62303034329884,BULL,1.0,2026-05-06,BULL,1.0,반도체와반도체장비
2026-05-06,제이앤티씨,204270,KQ,핸드셋,22500.0,18649.0,19141.333333333332,19979.0,20280.3,1,67.75836613573051,297.49004962703225,9.001930098669442,1,6.635071090047395,53.06122448979591,-1583.1111369314442,,-1741.4222506245887,DART,TRAILING_DART,,-1583.1111369314442,-14.212520823782413,-18997.33364317733,-184.43259396967701,5.0,81.1971889564219,BULL,1.0,2026-05-06,BULL,1.0,핸드셋
2026-05-06,스튜디오드래곤,253450,KQ,방송과엔터테인먼트,33950.0,34975.0,39318.333333333336,40743.75,42738.25,0,35.66841770564227,129.0190935264303,1.1223918519400742,0,-4.096045197740117,1.041666666666674,343.31802111336367,1316.0,1316.0,DART,TRAILING_DART,,343.31802111336367,98.88790541755367,4119.8162533603645,-87.86504785460865,5.0,15.293972834779877,BULL,1.0,2026-05-06,BULL,1.0,방송과엔터테인먼트
2026-05-06,루닛,328130,KQ,건강관리기술,22300.0,18790.0,18896.666666666668,19432.916666666668,20186.375,1,72.09181185585369,427.8496093005276,1.5661965132934192,1,16.753926701570677,40.251572327044016,-1618.2511744949595,,-1780.0762919444555,DART|DAILY_DISC,TRAILING_DART,,-1618.2511744949595,-13.780308243533092,-19419.014093939513,-187.08078069031174,5.0,76.40552635959986,BULL,1.0,2026-05-06,BULL,1.0,건강관리기술
2026-05-06,온코닉테라퓨틱스,476060,KQ,제약,20500.0,22021.5,21442.833333333332,19861.666666666668,16166.2375,1,42.72224479133619,-224.87227266298683,1.2407653205591338,0,-10.480349344978169,3.9553752535496978,351.63178863139774,,386.7949674945376,DART,TRAILING_DART,,351.63178863139774,58.29962097508019,4219.581463576773,-79.41667578743038,5.0,52.94968101939876,BULL,1.0,2026-05-06,BULL,1.0,제약
2026-05-06,에스에프에이,056190,KQ,기계,32100.0,30242.5,30134.166666666668,27347.083333333332,26047.25,1,59.68799229986545,208.7242932913024,1.4160515842495478,0,-0.92592592592593,22.05323193916351,1450.9773826219564,,1596.075120884152,DART,TRAILING_DART,,1450.9773826219564,22.12301885918746,17411.728591463478,-45.75785485525397,5.0,71.1016749008148,BULL,1.0,2026-05-06,BULL,1.0,기계
2026-05-06,와이지엔터테인먼트,122870,KQ,방송과엔터테인먼트,51300.0,53160.0,60671.666666666664,63193.333333333336,75603.5,0,37.212950963064934,280.84742517461154,1.2343151091676114,0,-5.350553505535061,1.183431952662728,2875.421160845493,3421.0,3421.0,DART,TRAILING_DART,,2875.421160845493,17.84086473959024,34505.053930145914,-32.73868629601186,11.35364949098962,17.10439796109378,BULL,1.0,2026-05-06,BULL,1.0,방송과엔터테인먼트
2026-05-06,필옵틱스,161580,KQ,전자장비와기기,63000.0,45952.5,45422.5,45101.666666666664,41258.0,1,73.79909850728436,1242.8887162671087,13.792196913010658,1,20.68965517241379,68.0,-1127.4324798301118,,-1240.175727813123,DART,TRAILING_DART,,-1127.4324798301118,-55.87917780184336,-13529.189757961341,-121.47490437771641,5.0,89.47662382592702,BULL,1.0,2026-05-06,BULL,1.0,전자장비와기기
2026-05-06,성광벤드,014620,KQ,기계,45350.0,41837.5,37120.833333333336,32493.75,32292.25,1,62.65137563781432,401.0844878727944,1.6177586769229098,0,-6.107660455486541,12.531017369727039,1296.518863694454,1639.0,1639.0,DART,TRAILING_DART,,1296.518863694454,34.97828012372636,15558.226364333448,-65.69299588901114,5.0,81.23309918809322,BULL,1.0,2026-05-06,BULL,1.0,기계
2026-05-06,쏠리드,050890,KQ,통신장비,18440.0,16647.0,12895.5,10291.25,8891.7,1,64.06517619567634,-27.319378263473936,1.8449841706323478,0,9.892729439809301,17.902813299232733,599.8231769606871,,659.8054946567559,DART,TRAILING_DART,,599.8231769606871,30.742393272356953,7197.878123528245,-60.96595377696179,5.0,77.79380266872955,BULL,1.0,2026-05-06,BULL,1.0,통신장비
2026-05-06,씨아이에스,222080,KQ,전기제품,16890.0,14677.0,13578.666666666666,10639.083333333334,9270.25,1,62.60332913636363,272.79808707786356,0.4120260254478011,0,-1.4010507880910628,43.867120954003404,369.3951190293502,,406.3346309322853,DART,TRAILING_DART,,369.3951190293502,45.723397873749406,4432.741428352203,-73.75523133006392,5.0,78.35595387987013,BULL,1.0,2026-05-06,BULL,1.0,전기제품
2026-05-06,태웅,044490,KQ,에너지장비및서비스,56000.0,50312.5,43801.666666666664,35507.083333333336,35376.5,1,59.891796977612174,467.1575920241312,1.1463261723259885,0,2.752293577981657,11.553784860557759,270.6256578509701,,297.6882236360671,DART,TRAILING_DART,,270.6256578509701,206.92790345414494,3247.5078942116406,-94.20087876033637,5.0,79.53659907228975,BULL,1.0,2026-05-06,BULL,1.0,에너지장비및서비스
2026-05-06,선익시스템,171090,KQ,디스플레이장비및부품,92800.0,98215.0,103218.33333333333,77699.58333333333,63367.25,1,44.312614100744774,-531.458519215912,1.1905403312163683,0,-18.951965065502186,3.111111111111109,9554.342664768546,9313.0,9313.0,DART,TRAILING_DART,,9554.342664768546,9.712860764581764,114652.11197722255,23.54753445821396,55.305897397839075,45.75232106788314,BULL,1.0,2026-05-06,BULL,1.0,디스플레이장비및부품
2026-05-06,코나아이,052400,KQ,IT서비스,55500.0,59215.0,60283.333333333336,54252.916666666664,53277.0,1,43.628724246102124,-735.5335558087402,1.127854432922671,0,-6.091370558375631,3.93258426966292,5118.52637092811,,5630.379008020921,DART,TRAILING_DART,,5118.52637092811,10.842964552302686,61422.31645113732,10.670840452499665,46.93604629412478,33.24610473930577,BULL,1.0,2026-05-06,BULL,1.0,IT서비스
2026-05-06,성일하이텍,365340,KQ,전기제품,77200.0,74735.0,64645.833333333336,55291.666666666664,48598.5,1,57.96970831332144,-153.4750572464245,0.8326881455007842,0,-1.9059720457433316,28.881469115191983,-6563.038083629675,-318.0,-318.0,DART,TRAILING_DART,,-6563.038083629675,-11.762845044669417,-78756.4570035561,-202.01613601496905,5.0,74.41864843997647,BULL,1.0,2026-05-06,BULL,1.0,전기제품
2026-05-06,유진로봇,056080,KQ,기계,26400.0,25497.5,29280.0,23484.916666666668,18569.3,1,50.46343543543276,351.12454661908254,0.9126344740630107,0,-2.941176470588236,10.924369747899165,-186.1740659133605,,-204.7914725046966,DART,TRAILING_DART,,-186.1740659133605,-141.80277940691118,-2234.088790960326,-108.46245754151637,5.0,53.3856567592976,BULL,1.0,2026-05-06,BULL,1.0,기계
2026-05-06,메디포스트,078160,KQ,생물공학,26650.0,24620.5,22983.166666666668,20383.5,17255.55,1,58.3446152945435,131.49502417824556,1.7372297615565873,0,-0.9293680297397744,38.874413757165186,-2193.4025596943297,,-2412.742815663763,DART,TRAILING_DART,,-2193.4025596943297,-12.150072444391565,-26320.830716331955,-198.76484321325313,5.0,81.21032649315225,BULL,1.0,2026-05-06,BULL,1.0,생물공학
2026-05-06,다우데이타,032190,KQ,증권,24650.0,24047.5,24753.333333333332,21997.666666666668,19984.4,1,53.738302163032046,5.389979409261702,2.337591340448654,0,0.8179959100204526,11.036036036036045,31323.3151437859,,34455.64665816449,DART,TRAILING_DART,,31323.3151437859,0.7869537399488894,375879.7817254308,1424.8672686630052,100.0,65.49315369020019,BULL,1.0,2026-05-06,BULL,1.0,증권
2026-05-06,지아이이노베이션,358570,KQ,생물공학,15710.0,14824.5,14404.333333333334,15669.916666666666,16665.15,0,55.7959415541847,130.49665508928825,0.8583967269168246,0,-4.148871262965226,29.08792111750205,-546.9519444342825,,-601.6471388777107,DART,TRAILING_DART,,-546.9519444342825,-28.722815888787085,-6563.42333321139,-141.7786335659541,5.0,48.531739897590946,BULL,1.0,2026-05-06,BULL,1.0,생물공학
2026-05-06,나노신소재,121600,KQ,화학,82700.0,78560.0,69965.0,63275.0,59868.25,1,57.8476651558192,-36.283687097366965,0.7532054074804708,0,-3.8372093023255838,29.82731554160125,133.89192765881722,,147.28112042469897,DART,TRAILING_DART,,133.89192765881722,617.662329955662,1606.7031319058067,-98.05719089249601,5.0,74.57644348481341,BULL,1.0,2026-05-06,BULL,1.0,화학
2026-05-06,원익QnC,074600,KQ,반도체와반도체장비,39150.0,35765.0,32959.166666666664,27578.416666666668,24803.25,1,65.40436701548693,226.71445771983326,0.9371014292731045,1,1.4248704663212486,30.717863105175304,36.44515398660986,1975.0,1975.0,DART,TRAILING_DART,,36.44515398660986,1074.2168907938737,437.34184783931835,-98.88290715749855,5.0,85.44616864167116,BULL,1.0,2026-05-06,BULL,1.0,반도체와반도체장비
2026-05-06,에프에스티,036810,KQ,반도체와반도체장비,44100.0,42852.5,41380.0,36779.736018880205,32839.7227734375,1,55.42431759334865,-58.86287750043448,1.202000776605768,0,-2.6490066225165587,18.5483870967742,-668.1659410264162,,-734.982535129058,DART,TRAILING_DART,,-668.1659410264162,-66.00156831139121,-8017.991292316995,-118.18138615037867,5.0,68.84204761872348,BULL,1.0,2026-05-06,BULL,1.0,반도체와반도체장비
2026-05-06,큐로셀,372320,KQ,생물공학,51000.0,58660.0,53083.333333333336,49190.416666666664,44650.5,1,39.726452757800494,-1040.985286431353,1.480920383017778,0,-18.26923076923077,2.1021021021021102,-3073.94594894222,,-3381.340543836442,DART,TRAILING_DART,,-3073.94594894222,-16.591052948588665,-36887.35138730664,-172.32813997511104,5.0,53.47288794118123,BULL,1.0,2026-05-06,BULL,1.0,생물공학
2026-05-06,엔켐,348370,KQ,전기제품,44700.0,43360.0,54676.666666666664,62105.833333333336,67315.5,0,47.82715233401168,659.9133378724982,0.5124320470546297,0,-6.583072100313481,19.199999999999996,-3220.623633745108,,-3542.685997119619,DART,TRAILING_DART,,-3220.623633745108,-13.87929950325196,-38647.48360494129,-186.45969486564047,5.0,21.272104887723874,BULL,1.0,2026-05-06,BULL,1.0,전기제품
2026-05-06,코스메카코리아,241710,KQ,화장품,76900.0,82325.0,82736.66666666667,77773.33333333333,73019.5,1,39.101491995759844,-803.4399902092939,1.3895002236483152,0,-11.405529953917048,3.360215053763449,5415.586619194756,6132.0,6132.0,DART,TRAILING_DART,,5415.586619194756,14.199754413942744,64987.03943033707,-15.49149618941863,26.4449408342587,35.65873193488783,BULL,1.0,2026-05-06,BULL,1.0,화장품
2026-05-06,비나텍,126340,KQ,전기장비,193600.0,135910.0,127593.33333333333,100408.63258463542,76686.198984375,1,73.49507281645745,7119.810411564742,1.4278156513616227,1,46.66666666666666,65.1877133105802,-979.5357154056092,,-1077.48928694617,DART,TRAILING_DART,,-979.5357154056092,-197.64465649915942,-11754.42858486731,-106.07150236821658,5.0,87.76447304223655,BULL,1.0,2026-05-06,BULL,1.0,전기장비
2026-05-06,서부T&D,006730,KQ,"호텔,레스토랑,레저",14370.0,13976.5,14866.333333333334,13732.083333333334,12089.8,1,51.31294647382747,159.00096457966993,1.237035826938956,0,-3.2974427994616473,12.00311769290725,1789.664963901031,712.0,712.0,DART,TRAILING_DART,,1789.664963901031,8.02943583846941,21475.97956681237,49.4501013696059,72.14256589024384,58.942651432714584,BULL,1.0,2026-05-06,BULL,1.0,"호텔,레스토랑,레저"
2026-05-06,동운아나텍,094170,KQ,반도체와반도체장비,49650.0,39662.5,32589.166666666668,29928.583333333332,25082.0,1,74.15639296166552,852.1950132184547,1.1824161171703282,0,6.545064377682408,77.32142857142857,48.82936470967677,,53.712301180644445,DART,TRAILING_DART,,48.82936470967677,1016.8061840493411,585.9523765161211,-98.81983408556673,5.0,77.29520764165503,BULL,1.0,2026-05-06,BULL,1.0,반도체와반도체장비
2026-05-06,파이버프로,368770,KQ,전자장비와기기,22550.0,23525.0,19159.833333333332,14904.583333333334,11344.9,1,49.63250358511106,-419.24875181861285,0.38411363575105795,0,-7.770961145194278,2.26757369614512,283.3454834499977,,311.6800317949975,DART,TRAILING_DART,,283.3454834499977,79.58482247690186,3400.1458013999722,-84.92174810909103,5.0,67.01160842325395,BULL,1.0,2026-05-06,BULL,1.0,전자장비와기기
2026-05-06,아이엠바이오로직스,493280,KQ,제약,45150.0,53140.0,,,,0,15.341318802866525,,0.5132186412847012,0,-18.94075403949731,-2.588996763754048,59.345032488253,,65.2795357370783,DART,TRAILING_DART,,59.345032488253,760.8050431000637,712.140389859036,-98.42272338901653,5.0,0.0,BULL,1.0,2026-05-06,BULL,1.0,제약
2026-05-06,RF머트리얼즈,327260,KQ,우주항공과국방,112000.0,93965.0,67857.5,45225.5,31515.2,1,67.02427485189759,-105.83703640221029,1.087363285609515,1,21.343445287107254,40.88050314465408,1221.5327405626867,,1343.6860146189556,DART|DAILY_DISC,TRAILING_DART,,1221.5327405626867,91.68808684440855,14658.39288675224,-86.91214920825693,5.0,82.96412520428929,BULL,1.0,2026-05-06,BULL,1.0,우주항공과국방
2026-05-06,툴젠,199800,KQ,생물공학,101200.0,83620.0,62166.666666666664,60391.25,52315.0,1,66.64583921959333,-186.6888161066836,2.580273021294296,1,11.45374449339207,83.00180831826403,-4087.722839738225,,-4496.495123712048,DART,TRAILING_DART,,-4087.722839738225,-24.757060096197907,-49052.674076858704,-148.47102181507776,5.0,90.17429981979697,BULL,1.0,2026-05-06,BULL,1.0,생물공학
2026-05-06,인벤티지랩,389470,KQ,제약,58700.0,62245.0,73228.33333333333,75072.5,61161.0,0,39.98386332315233,564.8390975747461,1.2453950241995615,0,-9.553158705701081,-0.5084745762711895,-1198.3313724198003,,-1318.1645096617806,DART,TRAILING_DART,,-1198.3313724198003,-48.98478113067057,-14379.976469037603,-124.49740454691245,5.0,27.78766410907993,BULL,1.0,2026-05-06,BULL,1.0,제약
2026-05-06,디어유,376300,KQ,양방향미디어와서비스,31450.0,32167.5,35420.0,35123.333333333336,39953.25,0,44.27181423333048,113.95129228889033,1.199514393032029,0,-1.4106583072100332,8.448275862068954,784.8114327895479,1808.0,1808.0,DART|DAILY_DISC,TRAILING_DART,,784.8114327895479,40.073320400307566,9417.737193474575,-70.05488968688529,5.0,18.70171643740169,BULL,1.0,2026-05-06,BULL,1.0,양방향미디어와서비스
2026-05-06,제룡전기,033100,KQ,전기장비,88200.0,57202.5,52970.833333333336,45211.666666666664,41821.0,1,83.02303148301736,4001.3316209950335,2.7007295380502283,0,44.59016393442623,95.56541019955654,3655.269824781576,,4020.796807259734,DART,TRAILING_DART,,3655.269824781576,24.12954562260543,43863.23789737892,-50.268437758073794,5.0,81.0551123359778,BULL,1.0,2026-05-06,BULL,1.0,전기장비
2026-05-06,NHN KCP,060250,KQ,IT서비스,21300.0,19220.5,19489.0,17934.333333333332,16983.9,1,62.76773348551523,145.39602598752595,1.6437549309053883,1,4.1564792176039145,36.713735558408224,1139.871283532016,1343.0,1343.0,DART,TRAILING_DART,,1139.871283532016,18.68632038347314,13678.455402384192,-35.78189951932305,8.690837920592333,81.97669319168709,BULL,1.0,2026-05-06,BULL,1.0,IT서비스
2026-05-06,뉴로메카,348340,KQ,기계,65100.0,64455.0,70680.0,57102.916666666664,44193.5,1,48.91827379114752,302.5236907075817,0.8345879593490397,0,-1.5128593040847238,14.210526315789473,-1778.9097711231643,,-1956.8007482354808,DART,TRAILING_DART,,-1778.9097711231643,-36.595447985480064,-21346.917253477972,-132.79096352300763,5.0,50.285431043280646,BULL,1.0,2026-05-06,BULL,1.0,기계
2026-05-06,포스코엠텍,009520,KQ,철강,20400.0,19419.0,18809.666666666668,17694.25,16211.85,1,58.004596956609326,75.30794156898855,0.6332274932671047,0,0.7407407407407307,12.956810631229242,33.89543829563609,,37.2849821251997,DART|DAILY_DISC,TRAILING_DART,,33.89543829563609,601.85089869826,406.74525954763305,-98.006150688492,5.0,69.832354450923,BULL,1.0,2026-05-06,BULL,1.0,철강
2026-05-06,동성화인텍,033500,KQ,화학,28100.0,27615.0,27230.0,27209.583333333332,27624.75,1,52.65163814121288,97.00001655588073,1.3393458821391524,0,-7.26072607260726,8.914728682170537,1863.4268085016704,2461.0,2461.0,DART,TRAILING_DART,,1863.4268085016704,15.079744410564977,22361.121702020046,-20.4230544412098,22.129827363941423,50.37455008006556,BULL,1.0,2026-05-06,BULL,1.0,화학
2026-05-06,넥스틴,348210,KQ,반도체와반도체장비,71900.0,74465.0,76378.33333333333,73632.5,64154.25,1,45.55628332064661,-338.4447583955787,1.534290066302555,0,-8.407643312101909,7.473841554559035,-252.5287112108852,2436.0,2436.0,DART,TRAILING_DART,,-252.5287112108852,-284.720100361011,-3030.3445345306227,-104.21466555567542,5.0,46.98071833471399,BULL,1.0,2026-05-06,BULL,1.0,반도체와반도체장비
2026-05-06,티엘비,356860,KQ,반도체와반도체장비,95300.0,81325.0,69344.16666666667,65759.58333333333,55898.25,1,69.28668241500766,1003.783126853973,0.6759659285662484,1,15.515151515151526,42.026825633383005,1927.5419507293573,3663.0,3663.0,DART,TRAILING_DART,,1927.5419507293573,49.441206695366446,23130.503408752287,-75.72874773478249,5.0,84.58201325621108,BULL,1.0,2026-05-06,BULL,1.0,반도체와반도체장비
2026-05-06,휴온스글로벌,084110,KQ,제약,57200.0,58730.0,60965.0,56402.916666666664,52958.75,1,44.22550998901103,181.64669534741512,2.120582300749469,0,-15.133531157270031,6.517690875232773,6462.7802546356925,,7109.058280099262,DART,TRAILING_DART,,6462.7802546356925,8.850680008649679,77553.36305562832,35.58280254480475,63.12882165412309,47.637062631497656,BULL,1.0,2026-05-06,BULL,1.0,제약
2026-05-06,넥슨게임즈,225570,KQ,게임엔터테인먼트,11450.0,11848.0,11680.666666666666,12193.5,12902.4,0,42.12075318733031,-52.38676087779464,1.192743946556005,0,-4.344193817878028,0.7922535211267512,-938.6532259389415,,-1032.518548532836,DART,TRAILING_DART,,-938.6532259389415,-12.198328076427249,-11263.838711267299,-198.37413721630827,5.0,26.14234154688262,BULL,1.0,2026-05-06,BULL,1.0,게임엔터테인먼트
2026-05-06,천보,278280,KQ,전기제품,63900.0,63160.0,54497.5,55115.416666666664,52454.75,1,55.488118378358536,-563.0212906551046,0.6110312597392525,0,-6.304985337243407,21.714285714285708,-4990.732255801526,,-5489.805481381679,DART,TRAILING_DART,,-4990.732255801526,-12.803732343228555,-59888.78706961831,-193.7226714704512,5.0,69.63656875677432,BULL,1.0,2026-05-06,BULL,1.0,전기제품
2026-05-06,이엔에프테크놀로지,102710,KQ,반도체와반도체장비,57600.0,55337.5,55456.666666666664,51392.083333333336,49096.25,1,54.04274920469268,249.86167894854043,1.5459414415991242,0,-7.8400000000000025,26.039387308533925,3520.911929560222,,3873.003122516244,DART,TRAILING_DART,,3520.911929560222,16.35939811967819,42250.94315472266,-26.64766813416204,16.683290382608217,67.20660886319592,BULL,1.0,2026-05-06,BULL,1.0,반도체와반도체장비
2026-05-06,GST,083450,KQ,반도체와반도체장비,56900.0,41937.5,33259.166666666664,30169.583333333332,26769.9,1,83.26272099550651,1044.088974350272,2.5265306662917513,1,20.678685047720037,120.97087378640778,2473.371574009767,,2720.708731410744,DART,TRAILING_DART,,2473.371574009767,23.005035150361646,29680.458888117202,-47.83750634777293,5.0,90.97759964446196,BULL,1.0,2026-05-06,BULL,1.0,반도체와반도체장비
2026-05-06,메디톡스,086900,KQ,생물공학,102500.0,104775.0,113698.33333333333,118520.0,123050.0,0,41.65334382770504,356.0355682378049,1.4207949432341935,0,-5.18038852913969,5.236139630390135,2145.508801606687,,2360.059681767356,DART,TRAILING_DART,,2145.508801606687,47.774215572195175,25746.105619280243,-74.88184817631196,5.0,18.974132906684538,BULL,1.0,2026-05-06,BULL,1.0,생물공학
2026-05-06,페니트리움바이오,187660,KQ,제약,9850.0,13076.5,12042.916666666666,7338.75,5340.245,1,38.49345943404007,-469.13018823111497,0.7645799703122423,0,-25.716440422322773,-12.677304964539005,-267.3649322228419,,-294.1014254451261,DART,TRAILING_DART,,-267.3649322228419,-36.8410319113588,-3208.379186674103,-132.57237752968632,5.0,48.89958873936446,BULL,1.0,2026-05-06,BULL,1.0,제약
2026-05-06,코오롱생명과학,102940,KQ,제약,59400.0,57560.0,59138.333333333336,54486.666666666664,45573.75,1,53.61484772469645,346.6170068851916,1.2975449437075162,0,2.2375215146299476,11.23595505617978,1906.7271927045683,,2097.399911975025,DART,TRAILING_DART,,1906.7271927045683,31.15285722429173,22880.72631245482,-61.480258733241044,5.0,62.93851619238172,BULL,1.0,2026-05-06,BULL,1.0,제약
2026-05-06,코미팜,041960,KQ,제약,9320.0,9214.0,8713.0,7804.5,7070.05,1,51.74972083455357,-8.719403874563795,0.6480703149690067,0,-7.171314741035861,19.029374201787984,-108.65071266406667,,-119.51578393047336,DART,TRAILING_DART,,-108.65071266406667,-85.77946496141429,-1303.8085519688002,-113.98936214558799,5.0,66.60755086890053,BULL,1.0,2026-05-06,BULL,1.0,제약
2026-05-06,네오셈,253590,KQ,반도체와반도체장비,20650.0,17642.5,17351.166666666668,14236.833333333334,12389.8,1,67.85522282904479,272.78026545116427,3.7692805820372617,1,7.664233576642343,35.85526315789473,121.77560436300998,,133.953164799311,DART,TRAILING_DART,,121.77560436300998,169.5741943389817,1461.3072523561198,-92.92345156244009,5.0,91.2491866200601,BULL,1.0,2026-05-06,BULL,1.0,반도체와반도체장비
2026-05-06,토모큐브,475960,KQ,생명과학도구및서비스,62400.0,54890.0,56340.0,52022.5,46229.75,1,64.56123086188231,713.6059558294443,5.768038439166702,1,14.28571428571428,21.875,-359.40475947813667,,-395.3452354259504,DART,TRAILING_DART,,-359.40475947813667,-173.6204052795687,-4312.85711373764,-106.91162998996417,5.0,87.83038859712414,BULL,1.0,2026-05-06,BULL,1.0,생명과학도구및서비스
2026-05-06,안랩,053800,KQ,소프트웨어,63300.0,63875.0,62976.666666666664,62206.666666666664,62108.0,1,49.12080023346414,-254.14359146097513,1.0664351041750493,0,-2.314814814814814,6.030150753768848,4628.169832110817,,5090.9868153219,DART|DAILY_DISC,TRAILING_DART,,4628.169832110817,13.67711261605327,55538.03798532981,-12.262183277520055,29.270589632169955,43.06990311334628,BULL,1.0,2026-05-06,BULL,1.0,소프트웨어
2026-05-06,덕산하이메탈,077360,KQ,반도체와반도체장비,19490.0,15611.5,13048.166666666666,9705.166666666666,7958.5,1,72.9209006965962,340.7704434878963,0.4604890014051515,0,17.19783523752254,86.86481303930968,-2546.4839025911083,,-2801.1322928502195,DART,TRAILING_DART,,-2546.4839025911083,-7.653690636005379,-30557.8068310933,-256.7871053416793,5.0,74.67110689407278,BULL,1.0,2026-05-06,BULL,1.0,반도체와반도체장비
2026-05-06,티에프이,425420,KQ,반도체와반도체장비,74400.0,62355.0,55284.166666666664,47016.666666666664,43129.0,1,68.00943936862532,1027.0219562123743,1.084541511438646,1,14.110429447852768,34.29602888086642,1513.8339041745849,,1665.2172945920436,DART,TRAILING_DART,,1513.8339041745849,49.14673914676687,18166.00685009502,-75.58332412621638,5.0,88.49704212724363,BULL,1.0,2026-05-06,BULL,1.0,반도체와반도체장비
2026-05-06,아난티,025980,KQ,"호텔,레스토랑,레저",7450.0,7266.5,7663.666666666667,7636.833333333333,8300.65,0,53.04287520603949,44.958438422117254,1.747033642455631,0,4.195804195804187,11.194029850746269,-391.0018168879885,,-430.1019985767874,DART,TRAILING_DART,,-391.0018168879885,-19.053619902063584,-4692.021802655862,-162.9801584249109,5.0,32.93369627538994,BULL,1.0,2026-05-06,BULL,1.0,"호텔,레스토랑,레저"
2026-05-06,샘씨엔에스,252990,KQ,반도체와반도체장비,14160.0,12232.5,11043.333333333334,9146.666666666666,7790.625,1,72.90794428312613,157.17141243940887,1.4843206148197798,0,2.60869565217392,57.33333333333333,250.1409859120103,,275.15508450321136,DART|DAILY_DISC,TRAILING_DART,,250.1409859120103,56.60807623497945,3001.6918309441235,-78.80161136338896,5.0,77.76992361785798,BULL,1.0,2026-05-06,BULL,1.0,반도체와반도체장비
2026-05-06,위메이드,112040,KQ,게임엔터테인먼트,23700.0,22652.5,23706.666666666668,25458.75,26948.25,0,53.30504744441117,249.2085149136223,0.5888703468156341,0,3.9473684210526327,21.22762148337596,-796.5140476232767,,-876.1654523856045,DART,TRAILING_DART,,-796.5140476232767,-29.754654134121775,-9558.16857147932,-140.32982519611528,5.0,29.43778320310292,BULL,1.0,2026-05-06,BULL,1.0,게임엔터테인먼트
2026-05-06,프로텍,053610,KQ,반도체와반도체장비,81000.0,69045.0,59901.666666666664,47792.5,40329.5,1,73.9539155616287,1117.991975402234,0.9789360077776387,0,4.113110539845755,57.28155339805825,3216.056394181818,,3537.6620336,DART,TRAILING_DART,,3216.056394181818,25.186125512766957,38592.67673018182,-52.354720086195286,5.0,75.81752108131667,BULL,1.0,2026-05-06,BULL,1.0,반도체와반도체장비
2026-05-06,가온칩스,399720,KQ,반도체와반도체장비,75000.0,67080.0,65406.666666666664,59599.583333333336,55127.5,1,61.337527249571295,843.8279459881833,1.6894970507987501,0,-6.132665832290362,24.378109452736307,-1238.674407047331,,-1362.541847752064,DART,TRAILING_DART,,-1238.674407047331,-60.54859902916697,-14864.092884567972,-119.8187905127573,5.0,79.15574589074292,BULL,1.0,2026-05-06,BULL,1.0,반도체와반도체장비
2026-05-06,이녹스첨단소재,272290,KQ,디스플레이장비및부품,36000.0,34042.5,33854.166666666664,29424.583333333332,27609.75,1,57.85832929113807,124.54201299060651,1.0138179993723249,0,1.6949152542372836,24.567474048442904,2806.066114126895,2836.0,2836.0,DART|DAILY_DISC,TRAILING_DART,,2806.066114126895,12.829348467151625,33672.79336952274,-6.464462862436838,34.343594995367766,68.33412999592139,BULL,1.0,2026-05-06,BULL,1.0,디스플레이장비및부품
2026-05-06,에이디테크놀로지,200710,KQ,반도체와반도체장비,55100.0,54240.0,48699.166666666664,39201.666666666664,33185.75,1,52.55046204900454,-430.33553156943094,0.7949641679898855,0,-7.239057239057233,1.8484288354898348,265.81155907882084,,292.39271498670297,DART,TRAILING_DART,,265.81155907882084,207.28970625262107,3189.73870894585,-94.21100052822895,5.0,69.95583074896406,BULL,1.0,2026-05-06,BULL,1.0,반도체와반도체장비
2026-05-06,HLB이노베이션,024850,KQ,반도체와반도체장비,24800.0,23345.0,20015.833333333332,15172.0,12630.6,1,62.825446862212445,26.37152891848166,8.912892951114804,0,7.3593073593073655,7.3593073593073655,-213.83190144529908,,-235.215091589829,DART,TRAILING_DART,,-213.83190144529908,-115.97895277727844,-2565.982817343589,-110.34670490864352,5.0,82.70197336125908,BULL,1.0,2026-05-06,BULL,1.0,반도체와반도체장비
2026-05-06,성우하이텍,015750,KQ,자동차부품,8890.0,8895.0,8755.333333333334,7852.666666666667,7138.35,1,49.448859213074314,-4.346768153922568,0.928983191842814,0,-4.613733905579398,7.6271186440677985,2223.1025526625,,2445.41280792875,DART,TRAILING_DART,,2223.1025526625,3.998915834698173,26677.23063195,200.08133444263217,100.0,60.773980587831126,BULL,1.0,2026-05-06,BULL,1.0,자동차부품
2026-05-06,노타,486990,KQ,IT서비스,33750.0,34275.0,36755.833333333336,40114.166666666664,,0,43.70132203746407,235.165914248131,0.6802722591180119,0,-7.024793388429751,-0.2954209748892156,-779.0428839659274,,-856.9471723625203,DART,TRAILING_DART,,-779.0428839659274,-43.3223904545364,-9348.514607591129,-127.69930254101074,5.0,18.34534809595956,BULL,1.0,2026-05-06,BULL,1.0,IT서비스
2026-05-06,아이쓰리시스템,214430,KQ,우주항공과국방,102900.0,102790.0,103565.0,92360.0,91951.5,1,50.02937809094442,143.01895904513867,0.5990838843456494,0,-4.986149584487531,6.632124352331603,2570.517072509841,,2827.568779760825,DART,TRAILING_DART,,2570.517072509841,40.03085647648662,30846.20487011809,-70.02312451883567,5.0,50.7477016550166,BULL,1.0,2026-05-06,BULL,1.0,우주항공과국방
2026-05-06,현대힘스,460930,KQ,조선,19810.0,19544.5,18620.166666666668,18632.5,20518.15,0,51.9835195576753,-26.549136831766646,0.5062782075132303,0,-5.2153110047846845,8.607456140350877,602.5866977562886,,662.8453675319175,DART,TRAILING_DART,,602.5866977562886,32.87493745507804,7231.040373075462,-63.49802941405622,5.0,43.87040110958473,BULL,1.0,2026-05-06,BULL,1.0,조선
2026-05-06,SOOP,067160,KQ,양방향미디어와서비스,54100.0,59155.0,63205.0,66166.66666666667,71237.0,0,25.54293964650391,-345.64426431168135,1.5963506840098411,0,-9.83333333333334,-5.913043478260871,9025.3477408459,8439.0,8439.0,DART|DAILY_DISC,TRAILING_DART,,9025.3477408459,5.994228871111561,108304.1728901508,100.19255617403107,94.0192556174031,10.096548399465576,BULL,1.0,2026-05-06,BULL,1.0,양방향미디어와서비스
2026-05-06,프로티나,468530,KQ,생물공학,53800.0,59885.0,70051.66666666667,78007.5,,0,34.25172590692041,-165.30305345351462,0.8763760330342942,0,-15.275590551181107,-8.813559322033903,-823.7989096373868,,-906.1788006011255,DART,TRAILING_DART,,-823.7989096373868,-65.3071998161314,-9885.586915648642,-118.37469686923538,5.0,10.744065253581862,BULL,1.0,2026-05-06,BULL,1.0,생물공학
2026-05-06,원텍,336570,KQ,건강관리장비와용품,7230.0,7395.0,7426.833333333333,7682.916666666667,8801.4,0,45.88172548358313,-22.072486749476397,0.9801467181814502,0,-5.613577023498695,8.071748878923767,391.4794599182426,546.0,546.0,DART,TRAILING_DART,,391.4794599182426,18.46840189651311,4697.753519018911,-35.024156030167205,9.353863473603695,24.442368203005856,BULL,1.0,2026-05-06,BULL,1.0,건강관리장비와용품
2026-05-06,미코,059090,KQ,반도체와반도체장비,27900.0,19656.0,16559.666666666668,15272.75,15154.85,1,79.70879071245075,669.0962205564574,2.2126346016216165,1,33.81294964028776,114.61538461538461,2242.863341642333,,2467.149675806567,DART,TRAILING_DART,,2242.863341642333,12.439456065820876,26914.360099708,-3.5327594992544786,36.90883543815233,90.73441099468963,BULL,1.0,2026-05-06,BULL,1.0,반도체와반도체장비
2026-05-06,에스에이엠티,031330,KQ,전자장비와기기,7900.0,6751.5,5604.416666666667,4786.541666666667,4151.175,1,76.65775335593833,41.85738614687142,2.8622782893292325,1,7.9234972677595605,55.51181102362204,758.33047861251,,834.1635264737611,DART,TRAILING_DART,,758.33047861251,10.417621634375484,9099.96574335012,15.189439789242032,49.87313586300732,89.45587798248567,BULL,1.0,2026-05-06,BULL,1.0,전자장비와기기
2026-05-06,인투셀,287840,KQ,제약,34000.0,40157.5,44205.0,51108.75,44584.25,0,31.596457206946624,-569.041285352434,1.425294886352345,0,-15.317559153175587,-11.342894393741854,-705.8645347211682,,-776.4509881932851,DART,TRAILING_DART,,-705.8645347211682,-48.1678825433987,-8470.374416654018,-124.91286593133535,5.0,9.913820584786514,BULL,1.0,2026-05-06,BULL,1.0,제약
2026-05-06,피노,033790,KQ,전기제품,17190.0,11810.0,8051.083333333333,6595.791666666667,5623.95,1,81.85238169740872,435.319908904813,0.743196547878821,1,21.227080394922424,66.40851887705712,-86.01643352477092,,-94.618076877248,DART,TRAILING_DART,,-86.01643352477092,-199.84553294748778,-1032.197202297251,-106.00463759335224,5.0,82.23495829239295,BULL,1.0,2026-05-06,BULL,1.0,전기제품
2026-05-06,카페24,042000,KQ,IT서비스,25100.0,26480.0,29291.666666666668,31075.416666666668,34762.75,0,36.27588916256261,-54.138474305986165,1.556640059796384,0,-6.168224299065416,-0.7905138339920903,1610.647456811006,,1771.7122024921066,DART,TRAILING_DART,,1610.647456811006,15.58379513397465,19327.76948173207,-22.996934335728803,19.8776824562373,15.413572138995681,BULL,1.0,2026-05-06,BULL,1.0,IT서비스
2026-05-06,에코프로에이치엔,383310,KQ,상업서비스와공급품,32650.0,31672.5,32531.666666666668,29608.75,28117.25,1,54.180158832949445,130.0291934581535,0.9134001642734856,0,0.4615384615384688,11.433447098976114,630.3224054313978,,693.3546459745376,DART,TRAILING_DART,,630.3224054313978,51.79888850318445,7563.868865176773,-76.83347973912167,5.0,58.464605052219504,BULL,1.0,2026-05-06,BULL,1.0,상업서비스와공급품
2026-05-06,큐렉소,060280,KQ,건강관리장비와용품,15970.0,15759.5,16225.666666666666,14874.916666666666,12591.6,1,50.16568155714391,65.01324803443822,0.8563991688997121,0,-7.6344707923655335,11.057023643949936,67.17165906564236,,73.8888249722066,DART,TRAILING_DART,,67.17165906564236,237.74907784239167,806.0599087877083,-94.95266181097239,5.0,57.15728571806783,BULL,1.0,2026-05-06,BULL,1.0,건강관리장비와용품
2026-05-06,한국피아이엠,448900,KQ,자동차부품,117000.0,99035.0,103163.33333333333,79738.33333333333,54753.15,1,56.85707047338581,2865.8436057386302,1.3081208125679546,0,17.117117117117118,31.756756756756754,-8.928861295750385,,-9.821747425325425,DART,TRAILING_DART,,-8.928861295750385,-13103.5745908255,-107.14633554900462,-100.0915780645718,5.0,74.74608766703865,BULL,1.0,2026-05-06,BULL,1.0,자동차부품
2026-05-06,원익머트리얼즈,104830,KQ,화학,53300.0,49517.5,45515.833333333336,39237.5,34425.5,1,63.45960625308641,179.4194068232723,1.4904210961365498,0,-2.914389799635697,33.083645443196,3862.7107169257615,,4248.981788618338,DART,TRAILING_DART,,3862.7107169257615,13.798599974481181,46352.52860310914,-13.034655528875916,28.59467641223357,78.08305455128458,BULL,1.0,2026-05-06,BULL,1.0,화학
2026-05-06,로보스타,090360,KQ,기계,69700.0,64910.0,67846.66666666667,72448.33333333333,60453.5,1,57.3464311913043,1072.0471591546475,0.8905121689256741,0,-1.8309859154929553,23.801065719360558,-533.3985068717949,,-586.7383575589745,DART,TRAILING_DART,,-533.3985068717949,-130.67153188854493,-6400.782082461539,-109.18333153868227,5.0,63.46550011048356,BULL,1.0,2026-05-06,BULL,1.0,기계
2026-05-06,네패스,033640,KQ,반도체와반도체장비,34800.0,27997.5,21365.833333333332,19051.25,16883.5,1,74.79117317530189,451.05074318919105,0.9013567790372257,1,7.241910631741133,81.25,874.2202627827277,,961.6422890610004,DART,TRAILING_DART,,874.2202627827277,39.806901625945194,10490.643153392732,-69.85447369714733,5.0,84.77373204913961,BULL,1.0,2026-05-06,BULL,1.0,반도체와반도체장비
2026-05-06,서울반도체,046890,KQ,디스플레이장비및부품,16700.0,12302.0,10313.833333333334,8341.5,7695.25,1,72.35359470340433,650.9122355233735,1.036245036975273,0,14.855570839064658,90.63926940639269,-1029.1724466687476,,-1132.0896913356223,DART,TRAILING_DART,,-1029.1724466687476,-16.226629515835754,-12350.069360024972,-173.9525111378741,5.0,77.16974268775178,BULL,1.0,2026-05-06,BULL,1.0,디스플레이장비및부품
2026-05-06,다날,064260,KQ,IT서비스,8000.0,7719.0,7653.666666666667,7472.083333333333,7954.3,1,57.43276673869964,-14.484587474599508,2.9206197936234184,0,4.575163398692816,2.564102564102555,-903.7482866552052,,-994.1231153207258,DART,TRAILING_DART,,-903.7482866552052,-8.852022314319619,-10844.979439862462,-235.5622429982808,5.0,55.44661605037839,BULL,1.0,2026-05-06,BULL,1.0,IT서비스
2026-05-06,HLB제약,047920,KQ,제약,17170.0,17677.5,16418.833333333332,16416.0,15905.35,1,48.948460805916504,-148.8435485819403,0.709107177378207,0,-2.719546742209633,4.695121951219505,139.38506673728594,,153.32357341101454,DART,TRAILING_DART,,139.38506673728594,123.18392781891154,1672.6208008474314,-90.25846941847739,5.0,52.5240728006013,BULL,1.0,2026-05-06,BULL,1.0,제약
2026-05-06,아이센스,099190,KQ,건강관리장비와용품,21300.0,20717.5,20960.0,18610.75,18445.3,1,53.563454176527685,93.05851307690455,1.152095338277551,0,-2.2935779816513735,17.16171617161717,-233.1125394315639,,-256.9254554923347,DART|DAILY_DISC,TRAILING_DART,,-233.1125394315639,-91.37217608258759,-2797.350473178767,-113.13310081304586,5.0,60.928928109754345,BULL,1.0,2026-05-06,BULL,1.0,건강관리장비와용품
2026-05-06,인카금융서비스,211050,KQ,손해보험,10100.0,11350.0,12561.0,13118.416666666666,12774.65,0,28.140128044661452,-77.23158887857426,1.1960406312206187,0,-8.679927667269439,-10.142348754448394,1440.2756782753663,,1584.3032461029031,DART,TRAILING_DART,,1440.2756782753663,7.0125463842408795,17283.308139304398,71.12186276539008,86.22921079750355,8.414139182472983,BULL,1.0,2026-05-06,BULL,1.0,손해보험
2026-05-06,비츠로넥스텍,488900,KQ,우주항공과국방,19260.0,19125.0,19256.166666666668,,,0,50.190174037066676,-53.632050588628545,0.4860300749580877,0,-4.416873449131509,11.976744186046506,-227.6582010773372,,-250.42402118507093,DART,TRAILING_DART,,-227.6582010773372,-84.60051036534912,-2731.898412928046,-114.18431159360355,5.0,25.7278440260441,BULL,1.0,2026-05-06,BULL,1.0,우주항공과국방
2026-05-06,예스티,122640,KQ,반도체와반도체장비,27700.0,26781.0,24180.5,21100.916666666668,20063.35,1,56.168538621808494,-50.124917214048764,0.7397898901751958,0,-5.460750853242324,48.76476906552094,31.179537008764616,,34.29749070964108,DART,TRAILING_DART,,31.179537008764616,888.4031854678756,374.1544441051754,-98.64926193463836,5.0,73.35781739538942,BULL,1.0,2026-05-06,BULL,1.0,반도체와반도체장비
2026-05-06,동화기업,025900,KQ,건축자재,12200.0,11652.0,10585.833333333334,9850.5,9707.75,1,60.359438455806696,-40.38581358279879,0.9492266348483167,0,2.348993288590595,18.908382066276808,-1105.4299272004023,,-1215.9729199204426,DART,TRAILING_DART,,-1105.4299272004023,-11.036429989639926,-13265.159126404827,-208.73081251151496,5.0,73.67125329339316,BULL,1.0,2026-05-06,BULL,1.0,건축자재
2026-05-06,한양이엔지,045100,KQ,반도체와반도체장비,32750.0,32847.5,31032.5,26879.583333333332,23850.55,1,51.54364104971107,-181.3865762990497,1.0142176687118059,0,-6.294706723891275,12.157534246575352,2381.660580057143,,2619.826638062857,DART,TRAILING_DART,,2381.660580057143,13.750909879532134,28579.926960685712,-12.733047448287904,28.85858348274808,65.71392244864853,BULL,1.0,2026-05-06,BULL,1.0,반도체와반도체장비
2026-05-06,지엔씨에너지,119850,KQ,전기장비,36750.0,34490.0,35397.5,34292.5,34215.25,1,59.18218512927627,348.82170399270547,1.4638079445224055,0,1.8005540166204925,20.491803278688515,2432.7951909150934,,2676.074710006603,DART,TRAILING_DART,,2432.7951909150934,15.106080502476054,29193.54229098112,-20.56178968440512,22.00843402614552,58.20689991035371,BULL,1.0,2026-05-06,BULL,1.0,전기장비
2026-05-06,우리기술투자,041190,KQ,창업투자,6980.0,6680.5,6968.166666666667,7472.583333333333,8550.85,0,56.4243969872588,30.11165022169465,3.910422583465884,1,2.6470588235294024,13.68078175895766,1316.0070536071428,,1447.607758967857,DART,TRAILING_DART,,1316.0070536071428,5.303922939370266,15792.084643285714,126.24763099263201,96.6247630992632,48.43377893926979,BULL,1.0,2026-05-06,BULL,1.0,창업투자
2026-05-06,빛과전자,069540,KQ,통신장비,4990.0,4943.25,2744.65,1845.025,1499.43,1,55.22306451984754,-153.6430294613051,0.22714884537269056,0,-10.573476702508966,56.67189952904239,-200.7228771653937,,-220.7951648819331,DART,TRAILING_DART,,-200.7228771653937,-24.860145841215143,-2408.6745259847244,-148.2700305808562,5.0,69.00823732851698,BULL,1.0,2026-05-06,BULL,1.0,통신장비
2026-05-06,알멕,354320,KQ,자동차부품,83000.0,84935.0,65730.83333333333,47337.416666666664,37503.95,1,52.31052394744355,-492.0817457443609,3.3572037385014064,0,-12.631578947368416,50.90909090909091,-958.65933794277,,-1054.525271737047,DART,TRAILING_DART,,-958.65933794277,-86.57924323578115,-11503.91205531324,-113.86013500640149,5.0,79.59656597420022,BULL,1.0,2026-05-06,BULL,1.0,자동차부품
2026-05-06,이뮨온시아,424870,KQ,제약,6660.0,7234.5,8080.166666666667,9436.916666666666,7948.35,0,32.74658473638189,-16.052508479824496,1.0932613802868298,0,-8.13793103448276,-11.788079470198676,-367.9616951542396,,-404.7578646696636,DART,TRAILING_DART,,-367.9616951542396,-18.09971007228975,-4415.540341850875,-166.29940453229543,5.0,11.612921024548926,BULL,1.0,2026-05-06,BULL,1.0,제약
2026-05-06,우리로,046970,KQ,컴퓨터와주변기기,8830.0,9443.5,4853.85,3088.325,2371.245,1,53.638197265540484,-482.30643921440515,0.3428120244797274,0,-7.635983263598323,14.675324675324685,-17.99597898450608,,-19.79557688295669,DART,TRAILING_DART,,-17.99597898450608,-490.66516512396055,-215.95174781407297,-102.44565965814351,5.0,68.4422133091216,BULL,1.0,2026-05-06,BULL,1.0,컴퓨터와주변기기
2026-05-06,켐트로닉스,089010,KQ,전자장비와기기,45700.0,34335.0,31707.5,31558.75,29944.25,1,74.41599308874474,937.6650484675029,10.0424117850755,1,15.113350125944592,69.88847583643123,802.918637757709,,883.2105015334799,DART,TRAILING_DART,,802.918637757709,56.91734859664643,9635.023653092509,-78.91679725800327,5.0,94.1371453254483,BULL,1.0,2026-05-06,BULL,1.0,전자장비와기기
2026-05-06,브이티,018290,KQ,화장품,16410.0,16085.5,16484.666666666668,17799.75,23595.6,0,52.31821822514482,104.46679830850314,0.7999877344936702,0,-4.1471962616822395,13.016528925619841,1837.4946825063985,,2021.2441507570384,DART,TRAILING_DART,,1837.4946825063985,8.930638089039943,22049.936190076784,34.368898172314346,62.33978381200433,29.63524487730205,BULL,1.0,2026-05-06,BULL,1.0,화장품
2026-05-06,시노펙스,025320,KQ,핸드셋,5870.0,6050.5,6257.333333333333,6212.591280110677,6340.697626953125,0,43.40732540020998,-12.323796883634376,1.1827710663245758,0,-5.016181229773464,0.17064846416381396,77.71876216401493,,85.49063838041643,DART,TRAILING_DART,,77.71876216401493,75.52873767613744,932.6251459681791,-84.112007734784,5.0,25.114683338463227,BULL,1.0,2026-05-06,BULL,1.0,핸드셋
2026-05-06,더블유씨피,393890,KQ,전기제품,18730.0,17526.0,13343.0,10319.916666666666,9193.95,1,58.78995917137972,-13.607644936982297,0.4579573416827159,0,2.855573860516203,32.74273564847625,-4788.733741079139,-1881.0,-1881.0,DART|DAILY_DISC,TRAILING_DART,,-4788.733741079139,-3.9112636059358783,-57464.804892949665,-406.8062193964211,5.0,73.4272653190191,BULL,1.0,2026-05-06,BULL,1.0,전기제품
2026-05-06,펌텍코리아,251970,KQ,포장재,41250.0,43532.5,48295.0,51662.5,55528.0,0,35.21596630398946,-28.227422226562567,1.0022003104854886,0,-6.779661016949157,-5.714285714285716,2329.722777580645,3568.0,3568.0,DART|DAILY_DISC,TRAILING_DART,,2329.722777580645,17.70596930972063,27956.67333096774,-32.226246470381234,11.80203433841642,12.705968390010428,BULL,1.0,2026-05-06,BULL,1.0,포장재
2026-05-06,케이아이엔엑스,093320,KQ,IT서비스,103600.0,107310.0,110578.33333333333,111593.33333333333,102507.0,1,43.64653565207058,-401.1158865754677,1.757730052005135,0,-3.7174721189591087,1.5686274509803866,4012.026929713115,,4413.229622684426,DART,TRAILING_DART,,4012.026929713115,25.822359075592757,48144.32315655738,-53.52864560177859,5.0,36.17454797791541,BULL,1.0,2026-05-06,BULL,1.0,IT서비스
2026-05-06,엠케이전자,033160,KQ,반도체와반도체장비,27100.0,24915.0,16889.333333333332,12815.416666666666,11184.95,1,62.000470538007825,-188.83370598655893,1.0591930694771838,0,-7.191780821917804,57.925407925407924,588.177879271442,,646.9956671985861,DART,TRAILING_DART,,588.177879271442,46.074497112281655,7058.134551257303,-73.95522305809112,5.0,72.20085277847201,BULL,1.0,2026-05-06,BULL,1.0,반도체와반도체장비
2026-05-06,HLB생명과학,067630,KQ,건강관리장비와용품,4180.0,4295.25,4036.1666666666665,4084.5833333333335,4059.05,1,48.73956732239528,-34.342487011450274,1.107532629057914,0,-2.564102564102566,9.711286089238836,-819.7732725227014,,-901.7505997749716,DART,TRAILING_DART,,-819.7732725227014,-5.098970825356161,-9837.279270272416,-335.34160933666067,5.0,48.175989414900165,BULL,1.0,2026-05-06,BULL,1.0,건강관리장비와용품
2026-05-06,신라젠,215600,KQ,제약,3325.0,3696.25,3661.4166666666665,3494.375,3309.775,1,34.49022414438522,-54.43631611227571,1.1149216890962066,0,-8.52819807427786,-12.844036697247708,-175.12483006205844,,-192.6373130682643,DART,TRAILING_DART,,-175.12483006205844,-18.98645668248032,-2101.4979607447012,-163.20294618781057,5.0,27.292555546930245,BULL,1.0,2026-05-06,BULL,1.0,제약
2026-05-06,오이솔루션,138080,KQ,통신장비,44600.0,42527.5,32263.333333333332,23100.666666666668,18209.35,1,58.12869221758093,-678.4195512124397,1.2072828327074014,0,10.945273631840791,1.3636363636363669,-2203.752961522277,,-2424.1282576745048,DART,TRAILING_DART,,-2203.752961522277,-20.2382030920525,-26445.035538267322,-159.2938016553079,5.0,73.15026392902321,BULL,1.0,2026-05-06,BULL,1.0,통신장비
2026-05-06,한솔아이원스,114810,KQ,반도체와반도체장비,17780.0,17682.0,15883.5,14325.166666666666,12993.3,1,54.90912793247305,-207.12618780860998,0.8586927392456636,0,-1.2222222222222245,24.597056762438683,994.470417275116,,1093.9174590026278,DART|DAILY_DISC,TRAILING_DART,,994.470417275116,17.87886265005029,11933.645007301391,-32.88163662935101,11.228567949317869,70.21679211615783,BULL,1.0,2026-05-06,BULL,1.0,반도체와반도체장비
2026-05-06,와이지-원,019210,KQ,기계,15860.0,14544.0,12184.166666666666,8933.208333333334,7533.05,1,59.69409210691991,50.7618382935176,0.6387447273452654,0,-2.1591610117211557,11.847672778561357,681.0041533615561,,749.1045686977118,DART,TRAILING_DART,,681.0041533615561,23.28913843140641,8172.049840338673,-48.47383455019752,5.0,74.8791348507401,BULL,1.0,2026-05-06,BULL,1.0,기계
2026-05-06,티앤엘,340570,KQ,건강관리장비와용품,60900.0,59335.0,54222.5,50662.083333333336,51697.25,1,56.73848379253614,-250.37376934537087,1.212224530699541,0,-2.2471910112359605,22.41206030150753,4684.409821235236,,5152.8508033587605,DART,TRAILING_DART,,4684.409821235236,13.000570471851077,56212.91785482284,-7.696358202261355,33.26568657302131,74.92843878327821,BULL,1.0,2026-05-06,BULL,1.0,건강관리장비와용품
2026-05-06,코세스,089890,KQ,반도체와반도체장비,44700.0,34705.0,27485.333333333332,26516.416666666668,22096.85,1,67.39046946715256,1298.21033171188,1.4202269863715469,0,3.472222222222232,110.35294117647058,796.1186498950073,,875.730514884508,DART,TRAILING_DART,,796.1186498950073,56.1474096931344,9553.423798740087,-78.62768725114074,5.0,80.963245043386,BULL,1.0,2026-05-06,BULL,1.0,반도체와반도체장비
2026-05-06,한라캐스트,125490,KQ,자동차부품,16910.0,15268.5,16347.166666666666,16409.5,,0,57.165947988735226,315.48571277201376,0.7516152155237452,0,1.2574850299401197,24.33823529411765,100.20487564746512,,110.22536321221163,DART,TRAILING_DART,,100.20487564746512,168.7542636098044,1202.4585077695815,-92.88906855251578,5.0,34.66578252420185,BULL,1.0,2026-05-06,BULL,1.0,자동차부품
2026-05-06,월덱스,101160,KQ,반도체와반도체장비,33550.0,31972.5,30239.166666666668,26475.0,25481.25,1,59.113417834999545,52.693503001582485,1.2018308765515724,0,-4.005722460658079,20.683453237410077,2481.526472756666,,2729.679120032333,DART,TRAILING_DART,,2481.526472756666,13.519904126886118,29778.31767307999,-11.241974148792877,30.163272619806232,75.06146712052524,BULL,1.0,2026-05-06,BULL,1.0,반도체와반도체장비
2026-05-06,덕산테코피아,317330,KQ,반도체와반도체장비,26600.0,22438.5,19287.5,18875.583333333332,18645.35,1,68.6398113365477,160.07586515306343,1.4067550261978305,1,15.904139433551201,47.042564953012715,-5154.690951283671,,-5670.160046412038,DART,TRAILING_DART,,-5154.690951283671,-5.160348166629817,-61856.29141540405,-332.5424489300904,5.0,86.8533023320195,BULL,1.0,2026-05-06,BULL,1.0,반도체와반도체장비
2026-05-06,네오위즈,095660,KQ,게임엔터테인먼트,21300.0,23195.0,25052.5,25418.75,25199.0,0,28.78484675326709,-142.69408332874866,1.4456006230723166,0,-8.387096774193548,-7.792207792207795,2061.9860445364047,1992.0,1992.0,DART|DAILY_DISC,TRAILING_DART,,2061.9860445364047,10.329846827255743,24743.832534436857,16.168227861205906,50.509348109783836,10.336845197337283,BULL,1.0,2026-05-06,BULL,1.0,게임엔터테인먼트
2026-05-06,넥스트바이오메디컬,389650,KQ,건강관리장비와용품,57900.0,62345.0,69653.33333333333,74774.16666666667,69371.25,0,37.16379438361119,-104.68442295608884,1.0847920319748094,0,-9.105180533751966,-9.672386895475816,-37.919043121759614,-509.0,-509.0,DART,TRAILING_DART,,-37.919043121759614,-1526.9372651119045,-455.02851746111537,-100.78588690407793,5.0,13.386826555793858,BULL,1.0,2026-05-06,BULL,1.0,건강관리장비와용품
2026-05-06,감성코퍼레이션,036620,KQ,"섬유,의류,신발,호화품",6240.0,5940.5,5963.5,5942.583333333333,5888.95,1,54.72247437483557,59.21426878756475,0.6990128294658159,0,-4.587155963302747,20.463320463320468,391.3346343546282,517.0,517.0,DART,TRAILING_DART,,391.3346343546282,15.945432507630542,4696.015612255538,-24.743339547186892,18.34957789621147,54.09721356783764,BULL,1.0,2026-05-06,BULL,1.0,"섬유,의류,신발,호화품"
2026-05-06,에스티아이,039440,KQ,반도체와반도체장비,39950.0,34872.5,33908.333333333336,31397.083333333332,26976.7,1,65.15164339572821,642.1512852628664,1.1831367967285789,0,5.687830687830697,38.71527777777777,994.2565380758824,,1093.6821918834708,DART,TRAILING_DART,,994.2565380758824,40.180776761410634,11931.078456910589,-70.13497257344032,5.0,76.83173302210581,BULL,1.0,2026-05-06,BULL,1.0,반도체와반도체장비
2026-05-06,오킨스전자,080580,KQ,반도체와반도체장비,23950.0,21979.0,19035.166666666668,14554.75,11879.0,1,60.60734599031839,-42.64902024483206,1.002432722099889,0,8.616780045351469,32.02866593164278,378.52465038926834,,416.3771154281952,DART,TRAILING_DART,,378.52465038926834,63.27196914486342,4542.29580467122,-81.03425551285504,5.0,74.4745709974551,BULL,1.0,2026-05-06,BULL,1.0,반도체와반도체장비
2026-05-06,삼지전자,037460,KQ,통신장비,37750.0,31855.0,26167.166666666668,20680.916666666668,17173.0,1,73.4223659019541,118.14584594567032,2.0705835328072064,1,11.192930780559651,39.81481481481482,7252.4396428794225,,7977.683607167365,DART,TRAILING_DART,,7252.4396428794225,5.205145007592533,87029.27571455308,130.5411277206704,97.05411277206704,87.48380202176939,BULL,1.0,2026-05-06,BULL,1.0,통신장비
2026-05-06,유바이오로직스,206650,KQ,생물공학,12290.0,13265.5,13844.666666666666,12970.916666666666,13049.3,0,34.14501988092414,-92.89569980572657,1.5317107474159026,0,-9.76505139500734,-7.732732732732728,1123.646185786046,,1236.0108043646508,DART,TRAILING_DART,,1123.646185786046,10.937606655428228,13483.754229432554,9.713215861941048,46.31359031026168,19.83957443071296,BULL,1.0,2026-05-06,BULL,1.0,생물공학
2026-05-06,삼양컴텍,484590,KQ,우주항공과국방,12680.0,12585.0,12592.166666666666,12795.583333333334,,0,49.86871924645623,31.434202194496038,0.5281976222622993,0,-2.4615384615384595,2.5889967637540368,550.0936418068718,,605.1030059875591,DART,TRAILING_DART,,550.0936418068718,23.050620905834293,6601.123701682462,-47.940664813229795,5.0,28.62641410676444,BULL,1.0,2026-05-06,BULL,1.0,우주항공과국방
2026-05-06,한중엔시에스,107640,KQ,전기장비,68300.0,60870.0,54400.833333333336,51149.583333333336,45435.0,1,61.954840324946765,611.9103996848153,0.6406860494206391,0,1.7883755588673722,44.70338983050848,538.916831606057,,592.8085147666628,DART,TRAILING_DART,,538.916831606057,126.73569648299024,6467.001979272684,-90.53147587222155,5.0,76.38535679188723,BULL,1.0,2026-05-06,BULL,1.0,전기장비
2026-05-06,보성파워텍,006910,KQ,전기장비,15830.0,11142.5,10624.333333333334,8190.583333333333,6593.45,1,76.91137214701881,491.2461878239958,5.06626529034682,1,29.86054142739951,69.66773847802787,413.48451580042297,,454.8329673804653,DART,TRAILING_DART,,413.48451580042297,38.284384046053816,4961.814189605076,-68.65562735562176,5.0,91.01534477858632,BULL,1.0,2026-05-06,BULL,1.0,전기장비
2026-05-06,제우스,079370,KQ,반도체와반도체장비,16980.0,16184.5,16780.666666666668,15808.5,14982.65,1,55.38761940112326,104.43144208223399,2.1143408671557062,0,-3.467879476975555,16.781292984869324,-455.749736321932,,-501.3247099541253,DART,TRAILING_DART,,-455.749736321932,-37.25728979469049,-5468.996835863184,-132.20846193087857,5.0,63.20458125924349,BULL,1.0,2026-05-06,BULL,1.0,반도체와반도체장비
2026-05-06,한글과컴퓨터,030520,KQ,소프트웨어,20500.0,20573.5,21074.0,22369.5,23766.2,0,48.54158286966521,-11.386144155088644,1.0294286896622389,0,-3.301886792452835,7.95155344918379,1016.4595808375803,,1118.1055389213386,DART|DAILY_DISC,TRAILING_DART,,1016.4595808375803,20.16804247455432,12197.514970050965,-40.49992697536114,5.0,25.210376842880613,BULL,1.0,2026-05-06,BULL,1.0,소프트웨어
2026-05-06,파인엠텍,441270,KQ,핸드셋,10780.0,10552.0,10250.5,9904.166666666666,10202.65,1,52.9744569209849,-32.08212791023814,0.5967498716995123,0,-0.0926784059314234,18.201754385964918,-370.4294987258498,,-407.4724485984348,DART,TRAILING_DART,,-370.4294987258498,-29.101354068937535,-4445.153984710198,-141.2351946633599,5.0,50.400395715833895,BULL,1.0,2026-05-06,BULL,1.0,핸드셋
2026-05-06,디케이티,290550,KQ,핸드셋,27800.0,23304.0,17937.5,12694.833333333334,10738.9,1,67.08088392032828,121.88092203059341,1.2798291939662279,1,5.703422053231932,56.9734613212874,1158.53054862126,,1274.3836034833862,DART,TRAILING_DART,,1158.53054862126,23.995914508326194,13902.366583455121,-49.99148710987367,5.0,86.0885578919827,BULL,1.0,2026-05-06,BULL,1.0,핸드셋
2026-05-06,에코마케팅,230360,KQ,"섬유,의류,신발,호화품",16000.0,16002.0,15933.666666666666,14397.5,13594.15,1,61.17261420508282,-8.366220782289716,0.4706010589708623,0,-0.06246096189881367,-0.24937655860348684,570.5787884146843,,627.6366672561527,DART,TRAILING_DART,,570.5787884146843,28.04170138265208,6846.945460976211,-57.20659086889868,5.0,59.04952697238451,BULL,1.0,2026-05-06,BULL,1.0,"섬유,의류,신발,호화품"
2026-05-06,DXVX,180400,KQ,건강관리업체및서비스,4195.0,4764.5,4634.5,3613.475,3063.73,1,36.90469079665178,-79.11659864692628,1.085843564782269,0,-8.90336590662324,-8.804347826086955,-300.566988936805,,-330.6236878304855,DART,TRAILING_DART,,-300.566988936805,-13.956955202695296,-3606.8038672416596,-185.9786380748906,5.0,46.66470068202973,BULL,1.0,2026-05-06,BULL,1.0,건강관리업체및서비스
2026-05-06,카나프테라퓨틱스,0082N0,KQ,제약,32850.0,37260.0,,,,0,28.69672208886952,-58.758626744567664,0.8328232934310512,0,-16.835443037974684,-3.665689149560114,,,-3982.000000000001,SCRAPE,FORWARD_AUTO,,-3982.000000000001,-8.249623304871921,-47784.000000000015,-245.46118721461193,5.0,9.044451406840345,BULL,1.0,2026-05-06,BULL,1.0,제약
2026-05-06,한텍,098070,KQ,에너지장비및서비스,46600.0,45232.5,42436.666666666664,38431.666666666664,39826.75,1,53.13630331748731,88.15105071759922,1.155741565753905,0,0.4310344827586299,-5.57244174265451,2766.720677581554,,3043.3927453397096,DART,TRAILING_DART,,2766.720677581554,16.843044683764028,33200.64813097865,-28.753973967856982,14.84027277812514,72.4502689317203,BULL,1.0,2026-05-06,BULL,1.0,에너지장비및서비스
2026-05-06,한스바이오메드,042520,KQ,건강관리장비와용품,29500.0,32107.5,40235.833333333336,34920.0,26702.25,1,38.73326379670293,-1.4458596513095472,0.9686346728672897,0,-11.010558069381604,-10.741301059001518,-2249.091855430128,,-2474.001040973141,DART,TRAILING_DART,,-2249.091855430128,-13.116405152051145,-26989.102265161535,-191.48848225478488,5.0,36.51718187390038,BULL,1.0,2026-05-06,BULL,1.0,건강관리장비와용품
2026-05-06,하이록코리아,013030,KQ,기계,44800.0,42160.0,38130.0,35256.25,34574.25,1,61.13090162636905,223.91904915816622,1.366866497182905,0,0.561167227833903,15.167095115681239,4314.370512716364,,4745.807563988001,DART,TRAILING_DART,,4314.370512716364,10.3839018619181,51772.44615259637,15.56349587633119,50.11627231961528,78.91723753120921,BULL,1.0,2026-05-06,BULL,1.0,기계
2026-05-06,펨트론,168360,KQ,전자장비와기기,25200.0,23330.0,22228.0,19725.916666666668,17965.55,1,59.4161162647961,235.94082005576297,2.7321623376167423,0,0.5988023952095745,30.502330398757117,-177.9468308953413,,-195.74151398487544,DART,TRAILING_DART,,-177.9468308953413,-141.61533460981542,-2135.3619707440957,-108.47365861406387,5.0,85.06627299808267,BULL,1.0,2026-05-06,BULL,1.0,전자장비와기기
2026-05-06,인화정공,101930,KQ,조선,14290.0,10630.0,9429.5,9810.083333333334,9512.85,1,73.2510113975863,502.17224373294744,6.091531208280627,0,48.08290155440416,39.55078125,2769.102616062893,,3046.0128776691827,DART,TRAILING_DART,,2769.102616062893,5.160516593753938,33229.231392754715,132.53485929149554,97.25348592914955,84.55321021514774,BULL,1.0,2026-05-06,BULL,1.0,조선
2026-05-06,에이치엠넥스,036170,KQ,디스플레이장비및부품,7960.0,6639.25,4670.05,2873.366666666667,2084.01,1,66.72823911718152,-9.362383841640053,0.5496519981256175,1,13.39031339031338,122.96918767507003,177.79225089303253,,195.5714759823358,DART,TRAILING_DART,,177.79225089303253,44.77135510697302,2133.50701071639,-73.19714810657801,5.0,80.41230019403258,BULL,1.0,2026-05-06,BULL,1.0,디스플레이장비및부품
2026-05-06,한국기업평가,034950,KQ,상업서비스와공급품,109400.0,103610.0,102826.66666666667,100715.0,99784.5,1,77.4282719540594,560.2146372179193,3.2539899387646862,1,4.688995215311009,9.290709290709298,6470.528156503867,,7117.580972154254,DART,TRAILING_DART,,6470.528156503867,16.9074297111336,77646.3378780464,-29.02528530343108,14.602875359497807,71.75256785737224,BULL,1.0,2026-05-06,BULL,1.0,상업서비스와공급품
2026-05-06,파트론,091700,KQ,핸드셋,7570.0,8165.0,8059.666666666667,7557.333333333333,7169.65,1,35.636474852154066,-72.51900273511063,2.008548822520672,0,-8.574879227053145,-2.9487179487179493,601.7301556,,661.90317116,DART|DAILY_DISC,TRAILING_DART,,601.7301556,12.58038994647321,7220.7618672,-4.61344957463673,35.96323162219286,40.073490357992824,BULL,1.0,2026-05-06,BULL,1.0,핸드셋
2026-05-06,비츠로테크,042370,KQ,전기제품,20050.0,15733.0,12482.666666666666,10871.083333333334,9958.15,1,74.37798735279807,178.31851994073122,2.07042665112794,1,13.920454545454541,77.43362831858407,1629.306278257368,,1792.236906083105,DART,TRAILING_DART,,1629.306278257368,12.305850819800787,19551.675339088415,-2.4854097801076502,37.825266442405805,89.44728314713458,BULL,1.0,2026-05-06,BULL,1.0,전기제품
2026-05-06,메가스터디교육,215200,KQ,교육서비스,44850.0,45430.0,46138.333333333336,44438.75,45378.5,0,45.920404056232094,138.47097723711414,1.3749008776228449,0,-2.181025081788446,-2.922077922077926,8966.069177333111,,9862.676095066425,DART,TRAILING_DART,,8966.069177333111,5.002192054616769,107592.83012799732,139.8948274871735,97.98948274871735,38.93804326380308,BULL,1.0,2026-05-06,BULL,1.0,교육서비스
2026-05-06,헥토파이낸셜,234340,KQ,IT서비스,36650.0,30582.5,29995.833333333332,23307.666666666668,20837.100009765625,1,67.66212734002767,526.9822456431609,1.8250708727507547,1,15.797788309636651,47.78225806451613,631.6666824378183,,694.8333506816001,DART,TRAILING_DART,,631.6666824378183,58.021106730776246,7580.000189253819,-79.31787124350936,5.0,88.43122693287971,BULL,1.0,2026-05-06,BULL,1.0,IT서비스
2026-05-06,한국정보통신,025770,KQ,IT서비스,11680.0,10803.5,8909.166666666666,8403.166666666666,8564.8,1,58.24849022743153,-105.61997099667019,0.7989805362889557,0,-6.184738955823288,51.29533678756477,976.7076250462987,,1074.378387550929,DART,TRAILING_DART,,976.7076250462987,11.958542864295069,11720.491500555585,0.34667380612658505,40.22533797398228,71.34139717626469,BULL,1.0,2026-05-06,BULL,1.0,IT서비스
2026-05-06,오픈엣지테크놀로지,394280,KQ,반도체와반도체장비,21450.0,18385.5,16579.0,14694.916666666666,13837.25,1,66.91459724066031,311.05100782851764,1.1825431952619867,0,0.2336448598130758,47.22031571722718,-1146.7476199691323,,-1261.4223819660456,DART,TRAILING_DART,,-1146.7476199691323,-18.705074792810453,-13760.971439629588,-164.15371300526616,5.0,79.68271708283228,BULL,1.0,2026-05-06,BULL,1.0,반도체와반도체장비
2026-05-06,셀비온,308430,KQ,제약,30750.0,34250.0,31192.5,26861.75,25067.45,1,41.11956686192733,-395.9216956602743,6.493208334699895,0,-18.972332015810277,3.3613445378151363,-590.236775095059,,-649.260452604565,DART,TRAILING_DART,,-590.236775095059,-52.097736531322774,-7082.841301140708,-123.03363024761207,5.0,64.8222214409551,BULL,1.0,2026-05-06,BULL,1.0,제약
2026-05-06,엔젤로보틱스,455900,KQ,건강관리장비와용품,29150.0,28637.5,29587.5,30679.583333333332,28291.5,1,52.16409800027701,206.81187783931023,1.4927626393240787,0,-2.9950083194675514,15.217391304347828,-637.1730700024812,,-700.8903770027293,DART,TRAILING_DART,,-637.1730700024812,-45.74895169359008,-7646.076840029774,-126.23010922823251,5.0,47.289155060441345,BULL,1.0,2026-05-06,BULL,1.0,건강관리장비와용품
2026-05-06,삼양엔씨켐,482630,KQ,반도체와반도체장비,19600.0,18936.5,18494.666666666668,14898.291666666666,12681.9,1,55.49054408480867,-20.560012483963646,2.0025506468658003,0,-4.390243902439028,29.887342611000655,680.7407903224922,,748.8148693547415,DART,TRAILING_DART,,680.7407903224922,28.79216330009364,8168.889483869907,-58.321992429235166,5.0,71.95121222661608,BULL,1.0,2026-05-06,BULL,1.0,반도체와반도체장비
2026-05-06,덕양에너젠,0001A0,KQ,석유와가스,20300.0,17591.0,19868.5,,,0,64.65112284054382,511.41743040370545,4.243517339276551,1,15.8675799086758,22.215532811559303,,,276.1,SCRAPE,FORWARD_AUTO,,276.1,73.52408547627671,3313.2000000000003,-83.67881773399016,5.0,50.92353951953119,BULL,1.0,2026-05-06,BULL,1.0,석유와가스
2026-05-06,나라스페이스테크놀로지,478340,KQ,우주항공과국방,33500.0,35497.5,42321.666666666664,,,0,39.82105657578441,-14.749852233647289,0.5424437377148222,0,-10.187667560321712,3.076923076923066,-665.7992930389156,,-732.3792223428072,DART,TRAILING_DART,,-665.7992930389156,-50.315463459108756,-7989.591516466988,-123.84952691482682,5.0,12.331402567026574,BULL,1.0,2026-05-06,BULL,1.0,우주항공과국방
2026-05-06,지노믹트리,228760,KQ,건강관리장비와용품,16150.0,17457.5,19130.166666666668,22598.0,21044.15,0,35.98311290357563,-47.574001450624564,1.4761812368910585,0,-13.404825737265414,-3.3512866546977826,-367.0689056712279,,-403.7757962383507,DART,TRAILING_DART,,-367.0689056712279,-43.99718894867398,-4404.826868054735,-127.27446977123675,5.0,14.570002789653225,BULL,1.0,2026-05-06,BULL,1.0,건강관리장비와용품
2026-05-06,HEM파마,376270,KQ,건강관리업체및서비스,60000.0,61110.0,70930.0,60499.583333333336,45495.85,1,43.01261516967894,387.3193402561719,1.08135789716836,0,-1.6393442622950838,-11.634756995581741,-3301.288154483038,,-3631.416969931342,DART,TRAILING_DART,,-3301.288154483038,-18.17472368127636,-39615.457853796455,-166.02576308966076,5.0,48.76295411231634,BULL,1.0,2026-05-06,BULL,1.0,건강관리업체및서비스
2026-05-06,티로보틱스,117730,KQ,기계,21300.0,19828.0,20724.166666666668,20176.833333333332,17119.8,1,56.24620781334051,375.99795013039227,1.5764586836373002,0,0.23529411764706687,22.413793103448263,-1942.163665663327,,-2136.38003222966,DART,TRAILING_DART,,-1942.163665663327,-10.967149873399157,-23305.963987959924,-209.41767130497615,5.0,69.42251395888486,BULL,1.0,2026-05-06,BULL,1.0,기계
2026-05-06,웹젠,069080,KQ,게임엔터테인먼트,12000.0,12308.5,12780.166666666666,13171.333333333334,13437.45,0,41.96364070863781,-19.271525252629722,1.1238037274998613,0,-2.4390243902439046,1.781170483460559,680.1698923067977,,748.1868815374776,DART|DAILY_DISC,TRAILING_DART,,680.1698923067977,17.64265095489889,8162.038707681572,-31.98301076932023,12.014865576844798,20.995440710788685,BULL,1.0,2026-05-06,BULL,1.0,게임엔터테인먼트
2026-05-06,디아이티,110990,KQ,디스플레이장비및부품,25450.0,23034.0,21815.833333333332,18894.083333333332,16925.9,1,62.73790733064763,263.24427608986775,1.1890766860470647,0,-4.502814258911824,38.09007053716766,1607.199672010582,,1767.9196392116403,DART,TRAILING_DART,,1607.199672010582,15.834995765126335,19286.396064126984,-24.218483048616957,18.80882733246016,77.81991768020804,BULL,1.0,2026-05-06,BULL,1.0,디스플레이장비및부품
2026-05-06,아스테라시스,450950,KQ,건강관리장비와용품,11000.0,11370.5,12048.666666666666,12730.333333333334,12384.35,0,41.69880349306836,-10.809233089449336,1.2559517786675531,0,-6.223358908780908,10.110110110110115,244.77274657915925,444.0,444.0,DART,TRAILING_DART,,244.77274657915925,44.939643623448134,2937.272958949911,-73.29751855500082,5.0,18.208466096289147,BULL,1.0,2026-05-06,BULL,1.0,건강관리장비와용품
2026-05-06,GRT,900290,KQ,화학,3825.0,4902.0,5167.0,4167.5,3701.675,1,32.455015959697405,-129.19980510887717,0.6335922764552768,0,-9.681227863046049,-28.236397748592868,6.134013271490415,,6.747414598639457,DART,TRAILING_DART,,6.134013271490415,623.5721754593822,73.60815925788498,-98.07560367953242,5.0,22.007548914395418,BULL,1.0,2026-05-06,BULL,1.0,화학
2026-05-06,국일제지,078130,KQ,종이와목재,436.0,386.05,342.4166666666667,348.825,423.9948175048828,1,63.03177280698299,3.220206016866559,0.0,0,0.4608294930875667,36.677115987460816,-1.6469018077341553,,-1.8115919885075709,DART,TRAILING_DART,,-1.6469018077341553,-264.73952360272085,-19.762821692809865,-104.5327572689931,5.0,59.98870130409584,BULL,1.0,2026-05-06,BULL,1.0,종이와목재
2026-05-06,퓨쳐켐,220100,KQ,제약,19130.0,19023.0,20597.5,24509.166666666668,22228.7,0,48.12474433872213,153.71643173524626,2.407556576057077,0,-2.893401015228425,5.052169137836349,-615.9001552563782,,-677.4901707820161,DART,TRAILING_DART,,-615.9001552563782,-31.06022922179137,-7390.801863076538,-138.6346150709699,5.0,30.161187728931985,BULL,1.0,2026-05-06,BULL,1.0,제약
2026-05-06,엑스게이트,356680,KQ,소프트웨어,18470.0,12570.5,8964.0,8401.916666666666,8187.6,1,73.72348607652069,238.6860144199154,3.498345909780516,1,37.119524870081655,147.91946308724832,135.72801022383666,,149.30081124622035,DART,TRAILING_DART,,135.72801022383666,136.08097524998774,1628.7361226860398,-91.18172104663758,5.0,93.55363037197324,BULL,1.0,2026-05-06,BULL,1.0,소프트웨어
2026-05-06,에스비비테크,389500,KQ,기계,65000.0,61210.0,56570.0,50093.333333333336,39183.25,1,57.91071387736629,182.7834938609485,0.8644181221334322,0,-5.797101449275366,35.69937369519833,-1420.421876547135,,-1562.4640642018487,DART,TRAILING_DART,,-1420.421876547135,-45.76105245436428,-17045.06251856562,-126.22317310548556,5.0,76.48460792676022,BULL,1.0,2026-05-06,BULL,1.0,기계
2026-05-06,큐리오시스,494120,KQ,생명과학도구및서비스,48900.0,54730.0,63985.0,,,0,39.27237603517838,-351.62042760408576,1.150128305566595,0,-17.815126050420172,-9.611829944547134,-1032.533423830057,,-1135.7867662130627,DART,TRAILING_DART,,-1032.533423830057,-47.359241716952276,-12390.401085960684,-125.33824352957194,5.0,12.330734287669753,BULL,1.0,2026-05-06,BULL,1.0,생명과학도구및서비스
2026-05-06,유티아이,179900,KQ,핸드셋,20300.0,20185.0,20258.833333333332,22116.5,23064.15,0,51.6621755366482,-5.0999629423753845,1.5026939865365694,0,-3.1026252983293534,17.00288184438041,-1889.2869399586025,,-2078.215633954463,DART,TRAILING_DART,,-1889.2869399586025,-10.744794541608808,-22671.44327950323,-211.68198659853806,5.0,32.38452603579195,BULL,1.0,2026-05-06,BULL,1.0,핸드셋
2026-05-06,위메이드맥스,101730,KQ,게임엔터테인먼트,5500.0,5555.5,5637.0,6080.333333333333,6533.75,0,48.11118357336582,-4.029485890817028,0.6622799130001052,0,-5.335628227194489,18.662351672060407,-427.03465929725,,-469.7381252269751,DART,TRAILING_DART,,-427.03465929725,-12.879516639354474,-5124.415911567,-193.17119839212728,5.0,23.917122967882154,BULL,1.0,2026-05-06,BULL,1.0,게임엔터테인먼트
2026-05-06,엑시콘,092870,KQ,반도체와반도체장비,40750.0,32642.5,30232.5,23372.666666666668,18989.5,1,75.00806089388823,754.3590491745435,1.986302587914127,1,16.428571428571438,62.350597609561746,686.8236622636916,,755.5060284900609,DART,TRAILING_DART,,686.8236622636916,59.33109506695313,8241.8839471643,-79.7745179210692,5.0,91.20170322757826,BULL,1.0,2026-05-06,BULL,1.0,반도체와반도체장비
2026-05-06,에이스테크,088800,KQ,통신장비,4825.0,5151.75,3900.4166666666665,3526.5416666666665,3092.55,1,51.21240853303126,-131.21445637560072,0.214129915713391,0,-3.4034034034034044,21.843434343434343,-385.5924464794616,,-424.1516911274078,DART,TRAILING_DART,,-385.5924464794616,-12.513211926357071,-4627.109357753539,-195.89863953893345,5.0,67.5758601903683,BULL,1.0,2026-05-06,BULL,1.0,통신장비
2026-05-06,LS증권,078020,KQ,증권,9010.0,7657.0,7425.5,6205.791666666667,5840.375,1,72.95942378811313,116.36237572506138,10.031530880433875,1,14.485387547649298,31.149927219796215,413.6572371104513,,455.0229608214965,DART,TRAILING_DART,,413.6572371104513,21.781318424254295,4963.886845325416,-44.906916256099706,5.0,90.33586643230436,BULL,1.0,2026-05-06,BULL,1.0,증권
2026-05-06,지씨셀,144510,KQ,건강관리업체및서비스,23250.0,24232.5,24595.833333333332,24776.666666666668,23072.05,1,42.265653819262575,-152.58582815531423,1.245966006063585,0,-7.554671968190851,3.563474387527843,-17311.449380089445,,-19042.594318098392,DART,TRAILING_DART,,-17311.449380089445,-1.3430417921413735,-207737.39256107336,-993.4941615530036,5.0,33.244532653644136,BULL,1.0,2026-05-06,BULL,1.0,건강관리업체및서비스
2026-05-06,DSC인베스트먼트,241520,KQ,창업투자,16400.0,15359.5,14515.5,10907.916666666666,9337.1,1,55.89218351378391,165.5391469806898,0.8250478650442119,0,2.499999999999991,26.056879323597236,668.0718313909774,,734.8790145300752,DART,TRAILING_DART,,668.0718313909774,24.54825847971157,8016.861976691729,-51.11669526407483,5.0,76.90812114619192,BULL,1.0,2026-05-06,BULL,1.0,창업투자
2026-05-06,한양디지텍,078350,KQ,반도체와반도체장비,33250.0,29640.0,27666.166666666668,25047.916666666668,20366.0,1,60.78525918533706,306.00228394388955,0.7717018306643901,1,1.6819571865443361,26.185958254269458,982.4153838443566,,1080.6569222287924,DART,TRAILING_DART,,982.4153838443566,33.84515404256717,11788.984606132279,-64.54440719960218,5.0,86.97195053832809,BULL,1.0,2026-05-06,BULL,1.0,반도체와반도체장비
2026-05-06,에치에프알,230240,KQ,통신장비,35750.0,29672.5,24679.666666666668,19089.25,18009.6,1,64.92113188463594,377.3151331208967,1.430684261551892,0,32.65306122448979,13.853503184713368,-3.702004057404764,,-4.0722044631452405,DART,TRAILING_DART,,-3.702004057404764,-9656.931609378627,-44.42404868885717,-100.12426307325555,5.0,80.12189739644994,BULL,1.0,2026-05-06,BULL,1.0,통신장비
2026-05-06,컴투스,078340,KQ,게임엔터테인먼트,32750.0,33385.0,33610.0,32524.166666666668,34746.5,0,46.79258751321885,-46.65446856078489,2.020300145001036,0,-1.2066365007541435,1.8662519440124425,774.4168606006643,2913.0,2913.0,DART,TRAILING_DART,,774.4168606006643,42.28988502987651,9293.002327207972,-71.62442037493749,5.0,37.038000019433284,BULL,1.0,2026-05-06,BULL,1.0,게임엔터테인먼트
2026-05-06,그래피,318060,KQ,건강관리장비와용품,31200.0,37200.0,45117.5,35211.5,,0,33.313683310752694,-535.0905362964734,0.9915681910552399,0,-23.24723247232472,-17.569352708058126,-1048.7144380229763,,-1153.585881825274,DART,TRAILING_DART,,-1048.7144380229763,-29.750710840615355,-12584.573256275715,-140.3351706931914,5.0,8.244343541349028,BULL,1.0,2026-05-06,BULL,1.0,건강관리장비와용품
2026-05-06,대명에너지,389260,KQ,에너지장비및서비스,23500.0,23260.0,21315.5,20118.583333333332,21500.15,1,52.45457250599759,-28.590726931990616,0.40657040280013057,0,-5.05050505050505,-4.665314401622722,789.445728965064,,868.3903018615704,DART,TRAILING_DART,,789.445728965064,29.76772074099088,9473.348747580767,-59.687877669869074,5.0,61.64013714521382,BULL,1.0,2026-05-06,BULL,1.0,에너지장비및서비스
2026-05-06,쓰리빌리언,394800,KQ,건강관리기술,12280.0,12358.5,13332.666666666666,14055.583333333334,11315.0,1,46.36659388730545,122.34927443903439,1.2942997428740706,0,-6.187929717341478,2.5041736227044975,-170.3731293533084,,-187.41044228863925,DART,TRAILING_DART,,-170.3731293533084,-72.07709365092754,-2044.4775522397008,-116.64884000195197,5.0,44.448199761319586,BULL,1.0,2026-05-06,BULL,1.0,건강관리기술
2026-05-06,가비아,079940,KQ,IT서비스,30950.0,29392.5,29334.166666666668,30297.5,28554.75,1,59.9265783133453,146.30752003062958,0.6125990665037747,0,2.3140495867768562,15.917602996254686,2318.759658449599,,2550.6356242945594,DART,TRAILING_DART,,2318.759658449599,13.347653296976114,27825.11590139519,-10.09655605365043,31.165513453055873,55.65904941278362,BULL,1.0,2026-05-06,BULL,1.0,IT서비스
2026-05-06,네패스아크,330860,KQ,반도체와반도체장비,40600.0,33460.0,25576.5,21448.916666666668,19495.7,1,70.77927472057893,348.2077946943223,1.1136527856057814,1,9.72972972972972,39.518900343642606,280.3844417843171,,308.42288596274886,DART,TRAILING_DART,,280.3844417843171,144.80118704742947,3364.6133014118054,-91.71277511967536,5.0,85.57002769473273,BULL,1.0,2026-05-06,BULL,1.0,반도체와반도체장비
2026-05-06,아이티엠반도체,084850,KQ,전자장비와기기,18480.0,17308.0,12769.0,11553.25,12009.15,1,64.44063427466548,-238.8523404325408,1.4298017379258807,0,-0.591715976331364,74.01129943502825,-4124.637957461764,,-4537.10175320794,DART,TRAILING_DART,,-4124.637957461764,-4.480393234651872,-49495.65548954117,-367.8336336014132,5.0,72.0671510413647,BULL,1.0,2026-05-06,BULL,1.0,전자장비와기기
2026-05-06,강스템바이오텍,217730,KQ,생물공학,3715.0,3973.25,2997.9666666666667,2414.141666666667,2008.16,1,49.17914077842765,-93.52721960553208,1.0787014655412133,0,-8.834355828220863,15.372670807453414,-111.2908460316833,,-122.41993063485164,DART,TRAILING_DART,,-111.2908460316833,-33.381002413643074,-1335.4901523801996,-135.94859091198384,5.0,69.36917453273807,BULL,1.0,2026-05-06,BULL,1.0,생물공학
2026-05-06,슈어소프트테크,298830,KQ,소프트웨어,7660.0,7434.5,7482.0,7276.833333333333,6346.9,1,53.77028385076889,33.48939297608024,1.0016978739546212,0,-2.0460358056266004,14.157973174366623,180.1835350446334,,198.2018885490968,DART,TRAILING_DART,,180.1835350446334,42.512208444032,2162.202420535601,-71.77281435332114,5.0,63.624881416003404,BULL,1.0,2026-05-06,BULL,1.0,소프트웨어
2026-05-06,상아프론테크,089980,KQ,전자장비와기기,28100.0,26005.0,23402.166666666668,19934.0,19027.0,1,60.069406041528815,99.42039099995691,1.2400634743631909,0,-2.0905923344947785,16.597510373443992,422.4861748709444,,464.7347923580389,DART,TRAILING_DART,,422.4861748709444,66.51105212752493,5069.8340984513325,-81.95788577063583,5.0,78.04491842452869,BULL,1.0,2026-05-06,BULL,1.0,전자장비와기기
2026-05-06,휴메딕스,200670,KQ,제약,34200.0,34655.0,37025.833333333336,40062.083333333336,47083.5,0,44.682284616548365,160.50849379657663,1.860246814688728,0,-5.524861878453036,7.042253521126751,4611.392699242115,,5072.531969166326,DART,TRAILING_DART,,4611.392699242115,7.416414569425153,55336.71239090538,61.80325260498649,80.17211419324121,24.368348807838935,BULL,1.0,2026-05-06,BULL,1.0,제약
2026-05-06,에스바이오메딕스,304360,KQ,생물공학,34100.0,32095.0,33318.333333333336,32155.0,28104.45,1,54.609027674988745,500.98198107029975,1.2805308282525303,0,-1.0159651669085612,35.31746031746032,-469.98942142543865,,-516.9883635679826,DART,TRAILING_DART,,-469.98942142543865,-72.55482452472557,-5639.873057105264,-116.53921717626177,5.0,67.32817194296047,BULL,1.0,2026-05-06,BULL,1.0,생물공학
2026-05-06,인바디,041830,KQ,건강관리장비와용품,30000.0,29452.5,30551.666666666668,30661.666666666668,29299.25,1,52.813418385565896,90.46727524513537,0.9259582601983146,0,-0.16638935108153063,7.526881720430101,2224.452701611067,,2446.8979717721736,DART,TRAILING_DART,,2224.452701611067,13.486463424586374,26693.432419332803,-11.021891935557326,30.35584455638734,41.76408908760757,BULL,1.0,2026-05-06,BULL,1.0,건강관리장비와용품
2026-05-06,강원에너지,114190,KQ,전자장비와기기,15790.0,14845.0,14435.333333333334,14872.916666666666,13911.25,1,56.64560905886778,99.95892617643085,0.7040141832141983,0,1.6741790083709018,13.924963924963919,-324.1277985738106,,-356.5405784311917,DART,TRAILING_DART,,-324.1277985738106,-48.71535261547241,-3889.533582885727,-124.6328915952231,5.0,66.63063739389355,BULL,1.0,2026-05-06,BULL,1.0,전자장비와기기
2026-05-06,메카로,241770,KQ,반도체와반도체장비,37300.0,38690.0,33114.166666666664,28177.083333333332,23526.85,1,49.10555055097369,-654.4175974300547,0.6574576770451405,0,-6.75,-0.2673796791443861,1237.5476691024112,,1361.3024360126524,DART,TRAILING_DART,,1237.5476691024112,30.140253124191617,14850.572029228933,-60.18613396989563,5.0,67.1258197376154,BULL,1.0,2026-05-06,BULL,1.0,반도체와반도체장비
2026-05-06,바이넥스,053030,KQ,제약,10780.0,11347.5,12727.166666666666,13797.666666666666,14884.25,0,35.43371877068067,4.004841698256598,1.3564674965530517,0,-7.388316151202745,0.7476635514018781,-100.63743777266242,,-110.70118154992868,DART,TRAILING_DART,,-100.63743777266242,-107.11719454097951,-1207.649253271949,-111.20268323999953,5.0,15.070624383684363,BULL,1.0,2026-05-06,BULL,1.0,제약
2026-05-06,와이바이오로직스,338840,KQ,생물공학,21350.0,24145.0,26506.666666666668,25488.75,20846.55,1,35.775231197617074,-284.94177718847936,0.6156423660158,0,-9.915611814345993,-14.940239043824699,-2768.7729762412,,-3045.6502738653203,DART,TRAILING_DART,,-2768.7729762412,-7.710996959015432,-33225.2757148944,-255.62190030395504,5.0,21.559938719062192,BULL,1.0,2026-05-06,BULL,1.0,생물공학
2026-05-06,진성티이씨,036890,KQ,기계,19010.0,17691.0,16384.5,14844.833333333334,13848.9,1,63.440784893103704,101.97367426674435,1.4961398301730717,0,7.522624434389136,19.634990560100697,1481.578137519078,,1629.735951270986,DART,TRAILING_DART,,1481.578137519078,12.830912874991862,17778.937650228934,-6.475867173966677,34.333616222779156,78.90050128803769,BULL,1.0,2026-05-06,BULL,1.0,기계
2026-05-06,메디아나,041920,KQ,건강관리장비와용품,20100.0,20091.5,21179.333333333332,15578.5,11522.6,1,49.23059378084344,53.45356555773435,1.349008330600856,0,-0.2481389578163795,15.916955017301039,283.60217161607324,,311.9623887776806,DART,TRAILING_DART,,283.60217161607324,70.8739283816571,3403.2260593928786,-83.06852706769712,5.0,54.834427292238466,BULL,1.0,2026-05-06,BULL,1.0,건강관리장비와용품
2026-05-06,유니테스트,086390,KQ,반도체와반도체장비,19160.0,17949.0,18451.833333333332,16182.333333333334,16056.05,1,56.3548604245035,125.62498947431129,1.2732125771414584,0,-1.2371134020618513,22.193877551020403,-1061.8720867378192,,-1168.0592954116012,DART,TRAILING_DART,,-1061.8720867378192,-18.04360453513897,-12742.465040853831,-166.5055586683394,5.0,66.35247597850277,BULL,1.0,2026-05-06,BULL,1.0,반도체와반도체장비
2026-05-06,셀바스AI,108860,KQ,건강관리장비와용품,12710.0,13521.5,12516.333333333334,12498.083333333334,12945.4,0,44.622728549645736,-184.9346135139848,0.45584605508490117,0,-7.630813953488369,-1.777434312210202,-161.3781731531251,,-177.51599046843762,DART,TRAILING_DART,,-161.3781731531251,-78.75910200036783,-1936.538077837501,-115.23633420800552,5.0,38.2771634558672,BULL,1.0,2026-05-06,BULL,1.0,건강관리장비와용품
2026-05-06,이지홀딩스,035810,KQ,식품,5520.0,5663.0,6062.5,5360.875,4747.925,1,44.346176349445756,5.005296021304375,2.6817099204651513,0,2.2222222222222143,-1.7793594306049876,1073.393331022285,,1180.7326641245138,DART,TRAILING_DART,,1073.393331022285,5.142569681090554,12880.719972267421,133.3463763091924,97.33463763091925,53.46461462270275,BULL,1.0,2026-05-06,BULL,1.0,식품
2026-05-06,SAMG엔터,419530,KQ,방송과엔터테인먼트,37050.0,37570.0,35964.166666666664,38225.833333333336,47940.5,0,48.55280995174465,146.35180496424596,1.5928457552877298,0,-9.079754601226997,17.43264659270998,3016.4277619843742,,3318.070538182812,DART,TRAILING_DART,,3016.4277619843742,12.282740686495488,36197.13314381249,-2.3019348345141966,37.98580701980008,38.78335349209826,BULL,1.0,2026-05-06,BULL,1.0,방송과엔터테인먼트
2026-05-06,에이스침대,003800,KQ,가구,34800.0,34262.5,34830.833333333336,32950.0,31259.75,1,56.5990529804281,71.47486173365114,1.3063265288157675,1,1.6058394160583855,1.9033674963396807,5047.208299909828,,5551.929129900812,DART,TRAILING_DART,,5047.208299909828,6.8949006920561855,60566.499598917944,74.04166551413202,88.12708258418581,66.24202873986144,BULL,1.0,2026-05-06,BULL,1.0,가구
2026-05-06,씨메스,475400,KQ,기계,35000.0,31750.0,34138.333333333336,34252.5,30806.5,1,58.885119857583554,578.4796385168431,1.7076347952351765,0,5.105105105105112,21.317157712305026,-1427.0359132165177,,-1569.7395045381695,DART,TRAILING_DART,,-1427.0359132165177,-24.526362424271806,-17124.430958598212,-148.92694559599488,5.0,64.66505071213854,BULL,1.0,2026-05-06,BULL,1.0,기계
2026-05-06,아모텍,052710,KQ,핸드셋,22800.0,22588.0,15882.833333333334,12793.0,12331.35,1,55.123051942272625,-450.14840869251793,0.8823967679021675,0,-7.128309572301427,40.914709517923356,541.9121904598865,,596.1034095058751,DART,TRAILING_DART,,541.9121904598865,42.073236958650234,6502.9462855186375,-71.47830576526914,5.0,70.45881732924411,BULL,1.0,2026-05-06,BULL,1.0,핸드셋
2026-05-06,자람테크놀로지,389020,KQ,통신장비,57300.0,53827.5,50733.333333333336,43979.166666666664,42218.75,1,56.4403353559754,14.114635927531026,1.0661140604436845,0,2.872531418312385,17.418032786885252,-1030.3971874758656,,-1133.4369062234523,DART,TRAILING_DART,,-1030.3971874758656,-55.609623838712295,-12364.766249710388,-121.57899869059405,5.0,74.63679962025891,BULL,1.0,2026-05-06,BULL,1.0,통신장비
2026-05-06,칩스앤미디어,094360,KQ,반도체와반도체장비,19200.0,17600.0,17400.5,17189.0,16954.8,1,63.5804897183811,154.27124465323038,2.4902040584371465,1,0.7874015748031482,24.031007751937985,277.6083204346229,,305.3691524780852,DART|DAILY_DISC,TRAILING_DART,,277.6083204346229,69.16219214878188,3331.2998452154748,-82.64947997283608,5.0,84.38563006862175,BULL,1.0,2026-05-06,BULL,1.0,반도체와반도체장비
2026-05-06,안트로젠,065660,KQ,제약,33800.0,37362.5,41224.166666666664,38262.916666666664,32733.0,1,33.0879949308609,-152.65833274810439,1.4293793144276175,0,-9.139784946236562,-20.18890200708382,-137.3005968359301,,-151.03065651952312,DART,TRAILING_DART,,-137.3005968359301,-246.17518626222682,-1647.6071620311611,-104.87457740245904,5.0,27.921109459763432,BULL,1.0,2026-05-06,BULL,1.0,제약
2026-05-06,헬릭스미스,084990,KQ,생물공학,8120.0,8740.5,7296.5,6715.25,6056.0,1,47.81358137243238,-127.1207919508879,0.8307050756612955,0,-9.273743016759772,7.835325365205836,-9.982485224318236,,-10.98073374675006,DART,TRAILING_DART,,-9.982485224318236,-813.4246951068804,-119.78982269181883,-101.47524412182042,5.0,67.08957135498656,BULL,1.0,2026-05-06,BULL,1.0,생물공학
2026-05-06,케이프,064820,KQ,증권,15900.0,13447.0,11770.333333333334,11361.75,10953.8,1,71.34352332606011,236.36325590716592,0.49461203464226006,0,-5.917159763313606,52.15311004784689,2078.7595188204364,,2286.63547070248,DART,TRAILING_DART,,2078.7595188204364,7.648792395679437,24945.11422584524,56.88751085437256,76.97688205534216,75.18070138660535,BULL,1.0,2026-05-06,BULL,1.0,증권
2026-05-06,바이오다인,314930,KQ,건강관리장비와용품,11160.0,12072.0,12656.833333333334,13151.416666666666,13681.6,0,32.41012602496964,-96.21055658558967,1.1288837481074614,0,-9.194467046379174,-4.452054794520544,28.61143569487043,,31.47257926435748,DART,TRAILING_DART,,28.61143569487043,390.05382739324784,343.33722833844513,-96.92350153818597,5.0,10.181170651652979,BULL,1.0,2026-05-06,BULL,1.0,건강관리장비와용품
2026-05-06,메쥬,0088M0,KQ,건강관리장비와용품,35850.0,37630.0,,,,0,44.92988355127577,,0.7019327214227086,0,-25.312500000000004,19.500000000000007,,,457.6,SCRAPE,FORWARD_AUTO,,457.6,78.34353146853147,5491.200000000001,-84.68284518828452,5.0,10.868589275800716,BULL,1.0,2026-05-06,BULL,1.0,건강관리장비와용품
2026-05-06,씨앤씨인터내셔널,352480,KQ,화장품,27450.0,27957.5,28700.0,30537.083333333332,35047.5,0,46.27333567588557,81.36774948654943,1.1928897652392267,0,-13.132911392405067,9.145129224652093,1048.186336349765,,1153.0049699847416,DART,TRAILING_DART,,1048.186336349765,26.188091800159015,12578.23603619718,-54.17764649837093,5.0,25.404435166773723,BULL,1.0,2026-05-06,BULL,1.0,화장품
2026-05-06,서희건설,035890,KQ,건설,2675.0,1761.95,1669.3166666666666,1646.1583333333333,1665.715,1,70.37708455138781,130.1869872861909,5.533410062231642,0,64.81823783117684,64.81823783117684,524.790316019571,,577.2693476215281,DART,TRAILING_DART,,524.790316019571,5.097273936549243,6297.483792234852,135.41995484990102,97.5419954849901,83.82902466655715,BULL,1.0,2026-05-06,BULL,1.0,건설
2026-05-06,오르비텍,046120,KQ,에너지장비및서비스,12500.0,11355.5,9249.583333333334,6686.625,5526.8,1,60.38272613100317,-15.484690944623935,0.955903032099146,1,2.796052631578938,7.112253641816624,24.091722690394988,,26.50089495943449,DART,TRAILING_DART,,24.091722690394988,518.8504018844433,289.10067228473986,-97.68719462172209,5.0,84.52669012471002,BULL,1.0,2026-05-06,BULL,1.0,에너지장비및서비스
2026-05-06,그린광학,0015G0,KQ,우주항공과국방,34550.0,32550.0,35410.833333333336,,,0,53.616729827631396,323.48620461867586,0.7654387435089276,0,-2.94943820224719,21.01576182136602,,,228.8,SCRAPE,FORWARD_AUTO,,228.8,151.00524475524475,2745.6000000000004,-92.05325615050651,5.0,27.211103120638384,BULL,1.0,2026-05-06,BULL,1.0,우주항공과국방
2026-05-06,엘티씨,170920,KQ,반도체와반도체장비,49650.0,38042.5,30907.166666666668,25403.916666666668,21255.4,1,73.17799634834435,997.5099993187869,0.7003521826475638,1,4.968287526427062,74.82394366197182,1721.8318352128704,,1894.0150187341576,DART,TRAILING_DART,,1721.8318352128704,28.83556859887061,20661.982022554446,-58.3847290582992,5.0,85.10745640080404,BULL,1.0,2026-05-06,BULL,1.0,반도체와반도체장비
2026-05-06,글로벌텍스프리,204620,KQ,기타금융,5650.0,5332.75,4986.916666666667,4990.5,5268.125,1,60.685046457819595,52.99985775062041,2.276838895702537,0,3.4798534798534897,17.098445595854916,504.392779098543,,554.8320570083973,DART,TRAILING_DART,,504.392779098543,11.20158779849654,6052.713349182515,7.12766989703566,44.63298543307318,74.10666095884542,BULL,1.0,2026-05-06,BULL,1.0,기타금융
2026-05-06,LIG아큐버,073490,KQ,통신장비,52600.0,48825.0,41384.166666666664,32720.416666666668,27993.1,1,59.14566434508649,-88.91774438636276,0.4241237541454551,0,3.1372549019607954,27.669902912621367,-157.62488601163147,,-173.38737461279464,DART,TRAILING_DART,,-157.62488601163147,-333.70365131378134,-1891.4986321395777,-103.59600500406765,5.0,72.91465359679334,BULL,1.0,2026-05-06,BULL,1.0,통신장비
2026-05-06,바이오플러스,099430,KQ,건강관리장비와용품,5760.0,5611.0,5305.25,5375.458333333333,5879.225,0,55.976036869470896,5.513506632321423,1.7442224708143959,0,-0.6896551724137945,12.062256809338523,324.4003735063324,,356.84041085696566,DART,TRAILING_DART,,324.4003735063324,17.755836523066034,3892.8044820759887,-32.41658885284742,11.635484753758508,55.71913640666533,BULL,1.0,2026-05-06,BULL,1.0,건강관리장비와용품
2026-05-06,네오티스,085910,KQ,자동차부품,26200.0,24942.5,19993.833333333332,14124.416666666666,9902.35,1,57.842692945929215,-200.41487795856665,1.3092544139077278,0,-1.8726591760299671,19.634703196347036,449.9109430779792,,494.90203738577713,DART,TRAILING_DART,,449.9109430779792,58.233746929465056,5398.93131693575,-79.39339192009255,5.0,74.61696774805742,BULL,1.0,2026-05-06,BULL,1.0,자동차부품
2026-05-06,아이씨티케이,456010,KQ,통신장비,23600.0,21010.0,17377.166666666668,16482.25,15456.75,1,61.847137658611764,-56.436706400588264,1.0538286993069854,0,0.8547008547008517,66.19718309859155,-480.5109405551231,,-528.5620346106355,DART,TRAILING_DART,,-480.5109405551231,-49.11438639198406,-5766.131286661477,-124.43275968924354,5.0,74.05804002062453,BULL,1.0,2026-05-06,BULL,1.0,통신장비
2026-05-06,링크솔루션,474650,KQ,기계,58000.0,60100.0,65735.0,58276.25,44242.7,1,44.49576919187563,89.28346580091215,0.7912887134952031,0,-8.661417322834641,-1.1925042589437829,-1216.6586586872531,,-1338.3245245559783,DART,TRAILING_DART,,-1216.6586586872531,-47.67154664610752,-14599.903904247038,-125.17224811077074,5.0,45.79959116828249,BULL,1.0,2026-05-06,BULL,1.0,기계
2026-05-06,엠로,058970,KQ,소프트웨어,27050.0,28307.5,32325.833333333332,35116.666666666664,38814.0,0,38.60120054805947,42.73653417939647,0.8583383617406065,0,-8.92255892255892,3.244274809160297,205.0812151764952,,225.58933669414472,DART,TRAILING_DART,,205.0812151764952,131.89896488920482,2460.974582117942,-90.9021272380113,5.0,14.063496463549868,BULL,1.0,2026-05-06,BULL,1.0,소프트웨어
2026-05-06,슈프리마,236200,KQ,전자장비와기기,53300.0,50995.0,48715.0,42806.666666666664,38953.0,1,56.6347079924128,249.1043436628977,1.074949595603136,0,-4.308797127468578,22.107674684994283,4642.320972781397,,5106.553070059537,DART|DAILY_DISC,TRAILING_DART,,4642.320972781397,11.481325895496164,55707.85167337677,4.5175453534273435,42.93640447972777,73.74573162868535,BULL,1.0,2026-05-06,BULL,1.0,전자장비와기기
2026-05-06,인텍플러스,064290,KQ,반도체와반도체장비,33350.0,27587.0,20511.666666666668,17199.75,15543.35,1,73.46909617460007,161.10859019729514,1.4827143363847302,1,7.062600321027279,53.68663594470047,-258.0008163892275,,-283.8008980281503,DART,TRAILING_DART,,-258.0008163892275,-129.26315686415202,-3096.00979667073,-109.2833876961641,5.0,85.05352463703696,BULL,1.0,2026-05-06,BULL,1.0,반도체와반도체장비
2026-05-06,신흥에스이씨,243840,KQ,전기제품,10220.0,9432.0,7375.5,6386.0,5739.975,1,61.660739755975676,4.567557860182433,1.024891667249657,0,-3.5849056603773577,28.55345911949685,-150.7493897736761,,-165.82432875104374,DART,TRAILING_DART,,-150.7493897736761,-67.79463595403965,-1808.9926772841134,-117.70051543330835,5.0,75.1076342650614,BULL,1.0,2026-05-06,BULL,1.0,전기제품
2026-05-06,이노스페이스,462350,KQ,우주항공과국방,17010.0,16078.75888671875,17264.586295572917,16111.487589518229,13632.054919433594,1,54.62242225279055,217.02816219021537,0.8778369183451262,0,2.1621621621621623,14.161073825503356,-3621.942802697623,,-3984.1370829673856,DART,TRAILING_DART,,-3621.942802697623,-4.696374549960025,-43463.31363237147,-355.5162471038887,5.0,60.172326752450374,BULL,1.0,2026-05-06,BULL,1.0,우주항공과국방
2026-05-06,하림,136480,KQ,식품,3195.0,3268.75,3207.0,3097.2916666666665,3064.4,1,42.96698998710325,-9.350771650353423,1.3326962981801747,0,-4.341317365269459,0.0,364.7331201437699,,401.2064321581469,DART,TRAILING_DART,,364.7331201437699,8.759829649527305,4376.797441725239,36.98896531221405,64.04282745293914,44.80264626148617,BULL,1.0,2026-05-06,BULL,1.0,식품
2026-05-06,갤럭시아머니트리,094480,KQ,IT서비스,8880.0,8635.0,9100.166666666666,9398.583333333334,9799.15,0,54.01248694839149,32.146540790303945,3.6874517410336445,0,2.5404157043879882,11.138923654568211,208.9705359986447,,229.8675895985092,DART,TRAILING_DART,,208.9705359986447,42.494028919261574,2507.6464319837364,-71.76073837856153,5.0,37.44719844346445,BULL,1.0,2026-05-06,BULL,1.0,IT서비스
2026-05-06,컨텍,451760,KQ,우주항공과국방,21900.0,21272.0,19486.666666666668,15671.0,12921.45,1,55.406644270077585,50.1058126388923,0.5863696034898591,0,-1.7937219730941756,23.03370786516854,-655.1799222299069,,-720.6979144528976,DART,TRAILING_DART,,-655.1799222299069,-33.42593272007372,-7862.159066758883,-135.90026971122776,5.0,73.98897618509879,BULL,1.0,2026-05-06,BULL,1.0,우주항공과국방
2026-05-06,큐라클,365270,KQ,제약,14400.0,15670.0,15722.166666666666,11417.0,8957.675,1,41.886074234375286,-71.09002082113551,1.9491526554360816,0,-18.964546989307816,4.347826086956519,-826.1434075365505,,-908.7577482902057,DART,TRAILING_DART,,-826.1434075365505,-17.430387834164144,-9913.720890438606,-168.8452839613792,5.0,53.50420294623593,BULL,1.0,2026-05-06,BULL,1.0,제약
2026-05-06,바텍,043150,KQ,건강관리장비와용품,22800.0,22990.0,22532.5,21212.083333333332,21720.0,1,48.67931848825927,-44.03492019462104,1.3094521692074255,0,-3.594080338266381,5.555555555555558,2631.159925478597,3575.0,3575.0,DART,TRAILING_DART,,2631.159925478597,8.665379773847375,31573.919105743164,38.48210134097878,65.01336587163621,48.96859626332853,BULL,1.0,2026-05-06,BULL,1.0,건강관리장비와용품
2026-05-06,콜마비앤에이치,200130,KQ,건강관리업체및서비스,11020.0,11566.5,12298.333333333334,12693.166666666666,13614.6,0,39.77984918182059,-12.313395379752336,1.5784651730702006,0,-7.0042194092826975,1.5668202764977046,-769.6272657822775,,-846.5899923605053,DART|DAILY_DISC,TRAILING_DART,,-769.6272657822775,-14.31861953175329,-9235.52718938733,-183.8069617911736,5.0,17.230907905585084,BULL,1.0,2026-05-06,BULL,1.0,건강관리업체및서비스
2026-05-06,PS일렉트로닉스,332570,KQ,핸드셋,9910.0,7558.5,6168.25,6079.583333333333,5536.2,1,69.63931296073766,193.31108673932954,2.6161938917487184,0,6.216505894962476,93.5546875,346.8059110398712,,381.48650214385833,DART,TRAILING_DART,,346.8059110398712,28.575060817982074,4161.670932478454,-58.00533872372902,5.0,85.84310251402226,BULL,1.0,2026-05-06,BULL,1.0,핸드셋
2026-05-06,유니셈,036200,KQ,반도체와반도체장비,13010.0,11014.0,10338.666666666666,10098.25,9505.6,1,71.226408502254,149.7958707285011,3.575887625763596,1,7.07818930041153,49.19724770642202,292.3517659977884,,321.58694259756726,DART,TRAILING_DART,,292.3517659977884,44.501184918781775,3508.221191973461,-73.03442588798262,5.0,92.83335255191058,BULL,1.0,2026-05-06,BULL,1.0,반도체와반도체장비
2026-05-06,필에너지,378340,KQ,전기제품,21650.0,18115.0,16002.5,14812.416666666666,14223.6,1,71.13363305077766,224.4309563677714,1.6078309395923405,0,1.4051522248243575,41.96721311475411,-732.874184742725,,-806.1616032169976,DART,TRAILING_DART,,-732.874184742725,-29.54122337874436,-8794.4902169127,-140.62120192569375,5.0,78.7603205055458,BULL,1.0,2026-05-06,BULL,1.0,전기제품
2026-05-06,CJ프레시웨이,051500,KQ,식품과기본식료품소매,26750.0,27822.5,30633.333333333332,28644.166666666668,28483.25,0,39.38827943992351,69.05636117203608,1.8316912460579522,0,-3.9497307001795323,-4.121863799283155,4220.7021444312495,5369.0,5369.0,DART|DAILY_DISC,TRAILING_DART,,4220.7021444312495,6.337808043454019,50648.425733175,89.3399092828972,92.93399092828972,25.783005622636214,BULL,1.0,2026-05-06,BULL,1.0,식품과기본식료품소매
2026-05-06,재영솔루텍,049630,KQ,핸드셋,13440.0,14614.5,19952.333333333332,16096.5,11316.675,1,41.29707281820641,282.0425502596131,2.3400392298979176,0,-2.4319419237749496,-10.993377483443712,72.31973677637069,,79.55171045400776,DART,TRAILING_DART,,72.31973677637069,185.84138437283838,867.8368413164483,-93.5428806449669,5.0,58.192770073634186,BULL,1.0,2026-05-06,BULL,1.0,핸드셋
2026-05-06,매커스,093520,KQ,반도체와반도체장비,27600.0,24785.0,25108.333333333332,23666.25,23641.3,1,61.691301422984466,346.7361327420218,1.2522699504671304,1,0.1814882032667775,25.454545454545464,1632.098264065502,,1795.3080904720523,DART,TRAILING_DART,,1632.098264065502,16.910746495893775,19585.179168786024,-29.039205910195566,14.59069482857888,81.83489531430801,BULL,1.0,2026-05-06,BULL,1.0,반도체와반도체장비
2026-05-06,그린리소스,402490,KQ,반도체와반도체장비,22400.0,20094.0,14641.833333333334,11364.666666666666,10258.3,1,61.32021515774219,-203.52554032545595,0.8513830284235397,0,-6.8607068607068555,50.33557046979866,635.3949078432242,,698.9343986275467,DART,TRAILING_DART,,635.3949078432242,35.253666221585334,7624.738894118691,-65.96098707982728,5.0,70.50289279421628,BULL,1.0,2026-05-06,BULL,1.0,반도체와반도체장비
2026-05-06,KH바텍,060720,KQ,핸드셋,13950.0,13963.5,14898.166666666666,13737.333333333334,13258.3,1,47.81631705134609,40.459298386857434,1.0235575791745704,0,-2.9227557411273475,7.805255023183921,861.2391389661096,987.0,987.0,DART,TRAILING_DART,,861.2391389661096,16.1975917824015,10334.869667593315,-25.914912777108857,17.324451320029752,38.44832758235424,BULL,1.0,2026-05-06,BULL,1.0,핸드셋
2026-05-06,AP시스템,265520,KQ,디스플레이장비및부품,26200.0,23138.5,22297.5,20914.833333333332,20038.1,1,67.94712637922612,398.4916480086031,1.3888770629407643,0,4.174950298210733,35.47052740434333,1580.2951466900045,,1738.324661359005,DART,TRAILING_DART,,1580.2951466900045,16.579181461688986,18963.54176028005,-27.62006961725171,15.832439084904756,77.57924175447278,BULL,1.0,2026-05-06,BULL,1.0,디스플레이장비및부품
2026-05-06,아스트,067390,KQ,우주항공과국방,746.0,787.4,770.9166666666666,679.6666666666666,634.03,1,42.49392322336639,-4.673598581287745,2.1578401016946223,0,-7.558859975216848,5.070422535211261,-21.596888515659145,,-23.756577367225063,DART,TRAILING_DART,,-21.596888515659145,-34.54201282092564,-259.16266218790975,-134.74030324234715,5.0,59.242821673341595,BULL,1.0,2026-05-06,BULL,1.0,우주항공과국방
2026-05-06,에코앤드림,101360,KQ,화학,19340.0,19147.5,18919.0,19623.75,20451.65,0,52.18433518029608,-1.280454278782372,0.8477513008318696,0,-5.658536585365859,14.167650531286903,-483.3500891200855,,-531.6850980320941,DART,TRAILING_DART,,-483.3500891200855,-40.012405987567924,-5800.2010694410255,-129.9906983942142,5.0,38.248775526201165,BULL,1.0,2026-05-06,BULL,1.0,화학
2026-05-06,대아티아이,045390,KQ,IT서비스,4845.0,4547.0,4431.416666666667,4238.958333333333,4460.15,1,60.422953007507324,27.3718245921184,2.108596983517075,1,5.326086956521747,22.194199243379575,289.4915858367338,,318.4407444204072,DART,TRAILING_DART,,289.4915858367338,16.736237725169882,3473.899030040806,-28.29929762557676,15.238114577620335,78.29342057168124,BULL,1.0,2026-05-06,BULL,1.0,IT서비스
2026-05-06,HLB테라퓨틱스,115450,KQ,제약,3585.0,3514.5,3079.4722249348956,3051.244045003255,3127.2226135253904,1,58.53732900106299,-18.73025951554567,0.7342391803304713,0,3.1654676258992875,20.707070707070695,-109.14284849209206,,-120.05713334130128,DART,TRAILING_DART,,-109.14284849209206,-32.84686124221644,-1309.7141819051046,-136.5331710433781,5.0,69.06323610150328,BULL,1.0,2026-05-06,BULL,1.0,제약
2026-05-06,오로스테크놀로지,322310,KQ,반도체와반도체장비,43050.0,35120.0,30876.666666666668,27623.333333333332,25933.0,1,67.62615519316539,761.8461552583758,4.964857115924543,0,25.32751091703056,39.54619124797407,-685.5361083097689,,-754.0897191407458,DART,TRAILING_DART,,-685.5361083097689,-62.79756744855118,-8226.433299717228,-119.10902044069043,5.0,86.56208743101236,BULL,1.0,2026-05-06,BULL,1.0,반도체와반도체장비
2026-05-06,한선엔지니어링,452280,KQ,기계,20750.0,17147.5,13811.833333333334,11612.75,10560.8,1,68.78867376486487,341.45513897674664,0.949885396610141,0,15.534521158129166,58.760520275439944,464.2653236809755,,510.69185604907307,DART,TRAILING_DART,,464.2653236809755,44.6942705853659,5571.183884171705,-73.15092104013637,5.0,77.98840431425577,BULL,1.0,2026-05-06,BULL,1.0,기계
2026-05-06,오리엔탈정공,014940,KQ,조선,7730.0,7570.0,7408.5,7872.916666666667,8098.9,0,52.475637152825136,9.933930170953829,0.6613235488303834,0,-7.756563245823389,18.37672281776417,420.0342580553272,,462.03768386086,DART,TRAILING_DART,,420.0342580553272,18.403260809697574,5040.411096663926,-34.79416433811221,9.555106204151816,40.92868757343979,BULL,1.0,2026-05-06,BULL,1.0,조선
2026-05-06,켄코아에어로스페이스,274090,KQ,우주항공과국방,21450.0,22250.5,22400.166666666668,19148.25,15965.05,1,46.0876049021996,-166.34718346686503,0.6864406577144571,0,-8.13704496788008,15.013404825737275,-1127.618654114495,,-1240.3805195259447,DART,TRAILING_DART,,-1127.618654114495,-19.022388394988393,-13531.42384937394,-163.08356106934235,5.0,49.83299948680504,BULL,1.0,2026-05-06,BULL,1.0,우주항공과국방
2026-05-06,KG에코솔루션,151860,KQ,자동차,7050.0,6814.0,6519.833333333333,6137.166666666667,6108.85,1,57.47051122589504,31.373658586874228,1.1935192742716723,0,-1.3986013986013957,17.109634551495013,3859.0686867815607,,4244.975555459717,DART,TRAILING_DART,,3859.0686867815607,1.8268656435549626,46308.82424137873,556.8627551968614,100.0,70.99201990354027,BULL,1.0,2026-05-06,BULL,1.0,자동차
2026-05-06,에코아이,448280,KQ,상업서비스와공급품,12720.0,11496.5,11341.333333333334,11217.5,12118.7,1,63.93472923535567,169.5496128770294,1.1327948325365265,1,1.5163607342378205,11.7750439367311,60.23443203935969,,66.25787524329566,DART,TRAILING_DART,,60.23443203935969,211.17489730272914,722.8131844723163,-94.31750641138116,5.0,72.24110496734383,BULL,1.0,2026-05-06,BULL,1.0,상업서비스와공급품
2026-05-06,신성에스티,416180,KQ,전기제품,38100.0,36885.0,36193.333333333336,36046.666666666664,37800.75,1,55.641763864450496,59.86945848136577,0.6944762264826735,0,-2.8061224489795866,16.692189892802457,61.24965093169323,,67.37461602486256,DART,TRAILING_DART,,61.24965093169323,622.044361403624,734.9958111803188,-98.07087713600966,5.0,48.1359594266196,BULL,1.0,2026-05-06,BULL,1.0,전기제품
2026-05-06,휴온스,243070,KQ,제약,27450.0,26457.5,26738.333333333332,27215.0,28230.25,0,60.680101697596136,55.94211726509113,2.3197873334462225,1,2.425373134328357,9.800000000000008,3526.296070883451,,3878.9256779717966,DART|DAILY_DISC,TRAILING_DART,,3526.296070883451,7.78437188716343,42315.552850601416,54.15501949217274,75.20076266991228,59.31404497618211,BULL,1.0,2026-05-06,BULL,1.0,제약
2026-05-06,미래나노텍,095500,KQ,디스플레이장비및부품,11190.0,10295.0,10216.5,10909.333333333334,10764.55,1,62.55700951229447,63.21406600878149,2.698405722860022,1,4.481792717086841,20.71197411003236,438.54349850188646,,482.39784835207513,DART,TRAILING_DART,,438.54349850188646,25.516282964463706,5262.5219820226375,-52.97120659497197,5.0,73.7340558829993,BULL,1.0,2026-05-06,BULL,1.0,디스플레이장비및부품
2026-05-06,싸이맥스,160980,KQ,반도체와반도체장비,38850.0,31240.0,25081.333333333332,20396.0,18090.85,1,76.8588767992182,704.512743473379,1.016754026706671,0,19.354838709677423,54.473161033797226,1367.544243843715,,1504.2986682280866,DART,TRAILING_DART,,1367.544243843715,28.408587272325086,16410.530926124582,-57.759251155406474,5.0,75.45812910324666,BULL,1.0,2026-05-06,BULL,1.0,반도체와반도체장비
2026-05-06,골프존,215000,KQ,"호텔,레스토랑,레저",49700.0,50645.0,52055.833333333336,55287.916666666664,58626.25,0,42.77793103075743,-16.37755429952672,1.6892710063446106,0,-2.5490196078431393,4.5215562565720235,2049.586797367186,,2254.545477103905,DART|DAILY_DISC,TRAILING_DART,,2049.586797367186,24.24879007995297,24595.04156840623,-50.51299483218061,5.0,25.247128395591496,BULL,1.0,2026-05-06,BULL,1.0,"호텔,레스토랑,레저"
2026-05-06,아크릴,0007C0,KQ,IT서비스,39000.0,38150.0,38762.5,,,0,52.00704260012669,261.9623281148531,0.4007321136101861,0,2.7667984189723382,23.61331220285261,,,-525.8000000000001,SCRAPE,FORWARD_AUTO,,-525.8000000000001,-74.17268923545073,-6309.6,-116.17846153846155,5.0,29.93943291644097,BULL,1.0,2026-05-06,BULL,1.0,IT서비스
2026-05-06,제넥신,095700,KQ,생물공학,5120.0,5571.25,4968.666666666667,4893.333333333333,5060.725,1,44.89038254629463,-116.76648770436717,0.4002651098243767,0,-10.801393728222997,10.822510822510822,-597.602050737526,,-657.3622558112787,DART,TRAILING_DART,,-597.602050737526,-8.567574347646884,-7171.2246088503125,-240.06298064160765,5.0,42.384100488661836,BULL,1.0,2026-05-06,BULL,1.0,생물공학
2026-05-06,케이엔제이,272110,KQ,반도체와반도체장비,43100.0,38897.5,35587.5,29809.583333333332,26398.25,1,62.67867410166523,168.64203794809032,1.9996855849855864,1,9.529860228716647,36.60855784469097,3184.8465623187394,,3503.331218550614,DART,TRAILING_DART,,3184.8465623187394,13.532834049192275,38218.15874782487,-11.326777847274084,30.089069383635174,91.26093452248126,BULL,1.0,2026-05-06,BULL,1.0,반도체와반도체장비
2026-05-06,에이직랜드,445090,KQ,반도체와반도체장비,31400.0,29442.5,29204.166666666668,28972.083333333332,29723.25,1,58.982177885204614,203.62188580962197,1.90703585067568,0,-0.6329113924050667,16.945996275605225,-2430.5919125420182,,-2673.6511037962205,DART,TRAILING_DART,,-2430.5919125420182,-12.918663901568125,-29167.102950504217,-192.88886289969497,5.0,62.57682014825119,BULL,1.0,2026-05-06,BULL,1.0,반도체와반도체장비
2026-05-06,에스엔시스,0008Z0,KQ,조선,41400.0,37602.5,33087.5,32568.333333333332,,0,59.415014118908076,191.88914711595453,0.5717262087137692,0,-0.8383233532934131,35.07340946166395,,,2385.9,SCRAPE,FORWARD_AUTO,,2385.9,17.351942663145984,28630.800000000003,-30.84347826086956,13.011956521739135,45.34863923608587,BULL,1.0,2026-05-06,BULL,1.0,조선
2026-05-06,유니슨,018000,KQ,에너지장비및서비스,1254.0,1370.8,1305.3333333333333,1232.4666666666667,1216.535,1,39.796244119209796,-13.952378818279703,1.2247580523223127,0,-6.348020911127705,-20.833333333333336,-84.44266485730596,,-92.88693134303657,DART,TRAILING_DART,,-84.44266485730596,-14.850312956359812,-1013.3119782876715,-180.80637785388132,5.0,38.87146856569399,BULL,1.0,2026-05-06,BULL,1.0,에너지장비및서비스
2026-05-06,삼미금속,012210,KQ,기계,14930.0,14205.5,14996.5,12818.833333333334,9819.425,1,53.88721217552955,84.65549848689099,1.0267232462955929,0,2.8236914600551,5.289139633286322,76.16069683091375,,83.77676651400513,DART,TRAILING_DART,,76.16069683091375,196.03287024994614,913.9283619709649,-93.87857761573366,5.0,59.07913035686482,BULL,1.0,2026-05-06,BULL,1.0,기계
2026-05-06,유진기업,023410,KQ,건축자재,3890.0,4092.75,4265.666666666667,3927.2083333333335,3741.2,1,35.63312159743465,-14.117150066191908,1.860509787944319,0,-6.151990349819059,-0.2564102564102555,-316.7263316281956,,-348.3989647910152,DART,TRAILING_DART,,-316.7263316281956,-12.281896424596813,-3800.7159795383477,-197.70478096499608,5.0,34.37559354558795,BULL,1.0,2026-05-06,BULL,1.0,건축자재
2026-05-06,KG이니시스,035600,KQ,IT서비스,11330.0,11173.5,10938.0,10729.75,10689.8,1,56.929977500665004,0.9202210839581539,1.2163929359036088,0,-0.4393673110720586,8.733205374280239,2097.0631387674302,,2306.7694526441733,DART,TRAILING_DART,,2097.0631387674302,5.402793931449923,25164.757665209163,122.10730507686817,96.21073050768682,54.96870664662972,BULL,1.0,2026-05-06,BULL,1.0,IT서비스
2026-05-06,바이오니아,064550,KQ,생물공학,10030.0,10745.0,11676.5,12469.166666666666,13250.1,0,37.11493276746146,-46.30807755417598,0.6975579943362413,0,-8.568824065633551,-0.6930693069306937,66.13643147223718,,72.7500746194609,DART|DAILY_DISC,TRAILING_DART,,66.13643147223718,151.65620183499627,793.6371776668461,-92.08736612495667,5.0,10.20772779113068,BULL,1.0,2026-05-06,BULL,1.0,생물공학
2026-05-06,폰드그룹,472850,KQ,"섬유,의류,신발,호화품",5450.0,5516.0,5617.166666666667,5361.181160481771,5448.848798828125,1,47.16325253326912,13.387990051823778,2.0568956942689107,0,-5.709342560553631,4.606525911708248,768.401487402168,,845.2416361423848,DART,TRAILING_DART,,768.401487402168,7.092646343548219,9220.817848826016,69.18931832708286,84.97305691260385,43.58969751939969,BULL,1.0,2026-05-06,BULL,1.0,"섬유,의류,신발,호화품"
2026-05-06,인탑스,049070,KQ,핸드셋,18710.0,17998.5,18309.333333333332,17854.916666666668,17086.4,1,57.11332771384946,108.99555383389304,1.4030615936411466,0,-2.041884816753925,14.785276073619634,474.48715441860463,,521.9358698604651,DART,TRAILING_DART,,474.48715441860463,39.43204747644983,5693.845853023256,-69.56790030452562,5.0,58.12578067067023,BULL,1.0,2026-05-06,BULL,1.0,핸드셋
2026-05-06,나이벡,138610,KQ,건강관리장비와용품,24400.0,26490.0,28821.666666666668,33800.416666666664,31921.0,0,35.55519913981449,-78.5587672504505,1.7561702991886952,0,-11.754068716094036,-2.7888446215139417,408.3453493567309,,449.179884292404,DART,TRAILING_DART,,408.3453493567309,59.75334367940637,4900.144192280771,-79.91744183491487,5.0,15.781257887176118,BULL,1.0,2026-05-06,BULL,1.0,건강관리장비와용품
2026-05-06,한국캐피탈,023760,KQ,기타금융,972.0,965.4,983.6,892.55,854.225,1,51.03081565451618,0.958668819635752,1.7200898495369865,0,-0.5117707267144334,6.930693069306937,318.5000031811456,,350.3500034992602,DART,TRAILING_DART,,318.5000031811456,3.0518053070385025,3822.0000381737473,293.2098804705501,100.0,57.5662047069055,BULL,1.0,2026-05-06,BULL,1.0,기타금융
2026-05-06,유비쿼스홀딩스,078070,KQ,통신장비,16480.0,16709.5,14350.0,12512.333333333334,11651.35,1,52.73535352887595,-241.95690148256665,0.6725600378291725,0,1.602959309494456,4.901336728198591,1911.1518220173484,,2102.2670042190834,DART,TRAILING_DART,,1911.1518220173484,8.62307212338801,22933.82186420818,39.16154043815643,65.45500128480168,68.5016640533987,BULL,1.0,2026-05-06,BULL,1.0,통신장비
2026-05-06,인터플렉스,051370,KQ,전자장비와기기,13300.0,13017.0,12801.333333333334,11692.75,10644.7,1,51.90577151256351,1.9391531297384859,0.9189844700551199,0,-4.864091559370531,13.191489361702136,1407.3379180564443,,1548.071709862089,DART,TRAILING_DART,,1407.3379180564443,9.450466607456656,16888.055016677332,26.977857268250617,57.5356072243629,63.52391696526449,BULL,1.0,2026-05-06,BULL,1.0,전자장비와기기
2026-05-06,에프앤가이드,064850,KQ,IT서비스,32900.0,26962.5,20970.166666666668,14994.666666666666,12342.85,1,70.4906581251702,70.85599660880234,2.3695841461338527,1,12.0954003407155,74.90696438064859,880.3930903149882,,968.432399346487,DART,TRAILING_DART,,880.3930903149882,37.36967084581388,10564.717083779859,-67.88839792164177,5.0,89.7141225220973,BULL,1.0,2026-05-06,BULL,1.0,IT서비스
2026-05-06,스맥,099440,KQ,기계,4000.0,4452.75,5212.25,5576.708333333333,4923.6,0,32.05687701983649,9.27171900384684,1.1285274161818286,0,-13.043478260869568,-12.37677984665937,-314.9671561323577,,-346.46387174559345,DART,TRAILING_DART,,-314.9671561323577,-12.699736852305618,-3779.605873588292,-194.49014683970728,5.0,13.443494079102829,BULL,1.0,2026-05-06,BULL,1.0,기계
2026-05-06,솔트룩스,304100,KQ,IT서비스,22350.0,23280.0,23899.666666666668,26312.75,29422.15,0,43.813831293724476,-84.11663906708034,1.5030829483382102,0,-10.420841683366733,9.024390243902447,-952.7149054836664,,-1047.986396032033,DART,TRAILING_DART,,-952.7149054836664,-23.459273987797577,-11432.578865803996,-151.15247814677403,5.0,22.012099728841882,BULL,1.0,2026-05-06,BULL,1.0,IT서비스
2026-05-06,와이엠티,251370,KQ,화학,22450.0,17494.0,14942.0,13245.416666666666,12650.9,1,76.35885883560854,338.3495110873256,2.6031882995829756,1,27.993158494868876,48.971466489714665,83.17366070314051,,91.49102677345458,DART,TRAILING_DART,,83.17366070314051,269.9171806339927,998.0839284376862,-95.55419185551142,5.0,93.44326470156838,BULL,1.0,2026-05-06,BULL,1.0,화학
2026-05-06,바이오솔루션,086820,KQ,생물공학,10860.0,11465.5,10836.333333333334,9485.0,9083.75,1,44.68835875170716,-70.86516368334131,1.4357285088438765,0,-4.736842105263161,-3.208556149732622,10.544672878522038,,11.599140166374244,DART,TRAILING_DART,,10.544672878522038,1029.9039263816555,126.53607454226446,-98.83484277585391,5.0,61.434287676572886,BULL,1.0,2026-05-06,BULL,1.0,생물공학
2026-05-06,제이브이엠,054950,KQ,건강관리장비와용품,24750.0,24855.0,25171.666666666668,25490.833333333332,27038.5,0,47.534307887527014,10.49231068743093,2.106385131229044,0,-1.980198019801982,3.99159663865547,2345.0006449189123,2852.0,2852.0,DART|DAILY_DISC,TRAILING_DART,,2345.0006449189123,10.554368099483328,28140.007739026947,13.697000965765449,48.90305062774754,35.95945855887266,BULL,1.0,2026-05-06,BULL,1.0,건강관리장비와용품
2026-05-06,네오팜,092730,KQ,화장품,19690.0,19041.5,18615.333333333332,18659.083333333332,18383.2,1,53.56269988345914,143.87525131487564,1.3941262198392121,0,-2.0398009950248763,15.891701000588586,1735.893274945472,,1909.4826024400195,DART,TRAILING_DART,,1735.893274945472,11.342863230240063,20830.719299345663,5.793394105361416,43.76570616848492,60.30161651948693,BULL,1.0,2026-05-06,BULL,1.0,화장품
2026-05-06,에이팩트,200470,KQ,반도체와반도체장비,9760.0,7797.0,7804.5,7091.416666666667,5683.3,1,66.06478560909369,207.70220689371308,3.0322319141164273,1,2.092050209205021,35.180055401662045,123.3683012546146,,135.70513138007607,DART,TRAILING_DART,,123.3683012546146,79.11270480945305,1480.419615055375,-84.83176623918673,5.0,91.33679199334762,BULL,1.0,2026-05-06,BULL,1.0,반도체와반도체장비
2026-05-06,엠디바이스,226590,KQ,반도체와반도체장비,27800.0,27595.0,26565.5,20402.666666666668,17989.4,1,50.637306266878966,23.564649180497327,1.4732736042368082,0,-5.442176870748295,18.046709129511672,1004.425075610604,,1104.8675831716646,DART,TRAILING_DART,,1004.425075610604,27.677524859781094,12053.100907327249,-56.643521916089036,5.0,68.34610213181891,BULL,1.0,2026-05-06,BULL,1.0,반도체와반도체장비
2026-05-06,제노코,361390,KQ,우주항공과국방,29950.0,29867.5,29005.833333333332,23988.75,21115.55,1,50.460887392070155,-94.15664838950147,0.8704977470436736,0,-5.8176100628930865,11.75373134328359,-218.4523487613743,,-240.29758363751176,DART,TRAILING_DART,,-218.4523487613743,-137.10083764178606,-2621.4281851364917,-108.75268175337726,5.0,61.91879642835783,BULL,1.0,2026-05-06,BULL,1.0,우주항공과국방
2026-05-06,상신이디피,091580,KQ,전기제품,27200.0,25070.0,19675.666666666668,16555.583333333332,14079.95,1,61.0693334526239,-117.63561319305882,0.4458842149002201,0,4.414587332053732,20.353982300884965,150.92915865202994,,166.02207451723294,DART,TRAILING_DART,,150.92915865202994,180.21699877563168,1811.1499038243592,-93.34136064770456,5.0,71.17387399307253,BULL,1.0,2026-05-06,BULL,1.0,전기제품
2026-05-06,SG,255220,KQ,건축자재,2520.0,2684.5,2799.0,2634.2916666666665,2473.325,1,39.59172838945776,-12.115783330403197,0.9003693850007222,0,-2.7027027027026973,-6.839186691312382,-22.471962206935725,,-24.7191584276293,DART,TRAILING_DART,,-22.471962206935725,-112.13974003668578,-269.6635464832287,-110.7009343842551,5.0,27.35618008384916,BULL,1.0,2026-05-06,BULL,1.0,건축자재
2026-05-06,쿠콘,294570,KQ,IT서비스,29900.0,29385.0,30435.0,30549.166666666668,33440.0,0,51.03828387296118,74.24168120774871,1.733431391388904,0,-4.472843450479235,11.775700934579447,2128.992216796879,,2341.891438476567,DART,TRAILING_DART,,2128.992216796879,14.044203526955718,25547.906601562547,-14.55549631584433,27.26394072363621,32.32727412560564,BULL,1.0,2026-05-06,BULL,1.0,IT서비스
2026-05-06,마이크로컨텍솔,098120,KQ,반도체와반도체장비,36150.0,33725.0,29358.333333333332,24153.416666666668,23190.65,1,61.760358341428784,10.591668932841912,0.8318839165275342,0,2.6988636363636465,32.904411764705884,2041.358993624986,,2245.4948929874845,DART,TRAILING_DART,,2041.358993624986,17.70879111067372,24496.30792349983,-32.23704585477225,11.792584877074283,73.99465343398549,BULL,1.0,2026-05-06,BULL,1.0,반도체와반도체장비
2026-05-06,제이오,418550,KQ,건설,11830.0,10734.5,9059.0,8322.5,8417.9,1,59.873405857871944,-31.177112318586296,0.4528243622843821,0,-1.416666666666666,39.99999999999999,-232.49689245061623,,-255.74658169567783,DART,TRAILING_DART,,-232.49689245061623,-50.882400514289735,-2789.962709407395,-123.58379297892981,5.0,72.2767553104866,BULL,1.0,2026-05-06,BULL,1.0,건설
2026-05-06,나우로보틱스,459510,KQ,기계,28300.0,23191.5,24023.0,24124.166666666668,22470.95,1,64.97132879551597,915.4919664899556,1.8000282360896793,0,18.410041841004187,43.947100712105794,-641.3466303426729,,-705.4812933769402,DART,TRAILING_DART,,-641.3466303426729,-44.12590424756617,-7696.159564112075,-127.19491012053736,5.0,75.63955902451578,BULL,1.0,2026-05-06,BULL,1.0,기계
2026-05-06,우주일렉트로,065680,KQ,핸드셋,39350.0,33517.5,31118.333333333332,33212.5,35948.25,1,72.55745798182652,673.634482868873,0.5355126692064739,0,-1.7478152309613026,60.61224489795918,2328.345465182457,,2561.180011700703,DART,TRAILING_DART,,2328.345465182457,16.900413013631724,27940.14558218948,-28.99581808846383,14.628659172594148,66.05654303858562,BULL,1.0,2026-05-06,BULL,1.0,핸드셋
2026-05-06,석경에이티,357550,KQ,화학,59200.0,55400.0,55103.333333333336,57158.333333333336,55063.5,1,61.0777241612983,386.4311722238349,1.287517097215412,1,1.0238907849829282,15.399610136452235,696.2832445462878,,765.9115690009166,DART,TRAILING_DART,,696.2832445462878,85.02287030987786,8355.398934555455,-85.88615044838606,5.0,70.20002497109935,BULL,1.0,2026-05-06,BULL,1.0,화학
2026-05-06,LB세미콘,061970,KQ,반도체와반도체장비,5620.0,5081.75,4752.583333333333,4526.208333333333,4485.2,1,56.78149261864751,49.389743241142014,1.007969740776029,0,-18.313953488372093,42.82083862770012,-2597.5847121789807,,-2857.343183396879,DART,TRAILING_DART,,-2597.5847121789807,-2.163548304565463,-31171.016546147766,-654.6444225293196,5.0,78.4602105694199,BULL,1.0,2026-05-06,BULL,1.0,반도체와반도체장비
2026-05-06,한라IMS,092460,KQ,조선,19090.0,17829.0,16222.5,16427.583333333332,15393.6,1,58.14812082738366,168.3465901220511,0.6395133283240758,0,-4.549999999999999,27.60695187165776,1489.7637145171625,,1638.740085968879,DART,TRAILING_DART,,1489.7637145171625,12.814112609922933,17877.164574205948,-6.353250004159516,34.44090624636042,77.68249445154409,BULL,1.0,2026-05-06,BULL,1.0,조선
2026-05-06,에스오에스랩,464080,KQ,전자장비와기기,16100.0,15953.5,16658.166666666668,15718.666666666666,13726.5,1,49.32528396779609,77.36530319528487,0.9949244199354802,0,-6.612529002320189,13.460183227625077,-986.348088445758,,-1084.9828972903338,DART,TRAILING_DART,,-986.348088445758,-16.322837939869324,-11836.177061349095,-173.51662771024283,5.0,54.991707644535985,BULL,1.0,2026-05-06,BULL,1.0,전자장비와기기
2026-05-06,모베이스전자,012860,KQ,자동차부품,3945.0,3784.0,3861.25,2991.925,2355.64,1,54.30159573083403,21.668376398555893,1.2522861593485062,0,-1.1278195488721776,11.28349788434415,283.9373374795075,,312.33107122745827,DART,TRAILING_DART,,283.9373374795075,13.893910660075555,3407.24804975409,-13.631228143115592,28.07267537477386,64.462990209716,BULL,1.0,2026-05-06,BULL,1.0,자동차부품
