기준일,추천순위,결합순위,종목명,종목코드,시장,섹터그룹,종가,20일이평,60일이평,120일이평,200일이평,200일선상단여부,RSI14,MACD히스토그램,거래량비율20일,20일돌파,5일수익률(%),20일수익률(%),상대강도20일,후행EPS(DART),컨센서스EPS(스크랩),자동선행EPS,원본EPS출처,EPS소스,수동선행EPS,모델EPS,현재PER,적정주가_기준,상승여력(%),밸류점수,적자여부,최대비중(%),기술점수,종합점수,결합액션,권장비중(%),마켓레짐,레짐비중배수,섹터PER상한,핵심요약,주의표시,volume_ratio_pct_rank
2026-05-05,1,1,인화정공,101930,KQ,기타,15140.0,10427.5,9354.666666666666,9781.666666666666,9479.7,1,81.40944363570745,438.0737640097851,10.95529484803772,1,56.404958677685954,52.929292929292934,52.929292929292934,2769.102616062893,,3046.0128776691827,DART,TRAILING_DART,,2769.102616062893,5.467475243487377,33229.231392754715,119.47973178834026,95.94797317883402,0,3.0,91.63948441581877,93.7937287973264,최종매수후보,3.0,BULL,1.0,13.283513969726577,상승여력 119% | 200일↑ | 20일돌파 | 거래량x11.0 | MACD+,,99.48453608247422
2026-05-05,2,2,KG케미칼,001390,KS,기타,6550.0,5876.5,5594.25,5476.458333333333,5219.85,1,62.87337634550217,96.77831946490295,2.5035824009216876,0,9.166666666666657,27.184466019417485,27.184466019417485,3628.948809580648,,3991.843690538713,DART,TRAILING_DART,,3628.948809580648,1.804930392709756,43547.38571496777,564.8455834346224,100.0,0,3.0,86.05917702332044,93.02958851166022,진입대기,3.0,BULL,1.0,13.283513969726577,상승여력 565% | 200일↑ | 거래량x2.5 | RSI우호 | MACD+,,92.91237113402062
2026-05-05,3,3,솔브레인홀딩스,036830,KQ,기타,71900.0,60750.0,54967.5,47898.333333333336,45983.75,1,62.78383150773145,1643.2567848920999,1.629981243742394,0,13.94611727416799,50.418410041841,50.418410041841,24168.868325570533,,26585.755158127587,DART,TRAILING_DART,,24168.868325570533,2.974901390973701,290026.41990684636,303.37471475222026,100.0,0,3.0,83.71244266167243,91.8562213308362,진입대기,3.0,BULL,1.0,13.283513969726577,상승여력 303% | 200일↑ | 거래량x1.6 | RSI우호 | MACD+,,82.4742268041237
2026-05-05,4,4,한화,000880,KS,기타,139900.0,127685.0,123386.66666666667,108028.33333333333,100362.0,1,66.25125093072188,890.4457038791666,1.4186470417403207,1,6.712433257055683,23.043095866314857,23.043095866314857,26569.28508732171,10406.0,10406.0,DART,TRAILING_DART,,26569.28508732171,5.265478523046797,318831.4210478605,127.8995146875343,96.78995146875343,0,3.0,84.68176292672105,90.73585719773723,최종매수후보,3.0,BULL,1.0,13.283513969726577,상승여력 128% | 200일↑ | 20일돌파 | RSI우호 | MACD+,,76.03092783505154
2026-05-05,5,5,KG에코솔루션,151860,KQ,기타,7270.0,6762.5,6508.666666666667,6123.25,6107.7,1,65.13528230849309,58.090499152759776,1.5103990902344837,0,3.2670454545454586,18.019480519480524,18.019480519480524,3859.0686867815607,,4244.975555459717,DART,TRAILING_DART,,3859.0686867815607,1.8838742168290181,46308.82424137873,536.9852027699962,100.0,0,3.0,76.3043743900255,88.15218719501274,진입대기,3.0,BULL,1.0,13.283513969726577,상승여력 537% | 200일↑ | 거래량x1.5 | RSI우호 | MACD+,,78.47938144329896
2026-05-05,6,6,DB증권,016610,KS,기타,14510.0,13561.0,13863.666666666666,12423.416666666666,11198.65,1,59.57004321229525,85.3373234379055,3.632391093489718,1,4.088952654232414,19.719471947194723,19.719471947194723,2248.926010667244,,2473.8186117339687,DART|DAILY_DISC,TRAILING_DART,,2248.926010667244,6.451968597977557,26987.112128006927,85.98974588564387,92.59897458856439,0,3.0,83.51495529612377,88.05696494234408,최종매수후보,3.0,BULL,1.0,13.283513969726577,상승여력 86% | 200일↑ | 20일돌파 | 거래량x3.6 | RSI우호 | MACD+,EPS스크랩,96.1340206185567
2026-05-05,7,7,KG스틸,016380,KS,기타,6990.0,5971.5,5794.166666666667,5583.416666666667,5631.975,1,77.82084300590111,137.83492395227245,2.2865304124850248,0,13.474025974025983,33.90804597701149,33.90804597701149,1355.2919371863486,,1490.8211309049836,DART,TRAILING_DART,,1355.2919371863486,5.157560381058252,16263.503246236183,132.66814372297827,97.26681437229783,0,3.0,78.26942435531632,87.76811936380707,진입대기,3.0,BULL,1.0,13.283513969726577,상승여력 133% | 200일↑ | 거래량x2.3 | MACD+,,91.23711340206185
2026-05-05,8,8,HDC,012630,KS,기타,28100.0,27362.5,25485.666666666668,21529.166666666668,21128.95,1,58.034533616046964,0.027375441227604824,0.9945480947474015,0,1.9963702359346636,5.44090056285178,5.44090056285178,6971.399814595231,,7668.539796054754,DART|DAILY_DISC,TRAILING_DART,,6971.399814595231,4.0307543316006935,83656.79777514277,197.71102411082836,100.0,0,3.0,74.42284163091894,87.21142081545946,진입대기,3.0,BULL,1.0,13.283513969726577,상승여력 198% | 200일↑ | RSI우호 | MACD+,EPS스크랩,51.80412371134021
2026-05-05,9,9,제이에스코퍼레이션,194370,KS,기타,14760.0,13309.0,12791.5,12328.75,11749.05,1,66.1618355851711,175.94310278390935,0.743903898867522,0,4.680851063829783,32.97297297297297,32.97297297297297,2955.336888945347,,3250.8705778398817,DART|DAILY_DISC,TRAILING_DART,,2955.336888945347,4.994354469438275,35464.04266734416,140.27129178417454,98.02712917841745,0,3.0,73.78602151176608,85.90657534509177,진입대기,3.0,BULL,1.0,13.283513969726577,상승여력 140% | 200일↑ | RSI우호 | MACD+,EPS스크랩,30.412371134020617
2026-05-05,10,10,일진홀딩스,015860,KS,기타,13410.0,8737.0,8080.333333333333,7676.833333333333,6968.6,1,84.40558876661066,417.57261080673254,13.153962860183476,1,39.97912317327766,98.66666666666666,98.66666666666666,1815.7691979751023,,1997.3461177726128,DART,TRAILING_DART,,1815.7691979751023,7.385299858018561,21789.230375701227,62.484939416116525,80.61521062047575,0,3.0,90.56943258335333,85.59232160191453,최종매수후보,3.0,BULL,1.0,13.283513969726577,상승여력 62% | 200일↑ | 20일돌파 | 거래량x13.2 | MACD+,,99.74226804123711
2026-05-05,11,11,HD현대,267250,KS,기타,302500.0,266400.0,264425.0,238713.33333333334,203898.5,1,66.05070680883674,5486.79161443793,1.6095570988742018,0,5.034722222222232,23.469387755102034,23.469387755102034,46529.16929374261,19327.0,19327.0,DART|DAILY_DISC,TRAILING_DART,,46529.16929374261,6.501298101633659,558350.0315249113,84.5785228181525,92.45785228181525,0,3.0,77.25742288260173,84.8576375822085,진입대기,3.0,BULL,1.0,13.283513969726577,상승여력 85% | 200일↑ | 거래량x1.6 | RSI우호 | MACD+,EPS스크랩,81.70103092783505
2026-05-05,12,12,삼지전자,037460,KQ,기타,34250.0,31317.5,25908.0,20466.333333333332,17044.5,1,65.8442333899507,-88.14832005436347,0.5782089654501645,0,0.5873715124816492,19.75524475524475,19.75524475524475,7252.4396428794225,,7977.683607167365,DART,TRAILING_DART,,7252.4396428794225,4.7225487817230265,87029.27571455308,154.10007507898712,99.41000750789871,0,3.0,70.16901864372578,84.78951307581224,진입대기,3.0,BULL,1.0,13.283513969726577,상승여력 154% | 200일↑ | RSI우호,,14.690721649484537
2026-05-05,13,13,F&F홀딩스,007700,KS,기타,20250.0,19050.5,19425.833333333332,19597.333333333332,19318.45,1,60.85304778615017,108.43496196308777,2.768583250107005,1,5.523710265763415,13.002232142857139,13.002232142857139,9405.895715224024,,10346.485286746429,DART,TRAILING_DART,,9405.895715224024,2.1529050090598094,112870.74858268828,457.3864127540162,100.0,0,3.0,69.56155721133734,84.78077860566867,최종매수후보,3.0,BULL,1.0,13.283513969726577,상승여력 457% | 200일↑ | 20일돌파 | 거래량x2.8 | RSI우호 | MACD+,,93.55670103092784
2026-05-05,14,14,KCC,002380,KS,기타,574000.0,538250.0,536633.3333333334,481437.5,445100.0,1,58.47412369859863,3046.594534288204,0.9850881967664177,0,3.052064631956908,23.70689655172413,23.70689655172413,173127.92396137904,60152.0,60152.0,DART,TRAILING_DART,,173127.92396137904,3.3154674697540214,2077535.0875365485,261.939910720653,100.0,0,3.0,69.0472077613725,84.52360388068625,진입대기,3.0,BULL,1.0,13.283513969726577,상승여력 262% | 200일↑ | RSI우호 | MACD+,,51.03092783505154
2026-05-05,15,15,iM금융지주,139130,KS,기타,19300.0,18426.0,18001.833333333332,16283.083333333334,15367.3,1,64.3050674717158,42.164387846964814,1.1935012080699452,1,1.0471204188481575,15.915915915915924,15.915915915915924,2848.1692618619904,3056.0,3056.0,DART|DAILY_DISC,TRAILING_DART,,2848.1692618619904,6.776282666354817,34178.03114234388,77.08824426084912,90.10735876955192,0,3.0,78.44947701802553,84.27841789378873,최종매수후보,3.0,BULL,1.0,13.283513969726577,상승여력 77% | 200일↑ | 20일돌파 | RSI우호 | MACD+,EPS스크랩,64.94845360824742
2026-05-05,16,16,한국금융지주,071050,KS,기타,262000.0,249100.0,237700.0,204161.66666666666,181866.0,1,59.126624646212704,-795.6828756348632,1.7448657656360336,1,1.158301158301156,23.584905660377366,23.584905660377366,36326.89033153506,36407.0,36407.0,DART,TRAILING_DART,,36326.89033153506,7.212288131708319,435922.68397842074,66.38270380855754,83.1487574755624,0,3.0,84.90824998232918,84.0285037289458,최종매수후보,3.0,BULL,1.0,13.283513969726577,상승여력 66% | 200일↑ | 20일돌파 | 거래량x1.7 | RSI우호,,84.66494845360825
2026-05-05,17,17,아이티센글로벌,124500,KQ,기타,61900.0,51002.5,53566.666666666664,41039.916666666664,31872.45,1,63.94186846745423,1217.1940362651962,1.7867967717782773,1,33.837837837837846,32.97529538131041,32.97529538131041,8545.071342544496,,9399.578476798946,DART,TRAILING_DART,,8545.071342544496,7.243941860591631,102540.85611053395,65.65566415272043,82.67618169926828,0,3.0,84.99072438617438,83.83345304272133,최종매수후보,3.0,BULL,1.0,13.283513969726577,상승여력 66% | 200일↑ | 20일돌파 | 거래량x1.8 | RSI우호 | MACD+,,85.4381443298969
2026-05-05,18,18,한화3우B,00088K,KS,기타,50500.0,48762.5,48339.166666666664,44527.916666666664,41883.5,1,57.36380338057498,100.89840593594181,1.204864419994802,0,0.5976095617529875,12.222222222222223,12.222222222222223,,10406.0,10406.0,SCRAPE,CONSENSUS_SCRAPE,,10406.0,4.852969440707284,124872.0,147.27128712871286,98.72712871287129,0,3.0,67.5327451853743,83.1299369491228,진입대기,3.0,BULL,1.0,13.283513969726577,상승여력 147% | 200일↑ | RSI우호 | MACD+,EPS스크랩,65.4639175257732
2026-05-05,19,19,한화생명,088350,KS,기타,5040.0,4841.75,4756.916666666667,3965.2916666666665,3707.525,1,56.04378525038635,13.064470517017924,1.2398848300249652,0,1.5105740181268867,12.751677852348987,12.751677852348987,962.9131981624124,,1059.2045179786537,DART,TRAILING_DART,,962.9131981624124,5.234116646877567,11554.95837794895,129.26504718152677,96.92650471815267,0,3.0,69.1412488107611,83.03387676445689,진입대기,3.0,BULL,1.0,13.283513969726577,상승여력 129% | 200일↑ | RSI우호 | MACD+,,67.26804123711341
2026-05-05,20,20,삼천리,004690,KS,기타,148500.0,138850.0,143150.0,135570.0,135125.5,1,63.83590692643961,1577.2623194469468,0.8628458331578724,1,3.125,8.078602620087327,8.078602620087327,32386.00962090246,,35624.61058299271,DART,TRAILING_DART,,32386.00962090246,4.585313279971228,388632.1154508295,161.70512824971684,100.0,0,3.0,65.95198029404918,82.97599014702459,최종매수후보,3.0,BULL,1.0,13.283513969726577,상승여력 162% | 200일↑ | 20일돌파 | RSI우호 | MACD+,,41.108247422680414
2026-05-05,21,21,INVENI,015360,KS,기타,16210.0,16107.5,15839.166666666666,14566.916666666666,13709.05,1,53.61007005200066,5.299967310750688,1.7600329477579468,0,1.4392991239048802,-1.0378510378510342,-1.0378510378510342,3182.2162935779816,,3500.43792293578,DART,TRAILING_DART,,3182.2162935779816,5.093934071267669,38186.59552293578,135.5743092099678,97.55743092099678,0,3.0,67.57866554471705,82.56804823285691,진입대기,3.0,BULL,1.0,13.283513969726577,상승여력 136% | 200일↑ | 거래량x1.8 | RSI우호 | MACD+,,84.92268041237114
2026-05-05,22,22,서희건설,035890,KQ,기타,3350.0,1709.35,1651.7833333333333,1637.3916666666667,1661.955,1,99.99995186933025,110.21323147617977,,1,106.40788662969811,106.40788662969811,106.40788662969811,524.790316019571,,577.2693476215281,DART,TRAILING_DART,,524.790316019571,6.383501939229893,6297.483792234852,87.98459081298067,92.79845908129806,0,3.0,71.7751044328939,82.28678175709598,최종매수후보,3.0,BULL,1.0,13.283513969726577,상승여력 88% | 200일↑ | 20일돌파 | MACD+,,
2026-05-05,23,23,오리온홀딩스,001800,KS,기타,24900.0,24330.0,24055.833333333332,22183.333333333332,21709.95,1,53.497247678964975,76.13846309875271,1.470291003685895,0,-0.2004008016032066,7.792207792207795,7.792207792207795,5391.900149862508,,5931.09016484876,DART,TRAILING_DART,,5391.900149862508,4.618038040009873,64702.801798350105,159.85060963192814,99.98506096319281,0,3.0,64.20002369520475,82.09254232919878,진입대기,3.0,BULL,1.0,13.283513969726577,상승여력 160% | 200일↑ | RSI우호 | MACD+,,77.83505154639175
2026-05-05,24,24,대한해운,005880,KS,기타,2600.0,2647.0,2400.5,2110.733333333333,1978.995,1,50.854247553399745,-26.868123785813935,0.2919368731768872,0,-5.967450271247743,8.786610878661083,8.786610878661083,536.828793253571,476.0,476.0,DART,TRAILING_DART,,536.828793253571,4.843257352576263,6441.9455190428525,147.76713534780203,98.7767135347802,0,3.0,64.93256050242911,81.85463701860465,진입대기,3.0,BULL,1.0,13.283513969726577,상승여력 148% | 200일↑ | RSI우호,,2.3195876288659796
2026-05-05,25,25,성우하이텍,015750,KQ,기타,9050.0,8863.5,8737.833333333334,7831.333333333333,7123.65,1,52.14245081484081,11.907147211974603,0.8798031631178328,0,1.1173184357541999,7.609988109393573,7.609988109393573,2223.1025526625,,2445.41280792875,DART,TRAILING_DART,,2223.1025526625,4.070887323286667,26677.23063195,194.77602908232043,100.0,0,3.0,63.47397850565968,81.73698925282984,진입대기,3.0,BULL,1.0,13.283513969726577,상승여력 195% | 200일↑ | RSI우호 | MACD+,,42.01030927835052
2026-05-05,26,26,미래에셋증권2우B,00680K,KS,기타,20550.0,20272.5,20094.617073567708,15629.692122395832,13021.888481445312,1,52.377313233550865,-64.90501777480571,2.445916055777997,0,2.750000000000008,5.007664793050592,5.007664793050592,,3466.0,3466.0,SCRAPE,CONSENSUS_SCRAPE,,3466.0,5.929024812463935,41592.0,102.39416058394161,94.23941605839416,0,3.0,68.72522016455132,81.48231811147274,진입대기,3.0,BULL,1.0,13.283513969726577,상승여력 102% | 200일↑ | 거래량x2.4 | RSI우호,EPS스크랩,92.5257731958763
2026-05-05,27,27,현대지에프홀딩스,005440,KS,기타,14720.0,14235.5,14134.666666666666,11272.666666666666,10065.6,1,52.82022478473263,34.668037645002755,0.5282143056512151,0,-0.540540540540535,9.442379182156134,9.442379182156134,3326.796532701173,1788.0,1788.0,DART|DAILY_DISC,TRAILING_DART,,3326.796532701173,4.424676969363132,39921.558392414074,171.20623907889993,100.0,0,3.0,62.52908704448128,81.26454352224064,진입대기,3.0,BULL,1.0,13.283513969726577,상승여력 171% | 200일↑ | RSI우호 | MACD+,EPS스크랩,11.72680412371134
2026-05-05,28,28,F&F,383220,KS,기타,76600.0,66190.0,66400.0,68476.66666666667,68177.0,1,73.99693515721599,743.0246011502496,5.995038229055493,1,15.18796992481204,25.3682487725041,25.3682487725041,10459.855496040876,10579.0,10579.0,DART|DAILY_DISC,TRAILING_DART,,10459.855496040876,7.323236925117522,125518.26595249052,63.86196599541842,81.51027789702198,0,3.0,80.58124996275862,81.0457639298903,최종매수후보,3.0,BULL,1.0,13.283513969726577,상승여력 64% | 200일↑ | 20일돌파 | 거래량x6.0 | MACD+,EPS스크랩,97.80927835051546
2026-05-05,29,29,E1,017940,KS,기타,104400.0,99110.0,99856.66666666667,91818.33333333333,86951.0,1,59.033520252129335,1087.026376024659,1.0387565050671048,0,2.052785923753664,6.9672131147541005,6.9672131147541005,16647.301354081632,,18312.0314894898,DART,TRAILING_DART,,16647.301354081632,6.271286725665173,199767.61624897958,91.34829142622564,93.13482914262256,0,3.0,68.77695335374102,80.95589124818179,진입대기,3.0,BULL,1.0,13.283513969726577,상승여력 91% | 200일↑ | RSI우호 | MACD+,,55.02577319587629
2026-05-05,30,30,화신,010690,KS,기타,12430.0,11782.5,11728.0,10114.833333333334,9477.9,1,54.793169803597216,103.38294018635673,0.929917719903327,0,2.2203947368421018,14.87985212569316,14.87985212569316,1909.724814542556,,2100.697295996812,DART,TRAILING_DART,,1909.724814542556,6.508791164750827,22916.69777451067,84.36603197514619,92.43660319751461,0,3.0,68.43496402597629,80.43578361174545,진입대기,3.0,BULL,1.0,13.283513969726577,상승여력 84% | 200일↑ | RSI우호 | MACD+,,46.52061855670103
2026-05-05,31,31,LF,093050,KS,기타,25050.0,25200.0,23120.666666666668,20608.5,19848.3,1,53.8054542977763,-189.22967620003806,0.5086010196766294,0,-2.1484375,2.6639344262294973,2.6639344262294973,4019.376897024624,,4421.314586727087,DART,TRAILING_DART,,4019.376897024624,6.232309296135792,48232.52276429549,92.54500105507182,93.25450010550718,0,3.0,66.98801645799406,80.12125828175061,진입대기,3.0,BULL,1.0,13.283513969726577,상승여력 93% | 200일↑ | RSI우호,,10.824742268041238
2026-05-05,32,32,LX홀딩스,383800,KS,기타,9200.0,8605.0,8570.166666666666,8365.833333333334,8320.0,1,61.72530680479801,82.94418781072318,0.9861950949977486,0,-4.1666666666666625,13.58024691358024,13.58024691358024,1777.57962074019,,1955.337582814209,DART,TRAILING_DART,,1777.57962074019,5.175576887053357,21330.95544888228,131.85821140089433,97.18582114008943,0,3.0,62.290323358927864,79.73807224950865,진입대기,2.25,BULL,1.0,13.283513969726577,상승여력 132% | 200일↑ | RSI우호 | MACD+,,51.546391752577314
2026-05-05,33,33,GS,078930,KS,기타,80900.0,73315.0,69638.33333333333,63973.333333333336,57410.5,1,68.1924061447452,936.7059187700816,1.147546713756161,0,6.869220607661819,27.804107424960513,27.804107424960513,11172.929845907744,8318.0,8318.0,DART|DAILY_DISC,TRAILING_DART,,11172.929845907744,7.24071493473405,134075.15815089294,65.72949091581329,82.72416909527864,0,3.0,75.93000523085398,79.32708716306631,진입대기,2.25,BULL,1.0,13.283513969726577,상승여력 66% | 200일↑ | RSI우호 | MACD+,EPS스크랩,62.371134020618555
2026-05-05,34,34,다우기술,023590,KS,기타,47700.0,47765.0,49461.666666666664,44491.666666666664,41026.5,1,49.11083385072244,-91.1005175458052,2.1613115721686156,0,-0.9345794392523366,7.311586051743535,7.311586051743535,26705.72355943469,,29376.29591537816,DART,TRAILING_DART,,26705.72355943469,1.7861339683922692,320468.6827132163,571.8421021241431,100.0,0,3.0,57.77038466543168,78.88519233271583,진입대기,2.25,BULL,1.0,13.283513969726577,상승여력 572% | 200일↑ | 거래량x2.2 | RSI우호,,90.20618556701031
2026-05-05,35,35,한화손해보험,000370,KS,기타,6850.0,6621.0,6920.333333333333,6215.5,6084.45,1,54.239905331802866,29.83412681577334,1.6010273184707708,0,2.086438152011927,8.044164037854884,8.044164037854884,2504.159516987116,,2754.575468685828,DART,TRAILING_DART,,2504.159516987116,2.735448741796445,30049.914203845394,338.68487888825393,100.0,0,3.0,56.5712471917793,78.28562359588965,진입대기,2.25,BULL,1.0,13.283513969726577,상승여력 339% | 200일↑ | 거래량x1.6 | RSI우호 | MACD+,,81.18556701030928
2026-05-05,36,36,이지홀딩스,035810,KQ,기타,5720.0,5668.0,6057.833333333333,5346.583333333333,4740.95,1,50.60308975745737,4.288266537438517,2.5408505401371624,0,5.147058823529416,0.0,0.0,1073.393331022285,,1180.7326641245138,DART,TRAILING_DART,,1073.393331022285,5.328894669535864,12880.719972267421,125.18741210257728,96.51874121025773,0,3.0,59.67394235717657,78.09634178371715,진입대기,2.25,BULL,1.0,13.283513969726577,상승여력 125% | 200일↑ | 거래량x2.5 | RSI우호 | MACD+,,93.04123711340206
2026-05-05,37,37,NICE,034310,KS,기타,14760.0,13729.0,13966.333333333334,13739.75,13642.025,1,69.87764737448306,149.2088816261665,2.1621169634308206,1,7.345454545454544,11.144578313253017,11.144578313253017,2083.1976860451964,,2291.5174546497165,DART,TRAILING_DART,,2083.1976860451964,7.085261326312635,24998.37223254236,69.3656655321298,85.08768259588436,0,3.0,70.98300346423378,78.03534303005907,최종매수후보,2.25,BULL,1.0,13.283513969726577,상승여력 69% | 200일↑ | 20일돌파 | 거래량x2.2 | RSI우호 | MACD+,,90.33505154639175
2026-05-05,38,38,농심홀딩스,072710,KS,기타,97200.0,95775.0,95210.0,93395.83333333333,91788.5,1,56.04834573835414,183.55724499754706,1.6238036178129314,0,-0.3076923076923088,5.652173913043468,5.652173913043468,24705.90139764845,,27176.49153741329,DART,TRAILING_DART,,24705.90139764845,3.934282681515586,296470.8167717814,205.01112836603025,100.0,0,3.0,55.29526969222285,77.64763484611143,진입대기,2.25,BULL,1.0,13.283513969726577,상승여력 205% | 200일↑ | 거래량x1.6 | RSI우호 | MACD+,,82.08762886597938
2026-05-05,39,39,다우데이타,032190,KQ,기타,23850.0,23925.0,24789.166666666668,21939.5,19956.75,1,49.19319109278331,-53.22257322637818,1.3180961520128311,0,-0.41753653444676075,5.764966740576494,5.764966740576494,31323.3151437859,,34455.64665816449,DART,TRAILING_DART,,31323.3151437859,0.7614136591391891,375879.7817254308,1476.0158562911145,100.0,0,3.0,54.772243665307805,77.3861218326539,진입대기,2.25,BULL,1.0,13.283513969726577,상승여력 1476% | 200일↑ | RSI우호,,70.87628865979381
2026-05-05,40,40,한국캐피탈,023760,KQ,기타,973.0,962.25,980.8666666666667,890.8416666666667,853.8,1,51.37932643991372,1.5522886310321864,0.9848575436513236,0,-0.20512820512820218,7.0407040704070445,7.0407040704070445,318.5000031811456,,350.3500034992602,DART,TRAILING_DART,,318.5000031811456,3.054945024432575,3822.0000381737473,292.8057593189874,100.0,0,3.0,54.46166901571924,77.23083450785961,진입대기,2.25,BULL,1.0,13.283513969726577,상승여력 293% | 200일↑ | RSI우호 | MACD+,,50.9020618556701
2026-05-05,41,41,더블유게임즈,192080,KS,기타,61300.0,53300.0,52361.666666666664,52594.583333333336,53030.0,1,75.6962651334573,1173.373856654251,1.3969564930315452,0,6.608695652173924,24.340770791075062,24.340770791075062,8492.266220913834,8230.0,8230.0,DART|DAILY_DISC,TRAILING_DART,,8492.266220913834,7.218332351503182,101907.194650966,66.24338442245678,83.05819987459691,0,3.0,71.03509044352403,77.04664515906046,진입대기,2.25,BULL,1.0,13.283513969726577,상승여력 66% | 200일↑ | MACD+,EPS스크랩,74.74226804123711
2026-05-05,42,42,영원무역홀딩스,009970,KS,기타,211500.0,211700.0,220900.0,202882.5,175743.5,1,48.201106890859776,79.29926032265121,0.9923661779015123,0,0.23696682464455776,0.47505938242280443,0.47505938242280443,44925.16507132959,,49417.68157846255,DART,TRAILING_DART,,44925.16507132959,4.707829112351451,539101.980855955,154.8945535961962,99.48945535961963,0,3.0,52.94315439011939,76.21630487486951,진입대기,2.25,BULL,1.0,13.283513969726577,상승여력 155% | 200일↑ | RSI우호 | MACD+,,51.675257731958766
2026-05-05,43,43,케이프,064820,KQ,기타,15880.0,13174.5,11702.0,11330.75,10908.3,1,71.24751070630005,325.1091572143032,0.510565891721676,0,-4.164152082076045,52.545629202689724,52.545629202689724,2078.7595188204364,,2286.63547070248,DART,TRAILING_DART,,2078.7595188204364,7.639171273169149,24945.11422584524,57.08510217786673,77.10531641561337,0,3.0,75.26874617632141,76.18703129596739,진입대기,2.25,BULL,1.0,13.283513969726577,상승여력 57% | 200일↑ | MACD+,,10.95360824742268
2026-05-05,44,44,현대차3우B,005389,KS,기타,241000.0,240025.0,248058.33333333334,233077.5,207631.0,1,48.737120023698594,722.8826913738733,1.6864112071162556,0,1.048218029350112,4.7826086956521685,4.7826086956521685,,40715.0,40715.0,SCRAPE,CONSENSUS_SCRAPE,,40715.0,5.9191944000982435,488580.0,102.73029045643152,94.27302904564316,0,3.0,57.531511427571886,75.90227023660752,진입대기,2.25,BULL,1.0,13.283513969726577,상승여력 103% | 200일↑ | 거래량x1.7 | RSI우호 | MACD+,EPS스크랩,83.8917525773196
2026-05-05,45,45,현대해상,001450,KS,기타,31250.0,30380.0,31291.666666666668,30139.166666666668,29150.75,1,54.479834518638754,121.80274245197026,1.3761103520102147,0,2.2913256955810146,4.515050167224088,4.515050167224088,11407.383087058166,,12548.121395763985,DART,TRAILING_DART,,11407.383087058166,2.7394538924053107,136888.597044698,338.04351054303356,100.0,0,3.0,51.520096180718824,75.76004809035942,진입대기,2.25,BULL,1.0,13.283513969726577,상승여력 338% | 200일↑ | RSI우호 | MACD+,,74.22680412371135
2026-05-05,46,46,DN오토모티브,007340,KS,기타,51100.0,39552.5,34522.5,29695.416666666668,27958.75,1,73.61566093813774,939.826148234964,1.854506967388106,1,18.9755529685681,37.36559139784945,37.36559139784945,5554.27368916867,,6109.701058085538,DART,TRAILING_DART,,5554.27368916867,9.200122799070842,66651.28427002404,30.433041624313194,59.78147705580358,0,3.0,91.02564648579046,75.40356177079701,최종매수후보,2.25,BULL,1.0,13.283513969726577,상승여력 30% | 200일↑ | 20일돌파 | 거래량x1.9 | MACD+,,86.46907216494846
2026-05-05,47,47,KG이니시스,035600,KQ,기타,11480.0,11128.0,10945.833333333334,10722.083333333334,10693.95,1,62.23841270135988,18.539623179897518,0.8557868737476964,0,2.0444444444444487,11.564625850340127,11.564625850340127,2097.0631387674302,,2306.7694526441733,DART,TRAILING_DART,,2097.0631387674302,5.474322536014573,25164.757665209163,119.20520614293694,95.9205206142937,0,3.0,54.4489108112065,75.18471571275009,진입대기,2.25,BULL,1.0,13.283513969726577,상승여력 119% | 200일↑ | RSI우호 | MACD+,,40.4639175257732
2026-05-05,48,48,하림지주,003380,KQ,기타,13500.0,13486.5,14874.5,12463.5,10875.1,1,47.211168792802354,35.51084148191819,1.2526892122860098,0,0.14836795252226587,-0.2954209748892156,-0.2954209748892156,4586.912651464162,,5045.603916610578,DART,TRAILING_DART,,4586.912651464162,2.9431561108299595,55042.95181756995,307.72556901903664,100.0,0,3.0,50.15196631489938,75.07598315744968,진입대기,2.25,BULL,1.0,13.283513969726577,상승여력 308% | 200일↑ | RSI우호 | MACD+,,67.78350515463917
2026-05-05,49,49,태영건설,009410,KS,기타,1972.0,2010.25,1856.1666666666667,1760.1166666666666,1835.77,1,50.30564174177443,-16.24355623188343,0.3168901485288352,0,-2.6172839506172885,9.433962264150942,9.433962264150942,322.0178640263672,,354.21965042900393,DART,TRAILING_DART,,322.0178640263672,6.123883859556718,3864.2143683164063,95.9540754724344,93.59540754724344,0,3.0,53.45108090920075,73.5232442282221,진입대기,2.25,BULL,1.0,13.283513969726577,상승여력 96% | 200일↑ | RSI우호,,2.9639175257731956
2026-05-05,50,50,유진투자증권,001200,KS,기타,5980.0,5177.75,4949.583333333333,4261.708333333333,4000.45,1,63.534212750643356,95.77555801929134,2.3921434678943614,0,16.5692007797271,32.88888888888888,32.88888888888888,666.2604596053093,,732.8865055658403,DART|DAILY_DISC,TRAILING_DART,,666.2604596053093,8.975468848237721,7995.125515263711,33.69775109136641,61.90353820938817,0,3.0,85.03426923135324,73.4689037203707,진입대기,2.25,BULL,1.0,13.283513969726577,상승여력 34% | 200일↑ | 거래량x2.4 | RSI우호 | MACD+,EPS스크랩,92.0103092783505
2026-05-05,51,51,세방전지,004490,KS,기타,67100.0,62765.0,63245.0,63319.166666666664,64238.5,1,64.07718540285576,597.7441021961884,1.1524224790136557,0,4.3545878693623585,11.27694859038142,11.27694859038142,10204.202214502164,,11224.62243595238,DART,TRAILING_DART,,10204.202214502164,6.575722294550161,122450.42657402597,82.48945838155883,92.24894583815589,0,3.0,54.47256296347204,73.36075440081396,진입대기,2.25,BULL,1.0,13.283513969726577,상승여력 82% | 200일↑ | RSI우호 | MACD+,,62.628865979381445
2026-05-05,52,52,현대차2우B,005387,KS,기타,249500.0,247050.0,259016.66666666666,241976.66666666666,214510.5,1,49.09017778146672,1160.1185296020901,0.8969289609142541,0,1.8367346938775508,4.831932773109249,4.831932773109249,,40715.0,40715.0,SCRAPE,CONSENSUS_SCRAPE,,40715.0,6.127962667321626,488580.0,95.8236472945892,93.58236472945892,0,3.0,52.85070250773345,73.21653361859619,진입대기,2.25,BULL,1.0,13.283513969726577,상승여력 96% | 200일↑ | RSI우호 | MACD+,EPS스크랩,43.81443298969072
2026-05-05,53,53,SNT홀딩스,036530,KS,기타,61100.0,61995.0,61025.0,59142.5,61166.5,0,47.669862354621934,-133.5451464010987,1.9784711703524185,0,-4.2319749216300995,4.982817869415812,4.982817869415812,13473.50692534283,,14820.857617877116,DART|DAILY_DISC,TRAILING_DART,,13473.50692534283,4.534825293708403,161682.08310411396,164.61879395108667,100.0,0,3.0,45.90584219653676,72.95292109826838,관찰,2.25,BULL,1.0,13.283513969726577,상승여력 165% | 거래량x2.0 | RSI우호,EPS스크랩,87.88659793814433
2026-05-05,54,54,메가스터디교육,215200,KQ,기타,46800.0,45497.5,46166.666666666664,44407.916666666664,45409.75,1,53.623169480637785,299.1410341633209,0.795964624585806,0,3.31125827814569,-0.42553191489361764,-0.42553191489361764,8966.069177333111,,9862.676095066425,DART,TRAILING_DART,,8966.069177333111,5.219678665687064,107592.83012799732,129.89920967520794,96.98992096752079,0,3.0,47.090482011973634,72.0402014897472,진입대기,2.25,BULL,1.0,13.283513969726577,상승여력 130% | 200일↑ | RSI우호 | MACD+,,34.92268041237113
2026-05-05,55,55,SK,034730,KS,기타,475500.0,378675.0,357125.0,314175.0,273935.5,1,81.24719205521981,8853.466917074667,2.0760446453981602,1,19.3224592220828,52.160000000000004,52.160000000000004,49036.04766294023,43752.0,43752.0,DART,TRAILING_DART,,49036.04766294023,9.696947912043218,588432.5719552828,23.750278013729307,55.43768070892405,0,3.0,88.06201723375125,71.74984897133766,진입대기,2.25,BULL,1.0,13.283513969726577,상승여력 24% | 200일↑ | 20일돌파 | 거래량x2.1 | MACD+,,89.17525773195877
2026-05-05,56,56,효성,004800,KS,기타,221000.0,171375.0,155318.33333333334,144714.16666666666,123327.5,1,75.76458740154285,7500.481877667029,1.6473570671184292,0,29.239766081871355,60.14492753623188,60.14492753623188,25215.68690934456,17204.0,17204.0,DART|DAILY_DISC,TRAILING_DART,,25215.68690934456,8.764385471414649,302588.24291213474,36.91775697381663,63.99654203298081,0,3.0,79.16791011586177,71.5822260744213,진입대기,2.25,BULL,1.0,13.283513969726577,상승여력 37% | 200일↑ | 거래량x1.6 | MACD+,EPS스크랩,82.9896907216495
2026-05-05,57,57,한국단자,025540,KS,기타,88600.0,82005.0,77386.66666666667,72542.5,68632.5,1,64.44867126256543,752.4790722074417,0.9948141075531092,0,3.74707259953162,20.54421768707484,20.54421768707484,10494.880672268908,,11544.3687394958,DART,TRAILING_DART,,10494.880672268908,8.442211280601954,125938.5680672269,42.14285334901455,67.39285467685946,0,3.0,75.72054524209159,71.55669995947552,진입대기,2.25,BULL,1.0,13.283513969726577,상승여력 42% | 200일↑ | RSI우호 | MACD+,,51.932989690721655
2026-05-05,58,58,현대그린푸드,453340,KS,기타,16350.0,16099.5,15952.833333333334,15850.25,15971.7,1,57.313441448176874,19.58631692058529,0.8891153980689884,0,-0.1831501831501825,5.825242718446599,5.825242718446599,2699.4712250194725,,2969.41834752142,DART|DAILY_DISC,TRAILING_DART,,2699.4712250194725,6.056741723513671,32393.65470023367,98.12632844179615,93.81263284417962,0,3.0,48.58227036102683,71.19745160260322,진입대기,2.25,BULL,1.0,13.283513969726577,상승여력 98% | 200일↑ | RSI우호 | MACD+,EPS스크랩,42.91237113402062
2026-05-05,59,59,DB손해보험,005830,KS,기타,166800.0,169245.0,175523.33333333334,151667.5,144592.5,1,45.469864857448144,-37.02861475361976,0.9313229289024063,0,-4.6857142857142815,2.9629629629629672,2.9629629629629672,25806.828663668857,,28387.511530035747,DART,TRAILING_DART,,25806.828663668857,6.463405565009346,309681.9439640263,85.66063786812128,92.56606378681212,0,3.0,48.69902311944932,70.63254345313072,진입대기,2.25,BULL,1.0,13.283513969726577,상승여력 86% | 200일↑ | RSI우호,,46.649484536082475
2026-05-05,60,60,에이스침대,003800,KQ,기타,34550.0,34230.0,34827.5,32890.0,31243.25,1,53.80196304823765,53.59253743427063,0.9336533949391762,0,1.171303074670571,0.2902757619738683,0.2902757619738683,5047.208299909828,,5551.929129900812,DART,TRAILING_DART,,5047.208299909828,6.845368359498311,60566.499598917944,75.30101186372778,88.94565771142305,0,3.0,51.79632805983895,70.370992885631,진입대기,2.25,BULL,1.0,13.283513969726577,상승여력 75% | 200일↑ | RSI우호 | MACD+,,47.0360824742268
2026-05-05,61,61,쿠쿠홈시스,284740,KS,기타,24500.0,24215.0,24524.166666666668,24365.833333333332,25371.5,0,51.91882648347715,35.38249018749637,1.3548389368316909,0,-1.2096774193548376,6.060606060606055,6.060606060606055,5986.431598946933,,6585.074758841627,DART,TRAILING_DART,,5986.431598946933,4.092588313263241,71837.1791873632,193.21297627495184,100.0,0,3.0,40.07994146868119,70.0399707343406,관찰,2.25,BULL,1.0,13.283513969726577,상승여력 193% | RSI우호 | MACD+,,72.80927835051546
2026-05-05,62,62,BNK금융지주,138930,KS,기타,18200.0,18534.5,18944.833333333332,17221.416666666668,16205.25,1,43.83344892236843,-28.24119969230547,1.308937099174178,0,-4.210526315789476,3.409090909090917,3.409090909090917,2694.438949970562,2763.0,2763.0,DART|DAILY_DISC,TRAILING_DART,,2694.438949970562,6.754652949252698,32333.267399646746,77.65531538267443,90.47595499873839,0,3.0,48.23652959117842,69.3562422949584,진입대기,2.25,BULL,1.0,13.283513969726577,상승여력 78% | 200일↑,EPS스크랩,70.23195876288659
2026-05-05,63,63,수산인더스트리,126720,KS,기타,35700.0,30467.5,28273.333333333332,25242.5,24169.0,1,73.64530912360351,573.9063761515658,1.2921646400872508,1,5.621301775147924,27.728085867620745,27.728085867620745,3418.2857781744365,,3760.114355991881,DART,TRAILING_DART,,3418.2857781744365,10.443831299285304,41019.429338093236,14.900362291577697,49.6852354895255,0,3.0,87.8843269291182,68.78478120932185,진입대기,2.25,BULL,1.0,13.283513969726577,상승여력 15% | 200일↑ | 20일돌파 | MACD+,,69.58762886597938
2026-05-05,64,64,넥센타이어,002350,KS,기타,7350.0,7481.0,7875.666666666667,7776.75,7086.05,1,44.01901360539393,9.795670557329874,1.4145497068873902,0,-3.41655716162943,3.813559322033888,3.813559322033888,1547.8373423024236,1587.0,1587.0,DART,TRAILING_DART,,1547.8373423024236,4.74856097544901,18574.04810762908,152.708137518763,99.2708137518763,0,3.0,37.52553115649817,68.39817245418723,진입대기,2.25,BULL,1.0,13.283513969726577,상승여력 153% | 200일↑ | MACD+,,75.25773195876289
2026-05-05,65,65,세아홀딩스,058650,KS,기타,160900.0,157295.0,157963.33333333334,144948.33333333334,137890.0,1,54.873105609410786,614.106728995486,1.4763119044423567,0,3.9405684754521886,1.7067003792667457,1.7067003792667457,19911.624296004207,,21902.78672560463,DART,TRAILING_DART,,19911.624296004207,8.080706908089303,238939.4915520505,48.50185926168458,71.52620852009498,0,3.0,64.77855512518843,68.1523818226417,진입대기,2.25,BULL,1.0,13.283513969726577,상승여력 49% | 200일↑ | RSI우호 | MACD+,,78.09278350515464
2026-05-05,66,66,유비쿼스홀딩스,078070,KQ,기타,15940.0,16671.0,14256.0,12462.5,11618.05,1,49.65805756242782,-305.28702608903006,0.2875408313028642,0,0.06277463904582614,4.6618516086671,4.6618516086671,1911.1518220173484,,2102.2670042190834,DART,TRAILING_DART,,1911.1518220173484,8.340520002840101,22933.82186420818,43.87592135638758,68.51934888165192,0,3.0,66.8929417613857,67.70614532151882,진입대기,2.25,BULL,1.0,13.283513969726577,상승여력 44% | 200일↑ | RSI우호,,2.190721649484536
2026-05-05,67,67,미코,059090,KQ,기타,26100.0,18911.0,16390.666666666668,15163.583333333334,15084.3,1,76.9673879968797,481.88483039289736,2.8188349919527727,1,23.404255319148938,98.47908745247149,98.47908745247149,2242.863341642333,,2467.149675806567,DART,TRAILING_DART,,2242.863341642333,11.63691051318727,26914.360099708,3.120153638727974,42.02809986517318,0,3.0,93.22593285825725,67.62701636171522,진입대기,2.25,BULL,1.0,13.283513969726577,200일↑ | 20일돌파 | 거래량x2.8 | MACD+,,93.68556701030928
2026-05-05,68,68,BGF,027410,KS,기타,5290.0,5042.0,4548.25,4252.958333333333,4153.175,1,64.3023031482838,7.259167681245543,0.7840329251911052,0,5.168986083499005,10.90146750524108,10.90146750524108,589.4039993045734,,648.3443992350308,DART|DAILY_DISC,TRAILING_DART,,589.4039993045734,8.975168146537131,7072.84799165488,33.7022304660658,61.906449802942774,0,3.0,73.26666915735451,67.58655948014865,진입대기,2.25,BULL,1.0,13.283513969726577,상승여력 34% | 200일↑ | RSI우호 | MACD+,EPS스크랩,33.76288659793815
2026-05-05,69,69,하나금융지주,086790,KS,기타,126600.0,121360.0,117241.66666666667,106105.0,98448.0,1,64.83422742339488,477.21905375556616,0.9448694102065711,0,2.676399026763998,15.405651777575201,15.405651777575201,14712.50913937596,15539.0,15539.0,DART|DAILY_DISC,TRAILING_DART,,14712.50913937596,8.604922437137043,176550.10967251152,39.45506293247356,65.64579090610782,0,3.0,68.93739926765511,67.29159508688147,진입대기,2.25,BULL,1.0,13.283513969726577,상승여력 39% | 200일↑ | RSI우호 | MACD+,EPS스크랩,47.80927835051546
2026-05-05,70,70,폰드그룹,472850,KQ,기타,5630.0,5504.0,5621.5,5352.792687988282,5455.837006835937,1,52.9737654319881,40.871507670343874,2.132017841088485,0,-0.17730496453900457,7.2380952380952435,7.2380952380952435,768.401487402168,,845.2416361423848,DART,TRAILING_DART,,768.401487402168,7.326898883335134,9220.817848826016,63.780068362806695,81.45704443582434,0,3.0,53.078235581598285,67.26764000871131,진입대기,2.25,BULL,1.0,13.283513969726577,상승여력 64% | 200일↑ | 거래량x2.1 | RSI우호 | MACD+,,89.81958762886599
2026-05-05,71,71,금호타이어,073240,KS,기타,5670.0,6031.0,6249.0,6028.125,5535.35,1,37.4892744599912,-23.974490805920972,1.9736871896087531,0,-6.743421052631582,-4.060913705583758,-4.060913705583758,1311.6083163872909,1498.0,1498.0,DART|DAILY_DISC,TRAILING_DART,,1311.6083163872909,4.32293690819033,15739.29979664749,177.58906166926792,100.0,0,3.0,33.94059295065316,66.97029647532658,진입대기,2.25,BULL,1.0,13.283513969726577,상승여력 178% | 200일↑ | 거래량x2.0,EPS스크랩,87.75773195876289
2026-05-05,72,72,하이록코리아,013030,KQ,기타,46150.0,41865.0,37934.166666666664,35167.083333333336,34497.75,1,66.72573196959763,315.71566607115983,0.9990421360925794,1,0.3260869565217428,21.28777923784495,21.28777923784495,4314.370512716364,,4745.807563988001,DART,TRAILING_DART,,4314.370512716364,10.696809618917865,51772.44615259637,12.182981912451506,47.91893824309348,0,3.0,85.72031939777975,66.8196288204366,진입대기,2.25,BULL,1.0,13.283513969726577,상승여력 12% | 200일↑ | 20일돌파 | RSI우호 | MACD+,,52.0618556701031
2026-05-05,73,73,코리안리,003690,KS,기타,12170.0,12201.0,12813.0,12114.0,11625.45,1,44.448333408043965,41.828465718999695,1.4528081958678618,0,-1.53721682847896,-0.08210180623974273,-0.08210180623974273,1822.3155821957605,,2004.5471404153368,DART,TRAILING_DART,,1822.3155821957605,6.678316378843678,21867.786986349125,79.68600646137325,91.79590419989262,0,3.0,40.978095382780026,66.38699979133632,진입대기,2.25,BULL,1.0,13.283513969726577,상승여력 80% | 200일↑ | MACD+,,77.31958762886599
2026-05-05,74,74,비츠로테크,042370,KQ,기타,18280.0,15295.5,12329.166666666666,10774.5,9902.9,1,69.0602281502888,71.82970808379537,1.8452803616409648,1,8.551068883610458,54.52240067624683,54.52240067624683,1629.306278257368,,1792.236906083105,DART,TRAILING_DART,,1629.306278257368,11.219498902042812,19551.675339088415,6.956648463284543,44.52182150113495,0,3.0,88.17579172550631,66.34880661332063,진입대기,2.25,BULL,1.0,13.283513969726577,200일↑ | 20일돌파 | 거래량x1.8 | RSI우호 | MACD+,,86.08247422680412
2026-05-05,75,75,서부T&D,006730,KQ,기타,14960.0,13899.5,14929.666666666666,13689.583333333334,12067.75,1,57.61570985355469,229.23163998622093,1.0602483094917687,0,5.500705218617763,14.811972371450487,14.811972371450487,1789.664963901031,712.0,712.0,DART,TRAILING_DART,,1789.664963901031,8.359106481802531,21475.97956681237,43.556013147141506,68.31140854564198,0,3.0,64.24182319278411,66.27661586921305,진입대기,2.25,BULL,1.0,13.283513969726577,상승여력 44% | 200일↑ | RSI우호 | MACD+,,56.70103092783505
2026-05-05,76,76,유니드,014830,KS,기타,90500.0,87335.0,83691.66666666667,76327.5,76965.5,1,54.87650717679443,586.3806513701925,1.4448277702263643,0,-2.58342303552207,11.17936117936118,11.17936117936118,9642.876812016077,12781.0,12781.0,DART|DAILY_DISC,TRAILING_DART,,9642.876812016077,9.385166041655445,115714.52174419293,27.86134999358334,58.10987749582917,0,3.0,74.26780487487892,66.18884118535405,진입대기,2.25,BULL,1.0,13.283513969726577,상승여력 28% | 200일↑ | RSI우호 | MACD+,EPS스크랩,77.19072164948454
2026-05-05,77,77,기업은행,024110,KS,기타,22100.0,22285.0,23380.833333333332,22077.083333333332,21064.85,1,44.301731884893336,45.8361993835656,1.3408429672407933,0,-1.118568232662187,3.512880562060894,3.512880562060894,3409.5558041145014,3499.0,3499.0,DART|DAILY_DISC,TRAILING_DART,,3409.5558041145014,6.48178275109347,40914.66964937402,85.13425180712224,92.51342518071222,0,3.0,39.77168799829961,66.14255658950592,진입대기,2.25,BULL,1.0,13.283513969726577,상승여력 85% | 200일↑ | MACD+,EPS스크랩,72.42268041237114
2026-05-05,78,78,현대홈쇼핑,057050,KS,기타,85500.0,81625.0,79165.0,66970.0,62182.5,1,56.4687895296208,347.0399914690279,0.72579317841682,0,0.11709601873535203,9.89717223650386,9.89717223650386,9559.69225,,10515.661475,DART,TRAILING_DART,,9559.69225,8.94380255807921,114716.307,34.171119298245614,62.21122754385965,0,3.0,69.51837481608987,65.86480117997476,진입대기,2.25,BULL,1.0,13.283513969726577,상승여력 34% | 200일↑ | RSI우호 | MACD+,,28.47938144329897
2026-05-05,79,79,대신증권,003540,KS,기타,39950.0,38355.0,38710.0,33211.666666666664,30824.5,1,57.568711794165395,72.5088013213061,3.4109241108414796,1,2.9639175257731853,10.664819944598335,10.664819944598335,3793.7302339306266,,4173.10325732369,DART|DAILY_DISC,TRAILING_DART,,3793.7302339306266,10.530532625301722,45524.76280716752,13.954349955363,49.07032747098595,0,3.0,82.20487875286923,65.63760311192759,진입대기,2.25,BULL,1.0,13.283513969726577,상승여력 14% | 200일↑ | 20일돌파 | 거래량x3.4 | RSI우호 | MACD+,EPS스크랩,95.61855670103093
2026-05-05,80,80,이노션,214320,KS,기타,19600.0,18763.0,19132.0,18768.083333333332,18773.4,1,63.31139980757567,134.24577876250814,0.5336402995491538,0,1.6597510373443924,9.988776655443331,9.988776655443331,2724.29292705,2562.0,2562.0,DART|DAILY_DISC,TRAILING_DART,,2724.29292705,7.1945273598841135,32691.5151246,66.7934445132653,83.41573893362245,0,3.0,47.63990743672972,65.52782318517609,진입대기,2.25,BULL,1.0,13.283513969726577,상승여력 67% | 200일↑ | RSI우호 | MACD+,EPS스크랩,11.984536082474227
2026-05-05,81,81,교보증권,030610,KS,기타,14710.0,13325.0,13093.5,11433.333333333334,10539.7,1,65.79329278173998,99.54656906410344,5.847776891152759,1,5.297065139584833,26.15780445969125,26.15780445969125,1254.0110817232978,,1379.4121898956278,DART|DAILY_DISC,TRAILING_DART,,1254.0110817232978,11.7303588575829,15048.132980679573,2.298660643640882,41.494129418366576,0,3.0,89.47219907251034,65.48316424543846,진입대기,2.25,BULL,1.0,13.283513969726577,200일↑ | 20일돌파 | 거래량x5.8 | RSI우호 | MACD+,EPS스크랩,97.68041237113401
2026-05-05,82,82,명신산업,009900,KS,기타,13280.0,11230.5,10288.666666666666,9606.166666666666,9294.7,1,63.95535033890239,296.17488206059386,0.6704450494934301,0,10.666666666666668,37.474120082815745,37.474120082815745,1302.3581119758169,,1432.5939231733987,DART,TRAILING_DART,,1302.3581119758169,10.196888150719786,15628.297343709803,17.682961925525632,51.49392525159166,0,3.0,78.2438525830642,64.86888891732792,관찰,1.5,BULL,1.0,13.283513969726577,상승여력 18% | 200일↑ | RSI우호 | MACD+,,22.809278350515463
2026-05-05,83,83,한국타이어앤테크놀로지,161390,KS,기타,61500.0,60900.0,62260.0,61146.25,53619.25,1,52.2297061364769,-12.75379819466525,1.0766304230108144,0,-1.9138755980861233,18.26923076923077,18.26923076923077,7843.342059958813,11517.0,11517.0,DART,TRAILING_DART,,7843.342059958813,7.84104524957094,94120.10471950575,53.04082068212317,74.47653344338006,0,3.0,54.773755702181234,64.62514457278064,관찰,1.5,BULL,1.0,13.283513969726577,상승여력 53% | 200일↑ | RSI우호,,57.47422680412371
2026-05-05,84,84,우리금융지주,316140,KS,기타,33300.0,34197.5,34276.666666666664,31007.083333333332,28757.0,1,44.92488999865523,-224.64862090066867,1.090506713172474,0,-4.992867332382311,4.225352112676051,4.225352112676051,4396.692703559761,4486.0,4486.0,DART|DAILY_DISC,TRAILING_DART,,4396.692703559761,7.573874783888994,52760.31244271713,58.43937670485624,77.98559485815656,0,3.0,51.00751738631728,64.49655612223692,관찰,1.5,BULL,1.0,13.283513969726577,상승여력 58% | 200일↑,EPS스크랩,58.376288659793815
2026-05-05,85,85,삼성증권,016360,KS,기타,137900.0,109250.0,101708.33333333333,90956.66666666667,83633.75,1,77.77793014261161,1396.5295092196789,12.864963464383653,1,23.566308243727608,47.64453961456103,47.64453961456103,11279.13476087346,15228.0,15228.0,DART|DAILY_DISC,TRAILING_DART,,11279.13476087346,12.226115116415276,135349.61713048152,-1.849443705234577,38.38173675791975,0,3.0,90.56943900565287,64.47558788178631,관찰,1.5,BULL,1.0,13.283513969726577,200일↑ | 20일돌파 | 거래량x12.9 | MACD+,EPS스크랩,99.61340206185567
2026-05-05,86,86,세아제강지주,003030,KS,기타,229000.0,228500.0,183315.0,158411.66666666666,167202.5,1,55.60839157904688,-853.4770554381612,0.9002582240609321,0,4.090909090909101,-9.486166007905139,-9.486166007905139,23626.740122129864,,25989.414134342853,DART,TRAILING_DART,,23626.740122129864,9.692407789490533,283520.88146555837,23.808245181466535,55.475359367953246,0,3.0,73.23537096131398,64.35536516463361,관찰,1.5,BULL,1.0,13.283513969726577,상승여력 24% | 200일↑ | RSI우호,,44.45876288659794
2026-05-05,87,87,풍산홀딩스,005810,KS,기타,46200.0,46882.5,41378.333333333336,39653.75,40969.25,1,56.30798839297767,-226.61065275373562,0.2100947756561902,0,4.054054054054057,27.09766162310867,27.09766162310867,5157.935458267752,,5673.729004094528,DART|DAILY_DISC,TRAILING_DART,,5157.935458267752,8.957072141324518,61895.22549921303,33.972349565396165,62.08202721750751,0,3.0,65.9643766775572,64.02320194753236,관찰,1.5,BULL,1.0,13.283513969726577,상승여력 34% | 200일↑ | RSI우호,EPS스크랩,0.902061855670103
2026-05-05,88,88,맵스리얼티,094800,KS,기타,7000.0,7272.0,6814.666666666667,6039.5,5560.0,1,44.68135433059923,-30.479234080158164,1.2918249822228498,0,-10.141206675224645,0.0,0.0,,,,EMPTY,FORWARD_AUTO,,,,,,,0,3.0,63.894622326028426,63.894622326028426,관찰,0.0,BULL,1.0,13.283513969726577,200일↑ | 비밸류평가,"EPS스크랩,EPS없음",69.45876288659794
2026-05-05,89,89,동원산업,006040,KS,기타,38550.0,38595.0,40075.0,41756.666666666664,43347.5,0,47.06108325801646,23.848092836544225,1.6495020821347108,0,-0.6443298969072142,1.8494055482166427,1.8494055482166427,8769.339989484459,6682.0,6682.0,DART|DAILY_DISC,TRAILING_DART,,8769.339989484459,4.3959978796837955,105232.0798738135,172.97556387500262,100.0,0,3.0,27.66827264385679,63.8341363219284,관찰,1.5,BULL,1.0,13.283513969726577,상승여력 173% | 거래량x1.6 | RSI우호 | MACD+,EPS스크랩,83.11855670103093
2026-05-05,90,90,신한지주,055550,KS,기타,98000.0,98400.0,95641.66666666667,87357.5,80206.5,1,52.17900792035777,-205.34323131328028,1.792317903680152,0,-2.0000000000000018,6.753812636165568,6.753812636165568,10712.045264448756,11394.0,11394.0,DART|DAILY_DISC,TRAILING_DART,,10712.045264448756,9.148579713833303,128544.54317338507,31.167901197331705,60.25913577826561,0,3.0,67.2034408421723,63.73128831021896,관찰,1.5,BULL,1.0,13.283513969726577,상승여력 31% | 200일↑ | 거래량x1.8 | RSI우호,EPS스크랩,85.56701030927834
2026-05-05,91,91,쿠쿠홀딩스,192400,KS,기타,29050.0,28617.5,28453.333333333332,28570.833333333332,29590.5,0,53.076833102961174,97.808203561835,0.8100584642203794,0,-0.1718213058419238,5.063291139240511,5.063291139240511,4083.512211102889,,4491.863432213178,DART,TRAILING_DART,,4083.512211102889,7.113974073841223,49002.14653323467,68.68208789409525,84.6433571311619,0,3.0,42.81324346134137,63.72830029625164,관찰,1.5,BULL,1.0,13.283513969726577,상승여력 69% | RSI우호 | MACD+,,36.08247422680412
2026-05-05,92,92,DL이앤씨,375500,KS,기타,91300.0,95490.0,67717.5,54652.083333333336,50382.5,1,53.856317120182446,-1786.1868551865682,1.006045781171938,0,-7.777777777777772,21.733333333333338,21.733333333333338,9567.184222811082,8020.0,8020.0,DART|DAILY_DISC,TRAILING_DART,,9567.184222811082,9.543037729148455,114806.21067373297,25.746123410441378,56.734980216786894,0,3.0,70.65719631600768,63.69608826639729,관찰,1.5,BULL,1.0,13.283513969726577,상승여력 26% | 200일↑ | RSI우호,EPS스크랩,52.19072164948454
2026-05-05,93,93,한국전력,015760,KS,기타,44500.0,44370.0,49720.0,50785.0,45923.25,0,46.06370335086942,180.21732823683362,0.9571588202521053,0,-3.6796536796536827,10.421836228287852,10.421836228287852,13500.219576928132,14016.0,14016.0,DART,TRAILING_DART,,13500.219576928132,3.2962426830486873,162002.63492313758,264.0508649958148,100.0,0,3.0,27.13755854110617,63.56877927055309,관찰,1.5,BULL,1.0,13.283513969726577,상승여력 264% | RSI우호 | MACD+,,48.71134020618557
2026-05-05,94,94,에스에이엠티,031330,KQ,기타,7390.0,6610.5,5554.166666666667,4750.625,4127.075,1,71.31243273331634,16.41093109648051,0.9654290284040383,0,-0.13513513513513375,45.186640471512774,45.186640471512774,758.33047861251,,834.1635264737611,DART,TRAILING_DART,,758.33047861251,9.745091630130991,9099.96574335012,23.138913983086873,55.040294089006466,0,3.0,72.0571481457919,63.54872111739918,관찰,1.5,BULL,1.0,13.283513969726577,상승여력 23% | 200일↑ | MACD+,,49.097938144329895
2026-05-05,95,95,유안타증권,003470,KS,기타,6030.0,5068.5,4958.416666666667,4395.333333333333,4127.925,1,70.93070452473816,83.3048944952392,36.941548723014705,1,16.184971098265887,33.85127635960043,33.85127635960043,479.1241408870661,,527.0365549757728,DART|DAILY_DISC,TRAILING_DART,,479.1241408870661,12.58546477920286,5749.489690644794,-4.6519122612803665,35.92957677137968,0,3.0,90.77944269397078,63.354509732675226,관찰,1.5,BULL,1.0,13.283513969726577,200일↑ | 20일돌파 | 거래량x36.9 | MACD+,EPS스크랩,99.87113402061856
2026-05-05,96,96,NH투자증권,005940,KS,기타,36450.0,34452.5,32859.166666666664,27284.416666666668,24451.05,1,60.33789557709541,-48.555524581999634,3.0975795805060997,1,3.8461538461538547,21.702838063439067,21.702838063439067,2894.6746174064,3532.0,3532.0,DART|DAILY_DISC,TRAILING_DART,,2894.6746174064,12.592088858905614,34736.095408876805,-4.70207020884279,35.88568856726256,0,3.0,89.65051797731866,62.76810327229061,관찰,1.5,BULL,1.0,13.283513969726577,200일↑ | 20일돌파 | 거래량x3.1 | RSI우호,EPS스크랩,94.71649484536083
2026-05-05,97,97,케이씨,029460,KS,기타,39500.0,35837.5,33255.0,29998.333333333332,27816.75,1,67.97944129582524,265.2177640957266,0.5881806255281717,0,-0.5037783375314908,31.666666666666664,31.666666666666664,3919.13736649628,,4311.051103145908,DART,TRAILING_DART,,3919.13736649628,10.078748537286693,47029.64839795536,19.06240100748193,52.39056065486325,0,3.0,72.95434155514376,62.6724511050035,관찰,1.5,BULL,1.0,13.283513969726577,상승여력 19% | 200일↑ | RSI우호 | MACD+,,15.721649484536082
2026-05-05,98,98,한국앤컴퍼니,000240,KS,기타,25300.0,24775.0,26711.666666666668,26646.25,25394.25,0,50.80961177305169,135.4042575011943,1.3572768590327937,0,2.2222222222222143,9.051724137931028,9.051724137931028,3657.538424182632,,4023.2922666008953,DART,TRAILING_DART,,3657.538424182632,6.9172205636237205,43890.46109019158,73.48008336044103,87.76205418428667,0,3.0,37.40219102442746,62.58212260435707,관찰,1.5,BULL,1.0,13.283513969726577,상승여력 73% | RSI우호 | MACD+,,73.06701030927834
2026-05-05,99,99,에스엠,041510,KQ,기타,96800.0,91255.0,99158.33333333333,104917.5,116419.5,0,57.02294556050138,1186.8295492023894,1.15332117156946,0,3.862660944205998,13.882352941176478,13.882352941176478,15696.395697080852,6057.0,6057.0,DART|DAILY_DISC,TRAILING_DART,,15696.395697080852,6.167020879704405,188356.74836497023,94.58341773240726,93.45834177324073,0,3.0,31.664101794404658,62.561221783822695,관찰,1.5,BULL,1.0,13.283513969726577,상승여력 95% | RSI우호 | MACD+,EPS스크랩,62.75773195876289
2026-05-05,100,100,에스엘,005850,KS,기타,63700.0,60575.0,60665.0,52311.25,45075.0,1,54.711532486494086,477.5623482268743,0.6265008645312532,0,4.7697368421052655,15.398550724637673,15.398550724637673,6906.362346356784,7950.0,7950.0,DART,TRAILING_DART,,6906.362346356784,9.223379371863215,82876.3481562814,30.104157231210984,59.56770220028714,0,3.0,65.37283267980645,62.4702674400468,관찰,1.5,BULL,1.0,13.283513969726577,상승여력 30% | 200일↑ | RSI우호 | MACD+,,18.170103092783503
2026-05-05,101,101,진성티이씨,036890,KQ,기타,19290.0,17535.0,16340.333333333334,14791.25,13807.25,1,66.41126873662304,83.50911915933801,2.4080558126538953,1,8.676056338028172,18.198529411764696,18.198529411764696,1481.578137519078,,1629.735951270986,DART,TRAILING_DART,,1481.578137519078,13.019900544902315,17778.937650228934,-7.833397354956273,33.14577731441326,0,3.0,91.75168082695414,62.4487290706837,관찰,1.5,BULL,1.0,13.283513969726577,200일↑ | 20일돌파 | 거래량x2.4 | RSI우호 | MACD+,,92.13917525773195
2026-05-05,102,102,CJ프레시웨이,051500,KQ,기타,28050.0,27880.0,30701.666666666668,28637.916666666668,28497.25,0,45.835940250373916,171.5247534675135,1.3726292215214975,0,1.2635379061371799,-3.4423407917383853,-3.4423407917383853,4220.7021444312495,5369.0,5369.0,DART|DAILY_DISC,TRAILING_DART,,4220.7021444312495,6.64581366799571,50648.425733175,80.56479762272726,92.05647976227273,0,3.0,32.52809739829514,62.29228858028394,관찰,1.5,BULL,1.0,13.283513969726577,상승여력 81% | RSI우호 | MACD+,EPS스크랩,73.96907216494846
2026-05-05,103,103,기아,000270,KS,기타,154000.0,154320.0,161106.66666666666,144710.83333333334,128928.0,1,47.844368606146865,154.1512601247424,0.7368005059160752,0,0.39113428943937656,2.5299600532623145,2.5299600532623145,19349.186729689773,21385.0,21385.0,DART|DAILY_DISC,TRAILING_DART,,19349.186729689773,7.958990842943253,232190.2407562773,50.772883607972275,73.00237434518198,0,3.0,51.580723957945224,62.2915491515636,관찰,1.5,BULL,1.0,13.283513969726577,상승여력 51% | 200일↑ | RSI우호 | MACD+,EPS스크랩,29.7680412371134
2026-05-05,104,104,팬오션,028670,KS,기타,5640.0,5479.5,5257.666666666667,4644.041666666667,4378.975,1,58.36600175766737,-5.93927723865022,1.176871614170833,0,0.1776198934280604,7.2243346007604625,7.2243346007604625,563.8312571780187,678.0,678.0,DART,TRAILING_DART,,563.8312571780187,10.002992789417632,6765.9750861362245,19.96409727191888,52.97666322674728,0,3.0,70.55998934296403,61.768326284855654,관찰,1.5,BULL,1.0,13.283513969726577,상승여력 20% | 200일↑ | RSI우호,,64.30412371134021
2026-05-05,105,105,우리기술투자,041190,KQ,기타,6740.0,6638.5,6991.666666666667,7486.083333333333,8565.85,0,50.94067831046882,15.740788233180222,1.2301882828788184,0,-0.8823529411764675,10.130718954248374,10.130718954248374,1316.0070536071428,,1447.607758967857,DART,TRAILING_DART,,1316.0070536071428,5.121553096182749,15792.084643285714,134.30392645824503,97.4303926458245,0,3.0,25.771404460188414,61.60089855300646,관찰,1.5,BULL,1.0,13.283513969726577,상승여력 134% | RSI우호 | MACD+,,66.88144329896907
2026-05-05,106,106,인터플렉스,051370,KQ,기타,13260.0,12939.5,12783.833333333334,11657.333333333334,10621.0,1,51.50407305455089,34.217555915571324,1.017970707111804,0,-5.42082738944365,6.93548387096774,6.93548387096774,1407.3379180564443,,1548.071709862089,DART,TRAILING_DART,,1407.3379180564443,9.422044151494381,16888.055016677332,27.360897561669173,57.78458341508497,0,3.0,64.42535268209235,61.10496804858866,관찰,1.5,BULL,1.0,13.283513969726577,상승여력 27% | 200일↑ | RSI우호 | MACD+,,53.22164948453608
2026-05-05,107,107,현대차증권,001500,KS,기타,11650.0,10991.5,11023.5,9647.666666666666,9221.0,1,58.19529610979705,48.91148161155901,5.107401251409781,1,3.6476868327402157,16.151545363908284,16.151545363908284,933.7240456737017,,1027.0964502410718,DART|DAILY_DISC,TRAILING_DART,,933.7240456737017,12.476919764440979,11204.68854808442,-3.822415896271081,36.6553860907628,0,3.0,85.38114851778056,61.01826730427168,관찰,1.5,BULL,1.0,13.283513969726577,200일↑ | 20일돌파 | 거래량x5.1 | RSI우호 | MACD+,EPS스크랩,96.90721649484536
2026-05-05,108,108,SK디스커버리,006120,KS,기타,55600.0,58385.0,57360.0,59119.166666666664,57454.75,0,44.759448466060036,-476.48625726593457,0.5218673472018147,0,-4.631217838765012,7.751937984496116,7.751937984496116,8305.309969402917,,9135.84096634321,DART,TRAILING_DART,,8305.309969402917,6.6945123306454,99663.71963283501,79.25129430366009,91.51334129737906,0,3.0,29.90332586440781,60.70833358089344,관찰,1.5,BULL,1.0,13.283513969726577,상승여력 79%,,11.469072164948454
2026-05-05,109,109,휴온스,243070,KQ,기타,26450.0,26335.0,26742.5,27233.333333333332,28236.25,0,49.90969783230601,7.022441607929309,3.4270360042840897,0,-1.4897579143389184,4.545454545454541,4.545454545454541,3526.296070883451,,3878.9256779717966,DART|DAILY_DISC,TRAILING_DART,,3526.296070883451,7.50078821185693,42315.552850601416,59.98318658072368,78.9890712774704,0,3.0,41.160442797864064,60.07475703766723,관찰,1.5,BULL,1.0,13.283513969726577,상승여력 60% | 거래량x3.4 | RSI우호 | MACD+,EPS스크랩,95.74742268041237
2026-05-05,110,110,아모레퍼시픽홀딩스,002790,KS,기타,28550.0,28042.5,29104.166666666668,28333.333333333332,28207.0,1,51.38654343820864,95.77424526720978,0.9690469000731216,0,-5.1495016611295625,4.7706422018348515,4.7706422018348515,3821.118067040047,,4203.229873744052,DART,TRAILING_DART,,3821.118067040047,7.4716351337753055,45853.41680448057,60.607414376464355,79.39481934470183,0,3.0,40.33833559205633,59.86657746837908,관찰,1.5,BULL,1.0,13.283513969726577,상승여력 61% | 200일↑ | RSI우호 | MACD+,,49.61340206185567
2026-05-05,111,111,대웅,003090,KS,기타,22400.0,22810.0,24175.0,23642.5,23534.75,0,43.16134860323155,-6.465943497624323,0.8631934168127937,0,-2.819956616052066,-1.103752759381893,-1.103752759381893,3919.831402439339,,4311.814542683273,DART,TRAILING_DART,,3919.831402439339,5.714531493895457,47037.97682927207,109.99096798782175,94.99909679878218,0,3.0,24.213346597013825,59.606221697898,관찰,1.5,BULL,1.0,13.283513969726577,상승여력 110%,,41.23711340206185
2026-05-05,112,112,영원무역,111770,KS,기타,85500.0,83505.0,86338.33333333333,84977.5,74919.5,1,54.54784594498941,229.48640244333143,1.1060533341332452,0,2.517985611510798,7.277289836888334,7.277289836888334,9619.42136579632,13371.0,13371.0,DART,TRAILING_DART,,9619.42136579632,8.888268508957461,115433.05638955583,35.009422677843084,62.756124740598004,0,3.0,55.724453382186695,59.240289061392346,관찰,1.5,BULL,1.0,13.283513969726577,상승여력 35% | 200일↑ | RSI우호 | MACD+,,59.149484536082475
2026-05-05,113,113,KB금융,105560,KS,기타,157800.0,157380.0,154241.66666666666,141097.5,130275.0,1,53.14371121237034,-145.75865092582353,1.472425256981228,0,0.2541296060991183,8.453608247422672,8.453608247422672,15665.033853854356,16924.0,16924.0,DART|DAILY_DISC,TRAILING_DART,,15665.033853854356,10.073390295366234,187980.40624625227,19.125732728930455,52.4317262738048,0,3.0,65.6180340725081,59.02488017315645,관찰,1.5,BULL,1.0,13.283513969726577,상승여력 19% | 200일↑ | RSI우호,EPS스크랩,77.9639175257732
2026-05-05,114,114,한라IMS,092460,KQ,기타,19610.0,17622.5,16165.333333333334,16399.333333333332,15343.85,1,62.1355257896235,310.404410255033,1.9456321910309642,0,-1.5562248995983907,27.669270833333325,27.669270833333325,1489.7637145171625,,1638.740085968879,DART,TRAILING_DART,,1489.7637145171625,13.16316125094755,17877.164574205948,-8.836488657797304,32.26807242442736,0,3.0,85.60530119334254,58.93668680888495,관찰,1.5,BULL,1.0,13.283513969726577,200일↑ | 거래량x1.9 | RSI우호 | MACD+,,87.5
2026-05-05,115,115,SK가스,018670,KS,기타,266500.0,253125.0,244041.66666666666,241345.83333333334,245692.5,1,56.36784562077941,3238.0734493028203,1.56112371546777,0,2.499999999999991,4.1015625,4.1015625,25257.89698899586,27168.0,27168.0,DART,TRAILING_DART,,25257.89698899586,10.551155550127802,303094.7638679503,13.731618712176473,48.92555216291471,0,3.0,68.8417416563275,58.883646909621106,관찰,1.5,BULL,1.0,13.283513969726577,상승여력 14% | 200일↑ | 거래량x1.6 | RSI우호 | MACD+,,80.28350515463917
2026-05-05,116,116,지역난방공사,071320,KS,기타,76300.0,75775.0,85226.66666666667,94763.33333333333,91449.0,0,43.63597518166089,591.7731786212908,0.6316594395486548,0,-1.8018018018018056,6.1196105702364445,6.1196105702364445,29267.941324205804,15978.0,15978.0,DART|DAILY_DISC,TRAILING_DART,,29267.941324205804,2.606947962441647,351215.2958904696,360.3083825563167,100.0,0,3.0,17.138969325779797,58.5694846628899,관찰,1.5,BULL,1.0,13.283513969726577,상승여력 360% | MACD+,EPS스크랩,18.814432989690722
2026-05-05,117,117,휴온스글로벌,084110,KQ,기타,62000.0,58555.0,60875.0,56438.75,52900.0,1,51.03652055954376,707.1849694305197,0.7505548880761778,0,-6.766917293233088,9.734513274336276,9.734513274336276,6462.7802546356925,,7109.058280099262,DART,TRAILING_DART,,6462.7802546356925,9.59339441496993,77553.36305562832,25.086069444561797,56.30594513896517,0,3.0,60.711913088797246,58.50892911388121,관찰,1.5,BULL,1.0,13.283513969726577,상승여력 25% | 200일↑ | RSI우호 | MACD+,,31.056701030927837
2026-05-05,118,118,미스토홀딩스,081660,KS,기타,40350.0,41755.0,45710.0,44457.916666666664,42115.25,0,37.20541565973647,6.184826293262063,1.334027129700329,0,-2.536231884057971,-0.4932182490752113,-0.4932182490752113,6566.31588924023,4899.0,4899.0,DART,TRAILING_DART,,6566.31588924023,6.1449983035569105,78795.79067088276,95.28076994022989,93.528076994023,0,3.0,23.306500618447007,58.417288806235,관찰,1.5,BULL,1.0,13.283513969726577,상승여력 95% | MACD+,,71.77835051546391
2026-05-05,119,119,슈프리마,236200,KQ,기타,54400.0,50512.5,48553.333333333336,42648.333333333336,38856.75,1,60.64189159485793,492.5636788820675,0.8665923506876846,0,-2.333931777378817,21.700223713646526,21.700223713646526,4642.320972781397,,5106.553070059537,DART|DAILY_DISC,TRAILING_DART,,4642.320972781397,11.71827633611616,55707.85167337677,2.404139105471992,41.5626904185568,0,3.0,75.24929217716547,58.405991297861135,관찰,1.5,BULL,1.0,13.283513969726577,200일↑ | RSI우호 | MACD+,EPS스크랩,41.365979381443296
2026-05-05,120,120,하림,136480,KQ,기타,3325.0,3268.75,3205.3333333333335,3094.625,3064.8,1,58.63644096262567,-0.4045271682441154,0.7729622425668061,0,-1.9174041297935096,4.395604395604402,4.395604395604402,364.7331201437699,,401.2064321581469,DART,TRAILING_DART,,364.7331201437699,9.116254643091796,4376.797441725239,31.633005766172605,60.5614537480122,0,3.0,55.186877557780456,57.87416565289632,관찰,1.5,BULL,1.0,13.283513969726577,상승여력 32% | 200일↑ | RSI우호,,32.86082474226804
2026-05-05,121,121,바텍,043150,KQ,기타,23300.0,22930.0,22491.666666666668,21205.833333333332,21714.5,1,53.685309750709095,-5.64170182245789,0.7171863276687577,0,0.21505376344086446,6.636155606407312,6.636155606407312,2631.159925478597,3575.0,3575.0,DART,TRAILING_DART,,2631.159925478597,8.855410032045782,31573.919105743164,35.510382428082245,63.08174857825345,0,3.0,52.22687734945492,57.65431296385418,관찰,1.5,BULL,1.0,13.283513969726577,상승여력 36% | 200일↑ | RSI우호,,27.706185567010312
2026-05-05,122,122,JB금융지주,175330,KS,기타,27350.0,29655.0,30399.166666666668,27447.916666666668,25770.5,1,36.5223122192528,-394.191640743726,0.7835913064067426,0,-4.703832752613235,-6.335616438356162,-6.335616438356162,3877.960697948784,3953.0,3953.0,DART|DAILY_DISC,TRAILING_DART,,3877.960697948784,7.052675911456906,46535.52837538541,70.14818418788084,85.59631972212254,0,3.0,28.96192280779619,57.279121264959365,관찰,1.5,BULL,1.0,13.283513969726577,상승여력 70% | 200일↑,EPS스크랩,33.634020618556704
2026-05-05,123,123,롯데손해보험,000400,KS,기타,2195.0,2139.5,2091.133333333333,1921.5583333333334,1883.43,1,55.59097495816209,-0.2992679844276367,5.789073675007619,1,2.331002331002341,6.295399515738498,6.295399515738498,165.4044231754762,,181.94486549302383,DART,TRAILING_DART,,165.4044231754762,13.270503641074594,1984.8530781057145,-9.573891658054013,31.62284479920274,0,3.0,82.77037801253844,57.19661140587059,관찰,1.5,BULL,1.0,13.283513969726577,200일↑ | 20일돌파 | 거래량x5.8 | RSI우호,,97.55154639175258
2026-05-05,124,124,KT,030200,KS,기타,60600.0,61875.0,61195.0,56715.0,55218.0,1,45.68990631746453,-314.59377150969726,0.6095692834331081,0,-1.7828200972447306,1.8487394957983128,1.8487394957983128,7288.142685023315,5829.0,5829.0,DART,TRAILING_DART,,7288.142685023315,8.314875630046222,87457.71222027978,44.31965712917454,68.80777713396346,0,3.0,45.55887655866077,57.18332684631211,관찰,1.5,BULL,1.0,13.283513969726577,상승여력 44% | 200일↑ | RSI우호,,17.2680412371134
2026-05-05,125,125,현대차,005380,KS,기타,539000.0,517150.0,515033.3333333333,425175.0,344982.5,1,54.98312590711598,2500.8295911260284,0.8528434763911581,0,5.068226120857711,14.437367303609339,14.437367303609339,50619.69175811383,40715.0,40715.0,DART|DAILY_DISC,TRAILING_DART,,50619.69175811383,10.648030070503218,607436.301097366,12.696901873351774,48.252986217678654,0,3.0,65.67944086923269,56.96621354345567,관찰,1.5,BULL,1.0,13.283513969726577,상승여력 13% | 200일↑ | RSI우호 | MACD+,EPS스크랩,40.20618556701031
2026-05-05,126,126,HD한국조선해양,009540,KS,기타,469500.0,426350.0,412200.0,418937.5,407665.0,1,64.93894704505831,5367.421390946307,0.588987775303237,0,-1.36554621848739,25.2,25.2,41377.22670003678,47566.0,47566.0,DART|DAILY_DISC,TRAILING_DART,,41377.22670003678,11.34682136634311,496526.7204004413,5.7564899681451065,43.74171847929432,0,3.0,70.00049305703811,56.87110576816622,관찰,1.5,BULL,1.0,13.283513969726577,200일↑ | RSI우호 | MACD+,EPS스크랩,15.850515463917525
2026-05-05,127,127,삼성물산,028260,KS,기타,320000.0,302025.0,299133.3333333333,275662.5,238901.0,1,59.08887112643183,956.3785857296316,1.7070496848109569,1,2.728731942215079,21.673003802281364,21.673003802281364,24090.01117695868,15388.0,15388.0,DART,TRAILING_DART,,24090.01117695868,13.283513969726577,289080.13412350416,-9.662458086404946,31.54534917439567,0,3.0,82.18371515507317,56.86453216473442,관찰,1.5,BULL,1.0,13.283513969726577,200일↑ | 20일돌파 | 거래량x1.7 | RSI우호 | MACD+,,84.27835051546391
2026-05-05,128,128,SK스퀘어,402340,KS,기타,991000.0,690150.0,604266.6666666666,480766.6666666667,363797.0,1,85.65843454461086,26536.517476202076,2.8431942451182994,1,36.68965517241378,105.17598343685299,105.17598343685299,66829.3639178036,187971.0,187971.0,DART,TRAILING_DART,,66829.3639178036,14.828810898437922,801952.3670136431,-19.076451360883638,23.30810505922682,0,3.0,90.12198766263899,56.7150463609329,관찰,1.5,BULL,1.0,13.283513969726577,200일↑ | 20일돌파 | 거래량x2.8 | MACD+,,93.81443298969072
2026-05-05,129,129,한국정보통신,025770,KQ,기타,11420.0,10605.5,8847.166666666666,8372.583333333334,8558.65,1,56.748918343483034,-77.65736732536902,0.28393279043499275,0,-4.6744574290484175,46.786632390745496,46.786632390745496,976.7076250462987,,1074.378387550929,DART,TRAILING_DART,,976.7076250462987,11.692342423822748,11720.491500555585,2.631274085425428,41.710328155526526,0,3.0,70.83313723036537,56.271732692945946,관찰,1.5,BULL,1.0,13.283513969726577,200일↑ | RSI우호,,1.9329896907216495
2026-05-05,130,130,한섬,020000,KS,기타,26400.0,24590.0,23489.166666666668,19640.833333333332,18019.2,1,60.20410218291861,184.53735025182095,1.4175200628557547,0,2.127659574468077,17.85714285714286,17.85714285714286,2061.029523151322,3201.0,3201.0,DART|DAILY_DISC,TRAILING_DART,,2061.029523151322,12.809132379450004,24732.354277815863,-6.316839856758094,34.472765125336664,0,3.0,77.94483373235171,56.20879942884419,관찰,1.5,BULL,1.0,13.283513969726577,200일↑ | RSI우호 | MACD+,EPS스크랩,75.9020618556701
2026-05-05,131,131,LX세미콘,108320,KS,기타,63100.0,55990.0,53979.166666666664,52790.0,54419.5,1,66.734243452664,867.373906742273,1.355955119825398,0,-2.7734976887519247,27.99188640973631,27.99188640973631,5080.641733366945,,5588.70590670364,DART|DAILY_DISC,TRAILING_DART,,5080.641733366945,12.41969091927755,60967.70080040334,-3.379238034226084,37.04316672005218,0,3.0,75.25540379293233,56.14928525649225,관찰,1.5,BULL,1.0,13.283513969726577,200일↑ | RSI우호 | MACD+,EPS스크랩,72.9381443298969
2026-05-05,132,132,동아쏘시오홀딩스,000640,KS,기타,98500.0,96615.0,101832.07096354167,104874.7734375,106555.446640625,0,51.042830934780994,601.5159715982151,0.8018743332292799,0,-0.4044489383215333,6.256742179072283,6.256742179072283,13585.759087041166,12688.0,12688.0,DART|DAILY_DISC,TRAILING_DART,,13585.759087041166,7.25023897221574,163029.109044494,65.51178583197358,82.58266079078282,0,3.0,29.674101020636773,56.1283809057098,관찰,1.5,BULL,1.0,13.283513969726577,상승여력 66% | RSI우호 | MACD+,EPS스크랩,35.43814432989691
2026-05-05,133,133,글로벌텍스프리,204620,KQ,기타,5940.0,5291.5,4974.916666666667,4988.5,5275.275,1,72.28767048976911,78.5845828509122,1.121685653886337,0,14.01151631477926,23.87904066736184,23.87904066736184,504.392779098543,,554.8320570083973,DART,TRAILING_DART,,504.392779098543,11.776536552755655,6052.713349182515,1.8975311310187815,41.233395235162206,0,3.0,70.3667666972331,55.800080966197655,관찰,1.5,BULL,1.0,13.283513969726577,200일↑ | MACD+,,60.4381443298969
2026-05-05,134,134,SOOP,067160,KQ,기타,55500.0,59325.0,63503.333333333336,66315.0,71419.0,0,28.836057611395745,-99.52492083772859,4.494635171740016,0,-7.807308970099669,-4.965753424657537,-4.965753424657537,9025.3477408459,8439.0,8439.0,DART|DAILY_DISC,TRAILING_DART,,9025.3477408459,6.149347547997997,108304.1728901508,95.14265385612757,93.51426538561276,0,3.0,17.86700956302579,55.690637474319274,관찰,1.5,BULL,1.0,13.283513969726577,상승여력 95% | 거래량x4.5,EPS스크랩,96.3917525773196
2026-05-05,135,135,키움증권,039490,KS,기타,422500.0,444125.0,441150.0,373275.0,318907.0,1,45.99433138414806,-4995.126061679317,2.1054635910281734,0,-6.006674082313679,2.5485436893203817,2.5485436893203817,42510.32405957744,55287.0,55287.0,DART|DAILY_DISC,TRAILING_DART,,42510.32405957744,9.93876215593826,510123.8887149293,20.739381944361956,53.480598263835276,0,3.0,57.33889979126682,55.409749027551044,관찰,1.5,BULL,1.0,13.283513969726577,상승여력 21% | 200일↑ | 거래량x2.1 | RSI우호,EPS스크랩,89.5618556701031
2026-05-05,136,136,케이엔제이,272110,KQ,기타,41100.0,38320.0,35353.333333333336,29681.666666666668,26278.6,1,58.48209039333133,81.15751321773541,0.7106628824410093,0,4.713375796178343,29.448818897637796,29.448818897637796,3184.8465623187394,,3503.331218550614,DART,TRAILING_DART,,3184.8465623187394,12.90486031141073,38218.15874782487,-7.011779202372582,33.864693197924,0,3.0,75.20011522613656,54.53240421203028,관찰,1.5,BULL,1.0,13.283513969726577,200일↑ | RSI우호 | MACD+,,26.804123711340207
2026-05-05,137,137,이마트,139480,KS,기타,105900.0,100405.0,100393.33333333333,91465.0,87129.5,1,61.2630315042885,701.9079487720292,1.1344014943202025,0,0.4743833017077703,17.405764966740577,17.405764966740577,8926.67539046404,8079.0,8079.0,DART,TRAILING_DART,,8926.67539046404,11.863319250202391,107120.10468556848,1.1521290704140652,40.74888389576914,0,3.0,68.15051365496086,54.449698775365,관찰,1.5,BULL,1.0,13.283513969726577,200일↑ | RSI우호 | MACD+,,61.21134020618557
2026-05-05,138,138,현대모비스,012330,KS,기타,431500.0,420950.0,424600.0,395637.5,358960.0,1,52.824584041118776,1125.9716865600676,0.7895171673338407,0,2.130177514792897,11.068211068211076,11.068211068211076,40390.51770409755,47937.0,47937.0,DART|DAILY_DISC,TRAILING_DART,,40390.51770409755,10.683200526449927,484686.21244917053,12.32588932773362,48.011828063026854,0,3.0,60.79073789337555,54.4012829782012,관찰,1.5,BULL,1.0,13.283513969726577,상승여력 12% | 200일↑ | RSI우호 | MACD+,EPS스크랩,34.27835051546392
2026-05-05,139,139,넥스틸,092790,KS,기타,18800.0,17045.0,13428.5,11824.666666666666,12418.65,1,60.180326804211525,261.16452365867144,0.3627578054046169,0,18.537200504413608,26.005361930294903,26.005361930294903,1385.961203522806,,1524.5573238750867,DART,TRAILING_DART,,1385.961203522806,13.564593260052712,16631.534442273674,-11.534391264501732,29.907407643560987,0,3.0,78.77800384837644,54.342705745968715,관찰,1.5,BULL,1.0,13.283513969726577,200일↑ | RSI우호 | MACD+,,3.865979381443299
2026-05-05,140,140,한일홀딩스,003300,KS,기타,17400.0,17341.5,17216.833333333332,16818.5,17164.6,1,49.652013563672575,2.4482661842074123,0.8896965763426903,0,-0.9111617312072884,6.0975609756097615,6.0975609756097615,2008.9107962135488,,2209.801875834904,DART,TRAILING_DART,,2008.9107962135488,8.661409970415813,24106.929554562586,38.54557215265855,65.05462189922807,0,3.0,43.31748654854095,54.18605422388451,관찰,1.5,BULL,1.0,13.283513969726577,상승여력 39% | 200일↑ | RSI우호 | MACD+,,43.04123711340206
2026-05-05,141,141,네오팜,092730,KQ,기타,20950.0,18906.5,18618.5,18633.416666666668,18361.5,1,63.761263650637936,275.42133575233584,0.5709049213120508,0,3.2019704433497553,21.028307336799546,21.028307336799546,1735.893274945472,,1909.4826024400195,DART,TRAILING_DART,,1735.893274945472,12.068714305410326,20830.719299345663,-0.5693589530039955,39.5018109161215,0,3.0,68.68908533904852,54.09544812758501,관찰,1.5,BULL,1.0,13.283513969726577,200일↑ | RSI우호 | MACD+,,14.04639175257732
2026-05-05,142,142,경동나비엔,009450,KS,기타,76900.0,69605.0,65221.666666666664,61643.333333333336,68112.0,1,66.95828717921225,786.7400476102503,1.1165905315614617,0,7.703081232492992,22.452229299363058,22.452229299363058,6157.003532393522,,6772.7038856328745,DART,TRAILING_DART,,6157.003532393522,12.48984178674091,73884.04238872226,-3.9219214711023964,36.568318712785405,0,3.0,71.6002570249926,54.08428786888901,관찰,1.5,BULL,1.0,13.283513969726577,200일↑ | RSI우호 | MACD+,,59.92268041237113
2026-05-05,143,143,한국콜마,161890,KS,기타,88700.0,84410.0,76603.33333333333,70860.0,76122.5,1,64.78534279729516,53.36522729689068,0.7071302932044583,0,-3.1659388646288256,16.557161629434948,16.557161629434948,7126.452052285193,6209.0,6209.0,DART|DAILY_DISC,TRAILING_DART,,7126.452052285193,12.44658623242363,85517.42462742231,-3.5880218405610953,36.86048088950904,0,3.0,70.9038719550764,53.882176422292716,관찰,1.5,BULL,1.0,13.283513969726577,200일↑ | RSI우호 | MACD+,EPS스크랩,26.03092783505155
2026-05-05,144,144,LX인터내셔널,001120,KS,기타,52300.0,51200.0,46943.333333333336,39971.25,36339.75,1,54.61305372214823,59.52937668848563,0.5576364284764704,0,-2.425373134328357,-1.5065913370998163,-1.5065913370998163,4083.128182017544,7006.0,7006.0,DART|DAILY_DISC,TRAILING_DART,,4083.128182017544,12.808806794343074,48997.53818421053,-6.314458538794399,34.4748487785549,0,3.0,72.84402313507579,53.659435956815344,관찰,1.5,BULL,1.0,13.283513969726577,200일↑ | RSI우호 | MACD+,EPS스크랩,13.015463917525775
2026-05-05,145,145,롯데렌탈,089860,KS,기타,33000.0,32697.5,32504.166666666668,31880.833333333332,31243.5,1,52.6256541447544,40.902420642961715,0.9674557952509133,0,-3.367496339677889,5.263157894736836,5.263157894736836,3489.8676294957104,4267.0,4267.0,DART|DAILY_DISC,TRAILING_DART,,3489.8676294957104,9.455946042506069,41878.41155394852,26.904277436207646,57.48778033353497,0,3.0,49.70115142966275,53.594465881598865,관찰,1.5,BULL,1.0,13.283513969726577,상승여력 27% | 200일↑ | RSI우호 | MACD+,EPS스크랩,49.48453608247423
2026-05-05,146,146,현대글로비스,086280,KS,기타,225500.0,224000.0,235275.0,215868.33333333334,195863.0,1,48.9727862197272,1006.0176914025848,1.0872001741110258,0,1.348314606741563,7.380952380952377,7.380952380952377,23129.296707266665,24033.0,24033.0,DART|DAILY_DISC,TRAILING_DART,,23129.296707266665,9.749539852163052,277551.5604872,23.082731923370268,55.00377575019068,0,3.0,52.10430336557748,53.55403955788408,관찰,1.5,BULL,1.0,13.283513969726577,상승여력 23% | 200일↑ | RSI우호 | MACD+,EPS스크랩,58.24742268041238
2026-05-05,147,147,금호석유화학,011780,KS,기타,144400.0,135250.0,133161.66666666666,129425.83333333333,123041.25,1,60.26391174546909,1304.733398682169,0.857445276522562,0,8.245877061469265,22.372881355932208,22.372881355932208,11564.61510311609,12452.0,12452.0,DART,TRAILING_DART,,11564.61510311609,12.4863645449896,138775.38123739307,-3.8951653480657433,36.59173032044247,0,3.0,70.49804294027489,53.544886630358675,관찰,1.5,BULL,1.0,13.283513969726577,200일↑ | RSI우호 | MACD+,,40.72164948453608
2026-05-05,148,148,티앤엘,340570,KQ,기타,61500.0,58777.5,54092.5,50525.833333333336,51695.75,1,58.44030027136828,-111.29330527552247,0.7094419142138536,0,-2.9968454258675115,15.168539325842701,15.168539325842701,4684.409821235236,,5152.8508033587605,DART,TRAILING_DART,,4684.409821235236,13.128654909997394,56212.91785482284,-8.596881536873436,32.477728655235744,0,3.0,73.69490108179156,53.086314868513654,관찰,1.5,BULL,1.0,13.283513969726577,200일↑ | RSI우호,,26.675257731958762
2026-05-05,149,149,이녹스첨단소재,272290,KQ,기타,36300.0,33687.5,33890.833333333336,29326.666666666668,27543.25,1,59.15290778598674,139.56229128483756,1.6770501315893183,0,1.1142061281337101,24.102564102564106,24.102564102564106,2806.066114126895,2836.0,2836.0,DART,TRAILING_DART,,2806.066114126895,12.936259704377889,33672.79336952274,-7.237483830515867,33.667201648298615,0,3.0,71.31693641249925,52.49206903039893,관찰,1.5,BULL,1.0,13.283513969726577,200일↑ | 거래량x1.7 | RSI우호 | MACD+,,83.76288659793815
2026-05-05,150,150,월덱스,101160,KQ,기타,33200.0,31685.0,30119.166666666668,26400.833333333332,25430.5,1,57.609905517286805,87.36535318016092,0.9334749831962331,0,-2.352941176470591,18.99641577060931,18.99641577060931,2481.526472756666,,2729.679120032333,DART,TRAILING_DART,,2481.526472756666,13.378861907976725,29778.31767307999,-10.30627206903617,30.982011939593352,0,3.0,73.4599177138374,52.220964826715374,관찰,1.5,BULL,1.0,13.283513969726577,200일↑ | RSI우호 | MACD+,,46.90721649484536
2026-05-05,151,151,IPARK현대산업개발,294870,KS,기타,22600.0,22875.0,22355.0,21286.666666666668,21248.75,1,48.77709247235368,-72.22547173707125,0.5623441827693565,0,-6.995884773662553,10.513447432762835,10.513447432762835,2399.5619063767263,5108.0,5108.0,DART|DAILY_DISC,TRAILING_DART,,2399.5619063767263,9.418385889499884,28794.742876520715,27.41036671026864,57.816738361674616,0,3.0,46.29961211483243,52.058175238253526,관찰,1.5,BULL,1.0,13.283513969726577,상승여력 27% | 200일↑ | RSI우호,EPS스크랩,13.65979381443299
2026-05-05,152,152,선익시스템,171090,KQ,기타,98500.0,98075.0,102655.0,77388.75,63106.25,1,48.396392434823326,399.60866808194896,0.7393174239978111,0,-12.754650132860935,16.844602609727154,16.844602609727154,9554.342664768546,9313.0,9313.0,DART,TRAILING_DART,,9554.342664768546,10.309448117578706,114652.11197722255,16.39808322560665,50.65875409664432,0,3.0,53.08355872598446,51.87115641131439,관찰,1.5,BULL,1.0,13.283513969726577,상승여력 16% | 200일↑ | RSI우호 | MACD+,,29.896907216494846
2026-05-05,153,153,한화투자증권,003530,KS,기타,8190.0,7475.0,7358.5,6192.333333333333,6046.45,1,60.89093022714619,44.79828333833757,6.964354168099239,1,6.088082901554404,21.875,21.875,475.46519650460135,,523.0117161550615,DART|DAILY_DISC,TRAILING_DART,,475.46519650460135,17.22523553818253,5705.582358055216,-30.334769742915558,13.457076474948886,0,3.0,90.09467888946872,51.77587768220881,관찰,1.5,BULL,1.0,13.283513969726577,200일↑ | 20일돌파 | 거래량x7.0 | RSI우호 | MACD+,EPS스크랩,98.4536082474227
2026-05-05,154,154,원익머트리얼즈,104830,KQ,기타,53900.0,48855.0,45364.166666666664,39067.083333333336,34266.75,1,65.84938240838702,341.7314946480833,0.8121603595604243,0,-1.821493624772308,34.41396508728181,34.41396508728181,3862.7107169257615,,4248.981788618338,DART,TRAILING_DART,,3862.7107169257615,13.953931306276466,46352.52860310914,-14.00272986436153,27.74761136868366,0,3.0,74.6315618338565,51.18958660127008,관찰,1.5,BULL,1.0,13.283513969726577,200일↑ | RSI우호 | MACD+,,36.46907216494845
2026-05-05,155,155,휴메딕스,200670,KQ,기타,35650.0,34542.5,37164.166666666664,40185.416666666664,47191.0,0,51.39769712156204,316.8614529160595,0.7856434219563596,0,0.1404494382022392,9.523809523809534,9.523809523809534,4611.392699242115,,5072.531969166326,DART,TRAILING_DART,,4611.392699242115,7.730853198830605,55336.71239090538,55.222194644895865,75.8944265191823,0,3.0,25.214626852317764,50.554526685750034,관찰,1.5,BULL,1.0,13.283513969726577,상승여력 55% | RSI우호 | MACD+,,33.891752577319586
2026-05-05,156,156,코웨이,021240,KS,기타,86700.0,81560.0,79360.0,82176.66666666667,89899.5,0,64.899665153026,570.8961028866424,0.47589328943899617,0,0.93131548311991,20.41666666666666,20.41666666666666,8725.908395396493,9702.0,9702.0,DART|DAILY_DISC,TRAILING_DART,,8725.908395396493,9.935928280629225,104710.9007447579,20.77381862140473,53.50298210391307,0,3.0,47.00090543802588,50.251943770969476,관찰,1.5,BULL,1.0,13.283513969726577,상승여력 21% | RSI우호 | MACD+,EPS스크랩,8.376288659793813
2026-05-05,157,157,LG,003550,KS,기타,102300.0,94335.0,93371.66666666667,88495.0,83885.0,1,67.21440807025084,818.6884646721376,1.3736157523589096,1,6.562500000000004,18.265895953757227,18.265895953757227,6484.961232890973,7820.0,7820.0,DART|DAILY_DISC,TRAILING_DART,,6484.961232890973,15.774959375415573,77819.53479469169,-23.93007351447538,19.061185674834043,0,3.0,81.34241179295199,50.201798733893014,관찰,1.5,BULL,1.0,13.283513969726577,200일↑ | 20일돌파 | RSI우호 | MACD+,EPS스크랩,74.0979381443299
2026-05-05,158,158,한세실업,105630,KS,기타,11610.0,11552.5,12418.666666666666,12923.416666666666,11908.3,0,46.76164757757118,56.04825732185975,0.5343983918322004,0,-0.7692307692307665,5.737704918032782,5.737704918032782,1431.3801308,1579.0,1579.0,DART,TRAILING_DART,,1431.3801308,8.111052927296928,17176.5615696,47.94626674935398,71.16507338708008,0,3.0,28.790745474694543,49.977909430887316,제외,0.0,BULL,1.0,13.283513969726577,상승여력 48% | RSI우호 | MACD+,,12.11340206185567
2026-05-05,159,159,파미셀,005690,KS,기타,20250.0,17899.5,16413.833333333332,16004.75,14726.15,1,62.13578809122317,118.53790814905187,2.869785673389147,1,10.77680525164113,35.54216867469879,35.54216867469879,671.293309621593,958.0,958.0,DART,TRAILING_DART,,671.293309621593,30.16565145184434,8055.519715459117,-60.21965572612782,5.0,0,3.0,94.86442236824813,49.932211184124064,제외,0.0,BULL,1.0,13.283513969726577,200일↑ | 20일돌파 | 거래량x2.9 | RSI우호 | MACD+,,93.94329896907216
2026-05-05,160,160,디아이티,110990,KQ,기타,25550.0,22683.0,21753.333333333332,18813.5,16869.05,1,63.36691209522406,338.72478883052895,1.7059365892178597,0,-0.3898635477582846,39.541234298197715,39.541234298197715,1607.199672010582,,1767.9196392116403,DART,TRAILING_DART,,1607.199672010582,15.897215787779091,19286.396064126984,-24.51508389774174,18.54930158947598,0,3.0,80.54523563754586,49.54726861351092,제외,0.0,BULL,1.0,13.283513969726577,200일↑ | 거래량x1.7 | RSI우호 | MACD+,,84.14948453608247
2026-05-05,161,161,엠씨넥스,097520,KS,기타,23550.0,23025.0,24591.666666666668,26472.083333333332,27704.75,0,51.69652951367928,124.795515176679,1.1576604761874045,0,-0.6329113924050667,7.534246575342474,7.534246575342474,2962.654793897078,2797.0,2797.0,DART,TRAILING_DART,,2962.654793897078,7.9489517470992,35551.857526764936,50.96330159985109,73.1261460399032,0,3.0,25.733585462283227,49.42986575109322,제외,0.0,BULL,1.0,13.283513969726577,상승여력 51% | RSI우호 | MACD+,,63.144329896907216
2026-05-05,162,162,오로스테크놀로지,322310,KQ,기타,44850.0,34510.0,30615.0,27487.083333333332,25816.7,1,72.77205134819596,523.6548270358871,7.381575831528005,1,34.48275862068966,52.03389830508473,52.03389830508473,-685.5361083097689,,-754.0897191407458,DART,TRAILING_DART,,-685.5361083097689,-65.42324971120837,-8226.433299717228,-118.3421032323684,5.0,1,3.0,93.39454453984396,49.19727226992198,제외,0.0,BULL,1.0,13.283513969726577,200일↑ | 20일돌파 | 거래량x7.4 | MACD+,적자,98.84020618556701
2026-05-05,163,163,SNT에너지,100840,KS,기타,58600.0,56555.0,49395.0,44531.666666666664,47142.5,1,58.441467798640254,-168.06547106800645,0.5554838526352227,0,1.736111111111116,12.476007677543176,12.476007677543176,4079.7811126880447,,4487.759223956849,DART|DAILY_DISC,TRAILING_DART,,4079.7811126880447,14.363515684151553,48957.37335225654,-16.454994279425705,25.601880005502508,0,3.0,72.69512834838807,49.14850417694529,제외,0.0,BULL,1.0,13.283513969726577,200일↑ | RSI우호,EPS스크랩,12.757731958762886
2026-05-05,164,164,BGF리테일,282330,KS,기타,132400.0,134020.0,129153.33333333333,119865.0,117082.0,1,50.251238858329025,-614.8014871666271,0.8394862938591287,0,-1.5613382899628214,-1.1202389843166571,-1.1202389843166571,11297.393339503236,12474.0,12474.0,DART|DAILY_DISC,TRAILING_DART,,11297.393339503236,11.719517593234638,135568.72007403884,2.3932931072800923,41.55564051973206,0,3.0,56.22814958659256,48.89189505316231,제외,0.0,BULL,1.0,13.283513969726577,200일↑ | RSI우호,EPS스크랩,39.3041237113402
2026-05-05,165,165,PS일렉트로닉스,332570,KQ,기타,10470.0,7319.0,6131.416666666667,6038.125,5502.6,1,76.07964260536946,182.51474521235446,2.3106248884225105,1,14.676889375684565,103.69649805447469,103.69649805447469,346.8059110398712,,381.48650214385833,DART,TRAILING_DART,,346.8059110398712,30.189796848059768,4161.670932478454,-60.25147151405488,5.0,0,3.0,92.54627367023089,48.773136835115444,제외,0.0,BULL,1.0,13.283513969726577,200일↑ | 20일돌파 | 거래량x2.3 | MACD+,,91.62371134020619
2026-05-05,166,166,LS마린솔루션,060370,KQ,기타,49550.0,33872.5,31245.833333333332,30143.333333333332,28331.0,1,79.29712069152656,1271.1514016149906,6.448738028902421,1,30.73878627968338,65.16666666666666,65.16666666666666,159.96383638124988,251.0,251.0,DART,TRAILING_DART,,159.96383638124988,309.757512203602,1919.5660365749986,-96.12600194434916,5.0,0,3.0,92.39388546731195,48.69694273365597,제외,0.0,BULL,1.0,13.283513969726577,200일↑ | 20일돌파 | 거래량x6.4 | MACD+,,98.06701030927834
2026-05-05,167,167,롯데정밀화학,004000,KS,기타,66600.0,56420.0,51895.833333333336,48859.583333333336,46979.25,1,70.40693520425083,1550.5407938128383,1.4161917800618524,0,8.292682926829276,41.25132555673383,41.25132555673383,4112.129535581395,5901.0,5901.0,DART|DAILY_DISC,TRAILING_DART,,4112.129535581395,16.19598785099646,49345.55442697674,-25.907575935470362,17.330871056463433,0,3.0,79.86469792361942,48.59778449004143,제외,0.0,BULL,1.0,13.283513969726577,200일↑ | MACD+,EPS스크랩,75.51546391752578
2026-05-05,168,168,태웅,044490,KQ,기타,58800.0,50022.5,43375.0,35261.25,35259.75,1,65.70118210128248,513.2953135582657,2.0075433235312383,1,10.31894934333959,15.976331360946737,15.976331360946737,270.6256578509701,,297.6882236360671,DART,TRAILING_DART,,270.6256578509701,217.2742986268522,3247.5078942116406,-94.47702739079654,5.0,0,3.0,92.14950543053598,48.57475271526799,제외,0.0,BULL,1.0,13.283513969726577,200일↑ | 20일돌파 | 거래량x2.0 | RSI우호 | MACD+,,88.4020618556701
2026-05-05,169,169,HMM,011200,KS,기타,21150.0,20892.5,20993.5,20522.166666666668,21299.65,0,54.5660166419142,-6.429806404411693,2.128892638737333,0,0.23696682464455776,5.486284289276799,5.486284289276799,1991.7900463655,1280.0,1280.0,DART,TRAILING_DART,,1991.7900463655,10.61858906193113,23901.480556386,13.009364332794316,48.4560868163163,0,3.0,48.26470965475009,48.3603982355332,제외,0.0,BULL,1.0,13.283513969726577,상승여력 13% | 거래량x2.1 | RSI우호,,89.69072164948454
2026-05-05,170,170,에치에프알,230240,KQ,기타,36600.0,29455.0,24313.833333333332,18927.333333333332,17922.6,1,67.34910218265348,81.83100990442858,3.3015040796288115,1,30.714285714285715,7.964601769911495,7.964601769911495,-3.702004057404764,,-4.0722044631452405,DART,TRAILING_DART,,-3.702004057404764,-9886.536976314903,-44.42404868885717,-100.12137718221,5.0,1,3.0,91.5553629118642,48.2776814559321,제외,0.0,BULL,1.0,13.283513969726577,200일↑ | 20일돌파 | 거래량x3.3 | RSI우호 | MACD+,적자,95.36082474226805
2026-05-05,171,171,보성파워텍,006910,KQ,기타,14350.0,10817.5,10489.833333333334,8100.916666666667,6530.7,1,72.22295276890239,349.0032687425677,8.011065556862405,1,18.497109826589586,47.63374485596707,47.63374485596707,413.48451580042297,,454.8329673804653,DART,TRAILING_DART,,413.48451580042297,34.705048077123955,4961.814189605076,-65.42289763341411,5.0,0,3.0,91.43727359414927,48.21863679707464,제외,0.0,BULL,1.0,13.283513969726577,200일↑ | 20일돌파 | 거래량x8.0 | MACD+,,99.0979381443299
2026-05-05,172,172,에스티아이,039440,KQ,기타,40850.0,34315.0,33834.166666666664,31252.916666666668,26867.1,1,68.8296108142052,701.2959681163347,2.8849670447461717,1,5.555555555555558,39.419795221843,39.419795221843,994.2565380758824,,1093.6821918834708,DART,TRAILING_DART,,994.2565380758824,41.08597573726218,11931.078456910589,-70.79295359385414,5.0,0,3.0,91.43310132520008,48.21655066260004,제외,0.0,BULL,1.0,13.283513969726577,200일↑ | 20일돌파 | 거래량x2.9 | RSI우호 | MACD+,,94.0721649484536
2026-05-05,173,173,와이엠티,251370,KQ,기타,20650.0,17125.0,14773.333333333334,13173.5,12587.7,1,71.6903578618081,119.6373501216267,2.8972182532270154,1,18.1350114416476,32.54172015404364,32.54172015404364,83.17366070314051,,91.49102677345458,DART,TRAILING_DART,,83.17366070314051,248.27571403527617,998.0839284376862,-95.1666637848054,5.0,0,3.0,91.42801698875623,48.21400849437811,제외,0.0,BULL,1.0,13.283513969726577,200일↑ | 20일돌파 | 거래량x2.9 | MACD+,,94.20103092783505
2026-05-05,174,174,PI첨단소재,178920,KS,기타,30500.0,24902.5,22039.5,19193.416666666668,18702.15,1,74.91496923935698,256.7813394220884,6.441793434592031,1,16.858237547892728,42.85714285714286,42.85714285714286,1034.6942918830623,1406.0,1406.0,DART|DAILY_DISC,TRAILING_DART,,1034.6942918830623,29.47730575037038,12416.331502596748,-59.2907163849287,5.0,0,3.0,91.32656368094088,48.16328184047044,제외,0.0,BULL,1.0,13.283513969726577,200일↑ | 20일돌파 | 거래량x6.4 | MACD+,EPS스크랩,97.9381443298969
2026-05-05,175,175,서울반도체,046890,KQ,기타,17930.0,11905.0,10157.5,8254.75,7646.05,1,81.92313460383515,687.218258064488,2.4716340183654015,1,60.23235031277927,101.46067415730337,101.46067415730337,-1029.1724466687476,,-1132.0896913356223,DART,TRAILING_DART,,-1029.1724466687476,-17.42176450412785,-12350.069360024972,-168.8793606247907,5.0,1,3.0,91.30672871559108,48.15336435779554,제외,0.0,BULL,1.0,13.283513969726577,200일↑ | 20일돌파 | 거래량x2.5 | MACD+,적자,92.78350515463917
2026-05-05,176,176,LS증권,078020,KQ,기타,8290.0,7550.0,7368.333333333333,6175.458333333333,5823.075,1,64.7211174163801,66.74354428874173,5.2394702969570375,1,6.829896907216493,21.554252199413494,21.554252199413494,413.6572371104513,,455.0229608214965,DART,TRAILING_DART,,413.6572371104513,20.040746918653507,4963.886845325416,-40.12199221561621,5.0,0,3.0,90.86682699050175,47.933413495250875,제외,0.0,BULL,1.0,13.283513969726577,200일↑ | 20일돌파 | 거래량x5.2 | RSI우호 | MACD+,,97.16494845360825
2026-05-05,177,177,SK네트웍스,001740,KS,기타,6590.0,5532.0,5416.666666666667,5010.125,4830.0,1,72.19212098195675,98.07598751293011,9.50263440885319,1,16.021126760563376,26.245210727969347,26.245210727969347,225.87433967988363,296.0,296.0,DART,TRAILING_DART,,225.87433967988363,29.175514178988013,2710.4920761586036,-58.86961948166003,5.0,0,3.0,90.69099773909865,47.845498869549324,제외,0.0,BULL,1.0,13.283513969726577,200일↑ | 20일돌파 | 거래량x9.5 | MACD+,,99.22680412371135
2026-05-05,178,178,LG화학,051910,KS,기타,429000.0,369300.0,337716.6666666667,347837.5,329997.5,1,71.37308906012564,4622.021274199891,1.8923309827070038,1,9.578544061302674,40.88669950738917,40.88669950738917,-13840.920395573214,-3822.0,-3822.0,DART|DAILY_DISC,TRAILING_DART,,-13840.920395573214,-30.99504857619212,-166091.04474687856,-138.71586124635863,5.0,1,3.0,90.33521572412917,47.667607862064585,제외,0.0,BULL,1.0,13.283513969726577,200일↑ | 20일돌파 | 거래량x1.9 | MACD+,"EPS스크랩,적자",86.98453608247422
2026-05-05,179,179,오픈엣지테크놀로지,394280,KQ,기타,21800.0,18041.5,16471.5,14619.75,13797.8,1,69.42884141473024,352.55421142449586,1.426902190214948,1,7.654320987654328,50.96952908587258,50.96952908587258,-1146.7476199691323,,-1261.4223819660456,DART,TRAILING_DART,,-1146.7476199691323,-19.010285803415755,-13760.971439629588,-163.12372220013575,5.0,1,3.0,90.27038771391562,47.63519385695781,제외,0.0,BULL,1.0,13.283513969726577,200일↑ | 20일돌파 | RSI우호 | MACD+,적자,76.5463917525773
2026-05-05,180,180,오리온,271560,KS,기타,142800.0,136960.0,132835.0,119817.5,115050.0,1,60.158473777131015,606.3952077087365,0.9172294797192556,0,0.7052186177715081,10.015408320493059,10.015408320493059,9879.50877880517,11854.0,11854.0,DART,TRAILING_DART,,9879.50877880517,14.454159938230276,118554.10534566204,-16.97891782516664,25.14344690297919,0,3.0,70.03419449788883,47.58882070043401,제외,0.0,BULL,1.0,13.283513969726577,200일↑ | RSI우호 | MACD+,,46.00515463917525
2026-05-05,181,181,롯데에너지머티리얼즈,020150,KS,기타,78500.0,56095.0,46287.5,40974.583333333336,34576.0,1,83.19261426823209,1884.1702720614712,2.283454792115376,1,15.27165932452277,94.06674907292954,94.06674907292954,-3191.990340828267,-818.0,-818.0,DART,TRAILING_DART,,-3191.990340828267,-24.5928062487904,-38303.88408993921,-148.79475680247035,5.0,1,3.0,89.86292614090029,47.43146307045014,제외,0.0,BULL,1.0,13.283513969726577,200일↑ | 20일돌파 | 거래량x2.3 | MACD+,적자,91.1082474226804
2026-05-05,182,182,산일전기,062040,KS,기타,333500.0,198945.0,166221.66666666666,153958.33333333334,139390.5,1,86.64817240440026,10951.94030204289,3.1171194840407943,1,50.22522522522523,149.625748502994,149.625748502994,4864.205152886495,6661.0,6661.0,DART|DAILY_DISC,TRAILING_DART,,4864.205152886495,68.5620753068147,58370.46183463794,-82.49761264328697,5.0,0,3.0,89.76850985557134,47.38425492778567,제외,0.0,BULL,1.0,13.283513969726577,200일↑ | 20일돌파 | 거래량x3.1 | MACD+,EPS스크랩,94.84536082474226
2026-05-05,183,183,LG전자,066570,KS,기타,143200.0,125385.0,119248.33333333333,106398.33333333333,95388.5,1,68.46283548302358,1864.528579101334,1.3176720088599194,1,12.31372549019607,32.225300092336106,32.225300092336106,7492.412487484298,9479.0,9479.0,DART,TRAILING_DART,,7492.412487484298,19.11266901538169,89908.94984981159,-37.214420495941624,7.437382066051079,0,3.0,87.21019141212729,47.323786739089186,제외,0.0,BULL,1.0,13.283513969726577,200일↑ | 20일돌파 | RSI우호 | MACD+,,70.74742268041237
2026-05-05,184,184,POSCO홀딩스,005490,KS,기타,502000.0,400475.0,372216.6666666667,346450.0,327315.0,1,81.65485898966003,10557.226919425091,2.1866094501907396,1,20.963855421686752,44.460431654676256,44.460431654676256,6365.393138701126,22435.0,22435.0,DART|DAILY_DISC,TRAILING_DART,,6365.393138701126,78.86394273872521,76384.71766441352,-84.78392078398137,5.0,0,3.0,89.61091524074362,47.30545762037181,제외,0.0,BULL,1.0,13.283513969726577,200일↑ | 20일돌파 | 거래량x2.2 | MACD+,EPS스크랩,90.85051546391753
2026-05-05,185,185,KB발해인프라,415640,KS,기타,9990.0,9953.5,9977.333333333334,9960.666666666666,9497.8,1,51.401270435703196,12.320684052248293,0.9660217796954993,0,0.6042296072507503,0.3012048192771122,0.3012048192771122,,,,EMPTY,FORWARD_AUTO,,,,,,,0,3.0,47.26514580200258,47.26514580200258,관찰,0.0,BULL,1.0,13.283513969726577,200일↑ | RSI우호 | MACD+ | 비밸류평가,"EPS스크랩,EPS없음",49.22680412371135
2026-05-05,186,186,하나마이크론,067310,KQ,기타,42050.0,35782.5,34105.0,30313.333333333332,25156.5,1,66.96243731082407,561.7121932091541,1.6403341775506577,1,4.3424317617865915,45.501730103806224,45.501730103806224,986.6739431374708,,1085.341337451218,DART,TRAILING_DART,,986.6739431374708,42.617928944477335,11840.08731764965,-71.84283634328264,5.0,0,3.0,89.41687548306933,47.20843774153467,제외,0.0,BULL,1.0,13.283513969726577,200일↑ | 20일돌파 | 거래량x1.6 | RSI우호 | MACD+,,82.60309278350515
2026-05-05,187,187,지엔씨에너지,119850,KQ,기타,37050.0,34177.5,35390.0,34323.75,34206.0,1,60.84244112684455,386.59109642875774,2.1685491058933337,1,6.160458452722062,18.56,18.56,2432.7951909150934,,2676.074710006603,DART,TRAILING_DART,,2432.7951909150934,15.22939544535341,29193.54229098112,-21.205014059430173,21.445612697998598,0,3.0,72.58322319038388,47.01441794419124,제외,0.0,BULL,1.0,13.283513969726577,200일↑ | 20일돌파 | 거래량x2.2 | RSI우호 | MACD+,,90.4639175257732
2026-05-05,188,188,대아티아이,045390,KQ,기타,4810.0,4503.0,4422.5,4230.0,4462.025,1,59.6212728244493,20.508234494639566,3.5378530325641067,1,9.0702947845805,21.158690176322416,21.158690176322416,289.4915858367338,,318.4407444204072,DART,TRAILING_DART,,289.4915858367338,16.61533611105617,3473.899030040806,-27.777566943018584,15.694628924858739,0,3.0,78.30319476257388,46.99891184371631,제외,0.0,BULL,1.0,13.283513969726577,200일↑ | 20일돌파 | 거래량x3.5 | RSI우호 | MACD+,,95.87628865979381
2026-05-05,189,189,브이티,018290,KQ,기타,16730.0,15991.0,16543.166666666668,17859.25,23693.3,0,55.33363016951625,159.4759531508205,0.9694746395187229,0,-1.2979351032448405,11.756847027388106,11.756847027388106,1837.4946825063985,,2021.2441507570384,DART,TRAILING_DART,,1837.4946825063985,9.104788252872533,22049.936190076784,31.798781769735697,60.6692081503282,0,3.0,33.29508760463076,46.98214787747948,제외,0.0,BULL,1.0,13.283513969726577,상승여력 32% | RSI우호 | MACD+,,49.871134020618555
2026-05-05,190,190,삼성생명,032830,KS,기타,265000.0,246350.0,225566.66666666666,193415.83333333334,173812.0,1,63.84568508816994,-16.51963476016863,1.933560357272534,1,8.384458077709622,19.909502262443436,19.909502262443436,12257.575,12321.0,12321.0,DART,TRAILING_DART,,12257.575,21.619284401686304,147090.90000000002,-44.493999999999986,5.0,0,3.0,88.9060587503894,46.9530293751947,제외,0.0,BULL,1.0,13.283513969726577,200일↑ | 20일돌파 | 거래량x1.9 | RSI우호,,87.37113402061856
2026-05-05,191,191,일진전기,103590,KS,기타,144100.0,93470.0,82033.33333333333,70195.0,58458.125,1,89.25050307701437,5326.999060834476,3.625834170326364,1,49.326424870466326,102.95774647887326,102.95774647887326,2178.643773281502,3108.0,3108.0,DART,TRAILING_DART,,2178.643773281502,66.14206588852049,26143.725279378024,-81.85723436545591,5.0,0,3.0,88.83910604392344,46.91955302196172,제외,0.0,BULL,1.0,13.283513969726577,200일↑ | 20일돌파 | 거래량x3.6 | MACD+,,96.00515463917526
2026-05-05,192,192,포스코퓨처엠,003670,KS,기타,267000.0,235850.0,221598.33333333334,212954.16666666666,190959.5,1,67.25103318207576,2569.004343233635,1.627290340490747,1,5.952380952380953,26.241134751773053,26.241134751773053,410.6064444784725,313.0,313.0,DART|DAILY_DISC,TRAILING_DART,,410.6064444784725,650.2576946621656,4927.27733374167,-98.15457777762484,5.0,0,3.0,88.83105069692884,46.91552534846442,제외,0.0,BULL,1.0,13.283513969726577,200일↑ | 20일돌파 | 거래량x1.6 | RSI우호 | MACD+,EPS스크랩,82.34536082474226
2026-05-05,193,193,동양생명,082640,KS,기타,8250.0,8589.0,8210.0,7407.5,7588.55,1,43.93918809481535,-75.66850129397024,0.4509972704987568,0,-7.614781634938406,-2.4822695035460973,-2.4822695035460973,771.5362650211639,,848.6898915232804,DART|DAILY_DISC,TRAILING_DART,,771.5362650211639,10.69295167839414,9258.435180253968,12.223456730351124,47.94524687472823,0,3.0,45.75938486529324,46.852315870010734,제외,0.0,BULL,1.0,13.283513969726577,상승여력 12% | 200일↑,EPS스크랩,6.443298969072164
2026-05-05,194,194,솔루엠,248070,KS,기타,20850.0,18911.0,17857.0,17257.5,17158.8,1,67.45456504825127,81.34674498736831,2.0940438192026,1,5.623100303951367,31.462799495586392,31.462799495586392,296.6923694914004,1085.0,1085.0,DART,TRAILING_DART,,296.6923694914004,70.27481035572886,3560.308433896805,-82.92418017315681,5.0,0,3.0,88.54911517827185,46.774557589135924,제외,0.0,BULL,1.0,13.283513969726577,200일↑ | 20일돌파 | 거래량x2.1 | RSI우호 | MACD+,,89.30412371134021
2026-05-05,195,195,KG모빌리티,003620,KS,기타,4440.0,4042.5,3822.1666666666665,3672.9166666666665,3590.375,1,67.80521851268392,29.398650449909013,1.5618401890776341,1,6.2200956937799035,31.555555555555557,31.555555555555557,230.1248183569315,,253.13730019262468,DART|DAILY_DISC,TRAILING_DART,,230.1248183569315,19.293877260615183,2761.497820283178,-37.80410314677527,6.92140974657164,0,3.0,86.61227914892211,46.76684444774688,제외,0.0,BULL,1.0,13.283513969726577,200일↑ | 20일돌파 | 거래량x1.6 | RSI우호 | MACD+,EPS스크랩,80.41237113402062
2026-05-05,196,196,마이크로컨텍솔,098120,KQ,기타,35950.0,33277.5,29114.166666666668,24078.833333333332,23115.9,1,61.22566439294748,76.53861343158223,2.034899034650583,0,-1.641586867305067,31.684981684981683,31.684981684981683,2041.358993624986,,2245.4948929874845,DART,TRAILING_DART,,2041.358993624986,17.6108171626202,24496.30792349983,-31.86006140890173,12.122446267210988,0,3.0,81.25168901723053,46.68706764222076,제외,0.0,BULL,1.0,13.283513969726577,200일↑ | 거래량x2.0 | RSI우호 | MACD+,,88.91752577319588
2026-05-05,197,197,유니셈,036200,KQ,기타,12170.0,10799.5,10304.833333333334,10077.083333333334,9473.75,1,65.54304661671502,107.31187562866569,1.7023519912604999,1,2.9610829103214886,38.610478359908875,38.610478359908875,292.3517659977884,,321.58694259756726,DART,TRAILING_DART,,292.3517659977884,41.62793393248072,3508.221191973461,-71.17320302404715,5.0,0,3.0,88.34952871070941,46.674764355354704,제외,0.0,BULL,1.0,13.283513969726577,200일↑ | 20일돌파 | 거래량x1.7 | RSI우호 | MACD+,,84.02061855670104
2026-05-05,198,198,티에프이,425420,KQ,기타,73200.0,61405.0,54665.0,46725.416666666664,42903.25,1,66.89422336427327,740.7192205099541,1.2578852000419605,1,14.733542319749215,23.64864864864864,23.64864864864864,1513.8339041745849,,1665.2172945920436,DART,TRAILING_DART,,1513.8339041745849,48.35404980568999,18166.00685009502,-75.18305075123631,5.0,0,3.0,88.33369135376365,46.66684567688183,제외,0.0,BULL,1.0,13.283513969726577,200일↑ | 20일돌파 | RSI우호 | MACD+,,67.91237113402062
2026-05-05,199,199,한온시스템,018880,KS,기타,4850.0,4128.5,4140.5,3778.2227681477866,3653.345616455078,1,70.83069004247206,58.57410509221043,10.86491242063467,1,14.657210401891252,28.306878306878303,28.306878306878303,-192.2201044036536,196.0,196.0,DART|DAILY_DISC,TRAILING_DART,,-192.2201044036536,-25.231491862137467,-2306.641252843843,-147.5596134606978,5.0,1,3.0,88.3271646773122,46.6635823386561,제외,0.0,BULL,1.0,13.283513969726577,200일↑ | 20일돌파 | 거래량x10.9 | MACD+,"EPS스크랩,적자",99.35567010309279
2026-05-05,200,200,인카금융서비스,211050,KQ,기타,10450.0,11407.0,12624.5,13138.166666666666,12793.45,0,31.422714845509816,-46.91350961277749,1.1446488647561528,0,-7.1111111111111125,-8.892763731473408,-8.892763731473408,1440.2756782753663,,1584.3032461029031,DART,TRAILING_DART,,1440.2756782753663,7.255555417358138,17283.308139304398,65.39050851008994,82.50383053155846,0,3.0,10.578952991856266,46.54139176170737,제외,0.0,BULL,1.0,13.283513969726577,상승여력 65%,,62.11340206185567
2026-05-05,201,201,한양이엔지,045100,KQ,기타,32500.0,32670.0,31008.333333333332,26777.083333333332,23779.15,1,50.574968229275555,-153.02427060048342,0.7804727425611259,0,-5.797101449275366,12.456747404844283,12.456747404844283,2381.660580057143,,2619.826638062857,DART,TRAILING_DART,,2381.660580057143,13.645941101825782,28579.926960685712,-12.06176319789012,29.445957201846145,0,3.0,63.62618612499477,46.53607166342046,제외,0.0,BULL,1.0,13.283513969726577,200일↑ | RSI우호,,33.376288659793815
2026-05-05,202,202,LS,006260,KS,기타,509000.0,349900.0,288741.6666666667,244705.0,218955.0,1,82.6744496432335,14579.944167659778,1.890115226305896,1,27.728983688833118,89.92537313432835,89.92537313432835,15549.51923076923,14858.0,14858.0,DART,TRAILING_DART,,15549.51923076923,32.734131032990135,186594.23076923075,-63.34101556596645,5.0,0,3.0,87.97777669444011,46.488888347220055,제외,0.0,BULL,1.0,13.283513969726577,200일↑ | 20일돌파 | 거래량x1.9 | MACD+,,86.85567010309279
2026-05-05,203,203,CJ대한통운,000120,KS,기타,101300.0,103795.0,113611.66666666667,104565.0,96869.0,1,41.51836297790363,19.29603860838506,0.7286853632571857,0,-1.07421875,-1.9361084220716362,-1.9361084220716362,11342.234705166642,12929.0,12929.0,DART|DAILY_DISC,TRAILING_DART,,11342.234705166642,8.931220578062591,136106.8164619997,34.36013471075982,62.33408756199388,0,3.0,30.4414048765768,46.38774621928534,제외,0.0,BULL,1.0,13.283513969726577,상승여력 34% | 200일↑ | MACD+,EPS스크랩,29.25257731958763
2026-05-05,204,204,덕산하이메탈,077360,KQ,기타,19590.0,15158.5,12876.333333333334,9602.583333333334,7881.35,1,73.67802876666626,342.66529943165733,1.2086464658683111,1,10.677966101694913,79.56003666361136,79.56003666361136,-2546.4839025911083,,-2801.1322928502195,DART,TRAILING_DART,,-2546.4839025911083,-7.69296046995102,-30557.8068310933,-255.98676279271723,5.0,1,3.0,87.60410646384338,46.30205323192169,제외,0.0,BULL,1.0,13.283513969726577,200일↑ | 20일돌파 | MACD+,적자,65.72164948453609
2026-05-05,205,205,에스티큐브,052020,KQ,기타,19000.0,17197.0,13976.333333333334,10872.75,9577.1,1,57.80802079414023,288.13716154670556,2.031238519975315,0,4.3382756727073035,19.3467336683417,19.3467336683417,-320.66229746070985,,-352.7285272067809,DART,TRAILING_DART,,-320.66229746070985,-59.25236658771222,-3847.947569528518,-120.25235562909747,5.0,1,3.0,87.46427031356679,46.23213515678339,제외,0.0,BULL,1.0,13.283513969726577,200일↑ | 거래량x2.0 | RSI우호 | MACD+,적자,88.78865979381443
2026-05-05,206,206,파크시스템스,140860,KQ,기타,313000.0,266450.0,265033.3333333333,249079.16666666666,253672.5,1,69.88816298160083,4422.0217367509185,1.9897970774508345,1,10.017574692442889,32.908704883227166,32.908704883227166,4926.823154137937,7798.0,7798.0,DART,TRAILING_DART,,4926.823154137937,63.52978181023562,59121.87784965525,-81.11122113429545,5.0,0,3.0,87.38761207004703,46.19380603502351,제외,0.0,BULL,1.0,13.283513969726577,200일↑ | 20일돌파 | 거래량x2.0 | RSI우호 | MACD+,,88.27319587628865
2026-05-05,207,207,SK하이닉스,000660,KS,기타,1447000.0,1155000.0,1004350.0,822600.0,629572.5,1,78.79027935890406,20816.589261973917,1.5372056149465374,1,18.412438625204587,65.18264840182648,65.18264840182648,60260.64190203718,224066.0,224066.0,DART|DAILY_DISC,TRAILING_DART,,60260.64190203718,24.012356229996985,723127.7028244461,-50.02572889948541,5.0,0,3.0,87.26197442507697,46.130987212538486,제외,0.0,BULL,1.0,13.283513969726577,200일↑ | 20일돌파 | 거래량x1.5 | MACD+,EPS스크랩,79.38144329896907
2026-05-05,208,208,컨텍,451760,KQ,기타,23150.0,21067.0,19494.166666666668,15557.25,12858.4,1,62.89583538043739,133.55860353090134,1.1035280975568502,1,7.9254079254079235,27.971254836926484,27.971254836926484,-655.1799222299069,,-720.6979144528976,DART,TRAILING_DART,,-655.1799222299069,-35.333805592224046,-7862.159066758883,-133.9618102235805,5.0,1,3.0,87.20934329837745,46.104671649188724,제외,0.0,BULL,1.0,13.283513969726577,200일↑ | 20일돌파 | RSI우호 | MACD+,적자,58.891752577319586
2026-05-05,209,209,삼성전자,005930,KS,반도체와반도체장비,232500.0,214130.0,194864.16666666666,157502.08333333334,125884.0,1,64.67251756085062,687.607814073006,1.4197401937688168,1,5.9225512528473745,24.865735767991403,24.865735767991403,7732.577940801414,36464.0,36464.0,DART|DAILY_DISC,TRAILING_DART,,7732.577940801414,30.06759217688576,92790.93528961697,-60.08992030554109,5.0,0,3.0,87.11436127195131,46.057180635975655,제외,0.0,BULL,1.0,30.0,200일↑ | 20일돌파 | RSI우호 | MACD+,EPS스크랩,76.15979381443299
2026-05-05,210,210,JW중외제약,001060,KS,기타,30700.0,30977.5,32190.833333333332,29560.416666666668,26679.0,1,46.918972818068205,64.81988826648363,0.9351122710085739,0,-4.95356037151703,5.862068965517242,5.862068965517242,2641.560496703374,,2905.716546373712,DART|DAILY_DISC,TRAILING_DART,,2641.560496703374,11.621918195064287,31698.72596044049,3.253179024236119,42.114566365753475,0,3.0,49.9765348388339,46.04555060229369,제외,0.0,BULL,1.0,13.283513969726577,200일↑ | RSI우호 | MACD+,EPS스크랩,47.29381443298969
2026-05-05,211,211,피에스케이,319660,KQ,기타,100100.0,86535.0,74086.66666666667,55722.5,44080.5,1,66.58243060112306,504.88404650052235,1.3855077553443456,1,7.634408602150544,31.71052631578948,31.71052631578948,2711.583487826752,3854.0,3854.0,DART,TRAILING_DART,,2711.583487826752,36.91569905532467,32539.00185392102,-67.49350464143754,5.0,0,3.0,87.08661622513698,46.04330811256849,제외,0.0,BULL,1.0,13.283513969726577,200일↑ | 20일돌파 | RSI우호 | MACD+,,74.48453608247422
2026-05-05,212,212,세아제강,306200,KS,기타,179800.0,155420.0,139796.66666666666,129606.66666666667,133209.5,1,71.33381727671387,3130.6508955475438,1.083660251968332,0,16.526247569669472,21.815718157181575,21.815718157181575,10576.864998413426,16782.0,16782.0,DART,TRAILING_DART,,10576.864998413426,16.99936607179639,126922.37998096112,-29.409132379888135,14.267009167597882,0,3.0,77.78350267469116,46.02525592114452,제외,0.0,BULL,1.0,13.283513969726577,200일↑ | MACD+,,57.86082474226804
2026-05-05,213,213,포스코인터내셔널,047050,KS,기타,87300.0,78450.0,74410.0,64413.75,59002.75,1,68.46481334012299,1034.3229252407718,1.3370932070876036,1,7.380073800738018,2.585193889541726,2.585193889541726,3619.7835041131793,4563.0,4563.0,DART|DAILY_DISC,TRAILING_DART,,3619.7835041131793,24.117464456313627,43437.40204935815,-50.24352571665733,5.0,0,3.0,87.04501161324627,46.02250580662314,제외,0.0,BULL,1.0,13.283513969726577,200일↑ | 20일돌파 | RSI우호 | MACD+,EPS스크랩,72.29381443298969
2026-05-05,214,214,HLB이노베이션,024850,KQ,기타,26300.0,23260.0,19841.25,15040.75,12552.025,1,77.29698554520452,-7.793400762210581,39.18341576344313,1,13.85281385281385,13.85281385281385,13.85281385281385,-213.83190144529908,,-235.215091589829,DART,TRAILING_DART,,-213.83190144529908,-122.99380879203319,-2565.982817343589,-109.7565886591011,5.0,1,3.0,86.9896886380696,45.9948443190348,제외,0.0,BULL,1.0,13.283513969726577,200일↑ | 20일돌파 | 거래량x39.2,적자,100.0
2026-05-05,215,215,현대로템,064350,KS,기타,269000.0,226200.0,211648.33333333334,203940.0,204077.5,1,76.32977427573798,5363.164975437032,1.423273647301502,1,15.450643776824036,28.095238095238084,28.095238095238084,7059.519988278054,8562.0,8562.0,DART|DAILY_DISC,TRAILING_DART,,7059.519988278054,38.10457374533392,84714.23985933665,-68.50771752441017,5.0,0,3.0,86.9833845668291,45.99169228341455,제외,0.0,BULL,1.0,13.283513969726577,200일↑ | 20일돌파 | MACD+,EPS스크랩,76.28865979381443
2026-05-05,216,216,NC,036570,KS,기타,267500.0,253375.0,230826.66666666666,223398.33333333334,217421.5,1,59.22699973255759,474.28899127153636,0.9590775330611295,0,-1.1090573012939031,26.477541371158388,26.477541371158388,16126.123259064623,17084.0,17084.0,DART,TRAILING_DART,,16126.123259064623,16.58799177599217,193513.47910877547,-27.658512482700758,15.798801577636837,0,3.0,76.16088474596395,45.979843161800396,제외,0.0,BULL,1.0,13.283513969726577,200일↑ | RSI우호 | MACD+,,48.840206185567006
2026-05-05,217,217,한미반도체,042700,KS,기타,378000.0,305025.0,275816.6666666667,209681.66666666666,166514.5,1,72.82052585946023,9020.611604605849,1.0257532822652444,1,27.91878172588833,45.38461538461538,45.38461538461538,2245.3321653576354,,2469.865381893399,DART,TRAILING_DART,,2245.3321653576354,168.34925621786223,26943.985984291627,-92.87196137981702,5.0,0,3.0,86.94776179895722,45.97388089947861,제외,0.0,BULL,1.0,13.283513969726577,200일↑ | 20일돌파 | MACD+,,53.99484536082474
2026-05-05,218,218,제룡전기,033100,KQ,기타,91500.0,55047.5,52295.0,44796.666666666664,41583.0,1,89.1308047320753,3499.284535866802,6.572866204679252,1,65.1624548736462,105.15695067264575,105.15695067264575,3655.269824781576,,4020.796807259734,DART,TRAILING_DART,,3655.269824781576,25.032351751342368,43863.23789737892,-52.062035084831784,5.0,0,3.0,86.92714795552786,45.96357397776393,제외,0.0,BULL,1.0,13.283513969726577,200일↑ | 20일돌파 | 거래량x6.6 | MACD+,,98.19587628865979
2026-05-05,219,219,펨트론,168360,KQ,기타,25950.0,23035.5,22105.833333333332,19683.0,17907.7,1,63.907631739833775,312.81638555907864,1.125935428693607,1,2.9761904761904656,31.525595539787133,31.525595539787133,-177.9468308953413,,-195.74151398487544,DART,TRAILING_DART,,-177.9468308953413,-145.83007671129803,-2135.3619707440957,-108.22875518591172,5.0,1,3.0,86.7697070040942,45.8848535020471,제외,0.0,BULL,1.0,13.283513969726577,200일↑ | 20일돌파 | RSI우호 | MACD+,적자,60.567010309278345
2026-05-05,220,220,한국피아이엠,448900,KQ,기타,127900.0,97625.0,102355.0,79013.75,54238.15,1,63.53578583706215,2684.5034398889356,2.0709882190222153,1,39.476553980370774,25.392156862745097,25.392156862745097,-8.928861295750385,,-9.821747425325425,DART,TRAILING_DART,,-8.928861295750385,-14324.33495868873,-107.14633554900462,-100.08377352271228,5.0,1,3.0,86.74985444961898,45.87492722480949,제외,0.0,BULL,1.0,13.283513969726577,200일↑ | 20일돌파 | 거래량x2.1 | RSI우호 | MACD+,적자,89.0463917525773
2026-05-05,221,221,케이씨텍,281820,KS,기타,66500.0,54745.0,49487.5,44849.583333333336,40526.25,1,77.57576455839582,971.2051784623418,1.324861127364445,1,11.764705882352944,55.011655011655016,55.011655011655016,2580.537244971961,,2838.5909694691577,DART,TRAILING_DART,,2580.537244971961,25.76982763165759,30966.446939663532,-53.43391437644583,5.0,0,3.0,86.66554973985852,45.83277486992926,제외,0.0,BULL,1.0,13.283513969726577,200일↑ | 20일돌파 | MACD+,,71.3917525773196
2026-05-05,222,222,보령,003850,KS,기타,10010.0,9881.0,9651.833333333334,9296.5,8992.0,1,54.83001867375837,-5.568703271875165,1.4010764573021288,0,-1.5732546705997996,9.63855421686748,9.63855421686748,749.5632139999616,,824.5195353999578,DART|DAILY_DISC,TRAILING_DART,,749.5632139999616,13.35444404559655,8994.758567999539,-10.142272047956657,31.125511958037926,0,3.0,60.51268910062355,45.81910052933074,제외,0.0,BULL,1.0,13.283513969726577,200일↑ | RSI우호,EPS스크랩,74.87113402061856
2026-05-05,223,223,엑시콘,092870,KQ,기타,38450.0,31860.0,30025.833333333332,23159.0,18836.65,1,71.09009738446834,643.4202570180485,1.0457860363324076,1,8.309859154929566,49.32038834951455,49.32038834951455,686.8236622636916,,755.5060284900609,DART,TRAILING_DART,,686.8236622636916,55.98234614292878,8241.8839471643,-78.56467113871443,5.0,0,3.0,86.32022800264635,45.66011400132317,제외,0.0,BULL,1.0,13.283513969726577,200일↑ | 20일돌파 | MACD+,,55.927835051546396
2026-05-05,224,224,쏠리드,050890,KQ,기타,18640.0,16507.0,12732.0,10202.833333333334,8835.3,1,65.42206230993074,-93.8964510485398,1.9007775068850714,1,13.451004260499078,14.355828220858902,14.355828220858902,599.8231769606871,,659.8054946567559,DART,TRAILING_DART,,599.8231769606871,31.07582486967102,7197.878123528245,-61.38477401540641,5.0,0,3.0,86.18051556392648,45.59025778196324,제외,0.0,BULL,1.0,13.283513969726577,200일↑ | 20일돌파 | 거래량x1.9 | RSI우호,,87.11340206185567
2026-05-05,225,225,롯데쇼핑,023530,KS,기타,138500.0,118985.0,109198.33333333333,91292.5,82602.5,1,74.2173824767601,1900.082437680956,1.0415508231560866,1,4.135338345864659,39.19597989949748,39.19597989949748,2600.169485189433,9616.0,9616.0,DART,TRAILING_DART,,2600.169485189433,53.26575855493116,31202.033822273195,-77.47145572399047,5.0,0,3.0,86.01963209579674,45.50981604789837,제외,0.0,BULL,1.0,13.283513969726577,200일↑ | 20일돌파 | MACD+,,55.54123711340206
2026-05-05,226,226,AP시스템,265520,KQ,기타,26050.0,22795.5,22213.333333333332,20856.0,19992.35,1,67.36755801897209,467.6269461517895,0.9810056869076262,0,7.867494824016563,34.62532299741603,34.62532299741603,1580.2951466900045,,1738.324661359005,DART,TRAILING_DART,,1580.2951466900045,16.484262483854888,18963.54176028005,-27.203294586256998,16.197117237025125,0,3.0,74.81744973887442,45.50728348794977,제외,0.0,BULL,1.0,13.283513969726577,200일↑ | RSI우호 | MACD+,,50.644329896907216
2026-05-05,227,227,가온전선,000500,KS,기타,288500.0,161225.0,120256.66666666667,100990.83333333333,85632.5,1,89.6116679051747,12094.589584600584,1.980817593213163,1,43.17617866004964,176.87140115163146,176.87140115163146,3106.828732073736,,3417.51160528111,DART,TRAILING_DART,,3106.828732073736,92.85996264346151,37281.94478488483,-87.07731549917337,5.0,0,3.0,85.97757962220614,45.48878981110307,제외,0.0,BULL,1.0,13.283513969726577,200일↑ | 20일돌파 | 거래량x2.0 | MACD+,,88.01546391752578
2026-05-05,228,228,프로텍,053610,KQ,기타,82300.0,67570.0,59443.333333333336,47375.833333333336,40049.0,1,77.61737373588232,1436.687980959623,1.1577908833533053,1,5.6482670089858855,56.761904761904766,56.761904761904766,3216.056394181818,,3537.6620336,DART,TRAILING_DART,,3216.056394181818,25.59034728025581,38592.67673018182,-53.10731867535623,5.0,0,3.0,85.92953658566093,45.46476829283046,제외,0.0,BULL,1.0,13.283513969726577,200일↑ | 20일돌파 | MACD+,,63.27319587628865
2026-05-05,229,229,서진시스템,178320,KQ,기타,61300.0,50770.0,44928.333333333336,35880.833333333336,30463.8,1,69.7011264625092,833.1954197903738,0.7166150586430429,1,13.94052044609666,35.619469026548664,35.619469026548664,-1728.8987235389534,,-1901.788595892849,DART,TRAILING_DART,,-1728.8987235389534,-35.456096511265,-20746.78468246744,-133.84467321772829,5.0,1,3.0,85.87162770572553,45.435813852862765,제외,0.0,BULL,1.0,13.283513969726577,200일↑ | 20일돌파 | RSI우호 | MACD+,적자,27.577319587628867
2026-05-05,230,230,신세계,004170,KS,기타,410500.0,370175.0,349033.3333333333,299422.5,250479.5,1,70.3622415853863,3932.423390042117,1.3120825733219035,1,0.8599508599508532,34.59016393442622,34.59016393442622,6839.837304758903,26485.0,26485.0,DART|DAILY_DISC,TRAILING_DART,,6839.837304758903,60.016047415980125,82078.04765710683,-80.00534770837837,5.0,0,3.0,85.77684411403791,45.38842205701896,제외,0.0,BULL,1.0,13.283513969726577,200일↑ | 20일돌파 | MACD+,EPS스크랩,70.61855670103093
2026-05-05,231,231,SK증권,001510,KS,기타,5190.0,4099.25,3652.45,2505.5583333333334,2047.255,1,70.27460068100042,162.3641468655205,4.774817426923658,0,39.2914653784219,31.25948406676784,31.25948406676784,124.09624558602272,,68.25293492476736,DART|DAILY_DISC,TRAILING_DART,,124.09624558602272,41.82237726444613,1489.1549470322725,-71.3072264540988,5.0,0,3.0,85.61621404249985,45.308107021249924,제외,0.0,BULL,1.0,13.283513969726577,200일↑ | 거래량x4.8 | MACD+,EPS스크랩,96.64948453608247
2026-05-05,232,232,기가비스,420770,KQ,기타,109500.0,92030.0,77111.66666666667,57044.583333333336,46320.5,1,71.33124001188328,1403.9582427816567,0.835367346801688,1,9.281437125748493,31.610576923076916,31.610576923076916,1219.0353690879867,,1340.9389059967857,DART,TRAILING_DART,,1219.0353690879867,89.82512138423162,14628.424429055842,-86.64070828396727,5.0,0,3.0,85.60623294788516,45.30311647394258,제외,0.0,BULL,1.0,13.283513969726577,200일↑ | 20일돌파 | MACD+,,38.78865979381443
2026-05-05,233,233,비나텍,126340,KQ,기타,184700.0,132090.0,126265.0,99236.23776041667,75863.58733398438,1,71.38198144354614,6440.9605820753695,1.1069144232027723,1,38.87218045112781,55.21008403361345,55.21008403361345,-979.5357154056092,,-1077.48928694617,DART,TRAILING_DART,,-979.5357154056092,-188.55871929439434,-11754.42858486731,-106.36406528687998,5.0,1,3.0,85.46962961124811,45.234814805624055,제외,0.0,BULL,1.0,13.283513969726577,200일↑ | 20일돌파 | MACD+,적자,59.27835051546392
2026-05-05,234,234,두산2우B,000157,KS,기타,601000.0,488500.0,460600.0,460679.1666666667,434595.0,1,77.27832888301228,12121.525568375197,1.291209690620396,1,14.476190476190487,55.297157622739014,55.297157622739014,,19872.0,19872.0,SCRAPE,CONSENSUS_SCRAPE,,19872.0,30.243558776167472,238464.0,-60.322129783693846,5.0,0,3.0,85.36519724163063,45.18259862081531,제외,0.0,BULL,1.0,13.283513969726577,200일↑ | 20일돌파 | MACD+,EPS스크랩,69.20103092783505
2026-05-05,235,235,효성중공업,298040,KS,기타,4228000.0,3249250.0,2791766.6666666665,2422958.3333333335,2000775.0,1,81.33323371474013,106401.71055059496,1.2820785518052082,1,19.03153153153154,65.15625,65.15625,53926.22440948344,85605.0,85605.0,DART|DAILY_DISC,TRAILING_DART,,53926.22440948344,78.4034121857874,647114.6929138013,-84.69454368699618,5.0,0,3.0,85.25658935949991,45.128294679749956,제외,0.0,BULL,1.0,13.283513969726577,200일↑ | 20일돌파 | MACD+,EPS스크랩,68.94329896907216
2026-05-05,236,236,인텔리안테크,189300,KQ,기타,142000.0,129420.0,124356.66666666667,90851.25,73901.5,1,59.55245611627904,571.5461013826716,1.1264609700941635,1,8.895705521472387,22.6252158894646,22.6252158894646,695.1279118401617,3010.0,3010.0,DART,TRAILING_DART,,695.1279118401617,204.27895007710697,8341.53494208194,-94.12567961825215,5.0,0,3.0,85.02040329291859,45.010201646459294,제외,0.0,BULL,1.0,13.283513969726577,200일↑ | 20일돌파 | RSI우호 | MACD+,,60.69587628865979
2026-05-05,237,237,티엘비,356860,KQ,기타,91900.0,79915.0,68799.16666666667,65493.75,55537.5,1,66.7018648814969,664.1934104067286,0.8282065892542997,1,10.990338164251213,40.30534351145039,40.30534351145039,1927.5419507293573,3663.0,3663.0,DART,TRAILING_DART,,1927.5419507293573,47.677302154293564,23130.503408752287,-74.83079063247845,5.0,0,3.0,84.98421818799552,44.99210909399776,제외,0.0,BULL,1.0,13.283513969726577,200일↑ | 20일돌파 | RSI우호 | MACD+,,37.75773195876289
2026-05-05,238,238,대한전선,001440,KS,기타,60700.0,40085.0,33802.5,29163.75,24241.55,1,85.87727387503506,2060.7376995598306,1.5379535367316757,1,41.656942823803966,107.87671232876713,107.87671232876713,482.0525579560551,562.0,562.0,DART|DAILY_DISC,TRAILING_DART,,482.0525579560551,125.91987947823219,5784.6306954726615,-90.47013064996267,5.0,0,3.0,84.9804283206617,44.99021416033085,제외,0.0,BULL,1.0,13.283513969726577,200일↑ | 20일돌파 | 거래량x1.5 | MACD+,EPS스크랩,79.63917525773195
2026-05-05,239,239,롯데케미칼,011170,KS,기타,106200.0,94140.0,84633.33333333333,79865.0,74600.5,1,62.36650860565468,1925.6377296757873,1.8383976644083273,0,9.824198552223361,32.584269662921336,32.584269662921336,-57887.83334302348,-13282.0,-13282.0,DART|DAILY_DISC,TRAILING_DART,,-57887.83334302348,-1.8345823961089571,-694654.0001162817,-754.099811785576,5.0,1,3.0,84.95841508509197,44.979207542545986,제외,0.0,BULL,1.0,13.283513969726577,200일↑ | 거래량x1.8 | RSI우호 | MACD+,"EPS스크랩,적자",85.9536082474227
2026-05-05,240,240,두산,000150,KS,기타,1705000.0,1393450.0,1174400.0,1016816.6666666666,861130.0,1,77.69484425967987,23718.593607360817,1.0073411287679477,1,10.642439974042839,59.1970121381886,59.1970121381886,15407.777095419337,19872.0,19872.0,DART,TRAILING_DART,,15407.777095419337,110.65840253535917,184893.32514503202,-89.15581670703625,5.0,0,3.0,84.6745071665174,44.8372535832587,제외,0.0,BULL,1.0,13.283513969726577,200일↑ | 20일돌파 | MACD+,,52.448453608247426
2026-05-05,241,241,강원에너지,114190,KQ,기타,16200.0,14748.5,14445.0,14892.416666666666,13884.0,1,59.98994605906433,134.1389793628656,1.274065367652609,1,5.951602354480046,16.71469740634006,16.71469740634006,-324.1277985738106,,-356.5405784311917,DART,TRAILING_DART,,-324.1277985738106,-49.9802857739489,-3889.533582885727,-124.009466561023,5.0,1,3.0,84.6166434817536,44.8083217408768,제외,0.0,BULL,1.0,13.283513969726577,200일↑ | 20일돌파 | RSI우호 | MACD+,적자,68.68556701030928
2026-05-05,242,242,현대엘리베이터,017800,KS,기타,100100.0,96230.0,94398.33333333333,90720.83333333333,86960.5,1,60.62994099222333,144.00417383080367,1.0735346661704945,0,3.9460020768431914,15.189873417721511,15.189873417721511,6888.3638595087,,7577.200245459571,DART,TRAILING_DART,,6888.3638595087,14.531752683450645,82660.36631410441,-17.422211474421168,24.755564959881475,0,3.0,64.84625207664669,44.80090851826408,제외,0.0,BULL,1.0,13.283513969726577,200일↑ | RSI우호 | MACD+,,57.345360824742265
2026-05-05,243,243,켐트로닉스,089010,KQ,기타,38050.0,33395.0,31545.0,31473.75,29825.75,1,62.94876888471799,585.0451048924458,2.0148039596936917,0,6.136680613668055,41.18738404452691,41.18738404452691,802.918637757709,,883.2105015334799,DART,TRAILING_DART,,802.918637757709,47.38960862368483,9635.023653092509,-74.67799302735214,5.0,0,3.0,84.15366047041661,44.576830235208305,제외,0.0,BULL,1.0,13.283513969726577,200일↑ | 거래량x2.0 | RSI우호 | MACD+,,88.53092783505154
2026-05-05,244,244,두산테스나,131970,KQ,기타,132100.0,109270.0,87460.0,68152.08333333333,56201.5,1,74.01598841090929,1737.5340758978818,0.6920880001892649,1,7.924836601307184,39.49313621964097,39.49313621964097,78.13030501305981,2230.0,2230.0,DART,TRAILING_DART,,78.13030501305981,1690.7651899979007,937.5636601567178,-99.2902621800479,5.0,0,3.0,84.02594678979331,44.512973394896655,제외,0.0,BULL,1.0,13.283513969726577,200일↑ | 20일돌파 | MACD+,,24.871134020618555
2026-05-05,245,245,삼성전기,009150,KS,기타,918000.0,681700.0,493091.6666666667,375237.5,295909.5,1,84.15810892312248,15325.235553686653,1.2101696396792276,1,16.497461928934023,101.3157894736842,101.3157894736842,9786.495465668211,14602.0,14602.0,DART|DAILY_DISC,TRAILING_DART,,9786.495465668211,93.80273083663253,117437.94558801854,-87.20719546971476,5.0,0,3.0,83.86923739794844,44.43461869897422,제외,0.0,BULL,1.0,13.283513969726577,200일↑ | 20일돌파 | MACD+,EPS스크랩,65.85051546391753
2026-05-05,246,246,맥쿼리인프라,088980,KS,기타,11300.0,11350.5,11373.666666666666,11390.333333333334,11421.25,0,44.44468572956542,-3.3516726325597412,2.2983432521730225,0,-0.7901668129938533,0.0,0.0,,,,EMPTY,FORWARD_AUTO,,,,,,,0,3.0,44.43399942044484,44.43399942044484,관찰,0.0,BULL,1.0,13.283513969726577,거래량x2.3 | 비밸류평가,"EPS스크랩,EPS없음",91.3659793814433
2026-05-05,247,247,DB하이텍,000990,KS,기타,161700.0,120795.0,100278.33333333333,86526.66666666667,72204.75,1,80.3499412108433,4484.4620920703,0.9320093030187437,1,6.381578947368416,78.47682119205297,78.47682119205297,5805.880538346898,,6386.468592181588,DART,TRAILING_DART,,5805.880538346898,27.85107253447565,69670.56646016278,-56.91368802711021,5.0,0,3.0,83.76529552329372,44.38264776164686,제외,0.0,BULL,1.0,13.283513969726577,200일↑ | 20일돌파 | MACD+,,46.77835051546392
2026-05-05,248,248,코세스,089890,KQ,기타,50500.0,33532.5,27197.0,26408.083333333332,21909.4,1,83.60516568962768,1763.3119547750066,1.130958605726065,1,14.512471655328806,123.45132743362832,123.45132743362832,796.1186498950073,,875.730514884508,DART,TRAILING_DART,,796.1186498950073,63.43275591729949,9553.423798740087,-81.08232911140577,5.0,0,3.0,83.64981694549572,44.32490847274786,제외,0.0,BULL,1.0,13.283513969726577,200일↑ | 20일돌파 | MACD+,,61.08247422680413
2026-05-05,249,249,모베이스전자,012860,KQ,기타,3920.0,3764.0,3866.0833333333335,2970.008333333333,2343.395,1,53.63654167674569,23.7639558210413,0.5572755855401161,0,4.8128342245989275,8.737864077669899,8.737864077669899,283.9373374795075,,312.33107122745827,DART,TRAILING_DART,,283.9373374795075,13.805863064004102,3407.24804975409,-13.080406894028318,28.554643967725223,0,3.0,60.035219556989226,44.29493176235722,제외,0.0,BULL,1.0,13.283513969726577,200일↑ | RSI우호 | MACD+,,12.886597938144329
2026-05-05,250,250,남해화학,025860,KS,기타,11610.0,9082.5,8236.666666666666,7424.75,7291.05,1,75.01699229666083,259.43932399217647,2.420055556286944,0,27.863436123348006,39.04191616766468,39.04191616766468,541.9961683487677,,596.1957851836445,DART,TRAILING_DART,,541.9961683487677,21.420815640396025,6503.954020185212,-43.97972420167776,5.0,0,3.0,83.50174252112384,44.25087126056192,제외,0.0,BULL,1.0,13.283513969726577,200일↑ | 거래량x2.4 | MACD+,,92.26804123711341
2026-05-05,251,251,피노,033790,KQ,기타,16130.0,11467.0,7862.583333333333,6483.791666666667,5557.975,1,79.6413322156608,347.5947262172565,0.7723359254806152,1,20.463032113517542,57.51953125,57.51953125,-86.01643352477092,,-94.618076877248,DART,TRAILING_DART,,-86.01643352477092,-187.5223063666654,-1032.197202297251,-106.39923869992096,5.0,1,3.0,83.17798396686123,44.08899198343062,제외,0.0,BULL,1.0,13.283513969726577,200일↑ | 20일돌파 | MACD+,적자,32.603092783505154
2026-05-05,252,252,후성,093370,KS,기타,14130.0,12241.0,9136.333333333334,8586.166666666666,7558.45,1,67.11366986650451,24.24282377238478,0.9209011565047697,1,7.944996180290298,58.40807174887892,58.40807174887892,65.5276775429249,,72.08044529721741,DART,TRAILING_DART,,65.5276775429249,215.63407295709402,786.3321305150989,-94.43501676917835,5.0,0,3.0,83.12035087241904,44.06017543620952,제외,0.0,BULL,1.0,13.283513969726577,200일↑ | 20일돌파 | RSI우호 | MACD+,,46.134020618556704
2026-05-05,253,253,LG이노텍,011070,KS,기타,595000.0,443375.0,331241.6666666667,298283.3333333333,250074.5,1,80.69925850640382,15258.607889534294,0.8312710111304216,1,9.77859778597785,83.35901386748846,83.35901386748846,14419.252847422376,26048.0,26048.0,DART|DAILY_DISC,TRAILING_DART,,14419.252847422376,41.26427397424852,173031.0341690685,-70.91915392116496,5.0,0,3.0,83.1103378100535,44.05516890502675,제외,0.0,BULL,1.0,13.283513969726577,200일↑ | 20일돌파 | MACD+,EPS스크랩,38.01546391752577
2026-05-05,254,254,한화엔진,082740,KS,기타,89500.0,61845.0,54374.166666666664,50302.5,46546.75,1,78.34301409414616,3629.908352759081,0.6621333699926574,1,17.763157894736835,95.84245076586433,95.84245076586433,2082.1974541800364,,2290.41719959804,DART|DAILY_DISC,TRAILING_DART,,2082.1974541800364,42.98343551440219,24986.369450160437,-72.08226877077047,5.0,0,3.0,83.06165556032268,44.03082778016134,제외,0.0,BULL,1.0,13.283513969726577,200일↑ | 20일돌파 | MACD+,EPS스크랩,21.52061855670103
2026-05-05,255,255,엘앤에프,066970,KS,기타,213000.0,188945.0,144453.33333333334,131765.83333333334,111156.0,1,68.32708491562555,217.98339757946997,1.0430542775838811,1,7.304785894206556,28.004807692307686,28.004807692307686,-13246.394061626868,-71.0,-71.0,DART|DAILY_DISC,TRAILING_DART,,-13246.394061626868,-16.079847769064497,-158956.72873952243,-174.62757217817955,5.0,1,3.0,83.05297849924611,44.026489249623054,제외,0.0,BULL,1.0,13.283513969726577,200일↑ | 20일돌파 | RSI우호 | MACD+,"EPS스크랩,적자",55.670103092783506
2026-05-05,256,256,GST,083450,KQ,기타,50100.0,40380.0,32799.166666666664,29928.333333333332,26581.05,1,77.25728360029092,729.4318225272073,0.5874124570324304,1,12.837837837837828,93.81044487427465,93.81044487427465,2473.371574009767,,2720.708731410744,DART,TRAILING_DART,,2473.371574009767,20.2557515120056,29680.458888117202,-40.75756708958642,5.0,0,3.0,82.9462056804669,43.97310284023345,제외,0.0,BULL,1.0,13.283513969726577,200일↑ | 20일돌파 | MACD+,,15.592783505154639
2026-05-05,257,257,RF머트리얼즈,327260,KQ,기타,108600.0,92340.0,66620.83333333333,44459.666666666664,30983.8,1,65.44894595593229,-971.9229002832581,1.570893078038426,1,17.65980498374864,42.14659685863875,42.14659685863875,1221.5327405626867,,1343.6860146189556,DART|DAILY_DISC,TRAILING_DART,,1221.5327405626867,88.90469849377472,14658.39288675224,-86.50240065676589,5.0,0,3.0,82.8697992068386,43.9348996034193,제외,0.0,BULL,1.0,13.283513969726577,200일↑ | 20일돌파 | 거래량x1.6 | RSI우호,EPS스크랩,80.54123711340206
2026-05-05,258,258,동국제약,086450,KQ,기타,23750.0,25997.5,21979.5,19927.333333333332,19244.0,1,46.21809890778949,-508.6105332582721,0.3434706489693894,0,-8.301158301158296,-13.321167883211682,-13.321167883211682,1634.5809739551391,1786.0,1786.0,DART,TRAILING_DART,,1634.5809739551391,14.529717633096478,19614.97168746167,-17.410645526477175,24.76568516433247,0,3.0,63.102564512418084,43.934124838375276,제외,0.0,BULL,1.0,13.283513969726577,200일↑ | RSI우호,,3.479381443298969
2026-05-05,259,259,KT&G,033780,KS,기타,179600.0,169865.0,164301.66666666666,153865.83333333334,146850.5,1,71.75154649104292,742.0622527565974,1.1547616896322535,1,1.9296254256526701,14.907229686500312,14.907229686500312,9612.384457183936,11414.0,11414.0,DART,TRAILING_DART,,9612.384457183936,18.68422978710279,115348.61348620724,-35.774714094539405,8.69712516727802,0,3.0,78.53222771475409,43.61467644101605,제외,0.0,BULL,1.0,13.283513969726577,200일↑ | 20일돌파 | MACD+,,62.88659793814433
2026-05-05,260,260,크래프톤,259960,KS,기타,288500.0,256650.0,247433.33333333334,248320.83333333334,275835.0,1,65.44531517979073,2498.7317590771017,3.13018191967714,1,5.1001821493624755,18.48049281314168,18.48049281314168,15476.264619080754,21054.0,21054.0,DART|DAILY_DISC,TRAILING_DART,,15476.264619080754,18.641449154617522,185715.17542896903,-35.62732220832962,8.826093067711579,0,3.0,78.34328163855089,43.58468735313124,제외,0.0,BULL,1.0,13.283513969726577,200일↑ | 20일돌파 | 거래량x3.1 | RSI우호 | MACD+,EPS스크랩,94.9742268041237
2026-05-05,261,261,씨메스,475400,KQ,기타,35900.0,31442.5,34254.166666666664,34216.666666666664,30744.0,1,62.84124820408977,554.4645934750532,3.1596097027124754,1,13.249211356466883,19.269102990033215,19.269102990033215,-1427.0359132165177,,-1569.7395045381695,DART,TRAILING_DART,,-1427.0359132165177,-25.157040315181654,-17124.430958598212,-147.70036478718166,5.0,1,3.0,82.13589498933828,43.56794749466914,제외,0.0,BULL,1.0,13.283513969726577,200일↑ | 20일돌파 | 거래량x3.2 | RSI우호 | MACD+,적자,95.23195876288659
2026-05-05,262,262,LS ELECTRIC,010120,KS,기타,294000.0,204275.0,165761.66666666666,131775.83333333334,103778.5,1,89.41177166904117,10087.91466721908,1.2289172455767252,1,29.801324503311257,91.15734720416124,91.15734720416124,1895.0448878133327,3040.0,3040.0,DART,TRAILING_DART,,1895.0448878133327,155.14144382049057,22740.53865375999,-92.26512290688436,5.0,0,3.0,82.09160088439288,43.54580044219644,제외,0.0,BULL,1.0,13.283513969726577,200일↑ | 20일돌파 | MACD+,,66.75257731958763
2026-05-05,263,263,헥토파이낸셜,234340,KQ,기타,33800.0,29990.0,29790.833333333332,23135.25,20738.5166796875,1,61.337952022424346,323.76788150625066,0.7286659185981931,1,7.987220447284349,46.95652173913043,46.95652173913043,631.6666824378183,,694.8333506816001,DART,TRAILING_DART,,631.6666824378183,53.50923349250306,7580.000189253819,-77.57396393711889,5.0,0,3.0,82.07988600604588,43.53994300302294,제외,0.0,BULL,1.0,13.283513969726577,200일↑ | 20일돌파 | RSI우호 | MACD+,,29.12371134020619
2026-05-05,264,264,대원전선,006340,KS,기타,17350.0,7956.5,6109.583333333333,4928.541666666667,4180.975,1,91.59569579928225,1078.0919718348173,1.3224871690124578,1,92.35033259423504,225.515947467167,225.515947467167,164.72041939329114,,181.19246133262027,DART,TRAILING_DART,,164.72041939329114,105.32998922601483,1976.6450327194937,-88.60723324080983,5.0,0,3.0,81.80410126197604,43.40205063098802,제외,0.0,BULL,1.0,13.283513969726577,200일↑ | 20일돌파 | MACD+,,71.26288659793815
2026-05-05,265,265,CJ4우(전환),00104K,KS,기타,193000.0,179800.0,175598.33333333334,166202.5,156388.5,1,63.88311111921844,1467.5495829391057,1.1085570267925555,0,3.37439742903054,13.663133097762081,13.663133097762081,,11404.0,11404.0,SCRAPE,CONSENSUS_SCRAPE,,11404.0,16.923886355664678,136848.0,-29.09430051813472,14.54248704663212,0,3.0,72.18684529251794,43.36466616957503,제외,0.0,BULL,1.0,13.283513969726577,200일↑ | RSI우호 | MACD+,EPS스크랩,59.66494845360825
2026-05-05,266,266,SAMG엔터,419530,KQ,기타,39500.0,37295.0,35985.0,38338.75,48181.25,0,53.99820668983073,569.2933567543755,2.6165436230847745,0,0.12674271229404788,19.696969696969703,19.696969696969703,3016.4277619843742,,3318.070538182812,DART,TRAILING_DART,,3016.4277619843742,13.09495970625025,36197.13314381249,-8.361688243512678,32.6835227869264,0,3.0,53.69994198647677,43.19173238670159,제외,0.0,BULL,1.0,13.283513969726577,거래량x2.6 | RSI우호 | MACD+,,93.1701030927835
2026-05-05,267,267,삼성화재,000810,KS,기타,473500.0,468975.0,490575.0,491295.8333333333,475772.5,0,51.178922338918206,825.5142697560204,1.0558697319164136,0,3.837719298245612,7.248018120045296,7.248018120045296,45249.75315523456,44013.0,44013.0,DART,TRAILING_DART,,45249.75315523456,10.464145481094736,542997.0378628147,14.67730472287534,49.54024806986897,0,3.0,36.768698882983315,43.15447347642615,제외,0.0,BULL,1.0,13.283513969726577,상승여력 15% | RSI우호 | MACD+,,56.44329896907217
2026-05-05,268,268,가비아,079940,KQ,기타,31100.0,29180.0,29384.166666666668,30268.75,28540.25,1,61.00817739741281,149.76413469599544,0.611531996970385,0,1.967213114754096,15.398886827458247,15.398886827458247,2318.759658449599,,2550.6356242945594,DART,TRAILING_DART,,2318.759658449599,13.412343054473576,27825.11590139519,-10.53017395049778,30.786097793314443,0,3.0,55.470431334702205,43.128264564008326,제외,0.0,BULL,1.0,13.283513969726577,200일↑ | RSI우호 | MACD+,,17.65463917525773
2026-05-05,269,269,이엔에프테크놀로지,102710,KQ,기타,57900.0,54742.5,55448.333333333336,51325.0,49012.5,1,54.797539890963414,494.4724251844916,1.5775765061886255,0,-7.655502392344493,26.834611171960574,26.834611171960574,3520.911929560222,,3873.003122516244,DART,TRAILING_DART,,3520.911929560222,16.44460331821818,42250.94315472266,-27.027732029839957,16.350734473890036,0,3.0,69.62677135576041,42.98875291482523,제외,0.0,BULL,1.0,13.283513969726577,200일↑ | 거래량x1.6 | RSI우호 | MACD+,,80.79896907216495
2026-05-05,270,270,자람테크놀로지,389020,KQ,기타,57700.0,53402.5,50468.333333333336,43829.583333333336,42143.75,1,57.17895791347162,-143.80623961515312,2.432739147515223,0,3.035714285714275,17.15736040609137,17.15736040609137,-1030.3971874758656,,-1133.4369062234523,DART,TRAILING_DART,,-1030.3971874758656,-55.99782365608551,-12364.766249710388,-121.4294042455986,5.0,1,3.0,80.79432587393505,42.897162936967526,제외,0.0,BULL,1.0,13.283513969726577,200일↑ | 거래량x2.4 | RSI우호,적자,92.39690721649485
2026-05-05,271,271,현대무벡스,319400,KQ,기타,32450.0,30275.0,29974.166666666668,23772.666666666668,17131.8,1,60.4842503720021,199.42348767778913,1.1132331821782664,1,6.393442622950829,18.864468864468865,18.864468864468865,101.4027367053339,,111.5430103758673,DART,TRAILING_DART,,101.4027367053339,320.0110870212154,1216.8328404640067,-96.25012992152848,5.0,0,3.0,80.72474656945397,42.862373284726985,제외,0.0,BULL,1.0,13.283513969726577,200일↑ | 20일돌파 | RSI우호 | MACD+,,59.79381443298969
2026-05-05,272,272,삼성E&A,028050,KS,기타,55000.0,51377.5,39785.833333333336,32797.916666666664,30586.75,1,66.7223097847753,-153.2414121092179,0.6263821019436823,0,4.761904761904767,35.635018495684335,35.635018495684335,3307.693569505102,3544.0,3544.0,DART|DAILY_DISC,TRAILING_DART,,3307.693569505102,16.627900633561143,39692.322834061226,-27.832140301706865,15.646877236006492,0,3.0,69.90925953354694,42.77806838477672,제외,0.0,BULL,1.0,13.283513969726577,200일↑ | RSI우호,EPS스크랩,18.04123711340206
2026-05-05,273,273,한국기업평가,034950,KQ,기타,107200.0,103145.0,102608.33333333333,100623.33333333333,99731.0,1,71.89367250042804,412.4706001758801,6.941379090387191,1,2.2900763358778553,6.87936191425722,6.87936191425722,6470.528156503867,,7117.580972154254,DART,TRAILING_DART,,6470.528156503867,16.567426554236945,77646.3378780464,-27.568714666001494,15.877374667248692,0,3.0,69.5947732928161,42.736073980032394,제외,0.0,BULL,1.0,13.283513969726577,200일↑ | 20일돌파 | 거래량x6.9 | MACD+,,98.32474226804123
2026-05-05,274,274,테크윙,089030,KQ,기타,61300.0,55757.5,53530.833333333336,50585.0,47637.0,1,59.831139242612636,471.702719392232,1.8538698499424897,0,-0.8090614886731351,31.26338329764453,31.26338329764453,242.78654496743843,,267.0651994641823,DART,TRAILING_DART,,242.78654496743843,252.48516143356014,2913.438539609261,-95.2472454492508,5.0,0,3.0,80.28018624381303,42.64009312190652,제외,0.0,BULL,1.0,13.283513969726577,200일↑ | 거래량x1.9 | RSI우호 | MACD+,,86.34020618556701
2026-05-05,275,275,LB세미콘,061970,KQ,기타,5480.0,4997.5,4733.75,4521.458333333333,4474.6,1,55.13361336581002,82.44215728397961,1.1740889291532322,0,-9.71993410214168,38.91001267427123,38.91001267427123,-2597.5847121789807,,-2857.343183396879,DART,TRAILING_DART,,-2597.5847121789807,-2.109652083455291,-31171.016546147766,-668.8141705501417,5.0,1,3.0,80.26330590517942,42.63165295258971,제외,0.0,BULL,1.0,13.283513969726577,200일↑ | RSI우호 | MACD+,적자,64.17525773195877
2026-05-05,276,276,비에이치,090460,KS,기타,31950.0,29207.5,22842.666666666668,19965.916666666668,18631.7,1,59.63226814662719,102.60272342398548,1.6458549219564773,0,-6.029411764705883,39.2156862745098,39.2156862745098,1205.7601516430368,2657.0,2657.0,DART,TRAILING_DART,,1205.7601516430368,26.497807177043565,14469.121819716442,-54.71323374110659,5.0,0,3.0,80.20608781806335,42.603043909031676,제외,0.0,BULL,1.0,13.283513969726577,200일↑ | 거래량x1.6 | RSI우호 | MACD+,,82.73195876288659
2026-05-05,277,277,한국쉘석유,002960,KS,기타,495500.0,497800.0,489241.6666666667,470204.1666666667,456547.5,1,49.639731276879935,-12.78223347099538,1.4086662371134022,0,0.6091370558375608,1.2257405515832431,1.2257405515832431,37098.43268384616,,40808.275952230775,DART,TRAILING_DART,,37098.43268384616,13.356359397246356,445181.1922061539,-10.155157980594575,31.114236766979747,0,3.0,54.017555826564035,42.56589629677189,제외,0.0,BULL,1.0,13.283513969726577,200일↑ | RSI우호,,75.0
2026-05-05,278,278,SK이노베이션,096770,KS,기타,145700.0,129995.0,121150.0,116243.33333333333,114173.5,1,69.40491650357018,1821.7628470514082,1.6643426546311968,0,9.63130173062452,23.265651438240265,23.265651438240265,-32158.24770071228,995.0,995.0,DART,TRAILING_DART,,-32158.24770071228,-4.5307195017585755,-385898.97240854736,-364.85859465240037,5.0,1,3.0,80.03064600060846,42.51532300030423,제외,0.0,BULL,1.0,13.283513969726577,200일↑ | 거래량x1.7 | RSI우호 | MACD+,적자,83.6340206185567
2026-05-05,279,279,제주반도체,080220,KQ,기타,56700.0,46345.0,44229.166666666664,34161.333333333336,27504.2,1,66.8600081353296,1173.4686161585028,1.6077330320701417,0,5.000000000000004,47.272727272727266,47.272727272727266,1146.8013953439893,,1261.4815348783884,DART,TRAILING_DART,,1146.8013953439893,49.44186520020106,13761.61674412787,-75.72907099801081,5.0,0,3.0,79.84228123974253,42.42114061987127,제외,0.0,BULL,1.0,13.283513969726577,200일↑ | 거래량x1.6 | RSI우호 | MACD+,,81.44329896907216
2026-05-05,280,280,DSC인베스트먼트,241520,KQ,기타,17260.0,15190.0,14382.0,10832.5,9291.2,1,61.738713289282906,262.8575388284389,1.136943973192038,0,7.605985037406482,30.06782215523738,30.06782215523738,668.0718313909774,,734.8790145300752,DART,TRAILING_DART,,668.0718313909774,25.835545204867177,8016.861976691729,-53.552363982087314,5.0,0,3.0,79.78943314988888,42.39471657494444,제외,0.0,BULL,1.0,13.283513969726577,200일↑ | RSI우호 | MACD+,,61.34020618556701
2026-05-05,281,281,오이솔루션,138080,KQ,기타,45050.0,42497.5,31802.666666666668,22836.333333333332,18036.85,1,59.08631848214194,-949.4980902053576,2.991131216194141,0,7.517899761336522,6.880189798339265,6.880189798339265,-2203.752961522277,,-2424.1282576745048,DART,TRAILING_DART,,-2203.752961522277,-20.44240020845213,-26445.035538267322,-158.70152172756343,5.0,1,3.0,79.61202911352073,42.30601455676037,제외,0.0,BULL,1.0,13.283513969726577,200일↑ | 거래량x3.0 | RSI우호,적자,94.45876288659794
2026-05-05,282,282,셀비온,308430,KQ,기타,35950.0,34200.0,31097.5,26750.583333333332,25030.95,1,58.416234161571836,39.56171773420124,1.6094422789523164,0,-3.8770053475935873,21.658206429780023,21.658206429780023,-590.236775095059,,-649.260452604565,DART,TRAILING_DART,,-590.236775095059,-60.907760269952966,-7082.841301140708,-119.70192295171267,5.0,1,3.0,79.60438505299558,42.30219252649779,제외,0.0,BULL,1.0,13.283513969726577,200일↑ | 거래량x1.6 | RSI우호 | MACD+,적자,81.5721649484536
2026-05-05,283,283,대웅제약,069620,KS,기타,147700.0,150870.0,162111.66666666666,166705.0,157315.0,0,41.38879130664186,152.90663375076565,0.8927219964421326,0,-3.083989501312334,-5.138086062941549,-5.138086062941549,16649.347980572344,13861.0,13861.0,DART,TRAILING_DART,,16649.347980572344,8.871218270670237,199792.1757668681,35.26890708657287,62.92478960627236,0,3.0,21.667070735698847,42.295930170985606,제외,0.0,BULL,1.0,13.283513969726577,상승여력 35% | MACD+,,43.29896907216495
2026-05-05,284,284,메디포스트,078160,KQ,기타,25450.0,24247.5,22971.5,20298.416666666668,17175.8,1,54.21828192365989,208.33838037259397,1.7767439429183762,0,-3.7807183364839347,35.44438531133582,35.44438531133582,-2193.4025596943297,,-2412.742815663763,DART,TRAILING_DART,,-2193.4025596943297,-11.602977249897386,-26320.830716331955,-203.42173169482106,5.0,1,3.0,79.5452422085708,42.2726211042854,제외,0.0,BULL,1.0,13.283513969726577,200일↑ | 거래량x1.8 | RSI우호 | MACD+,적자,85.30927835051546
2026-05-05,285,285,국도화학,007690,KS,기타,40900.0,40120.0,38223.333333333336,35637.916666666664,36121.75,1,53.55872970339686,57.148211528188085,2.2445864944371943,0,-1.6826923076923128,13.453536754507622,13.453536754507622,2364.6661338851627,,2601.13274727368,DART|DAILY_DISC,TRAILING_DART,,2364.6661338851627,17.29631063510899,28375.993606621952,-30.621042526596696,13.206587789227891,0,3.0,71.27943563434371,42.243011711785805,제외,0.0,BULL,1.0,13.283513969726577,200일↑ | 거래량x2.2 | RSI우호 | MACD+,EPS스크랩,90.97938144329896
2026-05-05,286,286,한텍,098070,KQ,기타,46150.0,45370.0,42275.833333333336,38350.833333333336,39756.75,1,52.02578883429032,147.47948699263384,0.6420814595530248,0,-0.7526881720430145,-6.389452332657197,-6.389452332657197,2766.720677581554,,3043.3927453397096,DART,TRAILING_DART,,2766.720677581554,16.680397256560298,33200.64813097865,-28.05926732182309,15.448141093404796,0,3.0,69.02696107666057,42.237551085032685,제외,0.0,BULL,1.0,13.283513969726577,200일↑ | RSI우호 | MACD+,,19.587628865979383
2026-05-05,287,287,삼미금속,012210,KQ,기타,15450.0,14168.0,15046.0,12776.916666666666,9765.325,1,57.604849072701725,61.4089595958301,7.970867508897491,1,6.185567010309279,11.87545257060101,11.87545257060101,76.16069683091375,,83.77676651400513,DART,TRAILING_DART,,76.16069683091375,202.8605388721814,913.9283619709649,-94.08460607138534,5.0,0,3.0,79.21522609472785,42.10761304736393,제외,0.0,BULL,1.0,13.283513969726577,200일↑ | 20일돌파 | 거래량x8.0 | RSI우호 | MACD+,,98.96907216494846
2026-05-05,288,288,토모큐브,475960,KQ,기타,58600.0,54330.0,56141.666666666664,51820.833333333336,46043.0,1,58.121505645683605,372.0072066046075,1.7171083454949838,1,5.967450271247743,7.1297989031078535,7.1297989031078535,-359.40475947813667,,-395.3452354259504,DART,TRAILING_DART,,-359.40475947813667,-163.04736777856934,-4312.85711373764,-107.35982442617345,5.0,1,3.0,79.15989680211776,42.07994840105888,제외,0.0,BULL,1.0,13.283513969726577,200일↑ | 20일돌파 | 거래량x1.7 | RSI우호 | MACD+,적자,84.40721649484536
2026-05-05,289,289,한화비전,489790,KS,기타,88700.0,80110.0,76308.33333333333,61366.25,59103.25,1,59.30809532532205,638.0451432471787,1.5093959799096133,0,8.435207823960877,22.00825309491059,22.00825309491059,844.1495923122128,3417.0,3417.0,DART,TRAILING_DART,,844.1495923122128,105.07616281261423,10129.795107746553,-88.57971239261944,5.0,0,3.0,79.04070731491477,42.020353657457385,제외,0.0,BULL,1.0,13.283513969726577,200일↑ | 거래량x1.5 | RSI우호 | MACD+,,78.35051546391753
2026-05-05,290,290,현대제철,004020,KS,기타,43050.0,40232.5,37142.5,34086.25,34144.0,1,59.83955507996601,312.4970927044201,1.1289006697193034,0,1.2941176470588234,25.693430656934304,25.693430656934304,10.408811533462822,2060.0,2060.0,DART|DAILY_DISC,TRAILING_DART,,10.408811533462822,4135.918866587264,124.90573840155386,-99.70985891195923,5.0,0,3.0,79.03027722961076,42.01513861480538,제외,0.0,BULL,1.0,13.283513969726577,200일↑ | RSI우호 | MACD+,EPS스크랩,60.953608247422686
2026-05-05,291,291,파트론,091700,KQ,기타,7750.0,8176.5,8052.666666666667,7551.583333333333,7163.85,1,38.97531882229278,-39.34599966938649,5.11420940333379,0,-7.074340527577938,-3.0037546933667114,-3.0037546933667114,601.7301556,,661.90317116,DART|DAILY_DISC,TRAILING_DART,,601.7301556,12.879527356032678,7220.7618672,-6.828879132903232,34.024730758709666,0,3.0,49.99640774502877,42.010569251869214,제외,0.0,BULL,1.0,13.283513969726577,200일↑ | 거래량x5.1,EPS스크랩,97.0360824742268
2026-05-05,292,292,해성디에스,195870,KS,기타,79500.0,65155.0,60002.5,56912.5,46287.5,1,68.20495213070946,1704.7941441265784,1.0920662592558197,0,-2.692778457772338,51.14068441064639,51.14068441064639,1401.223774764706,4854.0,4854.0,DART|DAILY_DISC,TRAILING_DART,,1401.223774764706,56.73611983449943,16814.68529717647,-78.8494524563818,5.0,0,3.0,78.94519665616822,41.97259832808411,제외,0.0,BULL,1.0,13.283513969726577,200일↑ | RSI우호 | MACD+,EPS스크랩,58.50515463917526
2026-05-05,293,293,LS머트리얼즈,417200,KQ,기타,30350.0,23801.0,20195.5,16570.666666666668,14183.15,1,71.39185260445824,748.7352216766931,1.2643682101182636,0,11.580882352941169,45.21531100478469,45.21531100478469,-14.886340106750277,,-16.374974117425307,DART,TRAILING_DART,,-14.886340106750277,-2038.7818484838767,-178.63608128100333,-100.58858675875125,5.0,1,3.0,78.7138702885039,41.85693514425195,제외,0.0,BULL,1.0,13.283513969726577,200일↑ | MACD+,적자,68.1701030927835
2026-05-05,294,294,HL만도,204320,KS,기타,58000.0,53145.0,54660.833333333336,53855.416666666664,46398.75,1,63.529378175430125,757.8054783430413,1.2015413099889323,1,9.433962264150942,19.958634953464326,19.958634953464326,2615.200139212115,4351.0,4351.0,DART,TRAILING_DART,,2615.200139212115,22.178034916086283,31382.401670545383,-45.89241091285279,5.0,0,3.0,78.70568780963325,41.85284390481662,제외,0.0,BULL,1.0,13.283513969726577,200일↑ | 20일돌파 | RSI우호 | MACD+,,65.33505154639175
2026-05-05,295,295,아주IB투자,027360,KQ,기타,15460.0,12713.5,8359.583333333334,5564.3,4236.005,1,61.91276674418301,177.28202234703758,0.884965681173266,0,-17.41452991452992,75.08493771234428,75.08493771234428,68.66347466778889,,75.52982213456778,DART,TRAILING_DART,,68.66347466778889,225.1560975438449,823.9616960134667,-94.67036419137473,5.0,0,3.0,78.68925966205717,41.844629831028584,제외,0.0,BULL,1.0,13.283513969726577,200일↑ | RSI우호 | MACD+,,42.396907216494846
2026-05-05,296,296,삼성카드,029780,KS,기타,52500.0,53785.0,57345.0,55739.166666666664,53955.5,0,38.82312786386873,39.00012737490431,1.1737674663726292,0,-2.4163568773234223,0.7677543186180413,0.7677543186180413,5575.083572999158,5697.0,5697.0,DART|DAILY_DISC,TRAILING_DART,,5575.083572999158,9.416899193092675,66901.00287598989,27.430481668552154,57.8298130845589,0,3.0,25.828090293634578,41.82895168909674,제외,0.0,BULL,1.0,13.283513969726577,상승여력 27% | MACD+,EPS스크랩,63.91752577319587
2026-05-05,297,297,우주일렉트로,065680,KQ,기타,40000.0,32775.0,31025.833333333332,33247.5,35938.0,1,76.5286381712333,890.7808886310327,1.535273158804459,0,3.2258064516129004,60.00000000000001,60.00000000000001,2328.345465182457,,2561.180011700703,DART,TRAILING_DART,,2328.345465182457,17.179581208266047,27940.14558218948,-30.149636044526297,13.61906846103949,0,3.0,69.92061520836477,41.76984183470213,제외,0.0,BULL,1.0,13.283513969726577,200일↑ | 거래량x1.5 | MACD+,,79.25257731958763
2026-05-05,298,298,시프트업,462870,KS,기타,33350.0,33647.5,32522.5,34467.083333333336,37174.25,0,49.95752198516459,-125.84327974492874,0.7047997257262126,0,-4.02877697841727,1.0606060606060508,1.0606060606060508,3263.704743706945,,3590.07521807764,DART|DAILY_DISC,TRAILING_DART,,3263.704743706945,10.218448854574012,39164.45692448334,17.434653446726657,51.33252474037233,0,3.0,32.19206233269725,41.762293536534784,제외,0.0,BULL,1.0,13.283513969726577,상승여력 17% | RSI우호,EPS스크랩,25.773195876288657
2026-05-05,299,299,피에스케이홀딩스,031980,KQ,기타,132000.0,113750.0,100361.66666666667,75545.41666666667,61423.25,1,63.67021267392733,1493.9119426905836,0.9745432150867038,0,16.299559471365633,41.176470588235304,41.176470588235304,4252.075763522558,4859.0,4859.0,DART,TRAILING_DART,,4252.075763522558,31.043661341219117,51024.9091622707,-61.34476578615856,5.0,0,3.0,78.47321001137081,41.736605005685405,제외,0.0,BULL,1.0,13.283513969726577,200일↑ | RSI우호 | MACD+,,50.0
2026-05-05,300,300,삼성중공업,010140,KS,기타,32250.0,30175.0,28660.833333333332,27620.416666666668,25096.05,1,60.51017982238292,259.1100579134686,1.3590677676660037,0,-6.25,15.591397849462375,15.591397849462375,608.811062740909,1358.0,1358.0,DART|DAILY_DISC,TRAILING_DART,,608.811062740909,52.97209918428271,7305.732752890908,-77.34656510731502,5.0,0,3.0,78.3716915831999,41.68584579159995,제외,0.0,BULL,1.0,13.283513969726577,200일↑ | RSI우호 | MACD+,EPS스크랩,73.32474226804123
2026-05-05,301,301,동운아나텍,094170,KQ,기타,48650.0,38580.0,32274.166666666668,29686.916666666668,24924.0,1,72.93667995426978,1034.625447769301,1.2983724105914696,0,8.59375,67.75862068965517,67.75862068965517,48.82936470967677,,53.712301180644445,DART,TRAILING_DART,,48.82936470967677,996.3267040080655,585.9523765161211,-98.79557579338926,5.0,0,3.0,78.34111571117454,41.67055785558727,제외,0.0,BULL,1.0,13.283513969726577,200일↑ | MACD+,,69.84536082474226
2026-05-05,302,302,솔루스첨단소재,336370,KS,기타,13660.0,12079.0,9807.166666666666,8985.25,8764.95,1,59.25321863355322,122.45019473348975,0.8071023081869617,0,-14.784778540237053,49.45295404814005,49.45295404814005,-1970.9441760571287,-176.0,-176.0,DART|DAILY_DISC,TRAILING_DART,,-1970.9441760571287,-6.93068843143331,-23651.330112685544,-273.14297300648275,5.0,1,3.0,78.22809130457422,41.61404565228711,제외,0.0,BULL,1.0,13.283513969726577,200일↑ | RSI우호 | MACD+,"EPS스크랩,적자",35.824742268041234
2026-05-05,303,303,파두,440110,KQ,기타,81200.0,64065.0,57824.166666666664,40393.333333333336,31013.1,1,71.5111250205288,2152.614942596527,1.1682874705455213,0,19.236417033773854,60.7920792079208,60.7920792079208,-1522.0686285060565,,-1674.2754913566623,DART|DAILY_DISC,TRAILING_DART,,-1522.0686285060565,-53.348448604252205,-18264.823542072678,-122.49362505181365,5.0,1,3.0,78.16558489403569,41.582792447017844,제외,0.0,BULL,1.0,13.283513969726577,200일↑ | MACD+,"EPS스크랩,적자",63.65979381443299
2026-05-05,304,304,엘티씨,170920,KQ,기타,47850.0,36980.0,30534.666666666668,25159.75,21070.55,1,71.17760737022707,1082.032850551178,1.1428218402799928,0,3.4594594594594685,59.5,59.5,1721.8318352128704,,1894.0150187341576,DART,TRAILING_DART,,1721.8318352128704,27.790170341509743,20661.982022554446,-56.81926432068036,5.0,0,3.0,78.15066870759556,41.57533435379778,제외,0.0,BULL,1.0,13.283513969726577,200일↑ | MACD+,,61.855670103092784
2026-05-05,305,305,HD현대일렉트릭,267260,KS,기타,1299000.0,1100050.0,998716.6666666666,917575.0,779527.5,1,71.65546017428868,20467.421498410346,1.1689680583374986,0,4.086538461538458,47.11211778029445,47.11211778029445,20301.646477729784,27050.0,27050.0,DART|DAILY_DISC,TRAILING_DART,,20301.646477729784,63.98495813750667,243619.75773275743,-81.24559216837895,5.0,0,3.0,78.11761866584615,41.558809332923076,제외,0.0,BULL,1.0,13.283513969726577,200일↑ | MACD+,EPS스크랩,63.78865979381443
2026-05-05,306,306,한중엔시에스,107640,KQ,기타,69900.0,59815.0,54090.833333333336,51008.75,45214.5,1,65.01611792788152,878.7227370482574,0.8878404865216393,0,3.5555555555555562,47.936507936507944,47.936507936507944,538.916831606057,,592.8085147666628,DART,TRAILING_DART,,538.916831606057,129.70461470221107,6467.001979272684,-90.74820889946683,5.0,0,3.0,78.03764981836808,41.51882490918404,제외,0.0,BULL,1.0,13.283513969726577,200일↑ | RSI우호 | MACD+,,42.78350515463917
2026-05-05,307,307,S-Oil,010950,KS,기타,128000.0,119735.0,114475.0,100153.33333333333,85485.25,1,58.86225007265296,1401.430064057863,1.0583926516247526,0,7.2026800670016655,14.901256732495515,14.901256732495515,1571.749970457297,10828.0,10828.0,DART,TRAILING_DART,,1571.749970457297,81.43788923549889,18860.999645487565,-85.26484402696283,5.0,0,3.0,77.92562562491105,41.462812812455525,제외,0.0,BULL,1.0,13.283513969726577,200일↑ | RSI우호 | MACD+,,56.572164948453604
2026-05-05,308,308,TCC스틸,002710,KS,기타,19980.0,17607.0,15590.5,15557.083333333334,16453.9,1,62.26970584360013,270.70157763502766,0.4718904256607401,0,9.840571742715776,37.50860289057123,37.50860289057123,-289.9552255448745,,-318.950748099362,DART,TRAILING_DART,,-289.9552255448745,-68.9071906272916,-3479.462706538494,-117.41472826095342,5.0,1,3.0,77.89455605956135,41.447278029780676,제외,0.0,BULL,1.0,13.283513969726577,200일↑ | RSI우호 | MACD+,적자,8.118556701030927
2026-05-05,309,309,제이브이엠,054950,KQ,기타,24950.0,24807.5,25177.5,25504.583333333332,27039.25,0,49.84853042170572,44.97568973150181,1.3693626932034724,0,-0.9920634920634885,2.6748971193415683,2.6748971193415683,2345.0006449189123,2852.0,2852.0,DART|DAILY_DISC,TRAILING_DART,,2345.0006449189123,10.639655922509457,28140.007739026947,12.785602160428656,48.31064140427863,0,3.0,34.57048642480996,41.44056391454429,제외,0.0,BULL,1.0,13.283513969726577,상승여력 13% | RSI우호 | MACD+,EPS스크랩,73.71134020618557
2026-05-05,310,310,우진,105840,KS,기타,28700.0,25805.0,25510.0,22078.0,18283.75,1,60.82886370326508,342.9698452499508,1.5458567677401236,0,-0.17391304347825765,22.649572649572658,22.649572649572658,547.0984810624195,,601.8083291686615,DART,TRAILING_DART,,547.0984810624195,52.458562751384356,6565.181772749034,-77.12480218554343,5.0,0,3.0,77.85967347235307,41.42983673617653,제외,0.0,BULL,1.0,13.283513969726577,200일↑ | 거래량x1.5 | RSI우호 | MACD+,,79.89690721649485
2026-05-05,311,311,DI동일,001530,KS,기타,30500.0,26467.5,23513.666666666668,21196.84922688802,25554.58560058594,1,67.04802605609935,468.33999679256226,0.8025151812269623,0,-5.132192846034211,42.85714285714286,42.85714285714286,-505.2692008020566,,-555.7961208822624,DART,TRAILING_DART,,-505.2692008020566,-60.36386138633577,-6063.230409624679,-119.87944396598256,5.0,1,3.0,77.83443149770041,41.417215748850204,제외,0.0,BULL,1.0,13.283513969726577,200일↑ | RSI우호 | MACD+,적자,35.56701030927835
2026-05-05,312,312,코오롱,002020,KS,기타,69900.0,63430.0,62115.0,55862.916666666664,51684.75,1,60.14168665114561,1123.3779598812562,1.1200064046113203,0,15.920398009950244,13.10679611650485,13.10679611650485,-22979.015572201977,,-25276.91712942217,DART,TRAILING_DART,,-22979.015572201977,-3.0419057674759125,-275748.1868664237,-494.48953772020553,5.0,1,3.0,77.76987413289888,41.38493706644944,제외,0.0,BULL,1.0,13.283513969726577,200일↑ | RSI우호 | MACD+,적자,60.18041237113402
2026-05-05,313,313,고영,098460,KQ,기타,38950.0,32937.5,31038.333333333332,28090.25,22975.9,1,61.68413351476699,961.0159630812768,0.680094744735126,0,-7.919621749408979,47.258979206049155,47.258979206049155,214.93176354645792,547.0,547.0,DART|DAILY_DISC,TRAILING_DART,,214.93176354645792,181.2203061907175,2579.181162557495,-93.3782255133312,5.0,0,3.0,77.76205921519153,41.381029607595764,제외,0.0,BULL,1.0,13.283513969726577,200일↑ | RSI우호 | MACD+,EPS스크랩,24.22680412371134
2026-05-05,314,314,이수페타시스,007660,KS,기타,149000.0,132850.0,119196.66666666667,121492.5,101670.25,1,61.22131187772535,1483.0003641204694,0.7690343588151228,0,-2.8683181225554133,45.22417153996101,45.22417153996101,2186.136344768904,3578.0,3578.0,DART,TRAILING_DART,,2186.136344768904,68.15677364155928,26233.63613722685,-82.39353279380748,5.0,0,3.0,77.72039502351643,41.360197511758216,제외,0.0,BULL,1.0,13.283513969726577,200일↑ | RSI우호 | MACD+,,32.34536082474227
2026-05-05,315,315,SKC,011790,KS,기타,124000.0,108620.0,104861.72786458333,107706.697265625,106042.018359375,1,62.997133966478685,1659.6738905512984,1.416766076907076,0,6.804478897502153,39.79796762715233,39.79796762715233,-18996.38190150505,,-20896.02009165556,DART|DAILY_DISC,TRAILING_DART,,-18996.38190150505,-6.527558807931509,-227956.5828180606,-283.8359538855327,5.0,1,3.0,77.64837726922596,41.32418863461298,제외,0.0,BULL,1.0,13.283513969726577,200일↑ | RSI우호 | MACD+,"EPS스크랩,적자",75.77319587628865
2026-05-05,316,316,대한유화,006650,KS,기타,179900.0,158650.0,150021.66666666666,148340.83333333334,134089.0,1,66.28170149796617,2846.0722908865337,1.010473227495052,0,12.86072772898368,38.49114703618169,38.49114703618169,8599.392465846155,12419.0,12419.0,DART,TRAILING_DART,,8599.392465846155,20.920082519143214,103192.70959015386,-42.63884958857484,5.0,0,3.0,77.59648591979307,41.298242959896534,제외,0.0,BULL,1.0,13.283513969726577,200일↑ | RSI우호 | MACD+,,52.70618556701031
2026-05-05,317,317,SFA반도체,036540,KQ,기타,8620.0,7664.5,7237.833333333333,6008.875,5069.175,1,59.810166168921796,105.82343253685451,0.7563064892151571,0,-10.580912863070536,34.267912772585674,34.267912772585674,-116.32593052561748,,-127.95852357817924,DART,TRAILING_DART,,-116.32593052561748,-74.1021366521688,-1395.9111663074098,-116.19386503836901,5.0,1,3.0,77.58317089454619,41.29158544727309,제외,0.0,BULL,1.0,13.283513969726577,200일↑ | RSI우호 | MACD+,적자,31.70103092783505
2026-05-05,318,318,동국제강,460860,KS,기타,14710.0,11645.0,9885.0,9111.166666666666,9373.5,1,71.08146822983957,481.8718051081472,1.0276571548446813,0,24.55546147332768,60.765027322404364,60.765027322404364,165.93795865696467,562.0,562.0,DART|DAILY_DISC,TRAILING_DART,,165.93795865696467,88.64758924996333,1991.255503883576,-86.46325286279011,5.0,0,3.0,77.57887419153306,41.28943709576653,제외,0.0,BULL,1.0,13.283513969726577,200일↑ | MACD+,EPS스크랩,54.123711340206185
2026-05-05,319,319,HD현대마린엔진,071970,KS,기타,107100.0,92930.0,84810.0,85963.33333333333,83556.25,1,64.83290269780201,1669.9696987222842,0.4860095492562786,0,-6.544502617801051,41.29287598944591,41.29287598944591,4867.168798279675,4170.0,4170.0,DART,TRAILING_DART,,4867.168798279675,22.004578932593223,58406.025579356094,-45.465895817594685,5.0,0,3.0,77.55967760792785,41.279838803963926,제외,0.0,BULL,1.0,13.283513969726577,200일↑ | RSI우호 | MACD+,,9.02061855670103
2026-05-05,320,320,한선엔지니어링,452280,KQ,기타,20750.0,16763.5,13647.333333333334,11517.833333333334,10491.05,1,68.78867376486487,415.9827267745677,0.8451943068934672,0,13.449972662657196,47.79202279202279,47.79202279202279,464.2653236809755,,510.69185604907307,DART,TRAILING_DART,,464.2653236809755,44.6942705853659,5571.183884171705,-73.15092104013637,5.0,0,3.0,77.43739857890485,41.218699289452424,제외,0.0,BULL,1.0,13.283513969726577,200일↑ | RSI우호 | MACD+,,39.819587628865975
2026-05-05,321,321,대주전자재료,078600,KQ,기타,157500.0,139670.0,116798.33333333333,93431.66666666667,85003.0,1,59.451040734871334,1539.6899004380084,0.5951821700269438,0,-13.840262582056894,30.0578034682081,30.0578034682081,1345.9090121956128,1950.0,1950.0,DART,TRAILING_DART,,1345.9090121956128,117.02128343955924,16150.908146347354,-89.7454551451763,5.0,0,3.0,77.39209472278534,41.19604736139267,제외,0.0,BULL,1.0,13.283513969726577,200일↑ | RSI우호 | MACD+,,16.3659793814433
2026-05-05,322,322,현대백화점,069960,KS,기타,111700.0,92340.0,93475.0,92670.83333333333,86932.5,1,71.63552703404308,2822.578849307689,1.0673396184016806,0,13.401015228426406,47.94701986754968,47.94701986754968,6254.349664739375,11377.0,11377.0,DART,TRAILING_DART,,6254.349664739375,17.859570696812753,75052.19597687249,-32.809135204232334,11.292006696296708,0,3.0,71.00825940187272,41.150133049084715,제외,0.0,BULL,1.0,13.283513969726577,200일↑ | MACD+,,57.21649484536082
2026-05-05,323,323,자화전자,033240,KS,기타,47700.0,41135.0,39750.0,31047.833333333332,26482.75,1,64.51811583033219,877.4641217451681,1.137446868585203,0,1.273885350318471,38.662790697674424,38.662790697674424,2181.4326902471416,,2399.575959271856,DART,TRAILING_DART,,2181.4326902471416,21.866363428612555,26177.192282965698,-45.121190182461845,5.0,0,3.0,77.27525259681984,41.13762629840992,제외,0.0,BULL,1.0,13.283513969726577,200일↑ | RSI우호 | MACD+,,61.46907216494846
2026-05-05,324,324,싸이맥스,160980,KQ,기타,37650.0,30555.0,24740.666666666668,20229.75,17963.0,1,75.03063108369241,690.5285124435868,1.2106661997042572,0,18.210361067503932,44.80769230769231,44.80769230769231,1367.544243843715,,1504.2986682280866,DART,TRAILING_DART,,1367.544243843715,27.53110195117219,16410.530926124582,-56.412932467132585,5.0,0,3.0,77.13166438584655,41.065832192923274,제외,0.0,BULL,1.0,13.283513969726577,200일↑ | MACD+,,65.97938144329896
2026-05-05,325,325,두산로보틱스,454910,KS,기타,107800.0,93940.0,94280.0,90290.83333333333,80372.0,1,68.80242420241925,2002.340245000692,1.9105028257993495,0,14.558979808714124,30.666666666666664,30.666666666666664,-856.14561342043,,-941.7601747624732,DART|DAILY_DISC,TRAILING_DART,,-856.14561342043,-125.91316046031335,-10273.74736104516,-109.5303778859417,5.0,1,3.0,77.06749756650002,41.03374878325001,제외,0.0,BULL,1.0,13.283513969726577,200일↑ | 거래량x1.9 | RSI우호 | MACD+,"EPS스크랩,적자",87.24226804123711
2026-05-05,326,326,LS에코에너지,229640,KS,기타,90400.0,59207.5,48819.166666666664,42922.083333333336,41630.0,1,84.37855162957051,3781.1371033675323,1.8314311762372328,0,42.812006319115326,106.15735461801594,106.15735461801594,1582.8891834642025,1518.0,1518.0,DART,TRAILING_DART,,1582.8891834642025,57.11075730655811,18994.67020157043,-78.98819667967874,5.0,0,3.0,77.06030542076289,41.030152710381444,제외,0.0,BULL,1.0,13.283513969726577,200일↑ | 거래량x1.8 | MACD+,,85.82474226804123
2026-05-05,327,327,샘씨엔에스,252990,KQ,기타,14130.0,11974.5,10993.0,9092.416666666666,7743.55,1,72.7295370956561,205.07223407479842,1.021202190673897,0,2.243125904486254,53.586956521739125,53.586956521739125,250.1409859120103,,275.15508450321136,DART,TRAILING_DART,,250.1409859120103,56.48814387007483,3001.6918309441235,-78.7566041688314,5.0,0,3.0,76.76160500005737,40.880802500028686,제외,0.0,BULL,1.0,13.283513969726577,200일↑ | MACD+,,53.350515463917525
2026-05-05,328,328,코오롱인더,120110,KS,기타,93800.0,89110.0,74740.0,59438.75,50993.5,1,59.77477590527594,83.89329344342605,1.1740218231029471,0,7.322654462242562,15.233415233415236,15.233415233415236,1722.2155002038332,4528.0,4528.0,DART|DAILY_DISC,TRAILING_DART,,1722.2155002038332,54.46472871072074,20666.586002445998,-77.96739232148614,5.0,0,3.0,76.74507286902006,40.87253643451003,제외,0.0,BULL,1.0,13.283513969726577,200일↑ | RSI우호 | MACD+,EPS스크랩,64.0463917525773
2026-05-05,329,329,씨아이에스,222080,KQ,기타,17190.0,14419.5,13497.166666666666,10559.083333333334,9221.5,1,64.84958154675081,391.0016108877944,0.5764728862573987,0,4.244996967859316,47.30077120822622,47.30077120822622,369.3951190293502,,406.3346309322853,DART,TRAILING_DART,,369.3951190293502,46.53553637949984,4432.741428352203,-74.2132552161012,5.0,0,3.0,76.72053013595216,40.86026506797608,제외,0.0,BULL,1.0,13.283513969726577,200일↑ | RSI우호 | MACD+,,14.561855670103094
2026-05-05,330,330,하나머티리얼즈,166090,KQ,기타,79400.0,68635.0,63746.666666666664,55242.5,46005.75,1,66.33073995066212,919.811348966994,0.8435107379227219,0,11.516853932584258,44.36363636363636,44.36363636363636,1940.3515812830165,3248.0,3248.0,DART,TRAILING_DART,,1940.3515812830165,40.92041914769818,23284.218975396197,-70.67478718463956,5.0,0,3.0,76.70330638618363,40.85165319309181,제외,0.0,BULL,1.0,13.283513969726577,200일↑ | RSI우호 | MACD+,,39.56185567010309
2026-05-05,331,331,네오셈,253590,KQ,기타,18970.0,17370.0,17319.833333333332,14163.833333333334,12331.5,1,59.89356670461975,200.49382947143732,1.7945885129566568,0,0.7970244420828942,29.39972714870396,29.39972714870396,121.77560436300998,,133.953164799311,DART,TRAILING_DART,,121.77560436300998,155.77832768089505,1461.3072523561198,-92.29674616575582,5.0,0,3.0,76.6455197022406,40.8227598511203,제외,0.0,BULL,1.0,13.283513969726577,200일↑ | 거래량x1.8 | RSI우호 | MACD+,,85.69587628865979
2026-05-05,332,332,로보티즈,108490,KQ,기타,313500.0,277875.0,268933.3333333333,262519.1666666667,207232.5,1,59.18136832483782,5482.777042720976,0.6770457954059186,0,7.179487179487176,27.439024390243905,27.439024390243905,361.92159125590814,658.0,658.0,DART,TRAILING_DART,,361.92159125590814,866.2097193818146,4343.0590950708975,-98.61465419614963,5.0,0,3.0,76.64420382669013,40.822101913345065,제외,0.0,BULL,1.0,13.283513969726577,200일↑ | RSI우호 | MACD+,,23.324742268041238
2026-05-05,333,333,상아프론테크,089980,KQ,기타,28050.0,25805.0,23224.333333333332,19847.583333333332,18974.45,1,59.90097800268371,151.17558050337857,0.8144028726625383,0,-4.102564102564099,24.11504424778761,24.11504424778761,422.4861748709444,,464.7347923580389,DART,TRAILING_DART,,422.4861748709444,66.39270505968237,5069.8340984513325,-81.92572513921094,5.0,0,3.0,76.60531696116843,40.80265848058421,제외,0.0,BULL,1.0,13.283513969726577,200일↑ | RSI우호 | MACD+,,36.597938144329895
2026-05-05,334,334,영풍,000670,KS,기타,67500.0,63675.0,60031.666666666664,57984.077734375,51565.4466015625,1,60.734408378737996,158.56057688476676,1.3587737533532878,0,-1.026392961876832,13.065326633165819,13.065326633165819,1658.77930097711,,1824.6572310748213,DART,TRAILING_DART,,1658.77930097711,40.69257432874818,19905.35161172532,-70.51059020485138,5.0,0,3.0,76.57731783183178,40.78865891591589,제외,0.0,BULL,1.0,13.283513969726577,200일↑ | RSI우호 | MACD+,,73.19587628865979
2026-05-05,335,335,호텔신라,008770,KS,기타,64800.0,55280.0,48787.5,47283.75,48271.5,1,70.66399811161136,1238.5474670017265,0.7989473975910735,0,4.01284109149278,50.34802784222738,50.34802784222738,-4403.995544321727,2252.0,2252.0,DART|DAILY_DISC,TRAILING_DART,,-4403.995544321727,-14.713911344335852,-52847.946531860725,-181.55547304299495,5.0,1,3.0,76.52423509783617,40.762117548918084,제외,0.0,BULL,1.0,13.283513969726577,200일↑ | MACD+,"EPS스크랩,적자",35.180412371134025
2026-05-05,336,336,코스모신소재,005070,KS,기타,62700.0,58185.0,53925.0,51270.0,48512.25,1,60.60300134790784,84.11212109978896,1.143540089823016,0,-0.7911392405063333,22.4609375,22.4609375,-15.741605634466874,,-17.31576619791356,DART|DAILY_DISC,TRAILING_DART,,-15.741605634466874,-3983.075262838236,-188.8992676136025,-100.30127474898501,5.0,1,3.0,76.39616651415064,40.69808325707532,제외,0.0,BULL,1.0,13.283513969726577,200일↑ | RSI우호 | MACD+,"EPS스크랩,적자",61.98453608247423
2026-05-05,337,337,에코프로머티,450080,KS,기타,84800.0,77450.0,70345.0,64804.166666666664,60381.5,1,61.03941987737491,446.44750874575584,0.861339130422119,0,2.2919179734619988,23.7956204379562,23.7956204379562,341.6123018697297,,375.7735320567027,DART,TRAILING_DART,,341.6123018697297,248.2346201699071,4099.347622436757,-95.16586365278684,5.0,0,3.0,76.3958464836382,40.6979232418191,제외,0.0,BULL,1.0,13.283513969726577,200일↑ | RSI우호 | MACD+,,40.97938144329897
2026-05-05,338,338,제일기획,030000,KS,기타,19750.0,19638.0,20422.5,21152.5,20829.3,0,48.152617704202285,69.46464625260663,1.537646806499027,0,0.0,2.9181865554976483,2.9181865554976483,1813.371840338105,1989.0,1989.0,DART|DAILY_DISC,TRAILING_DART,,1813.371840338105,10.891312835384934,21760.46208405726,10.17955485598614,46.61671065639099,0,3.0,34.75818620631596,40.687448431353474,제외,0.0,BULL,1.0,13.283513969726577,상승여력 10% | 거래량x1.5 | RSI우호 | MACD+,EPS스크랩,79.5103092783505
2026-05-05,339,339,가온칩스,399720,KQ,기타,73300.0,66345.0,65305.0,59402.916666666664,54971.0,1,59.32596818831877,870.746924443637,1.0928199968833945,0,2.949438202247201,18.035426731078896,18.035426731078896,-1238.674407047331,,-1362.541847752064,DART,TRAILING_DART,,-1238.674407047331,-59.176164117839186,-14864.092884567972,-120.27843504033831,5.0,1,3.0,76.29515176406535,40.647575882032676,제외,0.0,BULL,1.0,13.283513969726577,200일↑ | RSI우호 | MACD+,적자,58.634020618556704
2026-05-05,340,340,에스비비테크,389500,KQ,기타,66300.0,60355.0,56685.0,49760.0,38965.25,1,60.51099998809947,448.6850200869785,0.8971288497067185,0,2.472952086553315,38.26903023983317,38.26903023983317,-1420.421876547135,,-1562.4640642018487,DART,TRAILING_DART,,-1420.421876547135,-46.67627350345157,-17045.06251856562,-125.70899324067213,5.0,1,3.0,76.28431748051437,40.64215874025719,제외,0.0,BULL,1.0,13.283513969726577,200일↑ | RSI우호 | MACD+,적자,43.94329896907217
2026-05-05,341,341,오르비텍,046120,KQ,기타,12320.0,11314.0,9116.75,6614.541666666667,5485.95,1,59.2469204232289,-36.75019689518797,1.3365863579273352,0,-1.2820512820512775,-3.4482758620689613,-3.4482758620689613,24.091722690394988,,26.50089495943449,DART,TRAILING_DART,,24.091722690394988,511.37895609730725,289.10067228473986,-97.65340363405244,5.0,0,3.0,76.23825337141623,40.61912668570812,제외,0.0,BULL,1.0,13.283513969726577,200일↑ | RSI우호,,71.90721649484536
2026-05-05,342,342,디케이티,290550,KQ,기타,26550.0,22799.5,17646.0,12534.416666666666,10631.85,1,64.26568701796728,76.85757258730155,1.2273865021641834,0,-0.5617977528089901,48.07585052983825,48.07585052983825,1158.53054862126,,1274.3836034833862,DART,TRAILING_DART,,1158.53054862126,22.9169615178439,13902.366583455121,-47.637037350451514,5.0,0,3.0,76.2222183888625,40.61110919443125,제외,0.0,BULL,1.0,13.283513969726577,200일↑ | RSI우호 | MACD+,,66.62371134020619
2026-05-05,343,343,한양디지텍,078350,KQ,기타,32200.0,29295.0,27607.0,24970.833333333332,20245.45,1,58.336210094039274,265.7188146589431,0.668716193144434,0,-2.571860816944027,17.30418943533698,17.30418943533698,982.4153838443566,,1080.6569222287924,DART,TRAILING_DART,,982.4153838443566,32.77635970438084,11788.984606132279,-63.38824656480659,5.0,0,3.0,76.19558060818166,40.59779030409083,제외,0.0,BULL,1.0,13.283513969726577,200일↑ | RSI우호 | MACD+,,22.29381443298969
2026-05-05,344,344,한화에어로스페이스,012450,KS,기타,1465000.0,1460200.0,1362333.3333333333,1190200.0,1093730.0,1,54.38370964298336,-6997.107328334925,2.3019649723760014,0,0.13670539986330166,1.104209799861966,1.104209799861966,42704.38030261037,46112.0,46112.0,DART|DAILY_DISC,TRAILING_DART,,42704.38030261037,34.3056143097913,512452.56363132445,-65.02030282380038,5.0,0,3.0,76.12909683705624,40.56454841852812,제외,0.0,BULL,1.0,13.283513969726577,200일↑ | 거래량x2.3 | RSI우호,EPS스크랩,91.49484536082474
2026-05-05,345,345,두산에너빌리티,034020,KS,기타,127200.0,112350.0,103333.33333333333,92375.83333333333,82641.5,1,70.23102242777136,1686.1827187052122,0.8203181749408672,0,0.07867820613689513,31.677018633540378,31.677018633540378,320.2863634192387,512.0,512.0,DART,TRAILING_DART,,320.2863634192387,397.14460098165847,3843.436361030864,-96.97843053378077,5.0,0,3.0,76.09380842573755,40.546904212868775,제외,0.0,BULL,1.0,13.283513969726577,200일↑ | MACD+,,36.855670103092784
2026-05-05,346,346,LG에너지솔루션,373220,KS,기타,472000.0,439200.0,406400.0,410583.3333333333,397787.5,1,61.80123761332694,2077.163306179722,0.916092529093736,0,-1.8711018711018657,18.444165621079044,18.444165621079044,345.3119658119658,-416.0,-416.0,DART|DAILY_DISC,TRAILING_DART,,345.3119658119658,1366.8799425763896,4143.74358974359,-99.12208822251195,5.0,0,3.0,76.06636791465753,40.53318395732877,제외,0.0,BULL,1.0,13.283513969726577,200일↑ | RSI우호 | MACD+,EPS스크랩,45.74742268041237
2026-05-05,347,347,리노공업,058470,KQ,기타,120800.0,115070.0,108673.33333333333,86764.16666666667,72270.5,1,57.75115968131023,-79.23301893270582,1.4546113025762424,0,-2.893890675241162,9.420289855072461,9.420289855072461,1993.9244409629207,2413.0,2413.0,DART,TRAILING_DART,,1993.9244409629207,60.584040958774935,23927.093291555047,-80.19280356659351,5.0,0,3.0,76.06329441426574,40.53164720713287,제외,0.0,BULL,1.0,13.283513969726577,200일↑ | RSI우호,,77.44845360824742
2026-05-05,348,348,두산퓨얼셀,336260,KS,기타,60600.0,45592.5,40841.666666666664,36838.75,33452.0,1,76.60430769821733,1832.7960652074016,1.108356197053684,0,19.999999999999996,57.8125,57.8125,-2027.740013997677,-532.0,-532.0,DART,TRAILING_DART,,-2027.740013997677,-29.88548807128754,-24332.880167972122,-140.1532676039144,5.0,1,3.0,76.03116332535531,40.515581662677654,제외,0.0,BULL,1.0,13.283513969726577,200일↑ | MACD+,적자,59.40721649484536
2026-05-05,349,349,성광벤드,014620,KQ,기타,46500.0,41585.0,36894.166666666664,32350.833333333332,32213.25,1,67.17155786835262,612.9493826037174,0.47188691606624816,0,-2.208201892744477,17.42424242424243,17.42424242424243,1296.518863694454,1639.0,1639.0,DART,TRAILING_DART,,1296.518863694454,35.86527068915712,15558.226364333448,-66.5414486788528,5.0,0,3.0,75.99712647955273,40.49856323977637,제외,0.0,BULL,1.0,13.283513969726577,200일↑ | RSI우호 | MACD+,,7.989690721649484
2026-05-05,350,350,OCI홀딩스,010060,KS,기타,355500.0,281250.0,202601.66666666666,156190.83333333334,132325.5,1,69.51162347506292,6883.898262347335,0.5159153836967008,0,-7.421875,54.90196078431373,54.90196078431373,-7833.207428809669,13027.0,13027.0,DART|DAILY_DISC,TRAILING_DART,,-7833.207428809669,-45.38370817202036,-93998.48914571603,-126.44120651074995,5.0,1,3.0,75.88870590176325,40.44435295088162,제외,0.0,BULL,1.0,13.283513969726577,200일↑ | RSI우호 | MACD+,"EPS스크랩,적자",11.34020618556701
2026-05-05,351,351,미래에셋증권,006800,KS,기타,70300.0,67860.0,64796.7416015625,45182.284895833334,35446.68678710938,1,56.02558014471261,-302.64616866331016,2.3125451414152813,0,5.082212257100149,11.410459587955636,11.410459587955636,2828.823607287122,3466.0,3466.0,DART|DAILY_DISC,TRAILING_DART,,2828.823607287122,24.851319756702186,33945.88328744546,-51.71282604915297,5.0,0,3.0,75.85764912071454,40.42882456035727,제외,0.0,BULL,1.0,13.283513969726577,200일↑ | 거래량x2.3 | RSI우호,EPS스크랩,91.75257731958763
2026-05-05,352,352,이노스페이스,462350,KQ,기타,17230.0,15973.25888671875,17386.91962890625,16045.015364583332,13596.064431152343,1,56.17466251578388,215.5427735474848,1.7672818531998855,1,2.92712066905616,15.870880968392731,15.870880968392731,-3621.942802697623,,-3984.1370829673856,DART,TRAILING_DART,,-3621.942802697623,-4.757115431852512,-43463.31363237147,-352.2537065140538,5.0,1,3.0,75.69840777617905,40.34920388808953,제외,0.0,BULL,1.0,13.283513969726577,200일↑ | 20일돌파 | 거래량x1.8 | RSI우호 | MACD+,적자,85.18041237113401
2026-05-05,353,353,STX엔진,077970,KS,기타,60000.0,45712.5,37318.333333333336,36141.25,35327.5,1,71.18727829695902,1897.5334473982912,0.6688648432592147,0,4.712041884816753,65.74585635359117,65.74585635359117,1717.3484929023848,,1889.083342192624,DART,TRAILING_DART,,1717.3484929023848,34.93757979115683,20608.181914828616,-65.6530301419523,5.0,0,3.0,75.6527042945556,40.3263521472778,제외,0.0,BULL,1.0,13.283513969726577,200일↑ | MACD+,,22.422680412371136
2026-05-05,354,354,필에너지,378340,KQ,기타,20300.0,17795.0,15918.5,14756.833333333334,14178.45,1,66.12689911659177,215.05316150735052,0.6581907113718101,0,-3.791469194312791,36.7003367003367,36.7003367003367,-732.874184742725,,-806.1616032169976,DART,TRAILING_DART,,-732.874184742725,-27.699160950970462,-8794.4902169127,-143.32261190597387,5.0,1,3.0,75.6413036511022,40.3206518255511,제외,0.0,BULL,1.0,13.283513969726577,200일↑ | RSI우호 | MACD+,적자,21.1340206185567
2026-05-05,355,355,티에스이,131290,KQ,기타,167800.0,147275.0,116565.0,88390.41666666667,70523.25,1,67.95548658207143,688.4943362980084,1.2602257752717163,0,-0.9445100354191216,54.22794117647059,54.22794117647059,3620.138852584056,,3982.152737842462,DART,TRAILING_DART,,3620.138852584056,46.35181324059554,43441.666231008676,-74.11104515434525,5.0,0,3.0,75.56056764910201,40.280283824551006,제외,0.0,BULL,1.0,13.283513969726577,200일↑ | RSI우호 | MACD+,,68.04123711340206
2026-05-05,356,356,와이지-원,019210,KQ,기타,15990.0,14460.0,12069.5,8843.291666666666,7483.7,1,60.6251170642049,99.79086871770198,0.5893875077923152,0,-3.4420289855072506,11.818181818181817,11.818181818181817,681.0041533615561,,749.1045686977118,DART,TRAILING_DART,,681.0041533615561,23.48003300871302,8172.049840338673,-48.89274646442357,5.0,0,3.0,75.55879011675131,40.279395058375655,제외,0.0,BULL,1.0,13.283513969726577,200일↑ | RSI우호 | MACD+,,15.979381443298967
2026-05-05,357,357,한화갤러리아,452260,KS,기타,3025.0,2682.75,2622.6666666666665,1989.1416666666667,1649.085,1,59.10431894948889,61.96217335076126,0.4086365042970485,0,-9.431137724550897,25.518672199170123,25.518672199170123,17.088213001150677,,18.797034301265747,DART,TRAILING_DART,,17.088213001150677,177.02260615526646,205.05855601380813,-93.22120475987411,5.0,0,3.0,75.52768985154249,40.263844925771245,제외,0.0,BULL,1.0,13.283513969726577,200일↑ | RSI우호 | MACD+,,5.025773195876289
2026-05-05,358,358,이수스페셜티케미컬,457190,KS,기타,123600.0,111165.0,102131.66666666667,83012.91666666667,69021.0,1,63.558158325951325,932.671164740078,0.6666458586548477,0,1.6447368421052655,33.76623376623375,33.76623376623375,25.4649809562713,,28.01147905189844,DART,TRAILING_DART,,25.4649809562713,4853.724423051683,305.5797714752556,-99.75276717518183,5.0,0,3.0,75.38406441609663,40.19203220804832,제외,0.0,BULL,1.0,13.283513969726577,200일↑ | RSI우호 | MACD+,,21.90721649484536
2026-05-05,359,359,에이피알,278470,KS,기타,428500.0,406850.0,341166.6666666667,292216.6666666667,261846.0,1,60.26186010187261,-848.5546719127233,1.1426075911821314,0,-4.77777777777778,31.039755351681954,31.039755351681954,7736.888030059174,13387.0,13387.0,DART|DAILY_DISC,TRAILING_DART,,7736.888030059174,55.38402498978943,92842.65636071008,-78.33310236622867,5.0,0,3.0,75.25590586818564,40.12795293409282,제외,0.0,BULL,1.0,13.283513969726577,200일↑ | RSI우호,EPS스크랩,61.72680412371135
2026-05-05,360,360,신흥에스이씨,243840,KQ,기타,10560.0,9318.5,7309.666666666667,6346.666666666667,5708.2,1,66.20521060048343,69.15408382196517,0.8910138408518165,0,2.5242718446601975,37.6792698826597,37.6792698826597,-150.7493897736761,,-165.82432875104374,DART,TRAILING_DART,,-150.7493897736761,-70.0500348018257,-1808.9926772841134,-117.13061247428138,5.0,1,3.0,75.22069230868554,40.11034615434277,제외,0.0,BULL,1.0,13.283513969726577,200일↑ | RSI우호 | MACD+,적자,43.170103092783506
2026-05-05,361,361,유진테크,084370,KQ,기타,132000.0,130720.0,124763.33333333333,104260.0,86517.0,1,51.9121383726025,-31.79876048405913,2.470274268070112,0,-2.583025830258301,10.183639398998334,10.183639398998334,1941.0855408625976,,2135.1940949488576,DART,TRAILING_DART,,1941.0855408625976,68.00318544505804,23293.02649035117,-82.35376781034003,5.0,0,3.0,75.041875409096,40.020937704548,제외,0.0,BULL,1.0,13.283513969726577,200일↑ | 거래량x2.5 | RSI우호,,92.65463917525774
2026-05-05,362,362,달바글로벌,483650,KS,기타,223500.0,201295.0,172243.33333333334,157177.5,165988.5,1,65.18022117201146,1953.6762607323035,0.49522281070802426,0,-7.261410788381739,51.52542372881357,51.52542372881357,6378.543724798113,9622.0,9622.0,DART|DAILY_DISC,TRAILING_DART,,6378.543724798113,35.039345913878485,76542.52469757735,-65.75278537021147,5.0,0,3.0,74.93214761916846,39.96607380958423,제외,0.0,BULL,1.0,13.283513969726577,200일↑ | RSI우호 | MACD+,EPS스크랩,9.793814432989691
2026-05-05,363,363,HD현대에너지솔루션,322000,KS,기타,221000.0,179755.0,131615.0,93694.16666666667,75571.75,1,72.23389838880144,3930.4812283594874,0.49201581027667984,0,15.706806282722518,15.646258503401356,15.646258503401356,3721.132036517857,6027.0,6027.0,DART,TRAILING_DART,,3721.132036517857,59.39052896569784,44653.58443821428,-79.79475817275372,5.0,0,3.0,74.91646486114234,39.95823243057117,제외,0.0,BULL,1.0,13.283513969726577,200일↑ | MACD+,,9.407216494845361
2026-05-05,364,364,엠디바이스,226590,KQ,기타,29250.0,27382.5,26438.833333333332,20296.583333333332,17907.95,1,55.25659977945897,83.9984447187851,1.5129798145587023,0,6.363636363636371,19.387755102040828,19.387755102040828,1004.425075610604,,1104.8675831716646,DART,TRAILING_DART,,1004.425075610604,29.121136767935145,12053.100907327249,-58.79281741084701,5.0,0,3.0,74.87700508441212,39.93850254220606,제외,0.0,BULL,1.0,13.283513969726577,200일↑ | 거래량x1.5 | RSI우호 | MACD+,,78.6082474226804
2026-05-05,365,365,나노신소재,121600,KQ,기타,84500.0,77610.0,69768.33333333333,63126.666666666664,59700.0,1,60.744964209766614,337.1297375020258,0.6448612130980749,0,-4.842342342342343,34.554140127388536,34.554140127388536,133.89192765881722,,147.28112042469897,DART,TRAILING_DART,,133.89192765881722,631.1060082376474,1606.7031319058067,-98.0985761752594,5.0,0,3.0,74.85164770146443,39.925823850732215,제외,0.0,BULL,1.0,13.283513969726577,200일↑ | RSI우호 | MACD+,,19.974226804123713
2026-05-05,366,366,태광,023160,KQ,기타,46000.0,44985.0,35375.833333333336,29799.583333333332,27766.95,1,61.98685810319311,-351.49990668562896,0.4263047635222739,0,-2.127659574468088,11.245465538089473,11.245465538089473,2532.717922304976,2054.0,2054.0,DART,TRAILING_DART,,2532.717922304976,18.162306822599618,30392.615067659714,-33.92909767900062,10.312039530874458,0,3.0,69.51960117830134,39.9158203545879,제외,0.0,BULL,1.0,13.283513969726577,200일↑ | RSI우호,,5.412371134020619
2026-05-05,367,367,대한광통신,010170,KQ,기타,17700.0,15805.5,9210.0,5895.458333333333,4085.055,1,63.26601811192867,-298.19552967231675,1.8710392500709896,0,32.48502994011977,38.93249607535323,38.93249607535323,-179.90680153398068,,-197.8974816873788,DART,TRAILING_DART,,-179.90680153398068,-98.3842736854884,-2158.881618407768,-112.19707129043937,5.0,1,3.0,74.80895950927129,39.904479754635645,제외,0.0,BULL,1.0,13.283513969726577,200일↑ | 거래량x1.9 | RSI우호,적자,86.5979381443299
2026-05-05,368,368,티씨케이,064760,KQ,기타,298500.0,276500.0,242141.66666666666,201070.83333333334,173422.0,1,59.78709492679816,873.5408448744238,0.6474827994791741,0,-3.0844155844155896,40.47058823529412,40.47058823529412,6252.806457153039,8972.0,8972.0,DART|DAILY_DISC,TRAILING_DART,,6252.806457153039,47.73856380258247,75033.67748583647,-74.86308961948527,5.0,0,3.0,74.78223527928246,39.89111763964123,제외,0.0,BULL,1.0,13.283513969726577,200일↑ | RSI우호 | MACD+,EPS스크랩,20.489690721649485
2026-05-05,369,369,더존비즈온,012510,KS,기타,120000.0,119375.0,113486.66666666667,102339.16666666667,93894.5,1,66.90557873612423,-205.60284805378433,0.7653091385454279,1,0.8403361344537785,0.6711409395973256,0.6711409395973256,3036.3447477892614,3590.0,3590.0,DART,TRAILING_DART,,3036.3447477892614,39.52120393686226,36436.13697347113,-69.6365525221074,5.0,0,3.0,74.72731276078943,39.863656380394715,제외,0.0,BULL,1.0,13.283513969726577,200일↑ | 20일돌파 | RSI우호,,32.08762886597938
2026-05-05,370,370,네패스,033640,KQ,기타,32950.0,27217.5,21091.0,18903.833333333332,16762.45,1,71.71036566706208,420.2028332213108,0.6932260201602655,0,-4.906204906204903,73.32982640715413,73.32982640715413,874.2202627827277,,961.6422890610004,DART,TRAILING_DART,,874.2202627827277,37.69073013146248,10490.643153392732,-68.16193276663815,5.0,0,3.0,74.6952007068604,39.8476003534302,제외,0.0,BULL,1.0,13.283513969726577,200일↑ | MACD+,,25.0
2026-05-05,371,371,대덕전자,353200,KS,기타,114400.0,97390.0,77770.0,63227.083333333336,48431.7,1,68.28879625218846,1246.3016599815637,0.5128636664664926,0,-0.694444444444442,40.88669950738917,40.88669950738917,963.3405496193864,3113.0,3113.0,DART,TRAILING_DART,,963.3405496193864,118.75343568294636,11560.086595432636,-89.89502919979665,5.0,0,3.0,74.68312802175635,39.84156401087817,제외,0.0,BULL,1.0,13.283513969726577,200일↑ | RSI우호 | MACD+,,11.082474226804123
2026-05-05,372,372,고려제강,002240,KS,기타,25400.0,23870.0,22626.666666666668,21231.166666666668,19883.475,1,58.578640067901055,166.72463530909454,0.4892323077567287,0,4.312114989733051,20.09456264775413,20.09456264775413,170.46703603703705,,187.5137396407408,DART,TRAILING_DART,,170.46703603703705,149.0024147218785,2045.6044324444447,-91.9464392423447,5.0,0,3.0,74.62963561296124,39.81481780648062,제외,0.0,BULL,1.0,13.283513969726577,200일↑ | RSI우호 | MACD+,,9.278350515463918
2026-05-05,373,373,나우로보틱스,459510,KQ,기타,30300.0,22759.5,24067.166666666668,24057.5,22424.75,1,74.17248488923448,976.5139083298418,4.811952038893289,0,32.31441048034935,44.976076555023916,44.976076555023916,-641.3466303426729,,-705.4812933769402,DART,TRAILING_DART,,-641.3466303426729,-47.24434271029169,-7696.159564112075,-125.39986654822468,5.0,1,3.0,74.62882316587178,39.81441158293589,제외,0.0,BULL,1.0,13.283513969726577,200일↑ | 거래량x4.8 | MACD+,적자,96.77835051546391
2026-05-05,374,374,SGC에너지,005090,KS,기타,60500.0,56590.0,51365.833333333336,36962.5,31711.25,1,54.74330189062355,190.68374608921886,0.7008599528430315,0,-4.57413249211357,6.51408450704225,6.51408450704225,-6579.734319694048,1254.0,1254.0,DART,TRAILING_DART,,-6579.734319694048,-9.194900137368037,-78956.81183632858,-230.50712700219603,5.0,1,3.0,74.6284543718422,39.8142271859211,제외,0.0,BULL,1.0,13.283513969726577,200일↑ | RSI우호 | MACD+,적자,25.644329896907216
2026-05-05,375,375,한전기술,052690,KS,기타,186300.0,179650.0,165266.66666666666,134010.83333333334,117752.25,1,56.89540535797884,240.60139412690114,0.6932399074533324,0,-4.363449691991783,14.36464088397791,14.36464088397791,2233.5882332548404,1633.0,1633.0,DART,TRAILING_DART,,2233.5882332548404,83.40839069004183,26803.058799058083,-85.61295823990442,5.0,0,3.0,74.61282741324464,39.80641370662232,제외,0.0,BULL,1.0,13.283513969726577,200일↑ | RSI우호 | MACD+,,25.128865979381445
2026-05-05,376,376,HPSP,403870,KQ,기타,54400.0,47412.5,45687.5,39139.583333333336,35320.25,1,65.55607700626888,862.1021132690869,0.6596945885962692,0,1.8726591760299671,29.52380952380953,29.52380952380953,882.8945995868772,1271.0,1271.0,DART,TRAILING_DART,,882.8945995868772,61.61550883361929,10594.735195042527,-80.52438383264241,5.0,0,3.0,74.5981901107201,39.79909505536005,제외,0.0,BULL,1.0,13.283513969726577,200일↑ | RSI우호 | MACD+,,21.391752577319586
2026-05-05,377,377,원익홀딩스,030530,KQ,기타,34600.0,30770.0,32388.333333333332,33427.916666666664,24976.4,1,58.281761913261725,606.6834707468465,2.0249445377998283,0,8.634222919937207,28.86405959031657,28.86405959031657,652.8789639775799,,718.1668603753379,DART,TRAILING_DART,,652.8789639775799,52.996040474644815,7834.547567730959,-77.35679893719376,5.0,0,3.0,74.58979272034166,39.79489636017083,제외,0.0,BULL,1.0,13.283513969726577,200일↑ | 거래량x2.0 | RSI우호 | MACD+,,88.65979381443299
2026-05-05,378,378,대덕,008060,KS,기타,16400.0,15031.5,13233.5,11789.583333333334,10456.1,1,65.36437838981001,92.59258846304294,0.7756358831693265,0,-5.202312138728327,32.04508856682771,32.04508856682771,199.001512636295,,218.9016638999245,DART,TRAILING_DART,,199.001512636295,82.41143387675375,2388.0181516355397,-85.4389137095394,5.0,0,3.0,74.55262006205565,39.776310031027826,제외,0.0,BULL,1.0,13.283513969726577,200일↑ | RSI우호 | MACD+,,33.118556701030926
2026-05-05,379,379,이오테크닉스,039030,KQ,기타,475000.0,470675.0,425491.6666666667,355404.1666666667,303251.5,1,53.565769910950166,-1714.87926019702,1.3182641151587045,0,-6.126482213438733,19.94949494949494,19.94949494949494,4672.636037030574,9034.0,9034.0,DART,TRAILING_DART,,4672.636037030574,101.6556813403894,56071.632444366885,-88.19544580118593,5.0,0,3.0,74.50409240105836,39.75204620052918,제외,0.0,BULL,1.0,13.283513969726577,200일↑ | RSI우호,,71.00515463917526
2026-05-05,380,380,DL,000210,KS,기타,67400.0,66475.0,55843.333333333336,47235.833333333336,45109.75,1,54.51976267214869,11.923072833309561,0.9103938850038983,0,-1.7492711370262426,13.277310924369745,13.277310924369745,-4595.286706874308,,-5054.815377561739,DART,TRAILING_DART,,-4595.286706874308,-14.667202353048642,-55143.4404824917,-181.81519359420136,5.0,1,3.0,74.46147019969435,39.73073509984717,제외,0.0,BULL,1.0,13.283513969726577,200일↑ | RSI우호 | MACD+,적자,45.48969072164948
2026-05-05,381,381,케이엠더블유,032500,KQ,기타,31650.0,29272.5,25076.166666666668,20308.25,17540.05,1,58.07445871845834,-160.4913264739264,1.0779252622682367,0,7.106598984771573,11.05263157894736,11.05263157894736,-651.524399344982,,-716.6768392794803,DART,TRAILING_DART,,-651.524399344982,-48.57838022922812,-7818.292792139784,-124.70234689459647,5.0,1,3.0,74.46047731681753,39.730238658408766,제외,0.0,BULL,1.0,13.283513969726577,200일↑ | RSI우호,적자,57.60309278350515
2026-05-05,382,382,HD현대마린솔루션,443060,KS,기타,269500.0,215975.0,189253.33333333334,192613.33333333334,199362.0,1,73.90437609295437,6685.749392131802,0.6053856688468819,0,6.31163708086786,51.06502242152467,51.06502242152467,6012.725498478146,7713.0,7713.0,DART|DAILY_DISC,TRAILING_DART,,6012.725498478146,44.821603791527146,72152.70598173774,-73.2271962962012,5.0,0,3.0,74.34821130659762,39.67410565329881,제외,0.0,BULL,1.0,13.283513969726577,200일↑ | MACD+,EPS스크랩,17.13917525773196
2026-05-05,383,383,에이직랜드,445090,KQ,기타,31700.0,29215.0,29218.333333333332,28962.083333333332,29726.0,1,60.60672924525795,207.44959062932992,2.140280431836116,1,3.0894308943089532,17.843866171003707,17.843866171003707,-2430.5919125420182,,-2673.6511037962205,DART,TRAILING_DART,,-2430.5919125420182,-13.042090626742343,-29167.102950504217,-192.009788487395,5.0,1,3.0,74.32086367650194,39.66043183825097,제외,0.0,BULL,1.0,13.283513969726577,200일↑ | 20일돌파 | 거래량x2.1 | RSI우호 | MACD+,적자,90.07731958762886
2026-05-05,384,384,SNT모티브,064960,KS,기타,34500.0,34662.5,34270.833333333336,34170.0,34274.25,1,49.09804477413748,74.50830706651112,1.6106855378923297,0,-2.9535864978902926,3.1390134529148073,3.1390134529148073,2618.968963920189,3801.0,3801.0,DART|DAILY_DISC,TRAILING_DART,,2618.968963920189,13.173122887397211,31427.627567042266,-8.90542734190648,32.20775107583183,0,3.0,47.038799698950136,39.62327538739098,제외,0.0,BULL,1.0,13.283513969726577,200일↑ | 거래량x1.6 | RSI우호 | MACD+,EPS스크랩,81.8298969072165
2026-05-05,385,385,한솔아이원스,114810,KQ,기타,17320.0,17506.5,15826.333333333334,14312.333333333334,12950.3,1,52.202184995848505,-214.05729621561,0.6465661812962256,0,-7.87234042553191,36.05655930871956,36.05655930871956,994.470417275116,,1093.9174590026278,DART|DAILY_DISC,TRAILING_DART,,994.470417275116,17.41630489869916,11933.645007301391,-31.099047301955018,12.788333610789358,0,3.0,66.42752108758214,39.60792734918574,제외,0.0,BULL,1.0,13.283513969726577,200일↑ | RSI우호,EPS스크랩,20.36082474226804
2026-05-05,386,386,원익QnC,074600,KQ,기타,38850.0,35305.0,32784.166666666664,27448.833333333332,24696.0,1,64.54168411244095,268.7125125638365,0.5933133668910934,0,-0.25673940949936247,31.472081218274116,31.472081218274116,36.44515398660986,1975.0,1975.0,DART,TRAILING_DART,,36.44515398660986,1065.985343737982,437.34184783931835,-98.87428095794255,5.0,0,3.0,74.20833620427918,39.60416810213959,제외,0.0,BULL,1.0,13.283513969726577,200일↑ | RSI우호 | MACD+,,16.108247422680414
2026-05-05,387,387,제이오,418550,KQ,기타,11690.0,10565.5,9010.833333333334,8291.333333333334,8400.65,1,59.03934575581151,16.75864808656388,0.25726326025492496,0,-9.590100541376644,43.78843788437885,43.78843788437885,-232.49689245061623,,-255.74658169567783,DART,TRAILING_DART,,-232.49689245061623,-50.28024192832181,-2789.962709407395,-123.866233613408,5.0,1,3.0,74.2022404366221,39.60112021831105,제외,0.0,BULL,1.0,13.283513969726577,200일↑ | RSI우호 | MACD+,적자,1.675257731958763
2026-05-05,388,388,삼아알미늄,006110,KS,기타,66800.0,58322.5,40323.333333333336,32595.833333333332,28823.6,1,63.959751044325834,387.7676979703065,0.2845573507653574,0,-4.571428571428571,85.55555555555556,85.55555555555556,-1645.694032415212,,-1810.2634356567328,DART,TRAILING_DART,,-1645.694032415212,-40.59077731597815,-19748.328388982543,-129.56336585177027,5.0,1,3.0,74.1934797474646,39.5967398737323,제외,0.0,BULL,1.0,13.283513969726577,200일↑ | RSI우호 | MACD+,적자,2.0618556701030926
2026-05-05,389,389,OCI,456040,KS,기타,144300.0,112915.0,95416.66666666667,78900.83333333333,70254.0,1,74.27804309541807,3972.363767845405,0.5039170960752793,0,-0.8247422680412342,50.15608740894901,50.15608740894901,-7649.69452649792,,-8414.663979147714,DART,TRAILING_DART,,-7649.69452649792,-18.8634983397254,-91796.33431797504,-163.61492329728,5.0,1,3.0,74.18641318020784,39.59320659010392,제외,0.0,BULL,1.0,13.283513969726577,200일↑ | MACD+,적자,10.18041237113402
2026-05-05,390,390,성일하이텍,365340,KQ,기타,79800.0,73870.0,64455.833333333336,54990.833333333336,48380.75,1,63.539039231087095,296.35721716399166,0.7227237839884565,0,-0.12515644555695093,33.00000000000001,33.00000000000001,-6563.038083629675,-318.0,-318.0,DART,TRAILING_DART,,-6563.038083629675,-12.159003038401808,-78756.4570035561,-198.69230200946882,5.0,1,3.0,74.15318619116248,39.57659309558124,제외,0.0,BULL,1.0,13.283513969726577,200일↑ | RSI우호 | MACD+,적자,28.221649484536083
2026-05-05,391,391,미래에셋벤처투자,100790,KQ,기타,52600.0,44462.5,30591.666666666668,21177.5,15554.05,1,63.95286126705777,287.4010198603137,0.304233213938763,0,-15.705128205128204,91.62112932604735,91.62112932604735,582.2234962597578,,640.4458458857337,DART,TRAILING_DART,,582.2234962597578,90.34331375821463,6986.681955117094,-86.71733468608917,5.0,0,3.0,74.05953720529816,39.52976860264908,제외,0.0,BULL,1.0,13.283513969726577,200일↑ | RSI우호 | MACD+,,2.7061855670103094
2026-05-05,392,392,피엔티,137400,KQ,기타,58000.0,53965.0,51286.666666666664,46246.25,42780.5,1,60.97786752450721,184.78154233493842,0.8267173532977468,0,-0.5145797598627766,23.011664899257678,23.011664899257678,2934.368050530148,,3227.804855583164,DART,TRAILING_DART,,2934.368050530148,19.765755011380122,35212.416606361774,-39.28893688558315,5.622180225114746,0,3.0,73.41999485836666,39.521087541740705,제외,0.0,BULL,1.0,13.283513969726577,200일↑ | RSI우호 | MACD+,,37.5
2026-05-05,393,393,태성,323280,KQ,기타,75600.0,65715.0,67666.66666666667,56612.5,45168.5,1,57.26582035214152,2143.954452011351,1.0298580692426271,0,-1.17647058823529,43.726235741444874,43.726235741444874,-83.08275491699189,,-91.39103040869108,DART,TRAILING_DART,,-83.08275491699189,-909.9361242357945,-996.9930590039027,-101.3187738875713,5.0,1,3.0,74.0376614899337,39.51883074496685,제외,0.0,BULL,1.0,13.283513969726577,200일↑ | RSI우호 | MACD+,적자,54.25257731958762
2026-05-05,394,394,매커스,093520,KQ,기타,26500.0,24505.0,25048.333333333332,23671.25,23602.25,1,57.527367252221524,333.0955956727298,0.63605384320193,0,0.7604562737642651,17.51662971175165,17.51662971175165,1632.098264065502,,1795.3080904720523,DART,TRAILING_DART,,1632.098264065502,16.236767468883514,19585.179168786024,-26.09366351401501,17.168044425236868,0,3.0,61.83221095097744,39.500127688107156,제외,0.0,BULL,1.0,13.283513969726577,200일↑ | RSI우호 | MACD+,,19.329896907216497
2026-05-05,395,395,덕산테코피아,317330,KQ,기타,25100.0,22013.0,19177.166666666668,18825.583333333332,18590.65,1,64.56468991814631,100.25469162898344,0.6889416958575604,0,8.18965517241379,39.988845510317894,39.988845510317894,-5154.690951283671,,-5670.160046412038,DART,TRAILING_DART,,-5154.690951283671,-4.869351089564226,-61856.29141540405,-346.4394080294982,5.0,1,3.0,73.72126640384906,39.36063320192453,제외,0.0,BULL,1.0,13.283513969726577,200일↑ | RSI우호 | MACD+,적자,24.742268041237114
2026-05-05,396,396,예스티,122640,KQ,기타,27750.0,26327.0,24096.333333333332,21017.75,20009.1,1,56.37267099839215,18.69684128270933,0.46990880350232145,0,-6.565656565656564,46.51531151003168,46.51531151003168,31.179537008764616,,34.29749070964108,DART,TRAILING_DART,,31.179537008764616,890.0068013261208,374.1544441051754,-98.65169569691828,5.0,0,3.0,73.68831508934383,39.344157544671916,제외,0.0,BULL,1.0,13.283513969726577,200일↑ | RSI우호 | MACD+,,7.474226804123711
2026-05-05,397,397,레인보우로보틱스,277810,KQ,기타,685000.0,612950.0,667633.3333333334,569537.5,462242.5,1,63.46826167472578,12679.91351470229,0.9774534758577633,1,11.9281045751634,26.851851851851862,26.851851851851862,53.28059117752305,,58.60865029527536,DART,TRAILING_DART,,53.28059117752305,12856.463955470788,639.3670941302767,-99.90666173808317,5.0,0,3.0,73.62539315625096,39.31269657812548,제외,0.0,BULL,1.0,13.283513969726577,200일↑ | 20일돌파 | RSI우호 | MACD+,,50.25773195876289
2026-05-05,398,398,네패스아크,330860,KQ,기타,38550.0,32885.0,25201.5,21278.916666666668,19360.95,1,67.75775496723972,236.10005707287883,0.723601864518378,0,-1.1538461538461497,47.41873804971319,47.41873804971319,280.3844417843171,,308.42288596274886,DART,TRAILING_DART,,280.3844417843171,137.48979706104447,3364.6133014118054,-91.272079633173,5.0,0,3.0,73.61542968041091,39.307714840205456,제외,0.0,BULL,1.0,13.283513969726577,200일↑ | RSI우호 | MACD+,,28.350515463917525
2026-05-05,399,399,HS효성첨단소재,298050,KS,기타,267000.0,230625.0,232028.33333333334,216334.16666666666,206553.5,1,70.06067598701321,5808.983686225109,1.37028302476623,0,12.184873949579833,26.840855106888363,26.840855106888363,3494.08801396802,13489.0,13489.0,DART,TRAILING_DART,,3494.08801396802,76.41478947657778,41929.05616761624,-84.29623364508755,5.0,0,3.0,73.60044319187885,39.300221595939426,제외,0.0,BULL,1.0,13.283513969726577,200일↑ | MACD+,,73.84020618556701
2026-05-05,400,400,더블유씨피,393890,KQ,기타,19700.0,17295.0,13179.5,10227.75,9135.6,1,64.28868064174074,89.3994811738869,0.4702902338540024,0,5.7434245840042975,36.61581137309293,36.61581137309293,-4788.733741079139,-1881.0,-1881.0,DART|DAILY_DISC,TRAILING_DART,,-4788.733741079139,-4.11382237250063,-57464.804892949665,-391.69951722309474,5.0,1,3.0,73.5692605198053,39.28463025990265,제외,0.0,BULL,1.0,13.283513969726577,200일↑ | RSI우호 | MACD+,"EPS스크랩,적자",7.603092783505154
2026-05-05,401,401,에이팩트,200470,KQ,기타,8880.0,7670.0,7771.333333333333,7051.416666666667,5645.75,1,59.76523206859245,177.37353324721832,0.7521837968394304,0,-4.72103004291845,30.78055964653903,30.78055964653903,123.3683012546146,,135.70513138007607,DART,TRAILING_DART,,123.3683012546146,71.97959208073186,1480.419615055375,-83.3286079385656,5.0,0,3.0,73.5248576499647,39.26242882498235,제외,0.0,BULL,1.0,13.283513969726577,200일↑ | RSI우호 | MACD+,,31.314432989690722
2026-05-05,402,402,HD건설기계,267270,KS,기타,191100.0,172570.0,146258.33333333334,124238.33333333333,111741.0,1,67.5055319509482,1039.7635030851743,0.7398506115737972,0,-1.8489984591679498,30.800821355236142,30.800821355236142,1814.20521373629,9801.0,9801.0,DART,TRAILING_DART,,1814.20521373629,105.33538243252893,21770.46256483548,-88.60781655424621,5.0,0,3.0,73.51759873674035,39.25879936837018,제외,0.0,BULL,1.0,13.283513969726577,200일↑ | RSI우호 | MACD+,,30.15463917525773
2026-05-05,403,403,코미팜,041960,KQ,기타,9720.0,9139.5,8679.666666666666,7776.5,7050.5,1,57.54253432633173,38.64361855483048,0.47177791615317294,0,-1.3197969543147225,19.85203452527744,19.85203452527744,-108.65071266406667,,-119.51578393047336,DART,TRAILING_DART,,-108.65071266406667,-89.46098706276256,-1303.8085519688002,-113.41366823013168,5.0,1,3.0,73.48712908712602,39.24356454356301,제외,0.0,BULL,1.0,13.283513969726577,200일↑ | RSI우호 | MACD+,적자,7.860824742268041
2026-05-05,404,404,삼화콘덴서,001820,KS,기타,68400.0,63440.0,53540.833333333336,42140.0,37179.25,1,60.53906415258075,40.93237451292498,0.6274259575412305,0,7.547169811320753,20.210896309314585,20.210896309314585,1212.931936026936,,1334.2251296296297,DART,TRAILING_DART,,1212.931936026936,56.39228217871,14555.183232323232,-78.72049235040464,5.0,0,3.0,73.47690913021884,39.23845456510942,제외,0.0,BULL,1.0,13.283513969726577,200일↑ | RSI우호 | MACD+,,18.427835051546392
2026-05-05,405,405,두산밥캣,241560,KS,기타,74000.0,70635.0,64553.333333333336,61673.333333333336,59551.5,1,62.093617968771056,22.163873572327248,0.7552195944115313,0,-2.631578947368418,22.112211221122102,22.112211221122102,2.951289519343403,5316.0,5316.0,DART|DAILY_DISC,TRAILING_DART,,2.951289519343403,25073.785379234287,35.415474232120836,-99.95214125103767,5.0,0,3.0,73.47474353833924,39.23737176916962,제외,0.0,BULL,1.0,13.283513969726577,200일↑ | RSI우호 | MACD+,EPS스크랩,31.443298969072163
2026-05-05,406,406,주성엔지니어링,036930,KQ,기타,126600.0,93140.0,70887.5,50654.583333333336,42187.0,1,76.77115767237149,3431.8001299517746,0.29345568846006714,0,2.1791767554479424,103.53697749196141,103.53697749196141,767.912131508188,1740.0,1740.0,DART|DAILY_DISC,TRAILING_DART,,767.912131508188,164.86261227747005,9214.945578098257,-92.72121202361907,5.0,0,3.0,73.29601511701019,39.14800755850509,제외,0.0,BULL,1.0,13.283513969726577,200일↑ | MACD+,EPS스크랩,2.448453608247423
2026-05-05,407,407,브이엠,089970,KQ,기타,55900.0,50832.5,42942.5,35003.333333333336,27118.45,1,63.03675561660937,45.28440040001624,0.733491632969165,0,0.17921146953405742,34.86127864897466,34.86127864897466,1070.455589380418,2812.0,2812.0,DART,TRAILING_DART,,1070.455589380418,52.220755867466714,12845.467072565014,-77.02063135498209,5.0,0,3.0,73.22778489358849,39.113892446794246,제외,0.0,BULL,1.0,13.283513969726577,200일↑ | RSI우호 | MACD+,,29.510309278350515
2026-05-05,408,408,알멕,354320,KQ,기타,97800.0,83535.0,65482.5,46815.75,37207.7,1,70.01365659108274,844.2868365642898,0.5280309256805206,0,8.908685968819597,69.79166666666667,69.79166666666667,-958.65933794277,,-1054.525271737047,DART,TRAILING_DART,,-958.65933794277,-102.01746974047465,-11503.91205531324,-111.76269126310147,5.0,1,3.0,73.16252425629605,39.081262128148026,제외,0.0,BULL,1.0,13.283513969726577,200일↑ | MACD+,적자,11.597938144329897
2026-05-05,409,409,동진쎄미켐,005290,KQ,기타,58900.0,54560.0,51883.333333333336,45272.916666666664,41307.25,1,58.33823146042173,191.6342625985135,0.36398768756742833,0,-6.803797468354434,28.04347826086957,28.04347826086957,1830.0719996388568,,2013.0791996027424,DART,TRAILING_DART,,1830.0719996388568,32.184526079642346,21960.86399566628,-62.71500170515063,5.0,0,3.0,73.15134604568729,39.075673022843645,제외,0.0,BULL,1.0,13.283513969726577,200일↑ | RSI우호 | MACD+,,3.994845360824742
2026-05-05,410,410,ISC,095340,KQ,기타,247500.0,238150.0,213221.66666666666,158645.0,122439.0,1,56.811002248854415,-268.15491822537024,0.51529935080323,0,5.319148936170204,4.430379746835444,4.430379746835444,2658.0703091438445,4009.0,4009.0,DART|DAILY_DISC,TRAILING_DART,,2658.0703091438445,93.11266114692012,31896.843709726134,-87.11238637990863,5.0,0,3.0,73.14197625999864,39.07098812999932,제외,0.0,BULL,1.0,13.283513969726577,200일↑ | RSI우호,EPS스크랩,11.211340206185568
2026-05-05,411,411,심텍,222800,KQ,기타,88200.0,76395.0,61486.666666666664,56868.333333333336,47964.0,1,69.64569970970535,727.782531842211,0.5938744855048466,0,-0.7874015748031482,78.00201816347123,78.00201816347123,-4407.353560867756,2366.0,2366.0,DART,TRAILING_DART,,-4407.353560867756,-20.012009198244233,-52888.24273041307,-159.96399402541164,5.0,1,3.0,73.14142258368669,39.070711291843345,제외,0.0,BULL,1.0,13.283513969726577,200일↑ | RSI우호 | MACD+,적자,16.237113402061855
2026-05-05,412,412,감성코퍼레이션,036620,KQ,기타,6480.0,5887.5,5971.333333333333,5936.5,5890.45,1,60.66081867432,97.58839841973634,0.6446374823040495,0,-4.705882352941182,21.80451127819549,21.80451127819549,391.3346343546282,517.0,517.0,DART,TRAILING_DART,,391.3346343546282,16.55871837330864,4696.015612255538,-27.530623267661447,15.910704640796233,0,3.0,62.20235658929736,39.056530615046796,제외,0.0,BULL,1.0,13.283513969726577,200일↑ | RSI우호 | MACD+,,19.84536082474227
2026-05-05,413,413,씨에스윈드,112610,KS,기타,69700.0,68080.0,58380.833333333336,50202.5,48052.75,1,55.49661349849094,-40.38623736722184,0.6449578826048147,0,-4.781420765027322,-9.362808842652793,-9.362808842652793,951.6662022603326,4496.0,4496.0,DART|DAILY_DISC,TRAILING_DART,,951.6662022603326,73.2399656880252,11419.994427123991,-83.61550297399715,5.0,0,3.0,73.11078202009489,39.055391010047444,제외,0.0,BULL,1.0,13.283513969726577,200일↑ | RSI우호,EPS스크랩,20.103092783505154
2026-05-05,414,414,신세계인터내셔날,031430,KS,기타,14860.0,13733.5,12816.833333333334,11827.166666666666,11419.7,1,67.30207897259007,97.52417028826414,0.6712721618429279,0,0.47329276538201626,24.9789739276703,24.9789739276703,117.74988149545533,1074.0,1074.0,DART,TRAILING_DART,,117.74988149545533,126.19970237994283,1412.998577945464,-90.49126125204937,5.0,0,3.0,73.07241479606705,39.036207398033525,제외,0.0,BULL,1.0,13.283513969726577,200일↑ | RSI우호 | MACD+,,22.938144329896907
2026-05-05,415,415,LIG아큐버,073490,KQ,기타,53000.0,48255.0,41021.666666666664,32478.333333333332,27838.1,1,59.99081399660698,-37.486909935277254,0.5044623581979434,0,2.9126213592232997,19.10112359550562,19.10112359550562,-157.62488601163147,,-173.38737461279464,DART,TRAILING_DART,,-157.62488601163147,-336.2413216659774,-1891.4986321395777,-103.56886534365958,5.0,1,3.0,73.00607492622856,39.00303746311428,제외,0.0,BULL,1.0,13.283513969726577,200일↑ | RSI우호,적자,10.309278350515463
2026-05-05,416,416,삼성SDI,006400,KS,기타,705000.0,564650.0,455183.3333333333,381720.8333333333,316858.5,1,78.78878924434218,13427.402586099459,0.6741734240683315,0,9.98439937597504,60.77537058152793,60.77537058152793,-7257.821081948583,1135.0,1135.0,DART|DAILY_DISC,TRAILING_DART,,-7257.821081948583,-97.13659127716073,-87093.852983383,-112.35373801182737,5.0,1,3.0,72.96581885519983,38.982909427599914,제외,0.0,BULL,1.0,13.283513969726577,200일↑ | MACD+,"EPS스크랩,적자",23.195876288659793
2026-05-05,417,417,제이에스링크,127120,KQ,기타,44100.0,43242.5,38417.5,28753.333333333332,24513.2,1,55.989658554585134,-502.5163528503904,1.2914797821659785,0,0.2272727272727204,7.168894289185901,7.168894289185901,-476.6943354093664,,-524.3637689503031,DART,TRAILING_DART,,-476.6943354093664,-92.51211253040935,-5720.332024912396,-112.97127443290793,5.0,1,3.0,72.92138818690962,38.96069409345481,제외,0.0,BULL,1.0,13.283513969726577,200일↑ | RSI우호,적자,69.3298969072165
2026-05-05,418,418,코미코,183300,KQ,기타,144200.0,139225.0,120211.66666666667,107470.0,99618.5,1,59.80131355585235,-1127.5196784089221,0.8281824950465806,0,-3.738317757009346,26.713532513181026,26.713532513181026,7383.571095733319,,8121.928205306652,DART,TRAILING_DART,,7383.571095733319,19.5298451291852,88602.85314879983,-38.555580340638116,6.263867201941649,0,3.0,71.42997908908036,38.846923145511006,제외,0.0,BULL,1.0,13.283513969726577,200일↑ | RSI우호,,37.628865979381445
2026-05-05,419,419,와이씨,232140,KQ,기타,22350.0,20459.5,20269.5,17405.416666666668,15343.95,1,59.788313491952245,241.41960029827555,0.8089341067606123,0,-4.077253218884125,30.62536528345996,30.62536528345996,353.2725159561145,,388.599767551726,DART,TRAILING_DART,,353.2725159561145,63.265606551675376,4239.270191473373,-81.03234813658446,5.0,0,3.0,72.55343528033424,38.77671764016712,제외,0.0,BULL,1.0,13.283513969726577,200일↑ | RSI우호 | MACD+,,35.95360824742268
2026-05-05,420,420,코나아이,052400,KQ,기타,55700.0,59110.0,60363.333333333336,54177.083333333336,53299.5,1,43.96874310861267,-760.3187515911936,0.5469742994021528,0,-5.432937181663833,2.389705882352944,2.389705882352944,5118.52637092811,,5630.379008020921,DART,TRAILING_DART,,5118.52637092811,10.88203829843711,61422.31645113732,10.273458619636111,46.67774810276347,0,3.0,30.846099200521856,38.76192365164266,제외,0.0,BULL,1.0,13.283513969726577,상승여력 10% | 200일↑,,12.371134020618557
2026-05-05,421,421,동화기업,025900,KQ,기타,11860.0,11555.0,10559.166666666666,9830.166666666666,9688.75,1,56.65824517967797,-49.98511747022121,0.6968066595079067,0,-2.4671052631578982,15.594541910331383,15.594541910331383,-1105.4299272004023,,-1215.9729199204426,DART,TRAILING_DART,,-1105.4299272004023,-10.728857350584388,-13265.159126404827,-211.8478847083038,5.0,1,3.0,72.34447188362377,38.672235941811884,제외,0.0,BULL,1.0,13.283513969726577,200일↑ | RSI우호,적자,25.386597938144327
2026-05-05,422,422,아이씨티케이,456010,KQ,기타,23550.0,20540.0,17286.833333333332,16437.5,15415.25,1,61.71356543035983,-20.311476400217998,0.19353324578116918,0,6.0810810810810745,67.37739872068231,67.37739872068231,-480.5109405551231,,-528.5620346106355,DART,TRAILING_DART,,-480.5109405551231,-49.01033048861121,-5766.131286661477,-124.48463391363684,5.0,1,3.0,72.32873340228666,38.66436670114333,제외,0.0,BULL,1.0,13.283513969726577,200일↑ | RSI우호,적자,0.7731958762886598
2026-05-05,423,423,대우건설,047040,KS,기타,32150.0,28593.0,16921.666666666668,10404.416666666666,7763.5,1,63.84548715747914,29.727498525634473,0.6046773732007253,0,-1.981707317073167,91.25520523497919,91.25520523497919,-2229.4049795492,698.0,698.0,DART|DAILY_DISC,TRAILING_DART,,-2229.4049795492,-14.420888216774744,-26752.8597545904,-183.21262754149424,5.0,1,3.0,72.30680378163467,38.653401890817335,제외,0.0,BULL,1.0,13.283513969726577,200일↑ | RSI우호 | MACD+,"EPS스크랩,적자",16.881443298969074
2026-05-05,424,424,미원상사,002840,KS,기타,151900.0,140315.0,141015.0,144540.0,149262.0,1,70.89694245750708,1628.8059492176078,1.1608846530297487,1,6.372549019607843,13.020833333333325,13.020833333333325,9162.47011136842,,10078.717122505264,DART,TRAILING_DART,,9162.47011136842,16.578498827682793,109949.64133642105,-27.617089311111886,15.835046852777099,0,3.0,61.414792612391516,38.62491973258431,제외,0.0,BULL,1.0,13.283513969726577,200일↑ | 20일돌파 | MACD+,,63.4020618556701
2026-05-05,425,425,네오티스,085910,KQ,기타,27100.0,24727.5,19758.5,13943.5,9787.85,1,61.80478156807538,-147.77154825996695,0.9342938287384859,0,0.37037037037037646,25.75406032482599,25.75406032482599,449.9109430779792,,494.90203738577713,DART,TRAILING_DART,,449.9109430779792,60.23414281635508,5398.93131693575,-80.07774421794926,5.0,0,3.0,72.21946078024409,38.609730390122046,제외,0.0,BULL,1.0,13.283513969726577,200일↑ | RSI우호,,47.16494845360825
2026-05-05,426,426,RFHIC,218410,KQ,기타,98000.0,93690.0,76611.66666666667,55110.416666666664,44487.5,1,57.364511674371954,-1153.019556694302,1.06236932935916,0,-2.1956087824351322,10.1123595505618,10.1123595505618,1337.1457800084825,1657.0,1657.0,DART|DAILY_DISC,TRAILING_DART,,1337.1457800084825,73.29043808475267,16045.749360101789,-83.62678636724308,5.0,0,3.0,72.20656266980511,38.603281334902555,제외,0.0,BULL,1.0,13.283513969726577,200일↑ | RSI우호,EPS스크랩,56.95876288659794
2026-05-05,427,427,코리아써키트,007810,KS,기타,91400.0,87640.0,69388.33333333333,55891.25,39482.4,1,58.30625473711678,-574.1490585577703,0.7571605040442447,0,-6.639427987742597,34.41176470588236,34.41176470588236,2243.0731565191795,3753.0,3753.0,DART,TRAILING_DART,,2243.0731565191795,40.74766787447776,26916.877878230152,-70.55046184001077,5.0,0,3.0,72.205096509788,38.602548254894,제외,0.0,BULL,1.0,13.283513969726577,200일↑ | RSI우호,,31.829896907216494
2026-05-05,428,428,태광산업,003240,KS,기타,1190000.0,1207800.0,1166750.0,977091.6666666666,958795.0,1,49.23323223414615,-6789.641357862198,0.6392100192678227,0,-3.173311635475995,5.87188612099645,5.87188612099645,74675.45160499371,,82142.99676549308,DART,TRAILING_DART,,74675.45160499371,15.935625087273287,896105.4192599244,-24.697023591602985,18.39010435734739,0,3.0,58.76879873531712,38.57945154633225,제외,0.0,BULL,1.0,13.283513969726577,200일↑ | RSI우호,,19.45876288659794
2026-05-05,429,429,세진중공업,075580,KS,기타,20300.0,19106.0,18156.833333333332,18456.75,18037.55,1,58.6937426947702,156.13252085796853,0.772940486056423,0,-5.800464037122966,17.070357554786632,17.070357554786632,1052.6832157021872,,1157.951537272406,DART,TRAILING_DART,,1052.6832157021872,19.28405402232901,12632.198588426247,-37.772420746668736,6.949131846664856,0,3.0,70.16778177724848,38.55845681195667,제외,0.0,BULL,1.0,13.283513969726577,200일↑ | RSI우호 | MACD+,,32.7319587628866
2026-05-05,430,430,상신이디피,091580,KQ,기타,27100.0,24840.0,19484.666666666668,16431.666666666668,13983.25,1,60.80779095461741,-65.30106071487717,0.478909812589794,0,1.1194029850746245,19.91150442477876,19.91150442477876,150.92915865202994,,166.02207451723294,DART,TRAILING_DART,,150.92915865202994,179.55443628013305,1811.1499038243592,-93.31679002278834,5.0,0,3.0,72.03336422152353,38.516682110761764,제외,0.0,BULL,1.0,13.283513969726577,200일↑ | RSI우호,,8.6340206185567
2026-05-05,431,431,천보,278280,KQ,기타,65600.0,62590.0,54369.166666666664,55158.75,52336.5,1,59.136473071733356,-368.04990876410966,0.7276734341659188,0,-2.9585798816568087,29.38856015779092,29.38856015779092,-4990.732255801526,,-5489.805481381679,DART,TRAILING_DART,,-4990.732255801526,-13.144363720121959,-59888.78706961831,-191.2938827280767,5.0,1,3.0,72.02187544231698,38.51093772115849,제외,0.0,BULL,1.0,13.283513969726577,200일↑ | RSI우호,적자,28.865979381443296
2026-05-05,432,432,엑스게이트,356680,KQ,기타,15010.0,12019.5,8788.0,8321.333333333334,8134.75,1,65.47185839967293,20.947339834715194,0.37430560792941464,0,16.086620262954376,118.48617176128093,118.48617176128093,135.72801022383666,,149.30081124622035,DART,TRAILING_DART,,135.72801022383666,110.58881637803552,1628.7361226860398,-89.14899318663532,5.0,0,3.0,71.88970272284645,38.444851361423225,제외,0.0,BULL,1.0,13.283513969726577,200일↑ | RSI우호 | MACD+,,4.252577319587629
2026-05-05,433,433,HJ중공업,097230,KS,기타,28800.0,28080.0,25861.5,24438.25,22563.7,1,53.283257663440466,-5.491109702239783,0.471295588418674,0,-10.140405616224646,18.275154004106774,18.275154004106774,569.7303728085914,,626.7034100894506,DART,TRAILING_DART,,569.7303728085914,50.55022757172848,6836.764473703097,-76.2612344663087,5.0,0,3.0,71.80449055336932,38.40224527668466,제외,0.0,BULL,1.0,13.283513969726577,200일↑ | RSI우호,,7.731958762886598
2026-05-05,434,434,엠케이전자,033160,KQ,기타,27500.0,24418.0,16608.5,12664.833333333334,11089.15,1,63.64457536048712,-15.380534376388368,0.35440872327132583,0,-4.013961605584637,51.93370165745856,51.93370165745856,588.177879271442,,646.9956671985861,DART,TRAILING_DART,,588.177879271442,46.75456349032271,7058.134551257303,-74.33405617724618,5.0,0,3.0,71.7603633647409,38.38018168237045,제외,0.0,BULL,1.0,13.283513969726577,200일↑ | RSI우호,,3.608247422680412
2026-05-05,435,435,툴젠,199800,KQ,기타,92500.0,81325.0,61458.333333333336,60182.916666666664,51954.75,1,61.81211639941064,-634.4345194208472,0.9461185754424886,0,-3.8461538461538436,61.713286713286706,61.713286713286706,-4087.722839738225,,-4496.495123712048,DART,TRAILING_DART,,-4087.722839738225,-22.628735759864686,-49052.674076858704,-153.0299179209283,5.0,1,3.0,71.71670594568597,38.35835297284299,제외,0.0,BULL,1.0,13.283513969726577,200일↑ | RSI우호,적자,47.93814432989691
2026-05-05,436,436,칩스앤미디어,094360,KQ,기타,19040.0,17414.0,17395.5,17162.583333333332,16949.0,1,62.57924443922677,151.83218366653148,2.3268346990670947,0,1.8181818181818077,23.236245954692556,23.236245954692556,277.6083204346229,,305.3691524780852,DART|DAILY_DISC,TRAILING_DART,,277.6083204346229,68.58584054754203,3331.2998452154748,-82.50367728353217,5.0,0,3.0,71.60541443916306,38.30270721958153,제외,0.0,BULL,1.0,13.283513969726577,200일↑ | 거래량x2.3 | RSI우호 | MACD+,EPS스크랩,91.88144329896907
2026-05-05,437,437,인텍플러스,064290,KQ,기타,31350.0,27004.5,20245.0,17039.333333333332,15420.8,1,69.66060955576903,93.50626633893626,0.7081176426160071,0,6.451612903225801,45.81395348837209,45.81395348837209,-258.0008163892275,,-283.8008980281503,DART,TRAILING_DART,,-258.0008163892275,-121.51124340903047,-3096.00979667073,-109.87562933547281,5.0,1,3.0,71.59759922094834,38.29879961047417,제외,0.0,BULL,1.0,13.283513969726577,200일↑ | RSI우호 | MACD+,적자,26.288659793814436
2026-05-05,438,438,솔브레인,357780,KQ,기타,458500.0,437075.0,425241.6666666667,355641.6666666667,311127.0,1,56.45584078057709,2762.0520628689883,1.0366071950862825,0,-2.238805970149249,21.779548472775566,21.779548472775566,10797.519150959188,20725.0,20725.0,DART,TRAILING_DART,,10797.519150959188,42.463457910076464,129570.22981151025,-71.74040789280039,5.0,0,3.0,71.58017975659902,38.29008987829951,제외,0.0,BULL,1.0,13.283513969726577,200일↑ | RSI우호 | MACD+,,54.76804123711341
2026-05-05,439,439,한화솔루션,009830,KS,기타,49900.0,44462.5,45327.083333333336,36476.041666666664,34293.75,1,60.66948916406589,784.4267989854352,0.7658727924832865,0,1.1144883485308954,27.784891165172866,27.784891165172866,-3579.457341882489,235.0,235.0,DART|DAILY_DISC,TRAILING_DART,,-3579.457341882489,-13.940660618058061,-42953.488102589865,-186.07913447412798,5.0,1,3.0,71.53973424064223,38.269867120321116,제외,0.0,BULL,1.0,13.283513969726577,200일↑ | RSI우호 | MACD+,"EPS스크랩,적자",32.21649484536083
2026-05-05,440,440,오킨스전자,080580,KQ,기타,23550.0,21688.5,18875.833333333332,14431.833333333334,11789.6,1,59.33126506127301,-125.32226239732199,0.5049717487469753,0,4.899777282850781,25.13283740701382,25.13283740701382,378.52465038926834,,416.3771154281952,DART,TRAILING_DART,,378.52465038926834,62.21523479588866,4542.29580467122,-80.7121197253876,5.0,0,3.0,71.39593227057962,38.19796613528981,제외,0.0,BULL,1.0,13.283513969726577,200일↑ | RSI우호,,10.56701030927835
2026-05-05,441,441,효성티앤씨,298020,KS,기타,512000.0,493325.0,416466.6666666667,333854.1666666667,290855.0,1,60.81529079186658,-2531.0422094118694,0.6653183304842948,0,-3.396226415094339,36.170212765957444,36.170212765957444,8825.910448595807,37914.0,37914.0,DART|DAILY_DISC,TRAILING_DART,,8825.910448595807,58.011012346206016,105910.92538314968,-79.31427238610358,5.0,0,3.0,71.36094296356121,38.18047148178061,제외,0.0,BULL,1.0,13.283513969726577,200일↑ | RSI우호,EPS스크랩,21.778350515463917
2026-05-05,442,442,에프앤가이드,064850,KQ,기타,29050.0,26258.0,20625.166666666668,14792.666666666666,12217.7,1,62.74122444377544,-168.0246239883113,0.8568689587893772,0,-0.34305317324184736,53.05584826132772,53.05584826132772,880.3930903149882,,968.432399346487,DART,TRAILING_DART,,880.3930903149882,32.99662425747396,10564.717083779859,-63.632643429329235,5.0,0,3.0,71.34505537547376,38.17252768773688,제외,0.0,BULL,1.0,13.283513969726577,200일↑ | RSI우호,,40.59278350515464
2026-05-05,443,443,TKG휴켐스,069260,KS,기타,18440.0,18009.0,18696.166666666668,18710.166666666668,18322.85,1,53.425662661770204,126.72278301817398,0.803488801755203,0,1.4859658778205942,5.733944954128445,5.733944954128445,1448.385116628784,,1593.2236282916626,DART,TRAILING_DART,,1448.385116628784,12.73142052365214,17380.62139954541,-5.745003256261338,34.97312215077133,0,3.0,41.369918116583726,38.17152013367753,제외,0.0,BULL,1.0,13.283513969726577,200일↑ | RSI우호 | MACD+,,35.6958762886598
2026-05-05,444,444,LIG디펜스앤에어로스페이스,079550,KS,기타,983000.0,919150.0,721650.0,582541.6666666666,559125.0,1,61.17294784343936,-5033.295204468501,0.693362921973648,0,-0.6066734074823055,14.302325581395348,14.302325581395348,10794.524381636364,17024.0,17024.0,DART,TRAILING_DART,,10794.524381636364,91.06468847041366,129534.29257963636,-86.82255416280404,5.0,0,3.0,71.31005174089256,38.15502587044628,제외,0.0,BULL,1.0,13.283513969726577,200일↑ | RSI우호,,25.257731958762886
2026-05-05,445,445,에스앤에스텍,101490,KQ,기타,100000.0,98850.0,91201.66666666667,73321.66666666667,65049.25,1,54.81788456339538,-475.625425467646,0.9660502829654039,0,-4.580152671755721,29.198966408268735,29.198966408268735,2722.9030879434563,,2995.1933967378022,DART,TRAILING_DART,,2722.9030879434563,36.725508316025895,32674.837055321477,-67.32516294467852,5.0,0,3.0,71.28337190551186,38.14168595275593,제외,0.0,BULL,1.0,13.283513969726577,200일↑ | RSI우호,,49.355670103092784
2026-05-05,446,446,HLB,028300,KQ,기타,60900.0,60115.0,54291.666666666664,52447.083333333336,48783.0,1,55.67972362686294,-295.02012179595204,0.5577401897098794,0,1.1627906976744207,19.17808219178083,19.17808219178083,-1768.2770862102916,,-1945.104794831321,DART,TRAILING_DART,,-1768.2770862102916,-34.440303770784425,-21219.3250345235,-134.84289825044908,5.0,1,3.0,71.23359507661557,38.116797538307786,제외,0.0,BULL,1.0,13.283513969726577,200일↑ | RSI우호,적자,13.144329896907218
2026-05-05,447,447,HD현대중공업,329180,KS,기타,680000.0,562150.0,554525.0,558379.1666666666,531647.5,1,73.30441253339553,18026.322709463537,0.85404498076464,0,1.3412816691505292,41.814389989572476,41.814389989572476,13485.785488879346,25210.0,25210.0,DART|DAILY_DISC,TRAILING_DART,,13485.785488879346,50.423462582935336,161829.42586655216,-76.20155501962468,5.0,0,3.0,71.13911059783408,38.06955529891704,제외,0.0,BULL,1.0,13.283513969726577,200일↑ | MACD+,EPS스크랩,40.33505154639175
2026-05-05,448,448,에스에프에이,056190,KQ,기타,32550.0,29952.5,30135.833333333332,27281.666666666668,26002.0,1,62.657024931068264,268.70636045160245,1.4275000982614279,0,-0.7621951219512146,21.6822429906542,21.6822429906542,1450.9773826219564,,1596.075120884152,DART,TRAILING_DART,,1450.9773826219564,22.433154637587283,17411.728591463478,-46.50774626278501,5.0,0,3.0,71.12548289461157,38.06274144730578,제외,0.0,BULL,1.0,13.283513969726577,200일↑ | RSI우호 | MACD+,,76.80412371134021
2026-05-05,449,449,CJ,001040,KS,기타,224500.0,209350.0,205165.0,192930.83333333334,182963.0,1,63.20408502021098,1708.8594793741413,0.9546819781385654,0,2.9816513761467878,17.72417409543785,17.72417409543785,4888.489795968729,11404.0,11404.0,DART,TRAILING_DART,,4888.489795968729,45.924203459549595,58661.87755162474,-73.86998772756137,5.0,0,3.0,71.03933325128571,38.019666625642856,제외,0.0,BULL,1.0,13.283513969726577,200일↑ | RSI우호 | MACD+,,48.58247422680412
2026-05-05,450,450,동원시스템즈,014820,KS,기타,27600.0,26417.5,26403.333333333332,26449.583333333332,27693.75,0,57.060219298615316,191.96663281287016,1.6473322605026566,0,-1.7793594306049876,12.883435582822077,12.883435582822077,1853.1409104985423,,2038.4550015483967,DART|DAILY_DISC,TRAILING_DART,,1853.1409104985423,14.893632666376618,22237.690925982508,-19.42865606528077,22.999925942879326,0,3.0,52.85263572398124,37.92628083343028,제외,0.0,BULL,1.0,13.283513969726577,거래량x1.6 | RSI우호 | MACD+,EPS스크랩,82.86082474226805
2026-05-05,451,451,동성화인텍,033500,KQ,기타,29250.0,27500.0,27220.0,27217.083333333332,27617.75,1,60.18308825152536,231.56249585400417,0.6442247896074026,0,-1.5151515151515138,13.152804642166348,13.152804642166348,1863.4268085016704,2461.0,2461.0,DART,TRAILING_DART,,1863.4268085016704,15.696886975410164,22361.121702020046,-23.551720676854547,19.392244407752273,0,3.0,56.45338328370662,37.92281384572945,제외,0.0,BULL,1.0,13.283513969726577,200일↑ | RSI우호 | MACD+,,19.716494845360824
2026-05-05,452,452,덕산네오룩스,213420,KQ,기타,53000.0,51147.5,46302.5,42315.416666666664,42679.5,1,55.36669373485068,-304.1375775129716,0.5617770631256808,0,-0.18832391713747842,20.866590649942985,20.866590649942985,2172.965939394179,2949.0,2949.0,DART,TRAILING_DART,,2172.965939394179,24.39062621238157,26075.591272730147,-50.80077118352803,5.0,0,3.0,70.76415553323825,37.882077766619126,제외,0.0,BULL,1.0,13.283513969726577,200일↑ | RSI우호,,13.530927835051546
2026-05-05,453,453,티로보틱스,117730,KQ,기타,22650.0,19633.0,20795.833333333332,20158.75,17074.35,1,66.39713787818499,498.5755859133602,1.6556030517995535,0,11.851851851851848,25.55432372505544,25.55432372505544,-1942.163665663327,,-2136.38003222966,DART,TRAILING_DART,,-1942.163665663327,-11.662250921713188,-23305.963987959924,-202.89608824706366,5.0,1,3.0,70.74580164143812,37.87290082071906,제외,0.0,BULL,1.0,13.283513969726577,200일↑ | 거래량x1.7 | RSI우호 | MACD+,적자,83.50515463917526
2026-05-05,454,454,코스모화학,005420,KS,기타,18410.0,16959.5,16066.666666666666,16090.75,16410.95,1,63.355852831687784,105.1207597323637,1.3471475515150995,0,1.3766519823788625,21.35794330916283,21.35794330916283,-806.1065914574345,,-886.7172506031781,DART,TRAILING_DART,,-806.1065914574345,-22.83817077678879,-9673.279097489214,-152.54361269684526,5.0,1,3.0,70.73977818000854,37.86988909000427,제외,0.0,BULL,1.0,13.283513969726577,200일↑ | RSI우호 | MACD+,적자,72.55154639175258
2026-05-05,455,455,아모텍,052710,KQ,기타,24400.0,22257.0,15672.5,12680.583333333334,12267.1,1,60.23097493149563,-352.5045056986801,0.8816168326400798,0,3.3898305084745672,56.81233933161953,56.81233933161953,541.9121904598865,,596.1034095058751,DART,TRAILING_DART,,541.9121904598865,45.02574481539762,6502.9462855186375,-73.34858079705477,5.0,0,3.0,70.68541709475198,37.84270854737599,제외,0.0,BULL,1.0,13.283513969726577,200일↑ | RSI우호,,42.13917525773196
2026-05-05,456,456,HLB테라퓨틱스,115450,KQ,기타,3645.0,3483.75,3067.4206380208334,3049.1468221028645,3128.964279785156,1,61.80183417591128,-19.776562129078826,0.8978685429686372,0,5.805515239477499,21.096345514950166,21.096345514950166,-109.14284849209206,,-120.05713334130128,DART,TRAILING_DART,,-109.14284849209206,-33.3965995056845,-1309.7141819051046,-135.93180197270522,5.0,1,3.0,70.53188532169926,37.76594266084963,제외,0.0,BULL,1.0,13.283513969726577,200일↑ | RSI우호,적자,44.072164948453604
2026-05-05,457,457,테스,095610,KQ,기타,86700.0,83450.0,72175.0,59167.083333333336,49414.0,1,59.23723396824403,-692.4826446398847,0.5513900523457257,0,-3.3444816053511683,44.74123539232053,44.74123539232053,2939.9688314049586,4008.0,4008.0,DART,TRAILING_DART,,2939.9688314049586,29.49010855960933,35279.625976859505,-59.30838987674798,5.0,0,3.0,70.36328576765766,37.68164288382883,제외,0.0,BULL,1.0,13.283513969726577,200일↑ | RSI우호,,12.628865979381443
2026-05-05,458,458,에스바이오메딕스,304360,KQ,기타,36150.0,31650.0,33305.0,32062.5,28034.95,1,64.10575182397135,712.4284183629509,1.3367282548336614,0,5.393586005830908,41.76470588235295,41.76470588235295,-469.98942142543865,,-516.9883635679826,DART,TRAILING_DART,,-469.98942142543865,-76.91662482606539,-5639.873057105264,-115.6013085950353,5.0,1,3.0,70.07561079329945,37.53780539664972,제외,0.0,BULL,1.0,13.283513969726577,200일↑ | RSI우호 | MACD+,적자,72.0360824742268
2026-05-05,459,459,GS피앤엘,499790,KS,기타,55200.0,49260.0,50642.5,47851.25,47024.25,1,61.270049380088714,1004.8405114922825,0.88551547084117,0,8.023483365949113,35.96059113300492,35.96059113300492,1509.967729961629,2777.0,2777.0,DART,TRAILING_DART,,1509.967729961629,36.5570726477729,18119.61275953955,-67.17461456605153,5.0,0,3.0,70.0109593822201,37.50547969111005,제외,0.0,BULL,1.0,13.283513969726577,200일↑ | RSI우호 | MACD+,,42.52577319587629
2026-05-05,460,460,강스템바이오텍,217730,KQ,기타,3970.0,3948.5,2970.883333333333,2395.45,1997.685,1,57.0919709498041,-72.86542061246831,0.6560415214295889,0,-3.406326034063256,15.406976744186052,15.406976744186052,-111.2908460316833,,-122.41993063485164,DART,TRAILING_DART,,-111.2908460316833,-35.67229598443149,-1335.4901523801996,-133.6395504377884,5.0,1,3.0,69.97065928658954,37.48532964329477,제외,0.0,BULL,1.0,13.283513969726577,200일↑ | RSI우호,적자,21.00515463917526
2026-05-05,461,461,SK텔레콤,017670,KS,기타,97400.0,94855.0,83505.0,69630.0,63763.0,1,61.25821250774865,-697.9519109650628,0.5046857806394928,0,-2.6000000000000023,20.39555006180469,20.39555006180469,1746.281984482773,5734.0,5734.0,DART,TRAILING_DART,,1746.281984482773,55.7756426885711,20955.383813793276,-78.48523222403155,5.0,0,3.0,69.97002039257997,37.485010196289984,제외,0.0,BULL,1.0,13.283513969726577,200일↑ | RSI우호,,10.438144329896907
2026-05-05,462,462,아이티엠반도체,084850,KQ,기타,17140.0,16915.0,12631.5,11497.583333333334,11978.25,1,58.29733990796341,-292.9899729592439,0.255627431221489,0,-6.8478260869565215,57.53676470588236,57.53676470588236,-4124.637957461764,,-4537.10175320794,DART,TRAILING_DART,,-4124.637957461764,-4.155516236035339,-49495.65548954117,-388.7727858199602,5.0,1,3.0,69.89380717572735,37.44690358786367,제외,0.0,BULL,1.0,13.283513969726577,200일↑ | RSI우호,적자,1.5463917525773196
2026-05-05,463,463,강원랜드,035250,KS,기타,16950.0,16940.0,17758.666666666668,17829.25,18015.9,0,44.41717321107806,67.14220112700545,1.5312384783022357,0,0.0,2.046959662853709,2.046959662853709,1487.295431187643,1360.0,1360.0,DART|DAILY_DISC,TRAILING_DART,,1487.295431187643,11.396525293206203,17847.545174251718,5.295251765496856,43.44191364757295,0,3.0,31.424594359395975,37.433254003484464,제외,0.0,BULL,1.0,13.283513969726577,거래량x1.5 | MACD+,EPS스크랩,79.12371134020619
2026-05-05,464,464,빛과전자,069540,KQ,기타,5210.0,4853.0,2686.75,1810.1333333333334,1480.805,1,57.48750696483735,-128.3259727889847,0.417743031407947,0,-0.5725190839694694,67.25521669341894,67.25521669341894,-200.7228771653937,,-220.7951648819331,DART,TRAILING_DART,,-200.7228771653937,-25.956184335216612,-2408.6745259847244,-146.23175673675095,5.0,1,3.0,69.8169667731562,37.4084833865781,제외,0.0,BULL,1.0,13.283513969726577,200일↑ | RSI우호,적자,5.154639175257731
2026-05-05,465,465,성호전자,043260,KQ,기타,43450.0,46372.5,38812.333333333336,23214.25,14418.21,1,48.157978305564235,-1317.544882551596,1.2316548321517817,0,-3.871681415929207,-5.440696409140367,-5.440696409140367,1283.6949236919122,,1412.0644160611037,DART,TRAILING_DART,,1283.6949236919122,33.847605998968675,15404.339084302947,-64.5469756402694,5.0,0,3.0,69.77468518778484,37.38734259389242,제외,0.0,BULL,1.0,13.283513969726577,200일↑ | RSI우호,,67.0103092783505
2026-05-05,466,466,에이치엠넥스,036170,KQ,기타,7580.0,6419.75,4563.333333333333,2813.9166666666665,2048.875,1,64.0473451413504,-41.203731068578804,0.45055240206074704,0,9.221902017291072,96.88311688311688,96.88311688311688,177.79225089303253,,195.5714759823358,DART,TRAILING_DART,,177.79225089303253,42.634029109403954,2133.50701071639,-71.8534695156149,5.0,0,3.0,69.66589450771559,37.332947253857796,제외,0.0,BULL,1.0,13.283513969726577,200일↑ | RSI우호,,6.314432989690721
2026-05-05,467,467,포스코엠텍,009520,KQ,기타,20300.0,19302.0,18809.666666666668,17650.833333333332,16168.05,1,57.378725806046475,113.29297614265226,0.6531170231058526,0,1.2468827930174564,11.969111969111967,11.969111969111967,33.89543829563609,,37.2849821251997,DART|DAILY_DISC,TRAILING_DART,,33.89543829563609,598.9006491948372,406.74525954763305,-97.99632877070131,5.0,0,3.0,69.66575863965247,37.33287931982623,제외,0.0,BULL,1.0,13.283513969726577,200일↑ | RSI우호 | MACD+,EPS스크랩,20.876288659793815
2026-05-05,468,468,그린리소스,402490,KQ,기타,20700.0,19719.0,14414.333333333334,11243.75,10180.425,1,56.41300977330053,-198.91667606255578,0.2478799022587964,0,-8.609271523178808,57.29483282674772,57.29483282674772,635.3949078432242,,698.9343986275467,DART,TRAILING_DART,,635.3949078432242,32.57816476726859,7624.738894118691,-63.16551258879859,5.0,0,3.0,69.5894172725545,37.29470863627725,제외,0.0,BULL,1.0,13.283513969726577,200일↑ | RSI우호,,1.2886597938144329
2026-05-05,469,469,빙그레,005180,KS,기타,74400.0,74325.0,76558.33333333333,75800.0,76141.0,0,47.99106352644976,128.87309015129992,1.4588961205412463,0,-1.326259946949604,4.201680672268915,4.201680672268915,5994.740426696167,,6594.214469365784,DART,TRAILING_DART,,5994.740426696167,12.410879321592825,71936.885120354,-3.3106382790940914,37.103191505792665,0,3.0,37.45022836538146,37.276709935587064,제외,0.0,BULL,1.0,13.283513969726577,RSI우호 | MACD+,,77.70618556701031
2026-05-05,470,470,아스트,067390,KQ,기타,796.0,785.6,768.7333333333333,677.9,633.135,1,54.349365722542665,-1.3715390709364677,1.984286738209388,0,0.25188916876575096,10.555555555555562,10.555555555555562,-21.596888515659145,,-23.756577367225063,DART,TRAILING_DART,,-21.596888515659145,-36.857161133320126,-259.16266218790975,-132.55812339044093,5.0,1,3.0,69.38218821253602,37.19109410626801,제외,0.0,BULL,1.0,13.283513969726577,200일↑ | 거래량x2.0 | RSI우호,적자,88.14432989690721
2026-05-05,471,471,미원에스씨,268280,KS,기타,120300.0,122190.0,127516.66666666667,132790.0,136635.5,0,42.958516940471135,107.54374787052711,0.9016841502459849,0,-0.906095551894559,-0.08305647840531893,-0.08305647840531893,12260.5502104,,13486.605231440002,DART,TRAILING_DART,,12260.5502104,9.811957696478878,147126.6025248,22.299752722194512,54.494839269426436,0,3.0,19.879390472864515,37.187114871145475,제외,0.0,BULL,1.0,13.283513969726577,상승여력 22% | MACD+,,44.71649484536083
2026-05-05,472,472,애경케미칼,161000,KS,기타,15110.0,14716.5,11963.166666666666,10981.416666666666,11061.25,1,53.404661637051504,-114.72144825832424,0.23163974852261068,0,-7.865853658536581,7.621082621082631,7.621082621082631,-101.38283422896176,,-111.52111765185794,DART,TRAILING_DART,,-101.38283422896176,-149.03903717936865,-1216.594010747541,-108.0515818050797,5.0,1,3.0,69.32184020248003,37.160920101240016,제외,0.0,BULL,1.0,13.283513969726577,200일↑ | RSI우호,적자,1.0309278350515463
2026-05-05,473,473,파이버프로,368770,KQ,기타,23850.0,23500.0,19082.333333333332,14762.5,11262.6,1,55.819505119826445,-339.32114197414194,0.4430284832073543,0,-1.446280991735538,3.6956521739130332,3.6956521739130332,283.3454834499977,,311.6800317949975,DART,TRAILING_DART,,283.3454834499977,84.1728610232421,3400.1458013999722,-85.74362347421396,5.0,0,3.0,69.22125182850945,37.110625914254726,제외,0.0,BULL,1.0,13.283513969726577,200일↑ | RSI우호,,5.670103092783505
2026-05-05,474,474,헬릭스미스,084990,KQ,기타,8730.0,8711.0,7264.0,6689.208333333333,6030.175,1,55.43398597871261,-89.07066268801168,0.36510935364530167,0,3.0696576151121535,-1.6891891891891886,-1.6891891891891886,-9.982485224318236,,-10.98073374675006,DART,TRAILING_DART,,-9.982485224318236,-874.531722694959,-119.78982269181883,-101.37216291743205,5.0,1,3.0,69.0835664209688,37.0417832104844,제외,0.0,BULL,1.0,13.283513969726577,200일↑ | RSI우호,적자,4.123711340206185
2026-05-05,475,475,명인제약,317450,KS,기타,56000.0,56570.0,58950.0,63830.0,,0,45.69609281326678,54.07095322076367,0.8738737141279375,0,-2.4390243902439046,6.666666666666665,6.666666666666665,5577.754563972603,,6135.530020369864,DART,TRAILING_DART,,5577.754563972603,10.039882421810173,66933.05476767124,19.52331208512723,52.6901528553327,0,3.0,21.24152298233233,36.96583791883251,제외,0.0,BULL,1.0,13.283513969726577,상승여력 20% | RSI우호 | MACD+,,41.881443298969074
2026-05-05,476,476,퍼스텍,010820,KS,기타,14270.0,12605.5,8730.0,6394.25,5628.55,1,62.04368353256083,-130.36163225152382,0.16820402325789352,0,-4.420629604822501,56.297918948521364,56.297918948521364,301.9529084122103,,332.14819925343136,DART,TRAILING_DART,,301.9529084122103,47.25902484277231,3623.434900946524,-74.60802452034672,5.0,0,3.0,68.90168204696793,36.95084102348397,제외,0.0,BULL,1.0,13.283513969726577,200일↑ | RSI우호,,0.5154639175257731
2026-05-05,477,477,바이오솔루션,086820,KQ,기타,11410.0,11483.5,10778.666666666666,9460.5,9071.6,1,49.52776340814272,-38.80853612308065,1.4582768047412162,0,3.0713640469738124,-3.3050847457627097,-3.3050847457627097,10.544672878522038,,11.599140166374244,DART,TRAILING_DART,,10.544672878522038,1082.0629650105607,126.53607454226446,-98.89100723451126,5.0,0,3.0,68.89923529166924,36.94961764583462,제외,0.0,BULL,1.0,13.283513969726577,200일↑ | RSI우호,,77.57731958762886
2026-05-05,478,478,광전자,017900,KS,기타,10430.0,11231.0,5259.783333333334,3545.633333333333,2897.22,1,54.674112198664616,-545.6050686563242,0.32364252698517454,0,2.556538839724687,134.11896745230075,134.11896745230075,72.94191680302158,,80.23610848332375,DART,TRAILING_DART,,72.94191680302158,142.99048417065922,875.3030016362591,-91.60783315784985,5.0,0,3.0,68.8121829280945,36.90609146404725,제외,0.0,BULL,1.0,13.283513969726577,200일↑ | RSI우호,,3.221649484536082
2026-05-05,479,479,현대오토에버,307950,KS,기타,446000.0,424325.0,420883.3333333333,367337.5,285373.5,1,55.26331490864754,3764.737903310821,0.9010950134453876,0,3.8416763678696064,17.214191852825223,17.214191852825223,6811.167028916516,8097.0,8097.0,DART|DAILY_DISC,TRAILING_DART,,6811.167028916516,65.48070222129721,81734.00434699819,-81.67399005672686,5.0,0,3.0,68.74057824365029,36.870289121825145,제외,0.0,BULL,1.0,13.283513969726577,200일↑ | RSI우호 | MACD+,EPS스크랩,44.58762886597938
2026-05-05,480,480,에이디테크놀로지,200710,KQ,기타,54100.0,54190.0,48413.333333333336,38938.333333333336,33009.15,1,51.07023288815915,-425.4233684821463,0.6968961001563322,0,-10.578512396694217,-3.9076376554174064,-3.9076376554174064,265.81155907882084,,292.39271498670297,DART,TRAILING_DART,,265.81155907882084,203.5276426182722,3189.73870894585,-94.10399499270638,5.0,0,3.0,68.71647299518334,36.85823649759167,제외,0.0,BULL,1.0,13.283513969726577,200일↑ | RSI우호,,25.51546391752577
2026-05-05,481,481,신성이엔지,011930,KS,기타,3995.0,3874.5,2917.116666666667,2273.2083333333335,2034.74,1,61.74697163526155,-47.73441535172418,0.0,0,0.0,15.965166908563134,15.965166908563134,-39.80866134668366,,-43.789527481352025,DART,TRAILING_DART,,-39.80866134668366,-100.35504497899454,-477.70393616020385,-111.95754533567468,5.0,1,3.0,68.66179584454945,36.83089792227472,제외,0.0,BULL,1.0,13.283513969726577,200일↑ | RSI우호,적자,0.19329896907216496
2026-05-05,482,482,에코프로비엠,247540,KQ,기타,215500.0,207335.0,203253.33333333334,182894.16666666666,160492.5,1,56.80645655478007,204.8021454166087,1.181088242005553,0,3.605769230769229,11.889927310488059,11.889927310488059,936.1865336506634,302.0,302.0,DART,TRAILING_DART,,936.1865336506634,230.1891687756465,11234.23840380796,-94.7868963323397,5.0,0,3.0,68.65871176275498,36.82935588137749,제외,0.0,BULL,1.0,13.283513969726577,200일↑ | RSI우호 | MACD+,,64.43298969072166
2026-05-05,483,483,슈어소프트테크,298830,KQ,기타,7790.0,7387.0,7496.666666666667,7256.166666666667,6335.9,1,56.33159021828216,43.487365069657386,1.593739960611265,0,3.590425531914887,13.888888888888884,13.888888888888884,180.1835350446334,,198.2018885490968,DART,TRAILING_DART,,180.1835350446334,43.23369501031453,2162.202420535601,-72.24387136668035,5.0,0,3.0,68.5941734027663,36.79708670138315,제외,0.0,BULL,1.0,13.283513969726577,200일↑ | 거래량x1.6 | RSI우호 | MACD+,,81.05670103092784
2026-05-05,484,484,에이스테크,088800,KQ,기타,4995.0,5108.5,3870.1666666666665,3517.7083333333335,3081.675,1,53.84884572916966,-138.46787723489757,0.3118116617855826,0,4.716981132075482,24.875000000000004,24.875000000000004,-385.5924464794616,,-424.1516911274078,DART,TRAILING_DART,,-385.5924464794616,-12.954091932052554,-4627.109357753539,-192.6348219770478,5.0,1,3.0,68.51744490327488,36.75872245163744,제외,0.0,BULL,1.0,13.283513969726577,200일↑ | RSI우호,적자,2.8350515463917527
2026-05-05,485,485,큐로셀,372320,KQ,기타,56100.0,58607.5,53095.0,49111.666666666664,44547.0,1,47.4117415894432,-425.2033631693348,1.6508131359939304,0,-12.20657276995305,12.537612838515555,12.537612838515555,-3073.94594894222,,-3381.340543836442,DART,TRAILING_DART,,-3073.94594894222,-18.25015824344753,-36887.35138730664,-165.75285452282824,5.0,1,3.0,68.39436698975402,36.69718349487701,제외,0.0,BULL,1.0,13.283513969726577,200일↑ | 거래량x1.7 | RSI우호,적자,83.24742268041237
2026-05-05,486,486,NHN KCP,060250,KQ,기타,20050.0,18934.5,19529.833333333332,17882.75,16952.8,1,56.15120445785993,102.58161818067754,0.4237398485488504,0,0.0,29.94167206740117,29.94167206740117,1139.871283532016,1343.0,1343.0,DART,TRAILING_DART,,1139.871283532016,17.58970533749467,13678.455402384192,-31.77827729484194,12.194007367013302,0,3.0,61.128737340095505,36.661372353554405,제외,0.0,BULL,1.0,13.283513969726577,200일↑ | RSI우호 | MACD+,,5.283505154639175
2026-05-05,487,487,우리로,046970,KQ,기타,8740.0,9387.0,4731.933333333333,3025.5833333333335,2333.715,1,53.18567363099949,-505.2033618498117,0.23742922307406308,0,0.11454753722794919,18.1081081081081,18.1081081081081,-17.99597898450608,,-19.79557688295669,DART,TRAILING_DART,,-17.99597898450608,-485.66404792564157,-215.95174781407297,-102.4708437964997,5.0,1,3.0,68.28059772535696,36.64029886267848,제외,0.0,BULL,1.0,13.283513969726577,200일↑ | RSI우호,적자,1.1597938144329898
2026-05-05,488,488,한국카본,017960,KS,기타,48800.0,49327.5,43804.166666666664,37650.833333333336,35263.75,1,51.78689387764141,-378.1391988732819,0.5038000190738419,0,-3.937007874015752,8.444444444444454,8.444444444444454,1996.151009165024,2421.0,2421.0,DART,TRAILING_DART,,1996.151009165024,24.447048232294158,23953.81210998029,-50.9143194467617,5.0,0,3.0,68.27580046554046,36.63790023277023,제외,0.0,BULL,1.0,13.283513969726577,200일↑ | RSI우호,,10.051546391752577
2026-05-05,489,489,부국증권,001270,KS,기타,76400.0,74895.0,77755.0,70171.66666666667,67293.75,1,52.876474867437445,56.25555334533988,2.991953995599717,0,2.826379542395685,5.963938973647709,5.963938973647709,4401.29596506654,,4841.4255615731945,DART,TRAILING_DART,,4401.29596506654,17.358523627221004,52815.55158079848,-30.869696883771624,12.989015226699829,0,3.0,60.28521350614165,36.63711436642074,제외,0.0,BULL,1.0,13.283513969726577,200일↑ | 거래량x3.0 | RSI우호 | MACD+,,94.58762886597938
2026-05-05,490,490,SK이터닉스,475150,KS,기타,55200.0,56410.0,43214.833333333336,31646.833333333332,28067.85,1,52.95507238835512,-668.6226649464015,0.4633701674194183,0,1.2844036697247763,-19.061583577712614,-19.061583577712614,901.8046132850426,1208.0,1208.0,DART,TRAILING_DART,,901.8046132850426,61.21059837886677,10821.65535942051,-80.39555188510778,5.0,0,3.0,68.19824013869825,36.59912006934913,제외,0.0,BULL,1.0,13.283513969726577,200일↑ | RSI우호,,7.216494845360824
2026-05-05,491,491,유니테스트,086390,KQ,기타,19400.0,17775.0,18370.166666666668,16168.166666666666,16014.0,1,58.06665003584497,145.80494089828028,1.2680119748628975,0,-0.35952747817155073,20.496894409937894,20.496894409937894,-1061.8720867378192,,-1168.0592954116012,DART,TRAILING_DART,,-1061.8720867378192,-18.269620458334867,-12742.465040853831,-165.68280948893727,5.0,1,3.0,68.11033006381503,36.555165031907514,제외,0.0,BULL,1.0,13.283513969726577,200일↑ | RSI우호 | MACD+,적자,68.4278350515464
2026-05-05,492,492,비츠로셀,082920,KQ,기타,57500.0,50555.0,34101.666666666664,25865.416666666668,21387.0,1,68.24313938188567,-366.4891297695731,0.6506473235449158,0,0.5244755244755206,41.451414514145135,41.451414514145135,1255.5231602914166,1673.0,1673.0,DART,TRAILING_DART,,1255.5231602914166,45.797641826578335,15066.277923497,-73.79777752435304,5.0,0,3.0,68.05881119740651,36.529405598703256,제외,0.0,BULL,1.0,13.283513969726577,200일↑ | RSI우호,,20.747422680412374
2026-05-05,493,493,비에이치아이,083650,KQ,기타,99200.0,95930.0,92700.0,73174.58333333333,62677.0,1,54.582687348231296,81.85963775706409,0.8941637550452297,0,0.9155645981688609,7.243243243243236,7.243243243243236,2106.8902526226493,,2317.5792778849145,DART,TRAILING_DART,,2106.8902526226493,47.083610490160176,25282.68303147179,-74.51342436343569,5.0,0,3.0,68.03138190763184,36.51569095381592,제외,0.0,BULL,1.0,13.283513969726577,200일↑ | RSI우호 | MACD+,,43.427835051546396
2026-05-05,494,494,일진하이솔루스,271940,KS,기타,18040.0,16949.5,16202.5,15325.666666666666,16286.55,1,63.57365106794301,145.1241715365568,1.1084121956433026,0,3.3218785796105488,13.888888888888884,13.888888888888884,-55.053591794056096,,-60.55895097346171,DART,TRAILING_DART,,-55.053591794056096,-327.6807091439891,-660.6431015286731,-103.66210144971548,5.0,1,3.0,67.79877190049422,36.39938595024711,제외,0.0,BULL,1.0,13.283513969726577,200일↑ | RSI우호 | MACD+,적자,59.5360824742268
2026-05-05,495,495,필옵틱스,161580,KQ,기타,48650.0,44677.5,45294.166666666664,45010.833333333336,41120.0,1,57.10596239328134,478.2311867611004,0.5977152923382479,0,0.5165289256198413,29.90654205607477,29.90654205607477,-1127.4324798301118,,-1240.175727813123,DART,TRAILING_DART,,-1127.4324798301118,-43.151142858090154,-13529.189757961341,-127.809228690568,5.0,1,3.0,67.7957056142382,36.3978528071191,제외,0.0,BULL,1.0,13.283513969726577,200일↑ | RSI우호 | MACD+,적자,16.623711340206185
2026-05-05,496,496,파라다이스,034230,KS,기타,15850.0,15459.5,17386.0,17132.75,18236.55,0,48.053911552676816,151.49950595590553,0.7496994368871003,0,-0.06305170239596647,5.525965379494013,5.525965379494013,1563.0187047669172,1033.0,1033.0,DART,TRAILING_DART,,1563.0187047669172,10.140633603206693,18756.224457203007,18.335800991817088,51.91827064468111,0,3.0,20.853575129675747,36.385922887178424,제외,0.0,BULL,1.0,13.283513969726577,상승여력 18% | RSI우호 | MACD+,,30.79896907216495
2026-05-05,497,497,GS리테일,007070,KS,기타,23050.0,22975.0,21687.166666666668,21514.416666666668,19653.9,1,53.80315663887855,-64.22452938580739,1.0380146675731685,0,-1.0729613733905574,7.459207459207451,7.459207459207451,600.8920694534091,2294.0,2294.0,DART|DAILY_DISC,TRAILING_DART,,600.8920694534091,38.35963423675574,7210.70483344091,-68.71711569006112,5.0,0,3.0,67.60153419253476,36.30076709626738,제외,0.0,BULL,1.0,13.283513969726577,200일↑ | RSI우호,EPS스크랩,54.89690721649485
2026-05-05,498,498,롯데웰푸드,280360,KS,기타,121200.0,116280.0,118066.66666666667,117824.16666666667,117405.5,1,59.588267533326956,768.554714086463,1.6523697160202513,0,-0.16474464579900872,9.584086799276669,9.584086799276669,7672.584649979676,11712.0,11712.0,DART,TRAILING_DART,,7672.584649979676,15.79650216049699,92071.01579975612,-24.033815346735878,18.970411571606107,0,3.0,53.57243960286755,36.27142558723683,제외,0.0,BULL,1.0,13.283513969726577,200일↑ | 거래량x1.7 | RSI우호 | MACD+,,83.37628865979381
2026-05-05,499,499,GS건설,006360,KS,기타,35950.0,38237.5,28251.166666666668,23683.25,21884.95,1,50.23028440708458,-746.4337898237573,0.6290038126357549,0,-11.779141104294478,31.926605504587148,31.926605504587148,1091.6262383372853,3140.0,3140.0,DART|DAILY_DISC,TRAILING_DART,,1091.6262383372853,32.93251731907561,13099.514860047424,-63.56185018067476,5.0,0,3.0,67.37775321941012,36.18887660970506,제외,0.0,BULL,1.0,13.283513969726577,200일↑ | RSI우호,EPS스크랩,18.685567010309278
2026-05-05,500,500,아세아,002030,KS,기타,275000.0,269600.0,279466.6666666667,309575.0,323522.5,0,53.51737369968172,1195.9896514290108,0.5363314925906798,0,3.1894934333958735,-0.7220216606498187,-0.7220216606498187,24905.06456996424,,27395.571026960664,DART,TRAILING_DART,,24905.06456996424,11.041930818025374,298860.77483957086,8.676645396207583,45.63981950753493,0,3.0,26.631031170701867,36.1354253391184,제외,0.0,BULL,1.0,13.283513969726577,RSI우호 | MACD+,,12.242268041237113
2026-05-05,501,501,LG생활건강,051900,KS,기타,279500.0,251300.0,254000.0,263354.1666666667,277890.0,1,72.26314024365251,2293.2891802080762,7.366259686927339,1,10.474308300395263,13.157894736842103,13.157894736842103,-5605.568608875215,7409.0,7409.0,DART|DAILY_DISC,TRAILING_DART,,-5605.568608875215,-49.861132652532646,-67266.82330650259,-124.06684197012613,5.0,1,3.0,66.95701643862932,35.97850821931466,제외,0.0,BULL,1.0,13.283513969726577,200일↑ | 20일돌파 | 거래량x7.4 | MACD+,"EPS스크랩,적자",98.71134020618557
2026-05-05,502,502,NHN,181710,KS,기타,40600.0,40020.0,38044.166666666664,34612.5,31849.25,1,52.54734480614856,-67.68073195391435,0.7730976298431884,0,-1.0962241169305775,11.691884456671243,11.691884456671243,1584.8642941368155,3160.0,3160.0,DART|DAILY_DISC,TRAILING_DART,,1584.8642941368155,25.617335282395572,19018.371529641787,-53.15672037034042,5.0,0,3.0,66.69091645937363,35.84545822968681,제외,0.0,BULL,1.0,13.283513969726577,200일↑ | RSI우호,EPS스크랩,32.98969072164948
2026-05-05,503,503,아이센스,099190,KQ,기타,21800.0,20561.5,20890.0,18570.75,18435.05,1,56.975524487925256,137.94010554608934,1.0615688605773796,0,-4.385964912280704,18.80108991825613,18.80108991825613,-233.1125394315639,,-256.9254554923347,DART|DAILY_DISC,TRAILING_DART,,-233.1125394315639,-93.51706284508965,-2797.350473178767,-112.83188290448976,5.0,1,3.0,66.54520550628659,35.772602753143296,제외,0.0,BULL,1.0,13.283513969726577,200일↑ | RSI우호 | MACD+,"EPS스크랩,적자",56.829896907216494
2026-05-05,504,504,대한제강,084010,KS,기타,12410.0,11874.5,11853.333333333334,11100.771997070313,10533.19759765625,1,55.12799508417128,130.02106290478287,0.5788528953657842,0,7.0750647109577125,14.483394833948338,14.483394833948338,402.9178071626351,718.0,718.0,DART,TRAILING_DART,,402.9178071626351,30.800326467057303,4835.013685951621,-61.03937400522466,5.0,0,3.0,66.41656765704013,35.70828382852007,제외,0.0,BULL,1.0,13.283513969726577,200일↑ | RSI우호 | MACD+,,14.81958762886598
2026-05-05,505,505,로보스타,090360,KQ,기타,71600.0,64240.0,68118.33333333333,72535.83333333333,60245.25,1,61.927765196597264,1360.439428653224,1.0314113676983763,0,9.146341463414643,24.09012131715771,24.09012131715771,-533.3985068717949,,-586.7383575589745,DART,TRAILING_DART,,-533.3985068717949,-134.2335966028668,-6400.782082461539,-108.9396397799742,5.0,1,3.0,66.3898179536425,35.69490897682125,제외,0.0,BULL,1.0,13.283513969726577,200일↑ | RSI우호 | MACD+,적자,54.38144329896907
2026-05-05,506,506,대명에너지,389260,KQ,기타,23900.0,23317.5,21208.833333333332,20098.166666666668,21510.15,1,54.37069713456772,27.744592775393244,0.2982042550090762,0,3.463203463203457,-12.454212454212454,-12.454212454212454,789.445728965064,,868.3903018615704,DART,TRAILING_DART,,789.445728965064,30.27440534934817,9473.348747580767,-60.36255754150306,5.0,0,3.0,66.27850133726687,35.63925066863344,제외,0.0,BULL,1.0,13.283513969726577,200일↑ | RSI우호 | MACD+,,2.5773195876288657
2026-05-05,507,507,에스엔시스,0008Z0,KQ,기타,40150.0,37065.0,32957.5,32517.083333333332,,0,57.14392993036274,385.42822207725385,1.0071636968147253,0,-9.876543209876543,25.468749999999996,25.468749999999996,,,2385.9,SCRAPE,FORWARD_AUTO,,2385.9,16.82803135085293,31693.135980370644,-21.06317314976178,21.569723493958442,0,3.0,49.677110175550474,35.62341683475446,제외,0.0,BULL,1.0,13.283513969726577,RSI우호 | MACD+,EPS스크랩,52.31958762886598
2026-05-05,508,508,메카로,241770,KQ,기타,36850.0,38695.0,32896.666666666664,28083.75,23411.1,1,47.48549082550939,-631.3844128095743,0.5859880798232919,0,-8.333333333333337,-3.026315789473688,-3.026315789473688,1237.5476691024112,,1361.3024360126524,DART,TRAILING_DART,,1237.5476691024112,29.77663076746544,14850.572029228933,-59.69994021918878,5.0,0,3.0,66.24481815196764,35.62240907598382,제외,0.0,BULL,1.0,13.283513969726577,200일↑ | RSI우호,,15.206185567010309
2026-05-05,509,509,삼양엔씨켐,482630,KQ,기타,19720.0,18711.0,18423.416666666668,14813.75,12627.775,1,56.3710413469296,19.830126355976745,0.6273128393985299,0,-4.27184466019418,26.816720257234717,26.816720257234717,680.7407903224922,,748.8148693547415,DART,TRAILING_DART,,680.7407903224922,28.96844185091054,8168.889483869907,-58.57561113656233,5.0,0,3.0,65.981513111777,35.4907565558885,제외,0.0,BULL,1.0,13.283513969726577,200일↑ | RSI우호 | MACD+,,18.298969072164947
2026-05-05,510,510,케이카,381970,KS,기타,10800.0,10499.5,13053.666666666666,14450.833333333334,14937.7,0,39.22873191330029,203.24676934395438,1.0478023519238264,0,-1.8181818181818188,1.2183692596063667,1.2183692596063667,1042.305827502218,1179.0,1179.0,DART,TRAILING_DART,,1042.305827502218,10.361642154377206,12507.669930026617,15.811758611357574,50.27764309738242,0,3.0,20.652830167131143,35.46523663225678,제외,0.0,BULL,1.0,13.283513969726577,상승여력 16% | MACD+,,56.05670103092783
2026-05-05,511,511,포스코DX,022100,KS,기타,35350.0,33675.0,34120.0,31977.083333333332,28779.0,1,57.34893864535312,264.80459373678195,0.8329944033858144,0,1.5804597701149392,15.901639344262296,15.901639344262296,346.1308198931311,,380.7439018824442,DART|DAILY_DISC,TRAILING_DART,,346.1308198931311,102.12901587588883,4153.5698387175735,-88.25015604323177,5.0,0,3.0,65.6203515853669,35.31017579268345,제외,0.0,BULL,1.0,13.283513969726577,200일↑ | RSI우호 | MACD+,EPS스크랩,38.144329896907216
2026-05-05,512,512,오름테라퓨틱,475830,KQ,기타,93900.0,84930.0,105083.33333333333,98040.0,70577.25,1,52.907364089775406,2154.140030396832,1.052027750964064,1,11.387900355871894,17.669172932330834,17.669172932330834,-1976.6599729243576,,-2174.3259702167934,DART,TRAILING_DART,,-1976.6599729243576,-47.50437671942141,-23719.919675092293,-125.26083032491191,5.0,1,3.0,65.56029488676072,35.28014744338036,제외,0.0,BULL,1.0,13.283513969726577,200일↑ | 20일돌파 | RSI우호 | MACD+,적자,56.18556701030928
2026-05-05,513,513,미래에셋생명,085620,KS,기타,16440.0,16983.0,14913.833333333334,12063.333333333334,10310.675,1,48.45404030597891,-248.43168733025522,0.44241708190197276,0,-4.529616724738672,-1.9677996422182487,-1.9677996422182487,783.0164987179776,,861.3181485897754,DART,TRAILING_DART,,783.0164987179776,20.995726178077973,9396.19798461573,-42.845511042483395,5.0,0,3.0,65.38611185658678,35.19305592829339,제외,0.0,BULL,1.0,13.283513969726577,200일↑ | RSI우호,,5.541237113402062
2026-05-05,514,514,대한항공,003490,KS,기타,24500.0,24620.0,24765.0,23627.5,23649.5,1,48.7265364040147,-27.306048190996407,0.9033917038372365,0,-1.4084507042253502,6.521739130434789,6.521739130434789,1757.8396566047118,498.0,498.0,DART,TRAILING_DART,,1757.8396566047118,13.937562455111545,21094.07587925654,-13.901731105075354,27.835985283059063,0,3.0,42.39139843453059,35.11369185879483,제외,0.0,BULL,1.0,13.283513969726577,200일↑ | RSI우호,,44.97422680412371
2026-05-05,515,515,레이크머티리얼즈,281740,KQ,기타,22850.0,22257.5,21845.5,18805.916666666668,16467.85,1,53.07916098055281,44.15182293445139,0.8986447481098079,0,-5.186721991701249,20.45334739061677,20.45334739061677,118.71230515224065,,130.58353566746473,DART,TRAILING_DART,,118.71230515224065,192.48215229833497,1424.5476618268876,-93.76565574692827,5.0,0,3.0,65.1734263537414,35.0867131768707,제외,0.0,BULL,1.0,13.283513969726577,200일↑ | RSI우호 | MACD+,,44.20103092783505
2026-05-05,516,516,에스피지,058610,KQ,기타,129200.0,116525.0,124306.66666666667,100252.08333333333,71207.25,1,59.74982856918265,2321.6673027746024,0.8395760218323911,0,8.662741799831796,22.11720226843099,22.11720226843099,411.831043235083,,453.0141475585913,DART,TRAILING_DART,,411.831043235083,313.7208865681589,4941.972518820996,-96.17494387088158,5.0,0,3.0,65.13814751479342,35.06907375739671,제외,0.0,BULL,1.0,13.283513969726577,200일↑ | RSI우호 | MACD+,,39.43298969072165
2026-05-05,517,517,원익IPS,240810,KQ,기타,122500.0,119650.0,118985.0,94838.33333333333,74187.75,1,53.31663061299789,-32.29627830581501,1.4160328507075568,0,5.512489233419471,7.929515418502198,7.929515418502198,1711.9372024648162,3131.0,3131.0,DART,TRAILING_DART,,1711.9372024648162,71.55636306263263,20543.246429577794,-83.23000291463038,5.0,0,3.0,65.03412250034368,35.01706125017184,제외,0.0,BULL,1.0,13.283513969726577,200일↑ | RSI우호,,75.38659793814433
2026-05-05,518,518,세아베스틸지주,001430,KS,기타,71800.0,69895.0,70183.33333333333,58185.833333333336,46264.75,1,52.725179350699975,369.54045159087764,1.249155170517306,0,0.9845288326300938,6.686478454680533,6.686478454680533,1565.3372286785395,2057.0,2057.0,DART,TRAILING_DART,,1565.3372286785395,45.86871038684341,18784.046744142473,-73.83837500815811,5.0,0,3.0,64.97247174400007,34.98623587200004,제외,0.0,BULL,1.0,13.283513969726577,200일↑ | RSI우호 | MACD+,,67.65463917525774
2026-05-05,519,519,한국항공우주,047810,KS,기타,180000.0,183885.0,179985.0,152662.5,130431.5,1,49.72129756634093,-1875.0198829711162,2.7579657280803036,0,5.017502917152861,-1.4238773274917849,-1.4238773274917849,1921.6456556852,3750.0,3750.0,DART|DAILY_DISC,TRAILING_DART,,1921.6456556852,93.66971453216098,23059.7478682224,-87.18902896209867,5.0,0,3.0,64.70064698163097,34.850323490815484,제외,0.0,BULL,1.0,13.283513969726577,200일↑ | 거래량x2.8 | RSI우호,EPS스크랩,93.4278350515464
2026-05-05,520,520,큐라클,365270,KQ,기타,14950.0,15640.0,15695.166666666666,11341.333333333334,8909.775,1,44.36161013492916,107.89248698419988,5.674678338817967,0,-9.885473176612415,6.862044317369542,6.862044317369542,-826.1434075365505,,-908.7577482902057,DART,TRAILING_DART,,-826.1434075365505,-18.096131813941245,-9913.720890438606,-166.3125143173151,5.0,1,3.0,64.6316354212269,34.81581771061345,제외,0.0,BULL,1.0,13.283513969726577,200일↑ | 거래량x5.7 | MACD+,적자,97.42268041237114
2026-05-05,521,521,안랩,053800,KQ,기타,63000.0,63695.0,62986.666666666664,62184.166666666664,62134.5,1,47.979938346058816,-213.63269325501403,0.7164942754421616,0,-3.076923076923077,5.5276381909547645,5.5276381909547645,4628.169832110817,,5090.9868153219,DART|DAILY_DISC,TRAILING_DART,,4628.169832110817,13.612292177114629,55538.03798532981,-11.844384150270148,29.636163868513623,0,3.0,39.992680407493815,34.81442213800372,제외,0.0,BULL,1.0,13.283513969726577,200일↑ | RSI우호,EPS스크랩,27.448453608247426
2026-05-05,522,522,우리기술,032820,KQ,기타,21550.0,22052.5,19783.5,12251.166666666666,8957.95,1,48.16427654409099,-207.07118048156588,0.5685456333885105,0,-5.895196506550215,-0.23148148148147696,-0.23148148148147696,-23.99035962686787,,-26.38939558955466,DART,TRAILING_DART,,-23.99035962686787,-898.277488756992,-287.88431552241445,-101.33589009523163,5.0,1,3.0,64.54993721346737,34.77496860673369,제외,0.0,BULL,1.0,13.283513969726577,200일↑ | RSI우호,적자,13.788659793814434
2026-05-05,523,523,SNT다이내믹스,003570,KS,기타,59300.0,55345.0,52713.333333333336,50301.666666666664,54190.5,1,61.34575823167576,354.34177509607434,0.4487957416714645,0,1.7152658662092701,12.737642585551324,12.737642585551324,1851.72758949447,,2036.9003484439168,DART|DAILY_DISC,TRAILING_DART,,1851.72758949447,32.0241488739654,22220.73107393364,-62.52827812152844,5.0,0,3.0,64.47574721135156,34.73787360567578,제외,0.0,BULL,1.0,13.283513969726577,200일↑ | RSI우호 | MACD+,EPS스크랩,5.927835051546391
2026-05-05,524,524,LG유플러스,032640,KS,기타,15990.0,16691.0,16168.833333333334,15720.25,15379.2,1,43.81435133736974,-170.42379764047328,0.6804849986606096,0,-3.6746987951807197,4.305283757338563,4.305283757338563,1184.7194213141197,1712.0,1712.0,DART,TRAILING_DART,,1184.7194213141197,13.496866610208434,14216.633055769436,-11.090474948283703,30.29583442025176,0,3.0,38.985439969823574,34.64063719503767,제외,0.0,BULL,1.0,13.283513969726577,200일↑,,24.355670103092784
2026-05-05,525,525,에프에스티,036810,KQ,기타,43700.0,42507.5,41385.833333333336,36693.17661132813,32714.5198046875,1,54.277931675594786,-55.04017241630072,0.622633471071858,0,-4.689203925845142,18.1081081081081,18.1081081081081,-668.1659410264162,,-734.982535129058,DART,TRAILING_DART,,-668.1659410264162,-65.40291463056226,-8017.991292316995,-118.34780616090845,5.0,1,3.0,64.13832898808391,34.56916449404196,제외,0.0,BULL,1.0,13.283513969726577,200일↑ | RSI우호,적자,17.912371134020617
2026-05-05,526,526,전진건설로봇,079900,KS,기타,63900.0,66210.0,59632.5,53632.916666666664,51895.75,1,50.655060095010704,-745.4151210339091,0.2627629024251497,0,-4.341317365269459,16.81901279707496,16.81901279707496,2004.201589921429,,2204.621748913572,DART,TRAILING_DART,,2004.201589921429,31.883020311597036,24050.41907905715,-62.362411456874575,5.0,0,3.0,64.07430663369033,34.53715331684516,제외,0.0,BULL,1.0,13.283513969726577,200일↑ | RSI우호,,1.804123711340206
2026-05-05,527,527,신영증권,001720,KS,기타,206500.0,202345.0,202825.0,174780.0,160322.0,1,54.00914091862996,-301.32372036740844,1.5140306052962744,0,2.736318407960203,10.133333333333328,10.133333333333328,6829.573249878345,,7512.53057486618,DART|DAILY_DISC,TRAILING_DART,,6829.573249878345,30.236149821466277,81954.87899854014,-60.31240726462948,5.0,0,3.0,63.971948918623156,34.48597445931158,제외,0.0,BULL,1.0,13.283513969726577,200일↑ | 거래량x1.5 | RSI우호,EPS스크랩,78.73711340206185
2026-05-05,528,528,유일로보틱스,388720,KQ,기타,104000.0,94270.0,103873.33333333333,97085.83333333333,87792.5,1,58.68730756985361,1806.5820339939578,1.0246114023369244,0,7.216494845360821,21.495327102803728,21.495327102803728,-2094.0073090975607,,-2303.408040007317,DART,TRAILING_DART,,-2094.0073090975607,-49.665538199491834,-25128.08770917073,-124.16162279727953,5.0,1,3.0,63.89065490557613,34.445327452788064,제외,0.0,BULL,1.0,13.283513969726577,200일↑ | RSI우호 | MACD+,적자,53.865979381443296
2026-05-05,529,529,인바디,041830,KQ,기타,29650.0,29347.5,30595.0,30637.916666666668,29268.5,1,50.46038213436156,91.30497223015826,0.710839764880809,0,-2.786885245901638,4.585537918871263,4.585537918871263,2224.452701611067,,2446.8979717721736,DART,TRAILING_DART,,2224.452701611067,13.329121351299532,26693.432419332803,-9.971560137157498,31.27488487998719,0,3.0,37.511328893527555,34.39310688675737,제외,0.0,BULL,1.0,13.283513969726577,200일↑ | RSI우호 | MACD+,,26.932989690721648
2026-05-05,530,530,유바이오로직스,206650,KQ,기타,12710.0,13317.0,13870.166666666666,12972.083333333334,13053.65,0,38.64629864493934,-54.354308369279664,1.0653487525404612,0,-6.6127847171197685,-5.572065378900448,-5.572065378900448,1123.646185786046,,1236.0108043646508,DART,TRAILING_DART,,1123.646185786046,11.311389795809013,13483.754229432554,6.08775947625928,43.957043659568534,0,3.0,24.74611852573311,34.35158109265082,제외,0.0,BULL,1.0,13.283513969726577,,,57.087628865979376
2026-05-05,531,531,현대바이오,048410,KQ,기타,14400.0,14034.5,14121.833333333334,9877.833333333334,8217.675,1,51.68372568803999,6.078447709853691,1.5072754781367181,0,-1.5721120984278913,10.769230769230775,10.769230769230775,-229.2960626874477,,-252.2256689561925,DART,TRAILING_DART,,-229.2960626874477,-62.80090391097804,-2751.552752249372,-119.10800522395397,5.0,1,3.0,63.693349939638814,34.346674969819404,제외,0.0,BULL,1.0,13.283513969726577,200일↑ | 거래량x1.5 | RSI우호 | MACD+,적자,78.22164948453609
2026-05-05,532,532,제노코,361390,KQ,기타,30200.0,29710.0,28986.666666666668,23870.833333333332,21057.9,1,51.48321575061368,-65.50073501785437,0.924165387475914,0,-0.330033003300334,7.282415630550632,7.282415630550632,-218.4523487613743,,-240.29758363751176,DART,TRAILING_DART,,-218.4523487613743,-138.24525197936356,-2621.4281851364917,-108.68022577859766,5.0,1,3.0,63.25145282464378,34.12572641232189,제외,0.0,BULL,1.0,13.283513969726577,200일↑ | RSI우호,적자,46.391752577319586
2026-05-05,533,533,한국토지신탁,034830,KS,기타,1586.0,1551.8,1518.15,1399.5416666666667,1357.59,1,52.82858737283686,4.628224217450931,0.6591743525400304,0,-0.0630119722747291,3.7279267495094803,3.7279267495094803,76.94603899738614,,84.64064289712476,DART,TRAILING_DART,,76.94603899738614,20.611847220022288,923.3524679686336,-41.78105498306219,5.0,0,3.0,63.19078738381984,34.09539369190992,제외,0.0,BULL,1.0,13.283513969726577,200일↑ | RSI우호 | MACD+,,21.262886597938145
2026-05-05,534,534,에스티팜,237690,KQ,기타,153800.0,147110.0,150123.33333333334,135462.5,118259.0,1,52.97924133710159,1650.0274008845286,0.5599916893245779,0,3.918918918918912,11.368573497465606,11.368573497465606,2617.642286551857,3094.0,3094.0,DART|DAILY_DISC,TRAILING_DART,,2617.642286551857,58.75516329719604,31411.707438622285,-79.57626304380867,5.0,0,3.0,62.838224021692554,33.91911201084628,제외,0.0,BULL,1.0,13.283513969726577,200일↑ | RSI우호 | MACD+,EPS스크랩,13.27319587628866
2026-05-05,535,535,NICE평가정보,030190,KS,기타,15030.0,15522.5,16409.333333333332,16573.666666666668,16014.55,0,39.497098455865675,6.2197752965465725,1.3838320493713134,0,-6.587942821628346,-7.450738916256161,-7.450738916256161,1325.2974399390462,,1457.827183932951,DART,TRAILING_DART,,1325.2974399390462,11.340850398602798,15903.569279268555,5.812170853416876,43.77791105472097,0,3.0,24.047296776688782,33.91260391570488,제외,0.0,BULL,1.0,13.283513969726577,MACD+,,74.35567010309279
2026-05-05,536,536,한전산업,130660,KS,기타,20600.0,19611.5,20155.666666666668,15819.5,14460.5,1,55.04133610975129,120.71517118795072,0.9501565125770104,0,-1.904761904761909,10.871905274488691,10.871905274488691,124.54195653374234,,136.9961521871166,DART,TRAILING_DART,,124.54195653374234,165.40610548718024,1494.503478404908,-92.74512874560725,5.0,0,3.0,62.80877448292673,33.90438724146337,제외,0.0,BULL,1.0,13.283513969726577,200일↑ | RSI우호 | MACD+,,48.1958762886598
2026-05-05,537,537,펄어비스,263750,KQ,기타,58500.0,57200.0,56555.0,48130.0,43114.0,1,51.80478193136954,228.8087284014453,0.5324605508301156,0,2.6315789473684292,-7.436708860759489,-7.436708860759489,-130.9758782919679,3844.0,3844.0,DART,TRAILING_DART,,-130.9758782919679,-446.6471289437997,-1571.7105395036147,-102.68668468291216,5.0,1,3.0,62.61531425744561,33.80765712872281,제외,0.0,BULL,1.0,13.283513969726577,200일↑ | RSI우호 | MACD+,적자,11.855670103092782
2026-05-05,538,538,코오롱티슈진,950160,KQ,기타,104800.0,102270.0,101358.33333333333,87479.16666666667,69513.5,1,52.107495083055895,122.49014519455477,0.810798787624447,0,3.7623762376237657,4.590818363273463,4.590818363273463,-1.5980598694416368,,-1.7578658563858007,DART,TRAILING_DART,,-1.5980598694416368,-65579.5205198521,-19.17671843329964,-100.01829839545162,5.0,1,3.0,62.53402422409984,33.76701211204992,제외,0.0,BULL,1.0,13.283513969726577,200일↑ | RSI우호 | MACD+,적자,36.21134020618557
2026-05-05,539,539,삼현,437730,KQ,기타,53500.0,51250.0,52513.333333333336,51020.416666666664,38199.3,1,52.539822014219375,470.7516708020471,0.8449841925600851,0,-0.92592592592593,1.1342155009451904,1.1342155009451904,305.628149867191,,336.1909648539101,DART,TRAILING_DART,,305.628149867191,175.04932063112685,3667.5377984062916,-93.1447891618574,5.0,0,3.0,62.525537171156884,33.76276858557844,제외,0.0,BULL,1.0,13.283513969726577,200일↑ | RSI우호 | MACD+,,39.69072164948454
2026-05-05,540,540,바이오플러스,099430,KQ,기타,5870.0,5580.0,5296.916666666667,5377.791666666667,5886.375,0,59.64292690359273,18.43198391585875,1.188749749982628,0,0.5136986301369939,11.809523809523803,11.809523809523803,324.4003735063324,,356.84041085696566,DART,TRAILING_DART,,324.4003735063324,18.094923678888474,3892.8044820759887,-33.68305822698486,10.527324051388245,0,3.0,56.787725774472264,33.657524912930256,제외,0.0,BULL,1.0,13.283513969726577,RSI우호 | MACD+,,64.81958762886599
2026-05-05,541,541,롯데칠성,005300,KS,기타,126400.0,120175.0,125438.33333333333,126871.66666666667,125146.0,1,61.07772628656432,806.8602443063437,3.4095070230092364,1,2.100161550888524,11.365638766519815,11.365638766519815,5517.727491258647,10718.0,10718.0,DART|DAILY_DISC,TRAILING_DART,,5517.727491258647,22.90798162835094,66212.72989510377,-47.616511158936895,5.0,0,3.0,62.085696268687414,33.54284813434371,제외,0.0,BULL,1.0,13.283513969726577,200일↑ | 20일돌파 | 거래량x3.4 | RSI우호 | MACD+,EPS스크랩,95.4896907216495
2026-05-05,542,542,코오롱생명과학,102940,KQ,기타,59600.0,57260.0,59328.333333333336,54268.333333333336,45448.0,1,54.16328758933383,385.79181979659324,1.1278221371874384,0,5.1146384479717755,8.561020036429866,8.561020036429866,1906.7271927045683,,2097.399911975025,DART,TRAILING_DART,,1906.7271927045683,31.257748999457696,22880.72631245482,-61.60951960997514,5.0,0,3.0,61.92288912675132,33.461444563375665,제외,0.0,BULL,1.0,13.283513969726577,200일↑ | RSI우호 | MACD+,,60.824742268041234
2026-05-05,543,543,디아이,003160,KS,기타,33800.0,31890.0,33275.0,29177.416666666668,24032.1,1,54.18879207431771,354.47367662740726,0.7499851113442395,0,-2.4531024531024515,19.43462897526502,19.43462897526502,477.64271056537103,,525.4069816219081,DART,TRAILING_DART,,477.64271056537103,70.76419099956948,5731.712526784452,-83.04227063081522,5.0,0,3.0,61.829786686350516,33.41489334317526,제외,0.0,BULL,1.0,13.283513969726577,200일↑ | RSI우호 | MACD+,,30.927835051546392
2026-05-05,544,544,한전KPS,051600,KS,기타,61400.0,60070.0,59390.0,56270.0,54211.25,1,53.27248062590042,238.96257102966695,1.247284658491549,0,-3.307086614173227,7.342657342657333,7.342657342657333,2761.145848377778,3456.0,3456.0,DART,TRAILING_DART,,2761.145848377778,22.237144783957568,33133.75018053333,-46.036237490988064,5.0,0,3.0,61.76503056827038,33.382515284135195,제외,0.0,BULL,1.0,13.283513969726577,200일↑ | RSI우호 | MACD+,,67.5257731958763
2026-05-05,545,545,큐리옥스바이오시스템즈,445680,KQ,기타,101200.0,89100.0,102485.0,100308.33333333333,81353.5,1,56.800819679342325,2419.49018908221,0.8331158049194888,0,11.699779249448117,30.749354005167962,30.749354005167962,-1587.4902189174393,,-1746.2392408091837,DART,TRAILING_DART,,-1587.4902189174393,-63.74842426998482,-19049.882627009272,-118.82399469072062,5.0,1,3.0,61.761936131058306,33.38096806552915,제외,0.0,BULL,1.0,13.283513969726577,200일↑ | RSI우호 | MACD+,적자,38.27319587628865
2026-05-05,546,546,올릭스,226950,KQ,기타,174200.0,170830.0,169041.66666666666,151967.5,120395.5,1,49.5569878339863,657.9200242804692,0.5815383290946722,0,-4.443225452550736,6.219512195121957,6.219512195121957,-775.4778005636587,,-853.0255806200246,DART,TRAILING_DART,,-775.4778005636587,-224.6357018516612,-9305.733606763904,-105.34198255267732,5.0,1,3.0,61.4354974105777,33.217748705288855,제외,0.0,BULL,1.0,13.283513969726577,200일↑ | RSI우호 | MACD+,적자,14.948453608247423
2026-05-05,547,547,코스맥스,192820,KS,기타,209000.0,205550.0,194313.33333333334,183475.0,199233.5,1,52.926171072275615,-225.41080894081915,0.8993372908564751,0,-7.929515418502198,10.406761753829908,10.406761753829908,11549.061129252375,12485.0,12485.0,DART,TRAILING_DART,,11549.061129252375,18.096709131673766,138588.7335510285,-33.6896011717567,10.521598974712887,0,3.0,55.621787802889216,33.07169338880105,제외,0.0,BULL,1.0,13.283513969726577,200일↑ | RSI우호,,44.329896907216494
2026-05-05,548,548,재영솔루텍,049630,KQ,기타,14850.0,14697.5,20112.5,16021.0,11271.525,1,46.40805393283495,399.1158806814965,2.9565220406691264,0,7.027027027027022,-2.463054187192115,-2.463054187192115,72.31973677637069,,79.55171045400776,DART,TRAILING_DART,,72.31973677637069,205.33813675123884,867.8368413164483,-94.1559808665559,5.0,0,3.0,60.86001926172677,32.93000963086338,제외,0.0,BULL,1.0,13.283513969726577,200일↑ | 거래량x3.0 | RSI우호 | MACD+,,94.3298969072165
2026-05-05,549,549,현대건설,000720,KS,기타,159400.0,172120.0,152436.66666666666,114928.33333333333,94318.5,1,44.7695532522055,-2773.077284526492,0.712587536117433,0,-7.861271676300574,5.493050959629375,5.493050959629375,5020.557310167103,4318.0,4318.0,DART|DAILY_DISC,TRAILING_DART,,5020.557310167103,31.74946328711355,60246.68772200524,-62.20408549435054,5.0,0,3.0,60.800145507691596,32.9000727538458,제외,0.0,BULL,1.0,13.283513969726577,200일↑,EPS스크랩,27.190721649484534
2026-05-05,550,550,CJ제일제당,097950,KS,기타,241000.0,236725.0,220613.33333333334,216981.66666666666,225786.5,1,59.42715741158943,-115.10974518626972,0.800297937264984,0,2.1186440677966045,6.63716814159292,6.63716814159292,-27696.974648778752,22916.0,22916.0,DART|DAILY_DISC,TRAILING_DART,,-27696.974648778752,-8.701311354618525,-332363.69578534504,-237.9102472138361,5.0,1,3.0,60.71247972319462,32.85623986159731,제외,0.0,BULL,1.0,13.283513969726577,200일↑ | RSI우호,"EPS스크랩,적자",35.30927835051546
2026-05-05,551,551,LG씨엔에스,064400,KS,기타,65900.0,64565.0,65678.33333333333,64263.333333333336,65992.0,0,52.64246521985541,149.69609214336447,0.7789408536489699,0,-1.199400299850073,14.409722222222232,14.409722222222232,4532.727449805208,5114.0,5114.0,DART|DAILY_DISC,TRAILING_DART,,4532.727449805208,14.53870781549683,54392.7293976625,-17.461715633289078,24.720998820872055,0,3.0,40.92080835652648,32.82090358869927,제외,0.0,BULL,1.0,13.283513969726577,RSI우호 | MACD+,EPS스크랩,33.24742268041237
2026-05-05,552,552,광동제약,009290,KS,기타,8350.0,8345.0,8345.5,7138.25,6690.5,1,48.90115554141751,2.5525418028674878,0.9808854570828682,0,-0.9489916963226541,0.48134777376653837,0.48134777376653837,428.2907790327224,,471.1198569359947,DART,TRAILING_DART,,428.2907790327224,19.49610033365215,5139.489348392669,-38.44922936056684,6.3569243095040155,0,3.0,59.013731588705,32.685327949104504,제외,0.0,BULL,1.0,13.283513969726577,200일↑ | RSI우호 | MACD+,,50.51546391752577
2026-05-05,553,553,에코프로에이치엔,383310,KQ,기타,32850.0,31505.0,32639.166666666668,29566.666666666668,28076.75,1,55.19625226890906,169.0431027479612,0.9825622904162733,0,1.0769230769230864,12.11604095563139,12.11604095563139,630.3224054313978,,693.3546459745376,DART,TRAILING_DART,,630.3224054313978,52.116186441948216,7563.868865176773,-76.97452400250602,5.0,0,3.0,60.13350414677961,32.56675207338981,제외,0.0,BULL,1.0,13.283513969726577,200일↑ | RSI우호 | MACD+,,50.77319587628865
2026-05-05,554,554,국일제지,078130,KQ,기타,436.0,386.05,342.4166666666667,348.825,423.9948175048828,1,63.03177280698299,3.220206016866559,0.0,0,0.4608294930875667,36.677115987460816,36.677115987460816,-1.6469018077341553,,-1.8115919885075709,DART,TRAILING_DART,,-1.6469018077341553,-264.73952360272085,-19.762821692809865,-104.5327572689931,5.0,1,3.0,59.98870130409584,32.49435065204792,제외,0.0,BULL,1.0,13.283513969726577,200일↑ | RSI우호 | MACD+,적자,0.19329896907216496
2026-05-05,555,555,코스메카코리아,241710,KQ,기타,79400.0,82200.0,83171.66666666667,77697.5,72965.0,1,43.64006232190072,-442.7637224481084,0.7919613580506185,0,-7.6744186046511675,3.520208604954367,3.520208604954367,5415.586619194756,6132.0,6132.0,DART,TRAILING_DART,,5415.586619194756,14.661384921548164,64987.03943033707,-18.152343286729135,24.116699624112005,0,3.0,40.64803565569925,32.38236763990563,제외,0.0,BULL,1.0,13.283513969726577,200일↑,,34.40721649484536
2026-05-05,556,556,삼표시멘트,038500,KQ,기타,16290.0,16313.0,16054.0,10141.916666666666,7390.25,1,51.1085437338531,-4.159339768255933,0.4921302279241281,0,0.6176652254478165,13.282336578581354,13.282336578581354,378.10375431123447,,415.91412974235794,DART,TRAILING_DART,,378.10375431123447,43.083412460884894,4537.245051734813,-72.14705308941183,5.0,0,3.0,59.69518921890185,32.34759460945092,제외,0.0,BULL,1.0,13.283513969726577,200일↑ | RSI우호,,9.536082474226804
2026-05-05,557,557,에스오에스랩,464080,KQ,기타,16850.0,15858.0,16752.333333333332,15669.416666666666,13704.65,1,54.34578673971834,139.13538022414406,0.7856754203488431,0,-0.3548196333530429,15.56927297668038,15.56927297668038,-986.348088445758,,-1084.9828972903338,DART,TRAILING_DART,,-986.348088445758,-17.083218589242115,-11836.177061349095,-170.24437425132993,5.0,1,3.0,59.6632213228324,32.3316106614162,제외,0.0,BULL,1.0,13.283513969726577,200일↑ | RSI우호 | MACD+,적자,34.02061855670103
2026-05-05,558,558,흥아해운,003280,KS,기타,2880.0,3194.25,2767.45,2196.758333333333,2005.785,1,44.123502458147954,-73.45441621169795,0.16969009711731675,0,-8.860759493670889,-29.584352078239608,-29.584352078239608,126.1283023519124,,138.74113258710364,DART,TRAILING_DART,,126.1283023519124,22.83389173006127,1513.5396282229487,-47.446540686703166,5.0,0,3.0,59.635190392297204,32.3175951961486,제외,0.0,BULL,1.0,13.283513969726577,200일↑,,0.6443298969072164
2026-05-05,559,559,에코마케팅,230360,KQ,기타,16000.0,16004.0,15932.166666666666,14361.583333333334,13560.0,1,61.17261420508282,-8.56350797116825,0.6359368693327063,0,-0.06246096189881367,0.0,0.0,570.5787884146843,,627.6366672561527,DART,TRAILING_DART,,570.5787884146843,28.04170138265208,6846.945460976211,-57.20659086889868,5.0,0,3.0,59.55231671875251,32.276158359376254,제외,0.0,BULL,1.0,13.283513969726577,200일↑ | RSI우호,,19.201030927835053
2026-05-05,560,560,현대위아,011210,KS,기타,82900.0,81950.0,83875.0,77725.83333333333,67200.75,1,49.99767579568116,249.26209236693063,0.8957497307595619,0,0.24183796856105388,8.224543080939938,8.224543080939938,4299.7478625088215,7116.0,7116.0,DART|DAILY_DISC,TRAILING_DART,,4299.7478625088215,19.28020029333288,51596.974350105855,-37.75998268986025,6.96001514637228,0,3.0,57.573293056553055,32.26665410146267,제외,0.0,BULL,1.0,13.283513969726577,200일↑ | RSI우호 | MACD+,EPS스크랩,43.55670103092783
2026-05-05,561,561,세미파이브,490470,KQ,기타,48800.0,35257.5,29544.166666666668,,,0,74.07105051928076,967.6511393172214,1.5834502949828502,1,25.128205128205128,109.44206008583693,109.44206008583693,-1660.43124528926,,-1826.4743698181865,DART,TRAILING_DART,,-1660.43124528926,-29.389955253159947,-19925.17494347112,-140.8302765235064,5.0,1,3.0,59.43639328437713,32.218196642188566,제외,0.0,BULL,1.0,13.283513969726577,20일돌파 | 거래량x1.6 | MACD+,적자,80.9278350515464
2026-05-05,562,562,큐렉소,060280,KQ,기타,16200.0,15680.0,16289.333333333334,14843.25,12557.4,1,52.002914890290704,123.6243041667708,0.8371667430779667,0,-4.255319148936165,8.361204013377922,8.361204013377922,67.17165906564236,,73.8888249722066,DART,TRAILING_DART,,67.17165906564236,241.17314095471167,806.0599087877083,-95.02432155069316,5.0,0,3.0,59.216937008090646,32.10846850404532,제외,0.0,BULL,1.0,13.283513969726577,200일↑ | RSI우호 | MACD+,,39.04639175257732
2026-05-05,563,563,휴림로봇,090710,KQ,기타,12510.0,11662.5,12769.666666666666,10359.458333333334,7575.2,1,53.80184502505709,211.60059502688648,0.6285459842409027,0,-5.584905660377359,14.981617647058831,14.981617647058831,-251.7984731049733,,-276.97832041547065,DART,TRAILING_DART,,-251.7984731049733,-49.68258880102364,-3021.58167725968,-124.15333075347465,5.0,1,3.0,59.08262955910197,32.04131477955099,제외,0.0,BULL,1.0,13.283513969726577,200일↑ | RSI우호 | MACD+,적자,18.556701030927837
2026-05-05,564,564,제우스,079370,KQ,기타,16900.0,16062.5,16826.666666666668,15792.833333333334,14960.7,1,54.783867673604675,104.61339933649488,1.5272738433652842,0,-0.7633587786259555,15.912208504801107,15.912208504801107,-455.749736321932,,-501.3247099541253,DART,TRAILING_DART,,-455.749736321932,-37.08175486043989,-5468.996835863184,-132.36092802285907,5.0,1,3.0,58.327640039282144,31.663820019641072,제외,0.0,BULL,1.0,13.283513969726577,200일↑ | 거래량x1.5 | RSI우호 | MACD+,적자,78.8659793814433
2026-05-05,565,565,GKL,114090,KS,기타,12380.0,11907.5,12316.166666666666,13219.333333333334,14467.55,0,59.57315882260551,59.89862899051016,1.8720208798282723,1,4.121110176619003,9.363957597173144,9.363957597173144,761.0031827640053,868.0,868.0,DART,TRAILING_DART,,761.0031827640053,16.268000292765088,9132.038193168064,-26.235555790241804,17.04388868353842,0,3.0,46.155520311441485,31.599704497489952,제외,0.0,BULL,1.0,13.283513969726577,20일돌파 | 거래량x1.9 | RSI우호 | MACD+,,86.72680412371135
2026-05-05,566,566,쓰리빌리언,394800,KQ,기타,13130.0,12343.5,13388.0,14034.166666666666,11287.55,1,51.95409872123093,211.28300237723676,0.8728046727810977,0,-5.743000717875091,8.154859967051076,8.154859967051076,-170.3731293533084,,-187.41044228863925,DART,TRAILING_DART,,-170.3731293533084,-77.06614329288912,-2044.4775522397008,-115.5710400018256,5.0,1,3.0,58.10366564734439,31.551832823672196,제외,0.0,BULL,1.0,13.283513969726577,200일↑ | RSI우호 | MACD+,적자,41.75257731958763
2026-05-05,567,567,에코프로,086520,KQ,기타,155800.0,152850.0,155985.0,128276.66666666667,99764.5,1,52.23029948555293,310.45887438633895,0.7477845180783776,0,-0.5108556832694733,10.106007067137801,10.106007067137801,-777.3058936594402,,-855.0364830253843,DART,TRAILING_DART,,-777.3058936594402,-200.4358918038262,-9327.670723913283,-105.98695168415486,5.0,1,3.0,58.101730295661326,31.550865147830663,제외,0.0,BULL,1.0,13.283513969726577,200일↑ | RSI우호 | MACD+,적자,30.670103092783506
2026-05-05,568,568,에코아이,448280,KQ,기타,12390.0,11429.5,11306.0,11204.083333333334,12122.05,1,60.63940002071548,164.6022396539634,0.9858384711793657,0,0.48661800486617945,7.92682926829269,7.92682926829269,60.23443203935969,,66.25787524329566,DART,TRAILING_DART,,60.23443203935969,205.69630326893193,722.8131844723163,-94.16615670320971,5.0,0,3.0,58.03385148211322,31.51692574105661,제외,0.0,BULL,1.0,13.283513969726577,200일↑ | RSI우호 | MACD+,,51.41752577319587
2026-05-05,569,569,아이쓰리시스템,214430,KQ,기타,105800.0,102470.0,104015.0,92117.5,91927.5,1,52.6972859118992,525.4231898008975,0.6851475649101734,0,-2.398523985239853,6.8686868686868685,6.8686868686868685,2570.517072509841,,2827.568779760825,DART,TRAILING_DART,,2570.517072509841,41.159034161441056,30846.20487011809,-70.84479690915114,5.0,0,3.0,57.8444821888544,31.4222410944272,제외,0.0,BULL,1.0,13.283513969726577,200일↑ | RSI우호 | MACD+,,24.613402061855673
2026-05-05,570,570,에이치브이엠,295310,KQ,기타,89600.0,87950.0,88555.0,68442.08333333333,52089.0,1,50.48962577997616,10.989067189577938,0.5861055856778956,0,4.918032786885251,2.2831050228310446,2.2831050228310446,1048.5596299283022,,1153.4155929211329,DART,TRAILING_DART,,1048.5596299283022,85.45055277984201,12582.715559139626,-85.95679067060308,5.0,0,3.0,57.7872689129976,31.3936344564988,제외,0.0,BULL,1.0,13.283513969726577,200일↑ | RSI우호 | MACD+,,15.335051546391753
2026-05-05,571,571,한솔케미칼,014680,KS,기타,286500.0,281575.0,287850.0,262616.6666666667,233280.0,1,51.27374696093929,947.5299580055216,0.6791909785595241,0,-2.2184300341296925,8.31758034026464,8.31758034026464,13028.345038761428,15688.0,15688.0,DART,TRAILING_DART,,13028.345038761428,21.990513695148255,156340.14046513714,-45.431015544454745,5.0,0,3.0,57.564482037723174,31.282241018861587,제외,0.0,BULL,1.0,13.283513969726577,200일↑ | RSI우호 | MACD+,,23.840206185567013
2026-05-05,572,572,실리콘투,257720,KQ,기타,43400.0,45047.5,41887.5,42755.833333333336,44291.25,0,47.70561625263866,-515.9641327605002,1.120224428217652,0,-11.065573770491799,10.432569974554706,10.432569974554706,2755.916321197632,3359.0,3359.0,DART,TRAILING_DART,,2755.916321197632,15.747938232442328,33070.995854371584,-23.799548722646126,19.175394867684638,0,3.0,43.00364033883454,31.08951760325959,제외,0.0,BULL,1.0,13.283513969726577,RSI우호,,60.30927835051546
2026-05-05,573,573,SK오션플랜트,100090,KS,기타,23500.0,24237.5,21987.833333333332,20730.166666666668,21286.25,1,48.04491066870097,-140.53242417701918,0.3883330761651319,0,1.5118790496760237,-22.18543046357616,-22.18543046357616,600.3835848861607,813.0,813.0,DART,TRAILING_DART,,600.3835848861607,39.14164309548179,7204.6030186339285,-69.34211481432371,5.0,0,3.0,56.95971768583077,30.979858842915384,제외,0.0,BULL,1.0,13.283513969726577,200일↑ | RSI우호,,4.639175257731959
2026-05-05,574,574,유진로봇,056080,KQ,기타,26900.0,25367.5,29385.833333333332,23367.083333333332,18493.05,1,52.89238855818729,420.7597311421885,1.0830393461130494,0,4.061895551257244,9.127789046653145,9.127789046653145,-186.1740659133605,,-204.7914725046966,DART,TRAILING_DART,,-186.1740659133605,-144.48843810779965,-2234.088790960326,-108.30516279167408,5.0,1,3.0,56.76864839848043,30.884324199240215,제외,0.0,BULL,1.0,13.283513969726577,200일↑ | RSI우호 | MACD+,적자,57.73195876288659
2026-05-05,575,575,인탑스,049070,KQ,기타,18750.0,17878.0,18353.333333333332,17827.333333333332,17074.55,1,57.63379642758295,137.68754620442,1.0243808045443443,0,0.0,13.498789346246976,13.498789346246976,474.48715441860463,,521.9358698604651,DART,TRAILING_DART,,474.48715441860463,39.51634902102803,5693.845853023256,-69.6328221172093,5.0,0,3.0,56.58025300255741,30.790126501278706,제외,0.0,BULL,1.0,13.283513969726577,200일↑ | RSI우호 | MACD+,,53.73711340206185
2026-05-05,576,576,뉴로메카,348340,KQ,기타,67600.0,64050.0,71065.0,56840.833333333336,43983.75,1,52.65106988377468,488.50511877329916,1.1850357382894965,0,-3.290414878397707,18.181818181818187,18.181818181818187,-1778.9097711231643,,-1956.8007482354808,DART,TRAILING_DART,,-1778.9097711231643,-38.0008031308518,-21346.917253477972,-131.57827996076622,5.0,1,3.0,56.5531266270357,30.77656331351785,제외,0.0,BULL,1.0,13.283513969726577,200일↑ | RSI우호 | MACD+,적자,64.5618556701031
2026-05-05,577,577,케어젠,214370,KQ,기타,105400.0,97585.0,111336.66666666667,93081.66666666667,78197.75,1,53.22588158381269,1663.399474699062,0.4511934871583997,0,-2.316960148285452,-1.9534883720930263,-1.9534883720930263,374.1701557293121,,411.58717130224335,DART|DAILY_DISC,TRAILING_DART,,374.1701557293121,281.6900236058647,4490.041868751745,-95.73999822699075,5.0,0,3.0,56.47756519712082,30.73878259856041,제외,0.0,BULL,1.0,13.283513969726577,200일↑ | RSI우호 | MACD+,EPS스크랩,6.572164948453609
2026-05-05,578,578,보로노이,310210,KQ,기타,292000.0,296125.0,291366.6666666667,254049.16666666666,211036.5,1,47.66520259339877,-1835.0343637008534,0.7940534788832666,0,-4.730831973898864,4.659498207885315,4.659498207885315,-2320.7225704510624,,-2552.794827496169,DART,TRAILING_DART,,-2320.7225704510624,-125.82288107933816,-27848.67084541275,-109.53721604294957,5.0,1,3.0,56.23519576979336,30.61759788489668,제외,0.0,BULL,1.0,13.283513969726577,200일↑ | RSI우호,적자,34.79381443298969
2026-05-05,579,579,씨어스,458870,KQ,기타,48800.0,46545.0,50025.55559895833,45867.77781575521,34427.75000976562,1,50.62687703076354,533.4814991522263,0.664081774238084,0,-5.973025048169555,2.5210084033613356,2.5210084033613356,421.5892841884889,1141.0,1141.0,DART,TRAILING_DART,,421.5892841884889,115.75246769835343,5059.071410261867,-89.63305038880765,5.0,0,3.0,56.224636844062466,30.612318422031233,제외,0.0,BULL,1.0,13.283513969726577,200일↑ | RSI우호 | MACD+,,21.649484536082475
2026-05-05,580,580,메디아나,041920,KQ,기타,20950.0,19953.5,21271.0,15454.416666666666,11450.7,1,53.90829361515501,120.1147966702188,0.7137870505504125,0,4.488778054862852,11.792956243329765,11.792956243329765,283.60217161607324,,311.9623887776806,DART,TRAILING_DART,,283.60217161607324,73.87108455700081,3403.2260593928786,-83.75548420337529,5.0,0,3.0,56.220168896251536,30.610084448125768,제외,0.0,BULL,1.0,13.283513969726577,200일↑ | RSI우호 | MACD+,,27.31958762886598
2026-05-05,581,581,농심,004370,KS,기타,381000.0,377000.0,393816.6666666667,411325.0,414255.0,0,51.188621367548855,1252.053669368033,1.3518063235376783,0,-0.1310615989515096,3.8147138964577554,3.8147138964577554,27957.33328477987,30570.0,30570.0,DART,TRAILING_DART,,27957.33328477987,13.627909218631325,335487.9994173584,-11.945406977071283,29.547768895062624,0,3.0,31.645877608394933,30.59682325172878,제외,0.0,BULL,1.0,13.283513969726577,RSI우호 | MACD+,,72.68041237113401
2026-05-05,582,582,삼양식품,003230,KS,기타,1316000.0,1292950.0,1196616.6666666667,1234941.6666666667,1317640.0,0,55.168894598264494,-5574.216776230496,1.396475020011304,0,0.07604562737641984,6.129032258064515,6.129032258064515,51596.03090196953,70582.0,70582.0,DART|DAILY_DISC,TRAILING_DART,,51596.03090196953,25.505837890909657,619152.3708236343,-52.95194750580286,5.0,0,3.0,55.98261348010086,30.49130674005043,제외,0.0,BULL,1.0,13.283513969726577,RSI우호,EPS스크랩,74.61340206185567
2026-05-05,583,583,SK아이이테크놀로지,361610,KS,기타,26800.0,24857.5,24135.833333333332,25850.0,27142.5,0,60.28076678631561,207.05626499387301,1.1517873173658006,0,-3.2490974729241895,27.315914489311165,27.315914489311165,-2584.9789025408654,-2306.0,-2306.0,DART,TRAILING_DART,,-2584.9789025408654,-10.367589450597585,-31019.746830490385,-215.7453239943671,5.0,1,3.0,55.68380333650889,30.341901668254444,제외,0.0,BULL,1.0,13.283513969726577,RSI우호 | MACD+,적자,62.5
2026-05-05,584,584,온코닉테라퓨틱스,476060,KQ,기타,21500.0,21982.5,21403.833333333332,19808.25,16092.425,1,47.14613287979562,-155.9921090819875,0.5962802008916751,0,-4.231625835189313,5.9113300492610765,5.9113300492610765,351.63178863139774,,386.7949674945376,DART,TRAILING_DART,,351.63178863139774,61.1435049250841,4219.581463576773,-80.37403970429408,5.0,0,3.0,55.56279297281545,30.281396486407726,제외,0.0,BULL,1.0,13.283513969726577,200일↑ | RSI우호,,16.49484536082474
2026-05-05,585,585,한화오션,042660,KS,기타,133000.0,128905.0,130390.0,127288.33333333333,119892.75,1,54.65067390084642,513.2674800089821,0.7396617560107667,0,-1.4084507042253502,3.90625,3.90625,4066.145810218727,4475.0,4475.0,DART|DAILY_DISC,TRAILING_DART,,4066.145810218727,32.70910739741663,48793.74972262472,-63.31297013336488,5.0,0,3.0,54.67020408917196,29.83510204458598,제외,0.0,BULL,1.0,13.283513969726577,200일↑ | RSI우호 | MACD+,EPS스크랩,30.025773195876287
2026-05-05,586,586,고려아연,010130,KS,기타,1629000.0,1621050.0,1656200.0,1506200.0,1273790.0,1,50.99224893223494,-3169.8812856577897,0.6772962206393008,0,-0.7917174177831887,9.770889487870615,9.770889487870615,36901.76213513276,65142.0,65142.0,DART,TRAILING_DART,,36901.76213513276,44.14423338470038,442821.1456215931,-72.81638148424842,5.0,0,3.0,54.5938794872502,29.7969397436251,제외,0.0,BULL,1.0,13.283513969726577,200일↑ | RSI우호,,23.45360824742268
2026-05-05,587,587,파인엠텍,441270,KQ,기타,10940.0,10469.0,10244.5,9895.416666666666,10180.7,1,54.96575496382075,-35.170510081697756,0.7920462650131027,0,1.862197392923659,15.644820295983086,15.644820295983086,-370.4294987258498,,-407.4724485984348,DART,TRAILING_DART,,-370.4294987258498,-29.533285112632342,-4445.153984710198,-140.63212051837473,5.0,1,3.0,54.39746433859531,29.698732169297656,제외,0.0,BULL,1.0,13.283513969726577,200일↑ | RSI우호,적자,34.5360824742268
2026-05-05,588,588,HLB제약,047920,KQ,기타,17270.0,17639.0,16414.166666666668,16416.25,15906.85,1,50.129729698081185,-136.1914131246691,0.7125741120721906,0,-0.1734104046242746,5.112598904443089,5.112598904443089,139.38506673728594,,153.32357341101454,DART,TRAILING_DART,,139.38506673728594,123.90136478931872,1672.6208008474314,-90.31487665982958,5.0,0,3.0,54.185784937094056,29.592892468547028,제외,0.0,BULL,1.0,13.283513969726577,200일↑ | RSI우호,,27.061855670103093
2026-05-05,589,589,부광약품,003000,KS,기타,6290.0,7439.5,6389.333333333333,5127.75,4484.2,1,39.03259281934737,-247.02156441408437,0.44904213818958705,0,-17.88511749347258,-24.940334128878284,-24.940334128878284,126.01349225600724,,138.61484148160798,DART,TRAILING_DART,,126.01349225600724,49.9152899216643,1512.161907072087,-75.95927015783646,5.0,0,3.0,53.98410251320816,29.49205125660408,제외,0.0,BULL,1.0,13.283513969726577,200일↑,,6.056701030927835
2026-05-05,590,590,석경에이티,357550,KQ,기타,58000.0,55005.0,55061.666666666664,57075.0,55007.0,1,58.03291843022932,400.7474974607437,0.6106756904268092,0,-1.6949152542372836,12.840466926070038,12.840466926070038,696.2832445462878,,765.9115690009166,DART,TRAILING_DART,,696.2832445462878,83.2994337495425,8355.398934555455,-85.59413976800784,5.0,0,3.0,53.918200705755275,29.459100352877638,제외,0.0,BULL,1.0,13.283513969726577,200일↑ | RSI우호 | MACD+,,17.525773195876287
2026-05-05,591,591,파마리서치,214450,KQ,기타,339000.0,307675.0,323341.6666666667,377741.6666666667,466125.0,0,60.95562659056983,4259.844795565492,3.7243543714380563,1,4.9535603715170184,16.695352839931154,16.695352839931154,16194.526982434823,18767.0,18767.0,DART|DAILY_DISC,TRAILING_DART,,16194.526982434823,20.932997942310497,194334.3237892179,-42.67424077014221,5.0,0,3.0,53.915610645677575,29.457805322838787,제외,0.0,BULL,1.0,13.283513969726577,20일돌파 | 거래량x3.7 | RSI우호 | MACD+,EPS스크랩,96.26288659793815
2026-05-05,592,592,에이프릴바이오,397030,KQ,기타,57700.0,57935.0,61431.666666666664,53640.416666666664,42398.2,1,46.925555905706666,299.1021398157178,1.329416436225988,0,-6.785137318255252,12.038834951456302,12.038834951456302,-416.7487877756341,-271.0,-271.0,DART,TRAILING_DART,,-416.7487877756341,-138.45271226335052,-5000.9854533076095,-108.66721915651232,5.0,1,3.0,53.85387850188568,29.42693925094284,제외,0.0,BULL,1.0,13.283513969726577,200일↑ | RSI우호 | MACD+,적자,71.52061855670104
2026-05-05,593,593,엔젤로보틱스,455900,KQ,기타,30200.0,28445.0,29714.166666666668,30675.833333333332,28262.0,1,59.875762549659925,319.67465903046383,1.13888054588092,0,3.9586919104991347,17.50972762645915,17.50972762645915,-637.1730700024812,,-700.8903770027293,DART,TRAILING_DART,,-637.1730700024812,-47.39685561394238,-7646.076840029774,-125.31813523188666,5.0,1,3.0,53.42545440880274,29.21272720440137,제외,0.0,BULL,1.0,13.283513969726577,200일↑ | RSI우호 | MACD+,적자,61.5979381443299
2026-05-05,594,594,KH바텍,060720,KQ,기타,14080.0,13913.0,14975.5,13727.916666666666,13242.4,1,49.504231719946624,61.89750990214327,1.0453815446420678,0,-2.7624309392265234,7.480916030534357,7.480916030534357,861.2391389661096,987.0,987.0,DART,TRAILING_DART,,861.2391389661096,16.348537082165812,10334.869667593315,-26.598937019933842,16.725930107557886,0,3.0,41.13456784567265,28.930248976615268,제외,0.0,BULL,1.0,13.283513969726577,200일↑ | RSI우호 | MACD+,,55.79896907216495
2026-05-05,595,595,서울보증보험,031210,KS,기타,47150.0,48597.5,53115.833333333336,51485.416666666664,49390.25,0,37.444402530254,42.60299966209095,0.5868636225366772,0,-5.888223552894212,-2.178423236514526,-2.178423236514526,3844.2397252781298,,4228.663697805943,DART,TRAILING_DART,,3844.2397252781298,12.265103991814327,46130.876703337555,-2.161449197587373,38.10873195211105,0,3.0,19.484326170272222,28.796529061191634,제외,0.0,BULL,1.0,13.283513969726577,MACD+,,15.463917525773196
2026-05-05,596,596,DXVX,180400,KQ,기타,4355.0,4784.75,4626.416666666667,3595.266666666667,3052.805,1,40.203825826994404,-62.46303189390891,1.4271308802382656,0,-8.315789473684209,-9.459459459459463,-9.459459459459463,-300.566988936805,,-330.6236878304855,DART,TRAILING_DART,,-300.566988936805,-14.489282457148514,-3606.8038672416596,-182.81983621680044,5.0,1,3.0,52.54599042394282,28.77299521197141,제외,0.0,BULL,1.0,13.283513969726577,200일↑,적자,76.67525773195877
2026-05-05,597,597,KCC글라스,344820,KS,기타,28950.0,27937.5,27377.5,27013.75,28074.5,1,62.68630865117179,89.57526445986696,1.0341403412112165,0,0.8710801393728262,15.568862275449092,15.568862275449092,-5237.333611971864,,-5761.066973169051,DART,TRAILING_DART,,-5237.333611971864,-5.527621905510098,-62848.00334366237,-317.0915486827716,5.0,1,3.0,52.44856572146901,28.724282860734505,제외,0.0,BULL,1.0,13.283513969726577,200일↑ | RSI우호 | MACD+,적자,54.63917525773196
2026-05-05,598,598,종근당,185750,KS,기타,86100.0,88005.0,88950.0,87075.0,85340.5,1,43.18157749300823,-298.17576241029104,1.1195002210381815,0,-3.4753363228699596,-2.3809523809523836,-2.3809523809523836,5638.483010958662,5216.0,5216.0,DART,TRAILING_DART,,5638.483010958662,15.270064631330897,67661.79613150394,-21.414870927405406,21.261987938520267,0,3.0,36.10709417217522,28.684541055347744,제외,0.0,BULL,1.0,13.283513969726577,200일↑,,60.051546391752574
2026-05-05,599,599,네오위즈,095660,KQ,기타,21900.0,23285.0,25176.666666666668,25447.083333333332,25213.5,0,32.2602042531675,-90.61851426378405,0.7447457645104979,0,-7.594936708860756,-6.8085106382978715,-6.8085106382978715,2061.9860445364047,1992.0,1992.0,DART|DAILY_DISC,TRAILING_DART,,2061.9860445364047,10.620828428023511,24743.832534436857,12.985536686926281,48.440598846502084,0,3.0,8.913902937298767,28.677250891900425,제외,0.0,BULL,1.0,13.283513969726577,상승여력 13%,EPS스크랩,30.541237113402065
2026-05-05,600,600,켄코아에어로스페이스,274090,KQ,기타,21950.0,22110.5,22512.666666666668,19058.5,15918.7,1,48.38974628559113,-99.86261905773705,0.6685800433734551,0,-4.357298474945537,12.333674513817815,12.333674513817815,-1127.618654114495,,-1240.3805195259447,DART,TRAILING_DART,,-1127.618654114495,-19.465800711887887,-13531.42384937394,-161.6465779014758,5.0,1,3.0,52.2326978937733,28.61634894688665,제외,0.0,BULL,1.0,13.283513969726577,200일↑ | RSI우호,적자,22.036082474226802
2026-05-05,601,601,페니트리움바이오,187660,KQ,기타,9410.0,13148.0,11935.083333333334,7279.5,5298.61,1,36.13240132573542,-439.31559362318166,1.5310553408680292,0,-21.583333333333332,-9.257473481195754,-9.257473481195754,-267.3649322228419,,-294.1014254451261,DART,TRAILING_DART,,-267.3649322228419,-35.19534114577525,-3208.379186674103,-134.09542174999046,5.0,1,3.0,52.09043459834626,28.54521729917313,제외,0.0,BULL,1.0,13.283513969726577,200일↑ | 거래량x1.5,적자,78.99484536082474
2026-05-05,602,602,한일시멘트,300720,KS,기타,17300.0,17112.5,17179.333333333332,17507.083333333332,18198.25,0,53.89673649255511,41.405976415740895,0.6797487461654574,0,1.2880562060889833,7.654013690105788,7.654013690105788,1103.2930256952563,,1213.622328264782,DART,TRAILING_DART,,1103.2930256952563,15.680331151461916,13239.516308343076,-23.471003998016904,19.462871501735208,0,3.0,37.28064882838638,28.371760165060795,제외,0.0,BULL,1.0,13.283513969726577,RSI우호 | MACD+,,24.0979381443299
2026-05-05,603,603,퓨쳐켐,220100,KQ,기타,20400.0,18977.0,20695.333333333332,24531.833333333332,22221.15,0,56.53476307568641,182.2809540699015,7.1355322996928,1,5.864037363777896,10.032362459546928,10.032362459546928,-615.9001552563782,,-677.4901707820161,DART,TRAILING_DART,,-615.9001552563782,-33.12225175768656,-7390.801863076538,-136.229420897434,5.0,1,3.0,51.70045829077119,28.350229145385594,제외,0.0,BULL,1.0,13.283513969726577,20일돌파 | 거래량x7.1 | RSI우호 | MACD+,적자,98.58247422680412
2026-05-05,604,604,지아이이노베이션,358570,KQ,기타,15830.0,14647.5,14391.833333333334,15670.416666666666,16684.5,0,56.70666172389163,193.05198999654135,1.008525034309619,0,-1.1860174781523125,26.33679169992018,26.33679169992018,-546.9519444342825,,-601.6471388777107,DART,TRAILING_DART,,-546.9519444342825,-28.942213591311237,-6563.42333321139,-141.46192882635117,5.0,1,3.0,51.63100403218586,28.31550201609293,제외,0.0,BULL,1.0,13.283513969726577,RSI우호 | MACD+,적자,52.57731958762887
2026-05-05,605,605,오리엔탈정공,014940,KQ,기타,7960.0,7510.0,7417.666666666667,7883.166666666667,8087.05,0,57.15935425785164,51.061555244803685,0.5484631857519117,0,-4.670658682634732,20.789074355083457,20.789074355083457,420.0342580553272,,462.03768386086,DART,TRAILING_DART,,420.0342580553272,18.950835193427256,5040.411096663926,-36.67825255447329,7.906529014835872,0,3.0,48.67269581187089,28.28961241335338,제외,0.0,BULL,1.0,13.283513969726577,RSI우호 | MACD+,,12.5
2026-05-05,606,606,대한조선,439260,KS,기타,89500.0,90315.0,89373.33333333333,79146.66666666667,,0,47.7003465215739,-186.44103350992827,0.9023323366876577,0,-6.086044071353625,-4.88841657810839,-4.88841657810839,6457.269960176826,7809.0,7809.0,DART,TRAILING_DART,,6457.269960176826,13.860346640602451,77487.23952212192,-13.42207874623249,28.25568109704657,0,3.0,28.03264247308588,28.144161785066224,제외,0.0,BULL,1.0,13.283513969726577,RSI우호,,44.84536082474227
2026-05-05,607,607,아난티,025980,KQ,기타,7640.0,7229.0,7677.0,7634.166666666667,8310.65,0,57.055423763714224,38.002663486211986,3.1480857482109044,1,8.062234794908063,14.200298953662172,14.200298953662172,-391.0018168879885,,-430.1019985767874,DART,TRAILING_DART,,-391.0018168879885,-19.539551147888027,-4692.021802655862,-161.41389794052174,5.0,1,3.0,51.189546407456696,28.094773203728348,제외,0.0,BULL,1.0,13.283513969726577,20일돌파 | 거래량x3.1 | RSI우호 | MACD+,적자,95.10309278350515
2026-05-05,608,608,클로봇,466100,KQ,기타,50800.0,47337.5,56135.833333333336,55508.75,43732.65,1,51.020533716704,938.6575708982205,0.45219533727824457,0,5.175983436852993,-1.3592233009708687,-1.3592233009708687,-138.30958782679625,,-152.14054660947588,DART,TRAILING_DART,,-138.30958782679625,-367.2919628942597,-1659.715053921555,-103.26715561795581,5.0,1,3.0,51.005036426103544,28.002518213051772,제외,0.0,BULL,1.0,13.283513969726577,200일↑ | RSI우호 | MACD+,적자,6.829896907216495
2026-05-05,609,609,HLB생명과학,067630,KQ,기타,4240.0,4276.75,4036.5833333333335,4085.0416666666665,4062.175,1,51.362493157321445,-30.274312461608844,0.9692289861561723,0,-0.8187134502923965,10.994764397905765,10.994764397905765,-819.7732725227014,,-901.7505997749716,DART,TRAILING_DART,,-819.7732725227014,-5.172161794141178,-9837.279270272416,-332.01130354416074,5.0,1,3.0,50.88390979922554,27.94195489961277,제외,0.0,BULL,1.0,13.283513969726577,200일↑ | RSI우호,적자,49.74226804123711
2026-05-05,610,610,쿠콘,294570,KQ,기타,29950.0,29227.5,30517.5,30586.666666666668,33474.25,0,51.33021452246204,133.08427275161768,0.95419052118516,0,-4.76947535771065,14.312977099236646,14.312977099236646,2128.992216796879,,2341.891438476567,DART,TRAILING_DART,,2128.992216796879,14.067688817134574,25547.906601562547,-14.698141564064947,27.13912613144317,0,3.0,28.5479216777427,27.843523904592935,제외,0.0,BULL,1.0,13.283513969726577,RSI우호 | MACD+,,48.324742268041234
2026-05-05,611,611,롯데관광개발,032350,KS,기타,20850.0,19128.5,20785.833333333332,21181.583333333332,19714.8,1,56.936976604120744,336.3782833812281,0.8293893140085778,0,-0.7142857142857117,29.182156133828997,29.182156133828997,346.68499759187875,1065.0,1065.0,DART,TRAILING_DART,,346.68499759187875,60.141050650668305,4160.219971102545,-80.04690661341705,5.0,0,3.0,50.61443333650184,27.80721666825092,제외,0.0,BULL,1.0,13.283513969726577,200일↑ | RSI우호 | MACD+,,37.88659793814433
2026-05-05,612,612,큐리언트,115180,KQ,기타,34950.0,37190.0,38061.666666666664,33339.166666666664,25561.85,1,41.99089600185679,-81.85659370404917,1.3025642689508237,0,-11.294416243654826,-1.8258426966292096,-1.8258426966292096,-839.4166581571204,,-923.3583239728324,DART,TRAILING_DART,,-839.4166581571204,-41.636057207549634,-10072.999897885446,-128.82117281226164,5.0,1,3.0,49.93731850121251,27.468659250606255,제외,0.0,BULL,1.0,13.283513969726577,200일↑,적자,70.10309278350515
2026-05-05,613,613,메지온,140410,KQ,기타,91200.0,89665.0,109515.0,100240.0,80095.5,1,47.506236186392336,1138.716615054308,1.2650847606789655,0,0.1097694840834329,5.555555555555558,5.555555555555558,-1149.2718623848043,,-1264.1990486232849,DART,TRAILING_DART,,-1149.2718623848043,-79.35459222916572,-13791.262348617653,-115.12199818927374,5.0,1,3.0,49.611119197676096,27.305559598838048,제외,0.0,BULL,1.0,13.283513969726577,200일↑ | RSI우호 | MACD+,적자,68.29896907216495
2026-05-05,614,614,삼성에스디에스,018260,KS,기타,166900.0,167045.0,165976.66666666666,169527.5,167110.0,0,49.497248243280396,-619.5512376052689,0.4925351906154324,0,-1.7078916372202602,9.65834428383705,9.65834428383705,10114.90659483728,10437.0,10437.0,DART|DAILY_DISC,TRAILING_DART,,10114.90659483728,16.50039952768194,121378.87913804737,-27.27448823364448,16.134822795561078,0,3.0,38.29574724656093,27.215285021061003,제외,0.0,BULL,1.0,13.283513969726577,RSI우호,EPS스크랩,9.664948453608249
2026-05-05,615,615,신성에스티,416180,KQ,기타,38250.0,36612.5,36197.5,36090.416666666664,37786.75,1,56.320033591972674,127.79485768909103,0.728388546709265,0,-2.9187817258883197,16.084977238239762,16.084977238239762,61.24965093169323,,67.37461602486256,DART,TRAILING_DART,,61.24965093169323,624.4933549524571,734.9958111803188,-98.07844232371158,5.0,0,3.0,49.427033701473476,27.213516850736738,제외,0.0,BULL,1.0,13.283513969726577,200일↑ | RSI우호 | MACD+,,28.994845360824744
2026-05-05,616,616,HK이노엔,195940,KQ,기타,52000.0,50955.0,51885.833333333336,51400.833333333336,49241.75,1,51.6164600953563,243.8958170437174,0.9356243547684846,0,-1.1406844106463865,9.243697478991585,9.243697478991585,2672.0827350871205,3098.0,3098.0,DART|DAILY_DISC,TRAILING_DART,,2672.0827350871205,19.460475275405194,32064.992821045445,-38.33655226722029,6.455516766182245,0,3.0,47.93666481404917,27.196090790115708,제외,0.0,BULL,1.0,13.283513969726577,200일↑ | RSI우호 | MACD+,EPS스크랩,47.42268041237113
2026-05-05,617,617,KISCO홀딩스,001940,KS,기타,26600.0,26745.0,25430.833333333332,25698.333333333332,25732.5,1,50.843273071091645,-63.66999271228593,0.7071210284856011,0,-3.2727272727272716,4.930966469428011,4.930966469428011,-1636.0787873914214,,-1799.6866661305637,DART,TRAILING_DART,,-1636.0787873914214,-16.25838572383869,-19632.945448697057,-173.8080655966055,5.0,1,3.0,49.35126429052635,27.175632145263176,제외,0.0,BULL,1.0,13.283513969726577,200일↑ | RSI우호,적자,25.902061855670105
2026-05-05,618,618,오스코텍,039200,KQ,기타,51400.0,52510.0,52492.5,51587.916666666664,46131.75,1,47.09437019550349,-131.19842821584427,0.985145678430294,0,0.982318271119853,5.005107252298258,5.005107252298258,1421.8366201253295,,1564.0202821378623,DART,TRAILING_DART,,1421.8366201253295,36.15042633764018,17062.039441503955,-66.80537073637363,5.0,0,3.0,49.239899426933164,27.119949713466582,제외,0.0,BULL,1.0,13.283513969726577,200일↑ | RSI우호,,51.15979381443299
2026-05-05,619,619,스피어,347700,KQ,기타,41450.0,42965.0,43637.5,28563.666666666668,21472.45,1,46.13176002768323,-367.96540829645465,0.7978704001795001,0,-2.699530516431925,-8.901098901098903,-8.901098901098903,3.399153147597664,,3.739068462357431,DART,TRAILING_DART,,3.399153147597664,12194.213735057687,40.78983777117197,-99.90159267123964,5.0,0,3.0,48.83705983101976,26.91852991550988,제외,0.0,BULL,1.0,13.283513969726577,200일↑ | RSI우호,,35.051546391752574
2026-05-05,620,620,하나투어,039130,KS,기타,41800.0,41860.0,43688.333333333336,45430.0,48038.75,0,47.52707099617321,66.49659847173876,1.016741444629399,0,-1.762632197414804,3.9800995024875663,3.9800995024875663,3104.705232405152,3711.0,3711.0,DART,TRAILING_DART,,3104.705232405152,13.463435937078765,37256.46278886183,-10.86970624674204,30.489007034100716,0,3.0,23.257012972941197,26.873010003520957,제외,0.0,BULL,1.0,13.283513969726577,RSI우호 | MACD+,,53.09278350515464
2026-05-05,621,621,퍼시스,016800,KS,기타,35900.0,37420.0,39180.0,42327.5,43639.5,0,33.58240222578782,-113.97551998226402,0.5055779729408972,0,-1.912568306010931,-6.143790849673203,-6.143790849673203,3093.9279331304347,,3403.320726443478,DART,TRAILING_DART,,3093.9279331304347,11.603373050669735,37127.135197565214,3.41820389293932,42.22183253041056,0,3.0,11.196847617974804,26.70934007419268,제외,0.0,BULL,1.0,13.283513969726577,,,10.695876288659793
2026-05-05,622,622,현대힘스,460930,KQ,기타,20100.0,19466.0,18579.166666666668,18639.5,20513.9,0,54.37041049490482,30.602145545474457,0.4609168224138019,0,-5.188679245283023,8.064516129032251,8.064516129032251,602.5866977562886,,662.8453675319175,DART,TRAILING_DART,,602.5866977562886,33.35619600439518,7231.040373075462,-64.02467476081858,5.0,0,3.0,48.389586099150264,26.694793049575132,제외,0.0,BULL,1.0,13.283513969726577,RSI우호 | MACD+,,7.087628865979381
2026-05-05,623,623,HEM파마,376270,KQ,기타,61500.0,61505.0,71493.33333333333,60223.75,45293.7,1,45.64751919012335,382.5152191873285,0.8371060049543009,0,4.591836734693877,-10.610465116279066,-10.610465116279066,-3301.288154483038,,-3631.416969931342,DART,TRAILING_DART,,-3301.288154483038,-18.629091773308268,-39615.457853796455,-164.4153786240593,5.0,1,3.0,48.32422991725611,26.662114958628056,제외,0.0,BULL,1.0,13.283513969726577,200일↑ | RSI우호 | MACD+,적자,38.91752577319588
2026-05-05,624,624,롯데지주,004990,KS,기타,30050.0,28805.0,30896.666666666668,29800.416666666668,29666.75,1,54.08338791409656,336.02293358964863,2.095270780519559,0,3.799654576856648,10.073260073260082,10.073260073260082,-5970.105804369684,,-6567.116384806653,DART,TRAILING_DART,,-5970.105804369684,-5.033411632002498,-71641.26965243621,-338.4068873625165,5.0,1,3.0,48.18554125245184,26.59277062622592,제외,0.0,BULL,1.0,13.283513969726577,200일↑ | 거래량x2.1 | RSI우호 | MACD+,적자,89.43298969072166
2026-05-05,625,625,JYP Ent.,035900,KQ,기타,62500.0,61815.0,64928.333333333336,67304.16666666667,70634.0,0,48.66616915556669,315.9544103202582,0.8346159078278831,0,-1.5748031496062964,3.8205980066445155,3.8205980066445155,4518.778927185856,3685.0,3685.0,DART,TRAILING_DART,,4518.778927185856,13.831170103053237,54225.34712623028,-13.239444598031557,28.41548597672239,0,3.0,24.53657714877578,26.476031562749085,제외,0.0,BULL,1.0,13.283513969726577,RSI우호 | MACD+,,38.53092783505155
2026-05-05,626,626,컴투스,078340,KQ,기타,33900.0,33355.0,33656.666666666664,32530.416666666668,34791.75,0,53.601063655269094,0.507994666286308,2.64089569881091,0,0.0,1.4970059880239583,1.4970059880239583,774.4168606006643,2913.0,2913.0,DART,TRAILING_DART,,774.4168606006643,43.77487335916989,9293.002327207972,-72.58701378404729,5.0,0,3.0,47.82846106043733,26.414230530218664,제외,0.0,BULL,1.0,13.283513969726577,거래량x2.6 | RSI우호 | MACD+,,93.29896907216495
2026-05-05,627,627,링크솔루션,474650,KQ,기타,59400.0,60135.0,65838.33333333333,58062.083333333336,44043.45,1,46.74200092651737,269.79044340801977,0.7188784832284216,0,1.3651877133105783,-1.980198019801982,-1.980198019801982,-1216.6586586872531,,-1338.3245245559783,DART,TRAILING_DART,,-1216.6586586872531,-48.822239151358396,-14599.903904247038,-124.57896280176269,5.0,1,3.0,47.57241194019972,26.28620597009986,제외,0.0,BULL,1.0,13.283513969726577,200일↑ | RSI우호 | MACD+,적자,27.835051546391753
2026-05-05,628,628,제넥신,095700,KQ,기타,5250.0,5546.25,4962.666666666667,4894.333333333333,5059.45,1,46.90851774288512,-93.63344183296226,0.3359631335780864,0,-7.570422535211263,13.390928725701933,13.390928725701933,-597.602050737526,,-657.3622558112787,DART,TRAILING_DART,,-597.602050737526,-8.785110415067606,-7171.2246088503125,-236.5947544542917,5.0,1,3.0,47.57081546536577,26.285407732682884,제외,0.0,BULL,1.0,13.283513969726577,200일↑ | RSI우호,적자,3.350515463917526
2026-05-05,629,629,쎄트렉아이,099320,KQ,기타,168000.0,172425.0,180111.66666666666,131971.25,101480.0,1,46.5544339940599,-377.53030113026904,0.5742100357602051,0,-2.665121668597914,0.35842293906809264,0.35842293906809264,1286.2228875022622,1756.0,1756.0,DART,TRAILING_DART,,1286.2228875022622,130.61499809433653,15434.674650027147,-90.81269366069813,5.0,0,3.0,47.484030675784524,26.242015337892262,제외,0.0,BULL,1.0,13.283513969726577,200일↑ | RSI우호,,14.175257731958762
2026-05-05,630,630,한화시스템,272210,KS,기타,119700.0,128785.0,127180.0,94694.16666666667,78934.25,1,41.7670351065563,-1764.5631120162461,0.648622618073069,0,-8.20552147239264,-11.595273264401772,-11.595273264401772,1107.0609349578194,1603.0,1603.0,DART|DAILY_DISC,TRAILING_DART,,1107.0609349578194,108.12412959414988,13284.731219493833,-88.90164476232762,5.0,0,3.0,47.4536747390574,26.2268373695287,제외,0.0,BULL,1.0,13.283513969726577,200일↑,EPS스크랩,20.618556701030926
2026-05-05,631,631,유니슨,018000,KQ,기타,1309.0,1387.3,1300.8333333333333,1232.55,1218.055,1,44.130481566474224,-10.368747681099762,0.6329262089985552,0,-5.555555555555558,-22.17598097502973,-22.17598097502973,-84.44266485730596,,-92.88693134303657,DART,TRAILING_DART,,-84.44266485730596,-15.501642471989628,-1013.3119782876715,-177.41115189363418,5.0,1,3.0,46.79767515826729,25.898837579133644,제외,0.0,BULL,1.0,13.283513969726577,200일↑,적자,18.943298969072163
2026-05-05,632,632,CJ CGV,079160,KS,기타,4965.0,4828.25,5135.583333333333,5463.375,5280.2,0,54.23277094998532,30.674248105261917,1.6260995242041216,1,0.20181634712410634,6.203208556149731,6.203208556149731,-865.8487901631604,-343.0,-343.0,DART,TRAILING_DART,,-865.8487901631604,-5.734257593712634,-10390.185481957924,-309.2685897675312,5.0,1,3.0,46.12145979529003,25.560729897645015,제외,0.0,BULL,1.0,13.283513969726577,20일돌파 | 거래량x1.6 | RSI우호 | MACD+,적자,82.21649484536083
2026-05-05,633,633,미래나노텍,095500,KQ,기타,10670.0,10199.0,10235.0,10908.416666666666,10748.4,0,56.62918239160361,44.60459699983818,0.7558231033862335,0,0.09380863039398779,14.239828693790146,14.239828693790146,438.54349850188646,,482.39784835207513,DART,TRAILING_DART,,438.54349850188646,24.33053969891222,5262.5219820226375,-50.67926914692935,5.0,0,3.0,46.023750731534875,25.511875365767438,제외,0.0,BULL,1.0,13.283513969726577,RSI우호 | MACD+,,31.572164948453608
2026-05-05,634,634,넥스틴,348210,KQ,기타,72900.0,74215.0,76640.0,73591.66666666667,64039.5,1,47.13939872959955,-248.43955359722364,0.679425073803472,0,-4.330708661417326,10.45454545454545,10.45454545454545,-252.5287112108852,2436.0,2436.0,DART,TRAILING_DART,,-252.5287112108852,-288.6800461240292,-3030.3445345306227,-104.1568512133479,5.0,1,3.0,45.52860134479821,25.264300672399106,제외,0.0,BULL,1.0,13.283513969726577,200일↑ | RSI우호,적자,23.969072164948454
2026-05-05,635,635,조광피혁,004700,KS,기타,68900.0,68150.0,69373.33333333333,69160.0,67902.5,1,51.65001353805228,173.34683157471687,1.318395642485764,0,0.5839416058394109,2.8358208955223896,2.8358208955223896,1735.7999430903676,,1909.3799373994043,DART,TRAILING_DART,,1735.7999430903676,39.69351437892805,20829.599317084412,-69.76836093311405,5.0,0,3.0,44.367680082289944,24.683840041144972,제외,0.0,BULL,1.0,13.283513969726577,200일↑ | RSI우호 | MACD+,,71.1340206185567
2026-05-05,636,636,앱클론,174900,KQ,기타,47250.0,51562.5,61419.166666666664,52468.333333333336,37050.3,1,39.24585956805388,94.80280079225258,0.7713136473868119,0,-8.607350096711796,-16.074600355239788,-16.074600355239788,-898.6951772878084,,-988.5646950165892,DART,TRAILING_DART,,-898.6951772878084,-52.5762251696919,-10784.342127453701,-122.82400450254751,5.0,1,3.0,44.006306871546734,24.503153435773367,제외,0.0,BULL,1.0,13.283513969726577,200일↑ | MACD+,적자,32.47422680412371
2026-05-05,637,637,덕양에너젠,0001A0,KQ,기타,19900.0,17406.5,20106.0,,,0,63.00916502219647,464.33681532771027,1.4135295095893543,1,14.367816091954033,16.374269005847953,16.374269005847953,,,276.1,SCRAPE,FORWARD_AUTO,,276.1,72.0753350235422,3667.5782070415084,-81.56995875858539,5.0,0,3.0,43.61235826659307,24.306179133296535,제외,0.0,BULL,1.0,13.283513969726577,20일돌파 | RSI우호 | MACD+,EPS스크랩,75.12886597938144
2026-05-05,638,638,셀바스AI,108860,KQ,기타,13040.0,13533.0,12518.666666666666,12504.75,12954.85,1,47.33884463641203,-153.92668395656494,0.3968924603007807,0,-4.398826979472137,3.492063492063502,3.492063492063502,-161.3781731531251,,-177.51599046843762,DART,TRAILING_DART,,-161.3781731531251,-80.80398820494071,-1936.538077837501,-114.85075213065568,5.0,1,3.0,43.50730532353524,24.25365266176762,제외,0.0,BULL,1.0,13.283513969726577,200일↑ | RSI우호,적자,4.896907216494846
2026-05-05,639,639,HL홀딩스,060980,KS,기타,43250.0,42445.0,44316.666666666664,44777.916666666664,42917.75,1,50.80850627029707,260.1788007266308,0.582015036366373,0,0.34802784222738303,5.616605616605619,5.616605616605619,2368.0841704899312,,2604.8925875389245,DART,TRAILING_DART,,2368.0841704899312,18.263708925114784,28417.010045879175,-34.29593052975913,9.991060786460759,0,3.0,38.058148129107856,24.024604457784307,제외,0.0,BULL,1.0,13.283513969726577,200일↑ | RSI우호 | MACD+,,15.077319587628866
2026-05-05,640,640,에코앤드림,101360,KQ,기타,19700.0,19027.5,18950.833333333332,19651.333333333332,20458.7,0,55.541299802869176,59.89232202568206,0.8394753801837985,0,-4.136253041362526,15.882352941176482,15.882352941176482,-483.3500891200855,,-531.6850980320941,DART,TRAILING_DART,,-483.3500891200855,-40.757207753624,-5800.2010694410255,-129.44264502254327,5.0,1,3.0,42.97816692764805,23.989083463824024,제외,0.0,BULL,1.0,13.283513969726577,RSI우호 | MACD+,적자,39.175257731958766
2026-05-05,641,641,로킷헬스케어,376900,KQ,기타,71500.0,92765.0,90806.66666666667,77683.75,55080.7,1,31.52587083927392,-3178.019414122169,0.8726309827309248,0,-19.66292134831461,-49.647887323943664,-49.647887323943664,-178.20640668861716,,-196.0270473574789,DART,TRAILING_DART,,-178.20640668861716,-401.2201431395958,-2138.476880263406,-102.99087675561316,5.0,1,3.0,42.80599408883655,23.902997044418274,제외,0.0,BULL,1.0,13.283513969726577,200일↑,적자,41.623711340206185
2026-05-05,642,642,한국가스공사,036460,KS,기타,38600.0,37052.5,38104.166666666664,39375.0,40164.25,0,59.8305335228385,333.86169370122684,1.103573717449567,0,0.5208333333333259,11.39971139971141,11.39971139971141,1432.636790051239,8295.0,8295.0,DART,TRAILING_DART,,1432.636790051239,26.94332594838602,17191.641480614868,-55.46206870307029,5.0,0,3.0,42.58140420864146,23.79070210432073,제외,0.0,BULL,1.0,13.283513969726577,RSI우호 | MACD+,,59.02061855670103
2026-05-05,643,643,차바이오텍,085660,KQ,기타,16900.0,17588.0,19039.833333333332,16961.5,14707.7,1,40.21539802753544,-22.635545539881605,1.2359948250208488,0,-5.797101449275366,-3.5388127853881235,-3.5388127853881235,-1578.0244578762006,,-1735.8269036638208,DART,TRAILING_DART,,-1578.0244578762006,-10.709593197779094,-18936.293494514408,-212.04907393203794,5.0,1,3.0,42.36574270898008,23.68287135449004,제외,0.0,BULL,1.0,13.283513969726577,200일↑,적자,67.13917525773195
2026-05-05,644,644,리가켐바이오,141080,KQ,기타,181500.0,189585.0,189800.0,182925.0,167691.0,1,43.95724162534028,-998.0161829270821,0.8218223954691982,0,-9.250000000000004,3.7142857142857144,3.7142857142857144,-2500.718270096277,865.0,865.0,DART,TRAILING_DART,,-2500.718270096277,-72.5791474275158,-30008.619241155327,-116.53367451303325,5.0,1,3.0,41.22889616185863,23.114448080929314,제외,0.0,BULL,1.0,13.283513969726577,200일↑,적자,36.98453608247423
2026-05-05,645,645,아모레퍼시픽,090430,KS,기타,134300.0,134145.0,139508.33333333334,132190.83333333334,129267.0,1,47.869623796075714,617.7717343261322,0.9545100770184448,0,-6.671299513551077,2.1292775665399333,2.1292775665399333,4228.1518939805865,5086.0,5086.0,DART,TRAILING_DART,,4228.1518939805865,31.76328650614382,50737.82272776704,-62.22053408207964,5.0,0,3.0,40.793710470483035,22.896855235241517,제외,0.0,BULL,1.0,13.283513969726577,200일↑ | RSI우호 | MACD+,,48.45360824742268
2026-05-05,646,646,아이에스동서,010780,KS,기타,26050.0,28107.5,28939.166666666668,25016.5,22835.45,1,40.71491415795106,-146.08012582645657,0.9469080491667989,0,-6.294964028776984,-8.274647887323939,-8.274647887323939,-2379.0957638154946,1982.0,1982.0,DART,TRAILING_DART,,-2379.0957638154946,-10.949538222127762,-28549.149165785937,-209.59366282451413,5.0,1,3.0,40.730689522501365,22.865344761250682,제외,0.0,BULL,1.0,13.283513969726577,200일↑,적자,48.06701030927835
2026-05-05,647,647,한샘,009240,KS,기타,41850.0,40040.0,42914.166666666664,44238.75,44516.0,0,53.00006685265486,665.2207082183444,1.7641651467633774,0,6.760204081632648,7.4454428754813895,7.4454428754813895,1966.5686221611625,999.0,999.0,DART,TRAILING_DART,,1966.5686221611625,21.280721927724496,23598.82346593395,-43.610935565271326,5.0,0,3.0,40.48007565564136,22.74003782782068,제외,0.0,BULL,1.0,13.283513969726577,거래량x1.8 | RSI우호 | MACD+,,85.05154639175258
2026-05-05,648,648,에스원,012750,KS,기타,78300.0,88630.0,87620.0,81535.0,79714.5,0,28.606195204297663,-1103.6466142011332,5.449573567547325,0,-10.514285714285709,-9.479768786127163,-9.479768786127163,4699.139455253479,5211.0,5211.0,DART|DAILY_DISC,TRAILING_DART,,4699.139455253479,16.662625305248866,56389.67346304175,-27.98253708423787,15.515280051291866,0,3.0,29.83682987877911,22.676054965035487,제외,0.0,BULL,1.0,13.283513969726577,거래량x5.4,EPS스크랩,97.29381443298969
2026-05-05,649,649,휴젤,145020,KQ,기타,261500.0,258450.0,256550.0,245887.5,271962.5,0,51.80161169560566,-364.50450212928627,1.1679128738621587,0,-2.059925093632964,7.61316872427984,7.61316872427984,11945.21272008942,13420.0,13420.0,DART|DAILY_DISC,TRAILING_DART,,11945.21272008942,21.891615170670853,143342.55264107304,-45.184492297868815,5.0,0,3.0,40.3191343631012,22.6595671815506,제외,0.0,BULL,1.0,13.283513969726577,RSI우호,EPS스크랩,63.53092783505154
2026-05-05,650,650,티엠씨,217590,KS,기타,30950.0,28277.5,20869.0,,,0,60.90506697221371,-306.75601180838885,0.7937975127405176,0,4.560810810810811,51.34474327628362,51.34474327628362,-24.293163942812026,,-26.72248033709323,DART,TRAILING_DART,,-24.293163942812026,-1274.0209580299495,-291.5179673137443,-100.94189973283925,5.0,1,3.0,40.01792648895049,22.508963244475247,제외,0.0,BULL,1.0,13.283513969726577,RSI우호,적자,34.66494845360825
2026-05-05,651,651,케이아이엔엑스,093320,KQ,기타,106700.0,107230.0,111085.0,111489.16666666667,102444.0,1,48.86887387402723,-239.52874453449596,1.1572668771248178,0,-1.2037037037037068,5.01968503937007,5.01968503937007,4012.026929713115,,4413.229622684426,DART,TRAILING_DART,,4012.026929713115,26.595035843298717,48144.32315655738,-54.87879741653479,5.0,0,3.0,39.86205114749993,22.431025573749967,제외,0.0,BULL,1.0,13.283513969726577,200일↑ | RSI우호,,63.01546391752577
2026-05-05,652,652,애경산업,018250,KS,기타,14820.0,14904.0,14731.5,14039.75,14738.7,1,48.1220777464819,-20.27216712730933,0.45145582418100677,0,-4.3870967741935445,4.073033707865159,4.073033707865159,572.7580544215652,,630.0338598637218,DART,TRAILING_DART,,572.7580544215652,25.87479981397535,6873.096653058783,-53.6228296014927,5.0,0,3.0,39.82652353378614,22.41326176689307,제외,0.0,BULL,1.0,13.283513969726577,200일↑ | RSI우호,,6.701030927835052
2026-05-05,653,653,삼천당제약,000250,KQ,기타,409500.0,475750.0,649158.3333333334,453612.5,352738.0,1,36.57891104691259,274.21408978784166,0.24957874185564263,0,-0.4860267314702349,-36.80555555555556,-36.80555555555556,512.8364480622635,,564.1200928684899,DART,TRAILING_DART,,512.8364480622635,798.5001876276208,6154.037376747161,-98.49718256978092,5.0,0,3.0,39.709293875857114,22.354646937928557,제외,0.0,BULL,1.0,13.283513969726577,200일↑ | MACD+,,1.4175257731958764
2026-05-05,654,654,덴티움,145720,KS,기타,52800.0,53137.5,51590.833333333336,50431.666666666664,54281.0,0,49.31626115910162,-173.93574503871855,0.7189156948101378,0,-2.2222222222222254,3.529411764705892,3.529411764705892,1893.298227215534,6556.0,6556.0,DART,TRAILING_DART,,1893.298227215534,27.887841038996136,22719.57872658641,-56.97049483601059,5.0,0,3.0,39.32175483534426,22.16087741767213,제외,0.0,BULL,1.0,13.283513969726577,RSI우호,,27.963917525773198
2026-05-05,655,655,카카오뱅크,323410,KS,기타,24400.0,24885.0,25216.666666666668,23520.416666666668,24331.0,1,45.54553339902872,-86.17085389648646,1.5452020264335846,0,-3.5573122529644285,4.051172707889128,4.051172707889128,1006.62214978647,1229.0,1229.0,DART,TRAILING_DART,,1006.62214978647,24.239482516032314,12079.46579743764,-50.49399263345229,5.0,0,3.0,38.353959246697364,21.676979623348682,제외,0.0,BULL,1.0,13.283513969726577,200일↑ | 거래량x1.5 | RSI우호,,79.76804123711341
2026-05-05,656,656,한스바이오메드,042520,KQ,기타,29850.0,32285.0,40482.5,34921.25,26597.3,1,39.38597209413454,9.369958585359655,0.8338271068532264,0,-1.1589403973509937,-13.226744186046513,-13.226744186046513,-2249.091855430128,,-2474.001040973141,DART,TRAILING_DART,,-2249.091855430128,-13.272023518261921,-26989.102265161535,-190.4157529821157,5.0,1,3.0,37.9377992807934,21.4688996403967,제외,0.0,BULL,1.0,13.283513969726577,200일↑ | MACD+,적자,38.402061855670105
2026-05-05,657,657,LG디스플레이,034220,KS,기타,12310.0,12951.0,12326.0,12375.666666666666,12281.0,1,46.35400645471566,-195.11906472353314,0.634432567437126,0,-3.6021926389976477,13.351749539594838,13.351749539594838,607.614,1442.0,1442.0,DART|DAILY_DISC,TRAILING_DART,,607.614,20.25957268924021,7291.368,-40.768740861088546,5.0,0,3.0,37.8953137924588,21.4476568962294,제외,0.0,BULL,1.0,13.283513969726577,200일↑ | RSI우호,EPS스크랩,19.072164948453608
2026-05-05,658,658,유진기업,023410,KQ,기타,3975.0,4093.25,4268.916666666667,3922.2916666666665,3740.0,1,39.814510748568225,-2.0119927854811195,1.2876433049616773,0,-4.216867469879515,1.273885350318471,1.273885350318471,-316.7263316281956,,-348.3989647910152,DART,TRAILING_DART,,-316.7263316281956,-12.550266912023735,-3800.7159795383477,-195.61549634058736,5.0,1,3.0,37.67556718786823,21.337783593934116,제외,0.0,BULL,1.0,13.283513969726577,200일↑,적자,69.0721649484536
2026-05-05,659,659,삼양사,145990,KS,기타,47700.0,46967.5,47699.166666666664,48578.75,49859.0,0,53.137049630643986,164.75937428303695,0.8353628464366157,0,-0.10471204188481353,5.181918412348407,5.181918412348407,-29317.37433355224,,-32249.111766907467,DART,TRAILING_DART,,-29317.37433355224,-1.6270215557949805,-351808.4920026269,-837.5440083912514,5.0,1,3.0,37.5628333354632,21.2814166677316,제외,0.0,BULL,1.0,13.283513969726577,RSI우호 | MACD+,적자,38.659793814432994
2026-05-05,660,660,동서,026960,KS,기타,26200.0,27050.0,26940.833333333332,27047.083333333332,27538.75,0,40.12976667260998,-119.63286348940098,1.3002642502069384,0,-1.3182674199623379,-2.78293135435993,-2.78293135435993,1469.0440861584757,,1615.9484947743233,DART,TRAILING_DART,,1469.0440861584757,17.83472684506871,17628.52903390171,-32.7155380385431,11.373904216274786,0,3.0,31.134018680021313,21.25396144814805,제외,0.0,BULL,1.0,13.283513969726577,,,69.9742268041237
2026-05-05,661,661,스틱인베스트먼트,026890,KS,기타,9970.0,9659.0,10333.833333333334,10340.166666666666,10360.75,0,52.93880329302882,96.24591133976722,1.310152929078521,0,2.2564102564102573,8.017334777898167,8.017334777898167,356.43601815578535,,392.0796199713639,DART,TRAILING_DART,,356.43601815578535,27.971359492750455,4277.232217869424,-57.098974745542385,5.0,0,3.0,37.437690490481856,21.218845245240928,제외,0.0,BULL,1.0,13.283513969726577,RSI우호 | MACD+,,70.36082474226805
2026-05-05,662,662,셀트리온,068270,KS,기타,197800.0,202315.0,211263.33333333334,202593.33333333334,191450.0,1,43.66764043076909,-76.30481427408108,1.4406141710185596,0,-5.358851674641151,1.280081925243226,1.280081925243226,4647.615893683153,6378.0,6378.0,DART,TRAILING_DART,,4647.615893683153,42.5594551109186,55771.390724197845,-71.80415029110321,5.0,0,3.0,37.20144447335049,21.100722236675246,제외,0.0,BULL,1.0,13.283513969726577,200일↑,,77.0618556701031
2026-05-05,663,663,카프로,006380,KS,기타,3660.0,3660.0,3660.0,3660.0,3660.0,0,,0.0,,1,0.0,0.0,0.0,-191.4799804847333,,-210.62797853320663,DART,TRAILING_DART,,-191.4799804847333,-19.114269756737375,-2297.7597658167997,-162.78032147040435,5.0,1,3.0,37.103896103896105,21.051948051948052,제외,0.0,BULL,1.0,13.283513969726577,20일돌파,적자,
2026-05-05,664,664,금양,001570,KS,기타,9900.0,9900.0,9900.0,9900.0,9900.0,0,,0.0,,1,0.0,0.0,0.0,-1079.3320864650686,,-1187.2652951115756,DART,TRAILING_DART,,-1079.3320864650686,-9.172339193976518,-12951.985037580824,-230.82813169273558,5.0,1,3.0,37.103896103896105,21.051948051948052,제외,0.0,BULL,1.0,13.283513969726577,20일돌파,적자,
2026-05-05,665,665,클래시스,214150,KQ,기타,56300.0,55940.0,57754.166666666664,57607.083333333336,55961.75,1,50.13149540866985,34.45475881416928,0.7509836609403673,0,-5.218855218855223,6.831119544592035,6.831119544592035,2022.977194849829,2830.0,2830.0,DART,TRAILING_DART,,2022.977194849829,27.830269240469267,24275.726338197946,-56.88148074920436,5.0,0,3.0,36.97716620701173,20.988583103505864,제외,0.0,BULL,1.0,13.283513969726577,200일↑ | RSI우호 | MACD+,,31.185567010309278
2026-05-05,666,666,네이처셀,007390,KQ,기타,20400.0,19761.0,20106.0,21451.666666666668,22454.95,0,55.5671324324104,-18.402597292325652,1.6052729941214023,0,1.4925373134328401,19.648093841642233,19.648093841642233,-44.04914025371531,,-48.45405427908684,DART,TRAILING_DART,,-44.04914025371531,-463.1191410887837,-528.5896830445837,-102.59112589727737,5.0,1,3.0,36.7849975266506,20.8924987633253,제외,0.0,BULL,1.0,13.283513969726577,거래량x1.6 | RSI우호,적자,81.31443298969072
2026-05-05,667,667,SPC삼립,005610,KS,기타,49500.0,49752.5,50639.166666666664,51289.583333333336,52377.75,0,41.910986692667095,23.14923101809319,2.181695464362851,0,-0.7021063189568744,0.2024291497975783,0.2024291497975783,1626.502234265835,,1789.1524576924187,DART,TRAILING_DART,,1626.502234265835,30.433404244503322,19518.026811190022,-60.569642805676715,5.0,0,3.0,36.590894314499856,20.795447157249928,제외,0.0,BULL,1.0,13.283513969726577,거래량x2.2 | MACD+,,90.72164948453609
2026-05-05,668,668,인벤티지랩,389470,KQ,기타,63300.0,62260.0,73528.33333333333,75032.5,61024.0,1,46.13921248363394,850.742645047892,0.7273224276926418,0,1.4423076923076872,3.6006546644844484,3.6006546644844484,-1198.3313724198003,,-1318.1645096617806,DART,TRAILING_DART,,-1198.3313724198003,-52.82345222438581,-14379.976469037603,-122.71718241554123,5.0,1,3.0,36.53974350975919,20.769871754879595,제외,0.0,BULL,1.0,13.283513969726577,200일↑ | RSI우호 | MACD+,적자,28.737113402061855
2026-05-05,669,669,카카오페이,377300,KS,기타,56000.0,54422.5,58132.5,54766.25,56388.75,0,52.43584762021648,339.8130917214384,0.8246356542887195,0,1.2658227848101333,16.910229645093942,16.910229645093942,411.7767402043429,673.0,673.0,DART|DAILY_DISC,TRAILING_DART,,411.7767402043429,135.9960253515295,4941.320882452115,-91.17621270990693,5.0,0,3.0,36.24995971392479,20.624979856962394,제외,0.0,BULL,1.0,13.283513969726577,RSI우호 | MACD+,EPS스크랩,37.11340206185567
2026-05-05,670,670,드림텍,192650,KS,기타,6790.0,6662.5,7114.333333333333,7130.666666666667,6802.55,0,50.56440315633974,33.36475721801087,1.0161094912471182,0,-0.8759124087591275,4.783950617283961,4.783950617283961,192.0530053708924,,211.25830590798168,DART,TRAILING_DART,,192.0530053708924,35.35482294008971,2304.636064450709,-66.05837902134449,5.0,0,3.0,36.025373428408045,20.512686714204023,제외,0.0,BULL,1.0,13.283513969726577,RSI우호 | MACD+,,52.9639175257732
2026-05-05,671,671,제이앤티씨,204270,KQ,기타,19100.0,18259.0,19154.666666666668,20022.333333333332,20246.35,0,53.127903495630555,149.96939304673162,0.868314268618513,0,-4.404404404404405,25.823451910408423,25.823451910408423,-1583.1111369314442,,-1741.4222506245887,DART,TRAILING_DART,,-1583.1111369314442,-12.064851010410848,-18997.33364317733,-199.46247980721114,5.0,1,3.0,35.72018651004481,20.360093255022406,제외,0.0,BULL,1.0,13.283513969726577,RSI우호 | MACD+,적자,41.49484536082475
2026-05-05,672,672,SK케미칼,285130,KS,기타,59700.0,57415.0,59195.0,64605.0,64561.5,0,55.30316079677221,427.2346104656134,0.7325206940272532,0,1.7035775127768327,16.374269005847953,16.374269005847953,1577.992536519657,,1735.791790171623,DART,TRAILING_DART,,1577.992536519657,37.83287855826707,18935.910438235886,-68.28155705488126,5.0,0,3.0,35.60453340206493,20.302266701032465,제외,0.0,BULL,1.0,13.283513969726577,RSI우호 | MACD+,,29.381443298969074
2026-05-05,673,673,위메이드,112040,KQ,기타,24400.0,22445.0,23803.333333333332,25481.666666666668,26998.5,0,57.1208794122131,352.9546991459534,0.569496255594488,0,5.399568034557234,21.999999999999996,21.999999999999996,-796.5140476232767,,-876.1654523856045,DART,TRAILING_DART,,-796.5140476232767,-30.633483581121155,-9558.16857147932,-139.1728220142595,5.0,1,3.0,35.58447924887242,20.29223962443621,제외,0.0,BULL,1.0,13.283513969726577,RSI우호 | MACD+,적자,13.917525773195877
2026-05-05,674,674,한라캐스트,125490,KQ,기타,17090.0,15103.0,16439.5,16354.0,,0,58.487983029533936,384.3152084648096,0.8198703963518055,0,8.576874205844987,22.158684774839177,22.158684774839177,100.20487564746512,,110.22536321221163,DART,TRAILING_DART,,100.20487564746512,170.55058338802826,1202.4585077695815,-92.96396426114933,5.0,0,3.0,35.49902363857225,20.249511819286123,제외,0.0,BULL,1.0,13.283513969726577,RSI우호 | MACD+,,36.72680412371135
2026-05-05,675,675,지씨셀,144510,KQ,기타,23350.0,24192.5,24645.0,24792.5,23057.55,1,42.84683182150739,-103.31259052051993,1.3315789637399178,0,-7.707509881422925,1.9650655021834051,1.9650655021834051,-17311.449380089445,,-19042.594318098392,DART,TRAILING_DART,,-17311.449380089445,-1.3488183159785407,-207737.39256107336,-989.6676340945327,5.0,1,3.0,35.14683262963675,20.073416314818374,제외,0.0,BULL,1.0,13.283513969726577,200일↑,적자,71.64948453608247
2026-05-05,676,676,씨젠,096530,KQ,기타,24500.0,24367.5,24411.666666666668,24713.333333333332,25730.75,0,51.572835728346384,-22.982567750756402,0.4800075001171893,0,-2.0000000000000018,9.619686800894844,9.619686800894844,927.6098085371052,,1020.3707893908158,DART|DAILY_DISC,TRAILING_DART,,927.6098085371052,26.41196737520265,11131.317702445263,-54.56605019410097,5.0,0,3.0,34.767550655788355,19.883775327894178,제외,0.0,BULL,1.0,13.283513969726577,RSI우호,EPS스크랩,8.762886597938143
2026-05-05,677,677,넥슨게임즈,225570,KQ,기타,11780.0,11843.5,11702.333333333334,12207.916666666666,12917.0,0,49.39736827789508,-20.32744827920584,1.3370571605729717,0,-2.6446280991735516,3.69718309859155,3.69718309859155,-938.6532259389415,,-1032.518548532836,DART,TRAILING_DART,,-938.6532259389415,-12.549895610507685,-11263.838711267299,-195.61832522298218,5.0,1,3.0,34.73235065321977,19.866175326609884,제외,0.0,BULL,1.0,13.283513969726577,RSI우호,적자,72.16494845360825
2026-05-05,678,678,한올바이오파마,009420,KS,기타,46300.0,48427.5,53398.333333333336,50217.083333333336,42609.75,1,40.283501928171674,46.154506476483675,0.7830324908868627,0,-10.27131782945736,-1.5940488841657774,-1.5940488841657774,-106.41452414880538,151.0,151.0,DART,TRAILING_DART,,-106.41452414880538,-435.0909837763886,-1276.9742897856645,-102.75804382243123,5.0,1,3.0,34.695327707224244,19.847663853612122,제외,0.0,BULL,1.0,13.283513969726577,200일↑ | MACD+,적자,33.50515463917525
2026-05-05,679,679,아크릴,0007C0,KQ,기타,40800.0,37777.5,38909.166666666664,,,0,56.548420598243794,327.71579947609735,0.6786927002194829,0,12.242090784044013,31.400966183574887,31.400966183574887,,,-525.8000000000001,SCRAPE,FORWARD_AUTO,,-525.8000000000001,-77.59604412324076,-6984.471645282235,-117.11880305216233,5.0,1,3.0,34.448428540340075,19.724214270170037,제외,0.0,BULL,1.0,13.283513969726577,RSI우호 | MACD+,"EPS스크랩,적자",23.711340206185564
2026-05-05,680,680,지투지바이오,456160,KQ,기타,85200.0,75245.0,84763.33333333333,81351.66666666667,,0,58.517028497840144,1973.6667882130325,1.015507311231976,0,4.668304668304679,27.544910179640713,27.544910179640713,-730.5622296862824,,-803.6184526549107,DART,TRAILING_DART,,-730.5622296862824,-116.62250871713766,-8766.746756235389,-110.28960886882089,5.0,1,3.0,34.17165472561787,19.585827362808935,제외,0.0,BULL,1.0,13.283513969726577,RSI우호 | MACD+,적자,52.83505154639175
2026-05-05,681,681,그린광학,0015G0,KQ,기타,35050.0,32250.0,35470.833333333336,,,0,55.220279043393035,352.17133155848626,1.5721349519655656,0,0.5738880918221057,19.01528013582343,19.01528013582343,,,228.8,SCRAPE,FORWARD_AUTO,,228.8,153.19055944055944,3039.267996273441,-91.32876463260074,5.0,0,3.0,33.15207451377298,19.07603725688649,제외,0.0,BULL,1.0,13.283513969726577,거래량x1.6 | RSI우호 | MACD+,EPS스크랩,80.6701030927835
2026-05-05,682,682,하이트진로,000080,KS,기타,17070.0,17161.5,17188.833333333332,17842.0,18549.45,0,48.5589315989482,-13.371433452244787,1.199592320237053,0,-0.6402793946449381,1.3657957244655572,1.3657957244655572,586.2702345669895,1526.0,1526.0,DART,TRAILING_DART,,586.2702345669895,29.116265833634976,7035.242814803874,-58.7859237562749,5.0,0,3.0,33.01384241185628,19.00692120592814,제외,0.0,BULL,1.0,13.283513969726577,RSI우호,,65.20618556701031
2026-05-05,683,683,씨앤씨인터내셔널,352480,KQ,기타,28350.0,27842.5,28851.666666666668,30593.75,35116.0,0,50.54387930489494,267.2156047511637,1.5568527339563667,0,-4.384485666104554,10.097087378640769,10.097087378640769,1048.186336349765,,1153.0049699847416,DART,TRAILING_DART,,1048.186336349765,27.046717760819966,12578.23603619718,-55.63232438731154,5.0,0,3.0,32.56335826369064,18.78167913184532,제외,0.0,BULL,1.0,13.283513969726577,거래량x1.6 | RSI우호 | MACD+,,80.15463917525774
2026-05-05,684,684,SG,255220,KQ,기타,2590.0,2693.75,2811.0,2630.5833333333335,2470.825,1,43.47911751277391,-9.179776483562534,0.708526602791687,0,0.974658869395717,-3.5381750465549366,-3.5381750465549366,-22.471962206935725,,-24.7191584276293,DART,TRAILING_DART,,-22.471962206935725,-115.25473281548261,-269.6635464832287,-110.4117199414374,5.0,1,3.0,32.55481953140335,18.777409765701677,제외,0.0,BULL,1.0,13.283513969726577,200일↑,적자,26.417525773195877
2026-05-05,685,685,알테오젠,196170,KQ,기타,373000.0,367025.0,371516.6666666667,424225.0,438220.0,0,52.05709909296793,1496.8744085265378,1.2730174073621638,0,1.084010840108407,2.0519835841313228,2.0519835841313228,2711.798253116258,,2982.978078427884,DART,TRAILING_DART,,2711.798253116258,137.54710534656024,32541.579037395095,-91.27571607576539,5.0,0,3.0,32.53750403781876,18.76875201890938,제외,0.0,BULL,1.0,13.283513969726577,RSI우호 | MACD+,,68.55670103092784
2026-05-05,686,686,GRT,900290,KQ,기타,4100.0,4977.25,5162.916666666667,4159.125,3697.825,1,35.61491855749334,-133.77372004922688,0.7272061150524245,0,-7.344632768361581,-21.001926782273607,-21.001926782273607,6.134013271490415,,6.747414598639457,DART,TRAILING_DART,,6.134013271490415,668.4041619303181,73.60815925788498,-98.20467904249061,5.0,0,3.0,32.26785147808716,18.63392573904358,제외,0.0,BULL,1.0,13.283513969726577,200일↑,,28.60824742268041
2026-05-05,687,687,신대양제지,016590,KS,기타,12730.0,13174.0,13355.833333333334,13351.083333333334,12655.1,1,45.71853708145303,-61.406921215259565,0.3828664159846912,0,-4.429429429429432,1.5151515151515138,1.5151515151515138,552.6959035501176,,607.9654939051294,DART,TRAILING_DART,,552.6959035501176,23.03255717697872,6632.3508426014105,-47.89983627178782,5.0,0,3.0,32.21263843777991,18.606319218889954,제외,0.0,BULL,1.0,13.283513969726577,200일↑ | RSI우호,,4.381443298969072
2026-05-05,688,688,삼양컴텍,484590,KQ,기타,12930.0,12569.0,12590.5,12806.75,,0,52.94962138912721,67.33518426028041,0.47219643303333,0,-0.919540229885063,1.2529365700861383,1.2529365700861383,550.0936418068718,,605.1030059875591,DART,TRAILING_DART,,550.0936418068718,23.50508898363071,6601.123701682462,-48.947225818387764,5.0,0,3.0,32.09979114000495,18.549895570002477,제외,0.0,BULL,1.0,13.283513969726577,RSI우호 | MACD+,,8.24742268041237
2026-05-05,689,689,풀무원,017810,KS,기타,12060.0,12224.0,12380.333333333334,12775.916666666666,13336.25,0,46.13765598347089,-8.921782468868171,1.7450108831089226,0,-0.2481389578163795,0.33277870216306127,0.33277870216306127,397.6842979567289,,437.4527277524018,DART,TRAILING_DART,,397.6842979567289,30.325562417131742,4772.211575480747,-60.42942308888269,5.0,0,3.0,31.361893135108957,18.18094656755448,제외,0.0,BULL,1.0,13.283513969726577,거래량x1.7 | RSI우호,,84.79381443298969
2026-05-05,690,690,하이젠알앤엠,160190,KQ,기타,45400.0,40417.5,50875.833333333336,55047.916666666664,49407.25,0,56.38689096964177,1235.5316885911254,1.147490992204593,0,7.838479809976251,35.724962630792234,35.724962630792234,-229.9128583268584,,-252.90414415954424,DART,TRAILING_DART,,-229.9128583268584,-197.4661196872101,-2758.954299922301,-106.07699185004913,5.0,1,3.0,31.194769393119703,18.09738469655985,제외,0.0,BULL,1.0,13.283513969726577,RSI우호 | MACD+,적자,62.24226804123711
2026-05-05,691,691,오뚜기,007310,KS,기타,364000.0,364800.0,374075.0,380208.3333333333,387540.0,0,47.05797943401176,327.072972901527,1.0327619412434428,0,-1.2211668928086894,2.390998593530247,2.390998593530247,17998.68295012513,,19798.551245137645,DART,TRAILING_DART,,17998.68295012513,20.223701979120055,215984.19540150155,-40.663682582005066,5.0,0,3.0,31.15155213867292,18.07577606933646,제외,0.0,BULL,1.0,13.283513969726577,RSI우호 | MACD+,,54.51030927835051
2026-05-05,692,692,신라젠,215600,KQ,기타,3390.0,3720.75,3672.25,3490.5,3308.625,1,36.58064172478831,-48.13332123269488,1.0219765067960906,0,-7.25034199726402,-11.71875,-11.71875,-175.12483006205844,,-192.6373130682643,DART,TRAILING_DART,,-175.12483006205844,-19.3576204973258,-2101.4979607447012,-161.9910902874543,5.0,1,3.0,30.837433272490472,17.918716636245236,제외,0.0,BULL,1.0,13.283513969726577,200일↑,적자,53.47938144329897
2026-05-05,693,693,신도리코,029530,KS,기타,49750.0,51137.5,54170.0,50982.916666666664,48951.5,1,39.971878482830775,-90.9338993226927,1.3114858213457814,0,-2.83203125,-1.4851485148514865,-1.4851485148514865,2065.599573228113,,2272.1595305509245,DART,TRAILING_DART,,2065.599573228113,24.085016595085197,24787.194878737355,-50.176492706055576,5.0,0,3.0,30.74807402848496,17.874037014242482,제외,0.0,BULL,1.0,13.283513969726577,200일↑,,70.4896907216495
2026-05-05,694,694,안트로젠,065660,KQ,기타,34850.0,37790.0,41352.5,38160.833333333336,32701.0,1,35.52542351810966,-49.04940681859307,0.903963845714682,0,-6.442953020134223,-25.929861849096703,-25.929861849096703,-137.3005968359301,,-151.03065651952312,DART,TRAILING_DART,,-137.3005968359301,-253.8226402733315,-1647.6071620311611,-104.72771065145241,5.0,1,3.0,30.58186232187976,17.79093116093988,제외,0.0,BULL,1.0,13.283513969726577,200일↑,적자,45.2319587628866
2026-05-05,695,695,엘앤씨바이오,290650,KQ,기타,62800.0,68855.0,79071.66666666667,70107.5,58995.25,1,36.77684051757692,-281.5191455814554,1.0546590946842322,0,-10.157367668097283,-4.704097116843697,-4.704097116843697,-5563.905327040061,,-6120.295859744068,DART,TRAILING_DART,,-5563.905327040061,-11.287036049085497,-66766.86392448073,-206.31666230012854,5.0,1,3.0,30.469375244178764,17.734687622089382,제외,0.0,BULL,1.0,13.283513969726577,200일↑,적자,56.31443298969072
2026-05-05,696,696,넷마블,251270,KS,기타,49500.0,50420.0,52253.333333333336,51705.0,54948.75,0,44.456182001501894,-17.614201068901707,0.9777477620271658,0,-1.7857142857142905,-1.0000000000000009,-1.0000000000000009,2816.2225225896063,4052.0,4052.0,DART,TRAILING_DART,,2816.2225225896063,17.576736072149288,33794.67027107527,-31.727938846312576,12.238053509476497,0,3.0,23.09782618647448,17.66793984797549,제외,0.0,BULL,1.0,13.283513969726577,,,50.38659793814433
2026-05-05,697,697,위메이드맥스,101730,KQ,기타,5760.0,5512.25,5662.833333333333,6091.333333333333,6545.3,0,52.13445363963529,36.935651118136036,0.6847236846813923,0,-3.678929765886285,21.904761904761916,21.904761904761916,-427.03465929725,,-469.7381252269751,DART,TRAILING_DART,,-427.03465929725,-13.48836651685123,-5124.415911567,-188.96555402026044,5.0,1,3.0,30.29254077504969,17.646270387524844,제외,0.0,BULL,1.0,13.283513969726577,RSI우호 | MACD+,적자,24.484536082474225
2026-05-05,698,698,시노펙스,025320,KQ,기타,6030.0,6050.0,6289.0,6212.1666788736975,6346.157150878907,0,48.444152799552064,0.9611305434072743,0.9643573372614772,0,-1.791530944625408,2.901023890784993,2.901023890784993,77.71876216401493,,85.49063838041643,DART,TRAILING_DART,,77.71876216401493,77.58744262131326,932.6251459681791,-84.53357966885275,5.0,0,3.0,30.168229456915522,17.584114728457763,제외,0.0,BULL,1.0,13.283513969726577,RSI우호 | MACD+,,48.96907216494845
2026-05-05,699,699,펩트론,087010,KQ,기타,267500.0,267125.0,279691.6666666667,277800.0,281247.5,0,47.32518050995806,1047.2797111874143,0.8262708308859315,0,-3.9497307001795323,-2.9038112522686066,-2.9038112522686066,-592.8539311714238,,-652.1393242885663,DART,TRAILING_DART,,-592.8539311714238,-451.2072636027648,-7114.247174057085,-102.65953165385311,5.0,1,3.0,29.979002824022686,17.489501412011343,제외,0.0,BULL,1.0,13.283513969726577,RSI우호 | MACD+,적자,37.24226804123711
2026-05-05,700,700,대상,001680,KS,기타,20450.0,20716.0,21225.833333333332,21234.833333333332,21735.15,0,45.18454128864873,-13.574831510187819,1.1025385412784137,0,-3.309692671394804,4.071246819338414,4.071246819338414,-8747.655523799696,,-9622.421076179668,DART,TRAILING_DART,,-8747.655523799696,-2.337769239353539,-104971.86628559636,-613.3098595872683,5.0,1,3.0,29.78577558765263,17.392887793826315,제외,0.0,BULL,1.0,13.283513969726577,RSI우호,적자,58.76288659793815
2026-05-05,701,701,아세아시멘트,183190,KS,기타,11660.0,11528.5,12037.666666666666,12063.25,12428.0,0,49.94483483293392,53.53252100498538,0.6050784945972252,0,-0.7659574468085073,11.153479504289798,11.153479504289798,450.1711315059365,,495.1882446565302,DART,TRAILING_DART,,450.1711315059365,25.901261062641545,5402.053578071238,-53.67020945050396,5.0,0,3.0,29.750246563833862,17.37512328191693,제외,0.0,BULL,1.0,13.283513969726577,RSI우호 | MACD+,,17.010309278350515
2026-05-05,702,702,삼양홀딩스,000070,KS,기타,68200.0,68155.0,68663.33333333333,69931.778125,82568.1537890625,0,48.44325753413329,101.77948235201455,1.2444701400467684,0,-2.4320457796852657,3.177004538577921,3.177004538577921,-38403.39315443869,,-42243.73246988256,DART,TRAILING_DART,,-38403.39315443869,-1.775884743458337,-460840.71785326424,-775.7195276440824,5.0,1,3.0,29.690779750571746,17.345389875285875,제외,0.0,BULL,1.0,13.283513969726577,RSI우호 | MACD+,적자,67.39690721649485
2026-05-05,703,703,동아에스티,170900,KS,기타,43600.0,44897.5,46607.6984375,48766.150716145836,47066.118984375,0,41.96901598121823,-74.89437490175298,2.1368715585455824,0,-5.627705627705626,0.3452243958573131,0.3452243958573131,-3866.3649482993055,,-4253.001443129237,DART|DAILY_DISC,TRAILING_DART,,-3866.3649482993055,-11.27674200004795,-46396.379379591664,-206.41371417337538,5.0,1,3.0,29.394989934691292,17.197494967345648,제외,0.0,BULL,1.0,13.283513969726577,거래량x2.1,"EPS스크랩,적자",89.94845360824742
2026-05-05,704,704,제주항공,089590,KS,기타,5320.0,5305.0,5466.75,5465.125,5894.725,0,50.05612160764719,3.2595224354138566,1.2242359723617147,0,-0.9310986964618295,5.555555555555558,5.555555555555558,-1443.4417032604451,-182.0,-182.0,DART|DAILY_DISC,TRAILING_DART,,-1443.4417032604451,-3.685635511280565,-17321.30043912534,-425.58835411889737,5.0,1,3.0,29.103801624825582,17.05190081241279,제외,0.0,BULL,1.0,13.283513969726577,RSI우호 | MACD+,"EPS스크랩,적자",66.3659793814433
2026-05-05,705,705,율촌화학,008730,KS,기타,26000.0,26425.0,25840.0,27195.416666666668,29092.5,0,49.34862049007176,-123.8171790165207,0.7091100166293435,0,-1.8867924528301883,8.559498956158663,8.559498956158663,167.94407262096777,,184.73847988306457,DART,TRAILING_DART,,167.94407262096777,154.81344232183343,2015.3288714516134,-92.24873510980149,5.0,0,3.0,29.092886494560034,17.046443247280017,제외,0.0,BULL,1.0,13.283513969726577,RSI우호,,26.54639175257732
2026-05-05,706,706,웹젠,069080,KQ,기타,12160.0,12298.0,12835.166666666666,13173.833333333334,13449.95,0,45.113529720850295,-4.18689592066994,0.7633830450742799,0,-1.2185215272136452,0.7456503728251906,0.7456503728251906,680.1698923067977,,748.1868815374776,DART|DAILY_DISC,TRAILING_DART,,680.1698923067977,17.87788630096421,8162.038707681572,-32.87797115393444,11.231775240307366,0,3.0,22.057098722051,16.644436981179183,제외,0.0,BULL,1.0,13.283513969726577,RSI우호,EPS스크랩,31.958762886597935
2026-05-05,707,707,유티아이,179900,KQ,기타,20400.0,20037.5,20317.166666666668,22170.25,23084.15,0,52.28130068471087,20.34939094606625,0.47599074965167554,0,-1.210653753026636,20.638675340035473,20.638675340035473,-1889.2869399586025,,-2078.215633954463,DART,TRAILING_DART,,-1889.2869399586025,-10.797724563981266,-22671.44327950323,-211.13452587991776,5.0,1,3.0,28.127596649333185,16.563798324666593,제외,0.0,BULL,1.0,13.283513969726577,RSI우호 | MACD+,적자,8.505154639175258
2026-05-05,708,708,에스디바이오센서,137310,KS,기타,8210.0,8321.5,8276.166666666666,8666.083333333334,9228.7,0,47.9806067923488,-27.837720617606465,0.9752593455714783,0,-3.4117647058823475,9.906291834002667,9.906291834002667,-4251.697128762084,,-4676.8668416382925,DART,TRAILING_DART,,-4251.697128762084,-1.9309936129882348,-51020.365545145,-721.4417240577955,5.0,1,3.0,27.952068279016874,16.476034139508435,제외,0.0,BULL,1.0,13.283513969726577,RSI우호,적자,50.128865979381445
2026-05-05,709,709,원텍,336570,KQ,기타,7300.0,7368.0,7460.833333333333,7691.416666666667,8824.95,0,47.69583217668743,-5.7408753090232665,0.6703501903081858,0,-3.9473684210526327,5.797101449275366,5.797101449275366,391.4794599182426,546.0,546.0,DART,TRAILING_DART,,391.4794599182426,18.64721076688046,4697.753519018911,-35.64721206823409,8.808689440295172,0,3.0,24.120966668857644,16.464828054576408,제외,0.0,BULL,1.0,13.283513969726577,RSI우호,,22.68041237113402
2026-05-05,710,710,다날,064260,KQ,기타,7430.0,7709.0,7680.666666666667,7468.833333333333,7960.1,0,48.23351733047524,-46.14513784569675,0.14128769272359956,0,-3.756476683937826,23.83333333333333,23.83333333333333,-903.7482866552052,,-994.1231153207258,DART,TRAILING_DART,,-903.7482866552052,-8.221315724424345,-10844.979439862462,-245.96203822156744,5.0,1,3.0,27.51045041561705,16.255225207808525,제외,0.0,BULL,1.0,13.283513969726577,RSI우호,적자,0.3865979381443299
2026-05-05,711,711,NAVER,035420,KS,기타,209000.0,209585.0,224383.33333333334,238104.16666666666,239158.75,0,45.23843949290436,966.938568276352,1.211712730985407,0,-2.336448598130836,5.822784810126591,5.822784810126591,11595.25484050195,13899.0,13899.0,DART|DAILY_DISC,TRAILING_DART,,11595.25484050195,18.024614626835795,139143.0580860234,-33.424374121519904,10.753672643670084,0,3.0,21.656194901487964,16.204933772579025,제외,0.0,BULL,1.0,13.283513969726577,RSI우호 | MACD+,EPS스크랩,66.1082474226804
2026-05-05,712,712,신풍제약,019170,KS,기타,11440.0,11392.0,11492.166666666666,12689.25,12872.35,0,49.79169286043037,5.330061264850741,0.32333696250180505,0,-1.1235955056179803,10.852713178294572,10.852713178294572,160.04206116303698,,176.0462672793407,DART,TRAILING_DART,,160.04206116303698,71.481208857626,1920.5047339564437,-83.21237120667445,5.0,0,3.0,27.29930814790785,16.149654073953926,제외,0.0,BULL,1.0,13.283513969726577,RSI우호 | MACD+,,3.0927835051546393
2026-05-05,713,713,카페24,042000,KQ,기타,25600.0,26490.0,29541.666666666668,31153.75,34868.75,0,39.052483108216215,-15.02435373414039,0.9220957670018706,0,-5.0092764378478645,-0.19493177387914784,-0.19493177387914784,1610.647456811006,,1771.7122024921066,DART,TRAILING_DART,,1610.647456811006,15.894229299990082,19327.76948173207,-24.5009004619841,18.561712095763916,0,3.0,13.69351503336706,16.127613564565486,제외,0.0,BULL,1.0,13.283513969726577,,,46.26288659793815
2026-05-05,714,714,한미약품,128940,KS,기타,445000.0,498025.0,529491.6666666666,490408.3333333333,422465.0,1,33.344393420102534,-5491.319530293657,1.2934544024095882,0,-10.552763819095478,-12.228796844181456,-12.228796844181456,14607.420576519022,14682.0,14682.0,DART|DAILY_DISC,TRAILING_DART,,14607.420576519022,30.46396847882396,175289.04691822827,-60.609202939723986,5.0,0,3.0,27.21920822861542,16.10960411430771,제외,0.0,BULL,1.0,13.283513969726577,200일↑,EPS스크랩,69.71649484536083
2026-05-05,715,715,한진칼,180640,KS,기타,112300.0,113900.0,122316.66666666667,117675.0,114740.5,0,45.102313731484756,143.2126943405931,0.8265546835161438,0,-1.6637478108581405,3.1221303948576695,3.1221303948576695,2384.3059941078404,,2622.736593518625,DART,TRAILING_DART,,2384.3059941078404,47.099659304434375,28611.671929294083,-74.52210870053955,5.0,0,3.0,27.203897040590835,16.101948520295416,제외,0.0,BULL,1.0,13.283513969726577,RSI우호 | MACD+,,37.371134020618555
2026-05-05,716,716,골프존,215000,KQ,기타,50400.0,50537.5,52227.5,55362.916666666664,58759.25,0,47.33944202869631,91.3112887739025,1.4235382352428185,0,-2.135922330097084,5.219206680584554,5.219206680584554,2049.586797367186,,2254.545477103905,DART|DAILY_DISC,TRAILING_DART,,2049.586797367186,24.590322334600195,24595.04156840623,-51.20031434840033,5.0,0,3.0,26.658582089207965,15.829291044603982,제외,0.0,BULL,1.0,13.283513969726577,RSI우호 | MACD+,EPS스크랩,76.41752577319588
2026-05-05,717,717,리브스메드,491000,KQ,기타,69800.0,63600.0,74616.66666666667,,,0,53.781033257858866,1845.5794395602807,0.7419834108314781,0,14.42622950819672,6.240487062404876,6.240487062404876,-916.6493733456908,,-1008.31431068026,DART,TRAILING_DART,,-916.6493733456908,-76.14689109014066,-10999.79248014829,-115.75901501453909,5.0,1,3.0,26.657405764439034,15.828702882219517,제외,0.0,BULL,1.0,13.283513969726577,RSI우호 | MACD+,적자,30.283505154639172
2026-05-05,718,718,노타,486990,KQ,기타,34700.0,34280.0,36869.166666666664,40247.5,,0,46.9826450304756,366.4287753624924,1.4165152391727496,0,-4.80109739368999,-0.2873563218390829,-0.2873563218390829,-779.0428839659274,,-856.9471723625203,DART,TRAILING_DART,,-779.0428839659274,-44.541835519182605,-9348.514607591129,-126.94096428700614,5.0,1,3.0,26.393403242496337,15.696701621248168,제외,0.0,BULL,1.0,13.283513969726577,RSI우호 | MACD+,적자,75.64432989690721
2026-05-05,719,719,한미사이언스,008930,KS,기타,38050.0,38797.5,39924.166666666664,39125.0,40237.25,0,45.66249831919717,-117.2225281605731,0.7074213805244177,0,-2.4358974358974383,1.196808510638303,1.196808510638303,1721.1074393547156,,1893.2181832901872,DART|DAILY_DISC,TRAILING_DART,,1721.1074393547156,22.10785865539333,20653.28927225659,-45.72065894282106,5.0,0,3.0,26.378441419367274,15.689220709683637,제외,0.0,BULL,1.0,13.283513969726577,RSI우호,EPS스크랩,26.15979381443299
2026-05-05,720,720,풍산,103140,KS,기타,100300.0,101420.0,105010.0,106975.0,115800.5,0,48.67150181589091,228.4736368689803,0.9148677308307036,0,-0.19900497512437276,3.615702479338845,3.615702479338845,5251.319385213064,8676.0,8676.0,DART|DAILY_DISC,TRAILING_DART,,5251.319385213064,19.099961865284733,63015.83262255677,-37.172649429155754,7.473931749488715,0,3.0,23.84055464651849,15.657243198003602,제외,0.0,BULL,1.0,13.283513969726577,RSI우호 | MACD+,EPS스크랩,45.618556701030926
2026-05-05,721,721,갤럭시아머니트리,094480,KQ,기타,8780.0,8590.5,9146.333333333334,9401.166666666666,9816.7,0,52.134643452767385,26.498404846047688,1.0414283073741053,0,0.34285714285713365,12.419974391805377,12.419974391805377,208.9705359986447,,229.8675895985092,DART,TRAILING_DART,,208.9705359986447,42.01549255755818,2507.6464319837364,-71.43910669722395,5.0,0,3.0,25.96250886698034,15.48125443349017,제외,0.0,BULL,1.0,13.283513969726577,RSI우호 | MACD+,,55.412371134020624
2026-05-05,722,722,씨엠티엑스,388210,KQ,기타,140200.0,141055.0,140246.66666666666,,,0,48.377979726707224,-600.8592952435629,0.6783609766387829,0,-5.779569892473113,19.01528013582343,19.01528013582343,-2248.159868155967,7139.0,7139.0,DART,TRAILING_DART,,-2248.159868155967,-62.36211311564679,-26977.918417871606,-119.24245250918088,5.0,1,3.0,25.754596937892895,15.377298468946448,제외,0.0,BULL,1.0,13.283513969726577,RSI우호,적자,23.582474226804123
2026-05-05,723,723,비츠로넥스텍,488900,KQ,기타,19410.0,19022.0,19397.666666666668,,,0,50.9965645972674,-31.422710986371953,0.44568849275771544,0,-2.949999999999997,7.833333333333337,7.833333333333337,-227.6582010773372,,-250.42402118507093,DART,TRAILING_DART,,-227.6582010773372,-85.25939284483003,-2731.898412928046,-114.07469558437941,5.0,1,3.0,25.61513517032499,15.307567585162495,제외,0.0,BULL,1.0,13.283513969726577,RSI우호,적자,5.798969072164948
2026-05-05,724,724,SK바이오사이언스,302440,KS,기타,43300.0,43217.5,44790.833333333336,48086.25,48183.25,0,48.59967312714026,20.252654604339405,0.8864114825196814,0,-2.257336343115124,5.352798053527974,5.352798053527974,-715.9785644928857,,-787.5764209421743,DART,TRAILING_DART,,-715.9785644928857,-60.47667087724699,-8591.742773914628,-119.84236206446796,5.0,1,3.0,25.52800725447729,15.264003627238646,제외,0.0,BULL,1.0,13.283513969726577,RSI우호 | MACD+,적자,42.65463917525773
2026-05-05,725,725,신성델타테크,065350,KQ,기타,58000.0,58050.0,63156.666666666664,61205.0,61403.0,0,45.97017690495404,178.6377792009029,0.8817136991106713,0,-3.171953255425708,7.806691449814118,7.806691449814118,880.7698909559864,,968.8468800515852,DART,TRAILING_DART,,880.7698909559864,65.85147902484141,10569.238691471837,-81.77717466987615,5.0,0,3.0,25.127465992159365,15.063732996079683,제외,0.0,BULL,1.0,13.283513969726577,RSI우호 | MACD+,,42.2680412371134
2026-05-05,726,726,SK바이오팜,326030,KS,기타,99300.0,101125.0,103330.0,114921.66666666667,110512.5,0,45.28032616358981,-134.078895806795,1.0408818185712594,0,-2.9325513196480912,5.526036131774714,5.526036131774714,3233.8569478217287,3458.0,3458.0,DART,TRAILING_DART,,3233.8569478217287,30.706367536414003,38806.283373860744,-60.92015773025101,5.0,0,3.0,25.012159312547244,15.006079656273622,제외,0.0,BULL,1.0,13.283513969726577,RSI우호,,55.28350515463918
2026-05-05,727,727,녹십자홀딩스,005250,KS,기타,13950.0,14018.5,14491.333333333334,15211.583333333334,15458.45,0,46.618490520639966,-0.9661867729070224,0.8496760762468372,0,-3.0576789437109064,1.16026105873821,1.16026105873821,-889.2431566287554,,-978.167472291631,DART,TRAILING_DART,,-889.2431566287554,-15.687497728839872,-10670.917879545064,-176.4940349788177,5.0,1,3.0,24.689760017035844,14.844880008517922,제외,0.0,BULL,1.0,13.283513969726577,RSI우호,적자,40.07731958762887
2026-05-05,728,728,아스테라시스,450950,KQ,기타,11450.0,11320.0,12112.5,12766.416666666666,12386.8,0,48.93032908582548,27.86466681931024,0.6685909470602345,0,-2.553191489361706,12.696850393700787,12.696850393700787,244.77274657915925,444.0,444.0,DART,TRAILING_DART,,244.77274657915925,46.77808358986192,2937.272958949911,-74.34696105720602,5.0,0,3.0,24.621324340343747,14.810662170171874,제외,0.0,BULL,1.0,13.283513969726577,RSI우호 | MACD+,,22.164948453608247
2026-05-05,729,729,알지노믹스,476830,KQ,기타,174500.0,188870.0,176995.0,,,0,42.75160753754575,-2921.9451626767536,0.3964026638601671,0,-5.77753779697624,-5.266015200868623,-5.266015200868623,-7450.241896312589,,-8195.26608594385,DART,TRAILING_DART,,-7450.241896312589,-23.422058294022204,-89402.90275575107,-151.23375516088885,5.0,1,3.0,24.489226993569595,14.744613496784797,제외,0.0,BULL,1.0,13.283513969726577,,적자,4.768041237113402
2026-05-05,730,730,바이오노트,377740,KS,기타,5050.0,5063.5,5372.083333333333,5445.625,5497.925,0,43.54603131819914,15.55915488909357,1.0239993377209322,0,-2.6974951830443183,0.5976095617529875,0.5976095617529875,-860.1325936106355,,-946.1458529716992,DART,TRAILING_DART,,-860.1325936106355,-5.871187811638762,-10321.591123327626,-304.3879430361906,5.0,1,3.0,24.067740073242973,14.533870036621487,제외,0.0,BULL,1.0,13.283513969726577,MACD+,적자,53.608247422680414
2026-05-05,731,731,아시아나항공,020560,KS,기타,7030.0,7098.0,7232.666666666667,7643.583333333333,8346.05,0,44.17896291732692,-5.922541079275597,1.0395643937461525,0,-1.4025245441795287,1.0057471264367734,1.0057471264367734,-1419.9696119841055,,-1561.9665731825162,DART,TRAILING_DART,,-1419.9696119841055,-4.950810172745225,-17039.635343809266,-342.3845710356937,5.0,1,3.0,23.903852921575734,14.451926460787867,제외,0.0,BULL,1.0,13.283513969726577,,적자,55.154639175257735
2026-05-05,732,732,와이바이오로직스,338840,KQ,기타,21700.0,24332.5,26557.5,25481.666666666668,20798.5,1,36.707346235319854,-275.86485692306087,0.5750341729437884,0,-11.247443762781185,-22.912966252220247,-22.912966252220247,-2768.7729762412,,-3045.6502738653203,DART,TRAILING_DART,,-2768.7729762412,-7.837406745228799,-33225.2757148944,-253.11186965389126,5.0,1,3.0,23.729927994039755,14.364963997019878,제외,0.0,BULL,1.0,13.283513969726577,200일↑,적자,14.304123711340205
2026-05-05,733,733,솔트룩스,304100,KQ,기타,23050.0,23187.5,24018.833333333332,26379.833333333332,29537.65,0,47.43983754868591,24.312385699803883,0.9434246309524286,0,-4.356846473029041,10.023866348448696,10.023866348448696,-952.7149054836664,,-1047.986396032033,DART,TRAILING_DART,,-952.7149054836664,-24.194016349831504,-11432.578865803996,-149.5990406325553,5.0,1,3.0,23.339338901171757,14.169669450585879,제외,0.0,BULL,1.0,13.283513969726577,RSI우호 | MACD+,적자,47.680412371134025
2026-05-05,734,734,펌텍코리아,251970,KQ,기타,42600.0,43657.5,48639.166666666664,51748.75,55639.75,0,40.056493555962355,38.268488273600724,1.6158175052646642,0,-3.0716723549488067,-6.476399560922063,-6.476399560922063,2329.722777580645,3568.0,3568.0,DART,TRAILING_DART,,2329.722777580645,18.285437396220576,27956.67333096774,-34.374006265333946,9.922744517832797,0,3.0,18.297341292251343,14.11004290504207,제외,0.0,BULL,1.0,13.283513969726577,거래량x1.6 | MACD+,,81.95876288659794
2026-05-05,735,735,셀트리온제약,068760,KQ,기타,55600.0,56865.0,62180.0,62323.87242838542,58958.53916015625,0,40.23713188760657,145.9698215655677,1.193535049193208,0,-4.631217838765012,2.0183486238532167,2.0183486238532167,872.7401740971623,,960.0141915068784,DART,TRAILING_DART,,872.7401740971623,63.70739155845259,10472.882089165947,-81.16388113459362,5.0,0,3.0,23.133687519270204,14.066843759635102,제외,0.0,BULL,1.0,13.283513969726577,MACD+,,65.07731958762886
2026-05-05,736,736,와이지엔터테인먼트,122870,KQ,기타,53500.0,53130.0,61015.0,63428.333333333336,75780.0,0,43.88092416283351,505.1465361672276,0.6458714696729769,0,-2.0146520146520186,4.90196078431373,4.90196078431373,2875.421160845493,3421.0,3421.0,DART,TRAILING_DART,,2875.421160845493,18.60597005006,34505.053930145914,-35.5045720931852,8.933499418462947,0,3.0,17.975698235141614,13.45459882680228,제외,0.0,BULL,1.0,13.283513969726577,MACD+,,20.2319587628866
2026-05-05,737,737,하이브,352820,KS,기타,257500.0,255125.0,318425.0,319129.1666666667,304440.0,0,42.11820418048967,4046.585555755337,1.086267949655889,0,2.182539682539675,-4.629629629629628,-4.629629629629628,-5901.903587443894,9772.0,9772.0,DART,TRAILING_DART,,-5901.903587443894,-43.62999093170935,-70822.84304932674,-127.50401671818514,5.0,1,3.0,21.887235062649484,13.443617531324742,제외,0.0,BULL,1.0,13.283513969726577,MACD+,적자,58.11855670103093
2026-05-05,738,738,엔켐,348370,KQ,기타,45150.0,43000.0,55338.333333333336,62429.166666666664,67370.0,0,48.54869178105393,897.3309193641553,0.4501192217226961,0,-10.770750988142296,29.369627507163322,29.369627507163322,-3220.623633745108,,-3542.685997119619,DART,TRAILING_DART,,-3220.623633745108,-14.019023994895438,-38647.48360494129,-185.59797033209588,5.0,1,3.0,21.62453277894783,13.312266389473915,제외,0.0,BULL,1.0,13.283513969726577,RSI우호 | MACD+,적자,6.185567010309279
2026-05-05,739,739,메디톡스,086900,KQ,기타,105500.0,104520.0,114180.0,118656.66666666667,123384.0,0,47.28444013068867,704.5501066844731,0.9854845724502863,0,-2.042711234911787,6.3508064516129,6.3508064516129,2145.508801606687,,2360.059681767356,DART,TRAILING_DART,,2145.508801606687,49.172485296259424,25746.105619280243,-75.59610841774385,5.0,0,3.0,21.508138792508863,13.254069396254431,제외,0.0,BULL,1.0,13.283513969726577,RSI우호 | MACD+,,51.28865979381443
2026-05-05,740,740,한글과컴퓨터,030520,KQ,기타,20350.0,20498.0,21156.5,22400.333333333332,23812.7,0,46.786483297494954,3.730434397974811,0.6219620831678626,0,-3.0952380952380953,6.433054393305437,6.433054393305437,1016.4595808375803,,1118.1055389213386,DART|DAILY_DISC,TRAILING_DART,,1016.4595808375803,20.02047143205758,12197.514970050965,-40.061351498521056,5.0,0,3.0,21.4656197975056,13.2328098987528,제외,0.0,BULL,1.0,13.283513969726577,RSI우호 | MACD+,EPS스크랩,17.783505154639176
2026-05-05,741,741,제주은행,006220,KS,기타,12470.0,12877.0,13861.0,13054.833333333334,13631.55,0,41.876562916413576,-9.40208353868644,1.5475750523801055,0,-4.1506533435818564,3.1430934656741183,3.1430934656741183,368.5325871037881,,405.3858458141669,DART,TRAILING_DART,,368.5325871037881,33.83689919526203,4422.3910452454575,-64.53575745593058,5.0,0,3.0,21.406234979481496,13.203117489740748,제외,0.0,BULL,1.0,13.283513969726577,거래량x1.5,,80.0257731958763
2026-05-05,742,742,엠앤씨솔루션,484870,KS,기타,114500.0,113730.0,120950.0,133939.16666666666,154487.0,0,48.730906149208856,580.5210331410201,0.3597603211043861,0,-2.220324508966698,6.511627906976747,6.511627906976747,4980.139806749036,,5478.15378742394,DART,TRAILING_DART,,4980.139806749036,22.99132242127635,59761.67768098843,-47.806395038438055,5.0,0,3.0,20.92167523382659,12.960837616913295,제외,0.0,BULL,1.0,13.283513969726577,RSI우호 | MACD+,,3.7371134020618557
2026-05-05,743,743,삼성에피스홀딩스,0126Z0,KS,기타,529000.0,554675.0,562716.6666666666,,,0,43.31885390495408,-3131.962877317683,1.208416390617764,0,-7.839721254355403,6.224899598393585,6.224899598393585,,,-8583.300000000001,SCRAPE,FORWARD_AUTO,,-8583.300000000001,-61.63130730604778,-114016.38545635414,-121.5531919577229,5.0,1,3.0,20.588541347971486,12.794270673985743,제외,0.0,BULL,1.0,13.283513969726577,,"EPS스크랩,적자",65.59278350515464
2026-05-05,744,744,삼성바이오로직스,207940,KS,기타,1485000.0,1551600.0,1611866.6666666667,1694424.8041666667,1670484.35375,0,38.67222978262168,-8076.630235164474,1.8499471374366003,0,-2.814136125654454,-4.440154440154442,-4.440154440154442,38546.45502083118,39968.0,39968.0,DART,TRAILING_DART,,38546.45502083118,38.52494345323014,462557.46024997416,-68.85134947811622,5.0,0,3.0,20.463522185789305,12.731761092894653,제외,0.0,BULL,1.0,13.283513969726577,거래량x1.8,,86.21134020618557
2026-05-05,745,745,콜마비앤에이치,200130,KQ,기타,11420.0,11558.0,12359.666666666666,12711.5,13634.75,0,45.23254056298369,31.00185366075746,1.219724604255494,0,-5.541770057899087,3.3484162895927705,3.3484162895927705,-769.6272657822775,,-846.5899923605053,DART|DAILY_DISC,TRAILING_DART,,-769.6272657822775,-14.83835163816902,-9235.52718938733,-180.87151654454755,5.0,1,3.0,20.42231295521569,12.711156477607846,제외,0.0,BULL,1.0,13.283513969726577,RSI우호 | MACD+,"EPS스크랩,적자",66.23711340206185
2026-05-05,746,746,디어유,376300,KQ,기타,32450.0,32045.0,35509.166666666664,35160.0,40101.5,0,48.157791371846905,219.20685169867158,0.670088022789791,0,0.7763975155279601,9.628378378378377,9.628378378378377,784.8114327895479,1808.0,1808.0,DART,TRAILING_DART,,784.8114327895479,41.347511827980306,9417.737193474575,-70.97769740069468,5.0,0,3.0,19.500115776263232,12.250057888131616,제외,0.0,BULL,1.0,13.283513969726577,RSI우호 | MACD+,,22.551546391752577
2026-05-05,747,747,카카오게임즈,293490,KQ,기타,11820.0,12205.5,13455.833333333334,14550.75,15297.55,0,37.60336644825095,27.91401237301767,1.7353861964375497,0,-4.291497975708502,0.339558573853993,0.339558573853993,-1593.6024024147573,-111.0,-111.0,DART|DAILY_DISC,TRAILING_DART,,-1593.6024024147573,-7.41715749304178,-19123.228828977088,-261.7870459304322,5.0,1,3.0,18.635841469116528,11.817920734558264,제외,0.0,BULL,1.0,13.283513969726577,거래량x1.7 | MACD+,"EPS스크랩,적자",84.5360824742268
2026-05-05,748,748,녹십자,006280,KS,기타,137500.0,142965.0,152306.66666666666,151130.83333333334,144624.0,0,38.29029958060312,-464.9972072164237,0.7216553318604387,0,-3.778866340097975,-2.204836415362732,-2.204836415362732,-2540.115767817638,3616.0,3616.0,DART,TRAILING_DART,,-2540.115767817638,-54.131391073618,-30481.389213811653,-122.16828306459028,5.0,1,3.0,18.51232503526638,11.75616251763319,제외,0.0,BULL,1.0,13.283513969726577,,적자,28.09278350515464
2026-05-05,749,749,카카오,035720,KS,기타,47100.0,48110.0,51434.166666666664,55667.083333333336,57701.75,0,42.34859194335871,56.50619919826079,1.2247769729443485,0,-1.9771071800208095,4.2035398230088505,4.2035398230088505,1169.206374540987,1485.0,1485.0,DART,TRAILING_DART,,1169.206374540987,40.28373521183611,14030.476494491846,-70.2113025594653,5.0,0,3.0,18.25114666835455,11.625573334177275,제외,0.0,BULL,1.0,13.283513969726577,MACD+,,66.49484536082474
2026-05-05,750,750,디앤디파마텍,347850,KQ,기타,74900.0,76445.0,79565.0,92486.875,121368.125,0,45.74193944471383,-133.5003862169674,0.49712347342585705,0,-8.435207823960877,9.183673469387754,9.183673469387754,-547.4293430254446,,-602.1722773279891,DART,TRAILING_DART,,-547.4293430254446,-136.82131028281148,-6569.152116305335,-108.77056357317134,5.0,1,3.0,18.214531085967096,11.607265542983548,제외,0.0,BULL,1.0,13.283513969726577,RSI우호,적자,9.922680412371134
2026-05-05,751,751,유한양행,000100,KS,기타,90500.0,94175.0,99880.0,107093.33333333333,111195.5,0,35.58846933532787,-201.4573632077702,1.9571824989335227,0,-4.535864978902948,-2.4784482758620663,-2.4784482758620663,2326.7367031808026,2025.0,2025.0,DART|DAILY_DISC,TRAILING_DART,,2326.7367031808026,38.89567731332924,27920.84043816963,-69.14824260975732,5.0,0,3.0,17.869390321856457,11.434695160928229,제외,0.0,BULL,1.0,13.283513969726577,거래량x2.0,EPS스크랩,87.62886597938144
2026-05-05,752,752,지노믹트리,228760,KQ,기타,16640.0,17485.5,19252.666666666668,22664.25,21029.2,0,38.95209670992672,28.597279949633503,1.4379942677526298,0,-8.066298342541433,-1.3048635824436494,-1.3048635824436494,-367.0689056712279,,-403.7757962383507,DART,TRAILING_DART,,-367.0689056712279,-45.332088179934054,-4404.826868054735,-126.47131531282893,5.0,1,3.0,17.295108156642755,11.147554078321377,제외,0.0,BULL,1.0,13.283513969726577,MACD+,적자,76.93298969072166
2026-05-05,753,753,프레스티지바이오파마,950210,KS,기타,8600.0,9234.5,10110.166666666666,11308.833333333334,12515.25,0,32.96071816625924,-29.8579899641924,2.176218425489389,0,-6.724511930585686,-10.416666666666663,-10.416666666666663,0.0494923344097471,,0.0544415678507218,DART,TRAILING_DART,,0.0494923344097471,173764.2829453262,0.5939080129169653,-99.99309409287306,5.0,0,3.0,16.964542075771977,10.982271037885988,제외,0.0,BULL,1.0,13.283513969726577,거래량x2.2,,90.59278350515464
2026-05-05,754,754,스튜디오드래곤,253450,KQ,기타,34800.0,34957.5,39518.333333333336,40800.416666666664,42810.0,0,40.37179804438916,212.7112836716649,0.9378202577618169,0,-2.5210084033613467,1.7543859649122862,1.7543859649122862,343.31802111336367,1316.0,1316.0,DART,TRAILING_DART,,343.31802111336367,101.36374399207268,4119.8162533603645,-88.16144754781504,5.0,0,3.0,16.927172227505338,10.963586113752669,제외,0.0,BULL,1.0,13.283513969726577,MACD+,,47.551546391752574
2026-05-05,755,755,스맥,099440,KQ,기타,4305.0,4481.0,5250.75,5575.25,4919.5,0,38.635862219334925,37.40754329187314,0.8111724836827888,0,-2.8216704288939076,-5.280528052805278,-5.280528052805278,-314.9671561323577,,-346.46387174559345,DART,TRAILING_DART,,-314.9671561323577,-13.668091787293921,-3779.605873588292,-187.7957229637234,5.0,1,3.0,16.671400554141428,10.835700277070714,제외,0.0,BULL,1.0,13.283513969726577,MACD+,적자,36.340206185567006
2026-05-05,756,756,큐리오시스,494120,KQ,기타,50100.0,54990.0,64248.333333333336,,,0,40.482104200435245,-78.67633895563904,1.362366587916134,0,-16.638935108153074,-16.220735785953178,-16.220735785953178,-1032.533423830057,,-1135.7867662130627,DART,TRAILING_DART,,-1032.533423830057,-48.52143169773638,-12390.401085960684,-124.73133949293549,5.0,1,3.0,16.127909966047543,10.563954983023772,제외,0.0,BULL,1.0,13.283513969726577,,적자,73.58247422680412
2026-05-05,757,757,CJ ENM,035760,KQ,기타,54200.0,54285.0,62263.333333333336,63225.833333333336,66338.5,0,39.88044015629187,414.5820619696892,0.6734743829487267,0,-1.6333938294010864,1.3084112149532645,1.3084112149532645,775.8476348882406,3197.0,3197.0,DART,TRAILING_DART,,775.8476348882406,69.85907743059295,9310.171618658887,-82.82256158919024,5.0,0,3.0,15.97508211972305,10.487541059861524,제외,0.0,BULL,1.0,13.283513969726577,MACD+,,23.067010309278352
2026-05-05,758,758,엠로,058970,KQ,기타,27800.0,28265.0,32560.0,35247.083333333336,38929.75,0,41.96746672324538,157.16164551849033,0.5761967122721163,0,-5.602716468590829,5.703422053231932,5.703422053231932,205.0812151764952,,225.58933669414472,DART,TRAILING_DART,,205.0812151764952,135.55605264029185,2460.974582117942,-91.14757344561892,5.0,0,3.0,15.535413898855738,10.267706949427868,제외,0.0,BULL,1.0,13.283513969726577,MACD+,,14.432989690721648
2026-05-05,759,759,일동제약,249420,KS,기타,25950.0,27605.0,31495.0,33160.833333333336,29093.6,0,34.87977416836692,12.91261653524657,1.1876390615319272,0,-6.654676258992809,-3.888888888888886,-3.888888888888886,749.0210709491788,,823.9231780440967,DART,TRAILING_DART,,749.0210709491788,34.645220283476796,8988.252851390145,-65.3631874705582,5.0,0,3.0,15.229526533938714,10.114763266969357,제외,0.0,BULL,1.0,13.283513969726577,MACD+,,64.69072164948454
2026-05-05,760,760,트리니티항공,091810,KS,기타,910.0,950.0,1128.1166666666666,1323.5691416422526,1800.4464849853516,0,38.3978401462865,4.160174498090406,0.8468819493307881,0,-7.7079107505070965,6.682297772567414,6.682297772567414,-819.0914263774235,,-901.000569015166,DART,TRAILING_DART,,-819.0914263774235,-1.1109870897130931,-9829.097116529083,-1180.120562255943,5.0,1,3.0,15.127255435390857,10.063627717695429,제외,0.0,BULL,1.0,13.283513969726577,MACD+,적자,39.948453608247426
2026-05-05,761,761,케이뱅크,279570,KS,기타,6290.0,6290.0,,,,0,35.488849345077924,39.33117076819042,0.8960168803950398,0,-3.3794162826420893,6.97278911564625,6.97278911564625,277.57048543082044,,305.3275339739025,DART|DAILY_DISC,TRAILING_DART,,277.57048543082044,22.660910760152387,3330.8458251698453,-47.04537638839673,5.0,0,3.0,15.019474248804938,10.00973712440247,제외,0.0,BULL,1.0,13.283513969726577,MACD+,EPS스크랩,43.68556701030928
2026-05-05,762,762,나이벡,138610,KQ,기타,25500.0,26525.0,28987.5,33938.75,31919.5,0,40.07608649577442,46.25520253964396,0.9035556811456662,0,-7.775768535262206,-0.7782101167315147,-0.7782101167315147,408.3453493567309,,449.179884292404,DART,TRAILING_DART,,408.3453493567309,62.447141960035346,4900.144192280771,-80.7837482655656,5.0,0,3.0,14.921835604176904,9.960917802088453,제외,0.0,BULL,1.0,13.283513969726577,MACD+,,45.103092783505154
2026-05-05,763,763,에임드바이오,0009K0,KQ,기타,46700.0,48150.0,53244.166666666664,,,0,42.78304509788345,155.18367322344739,0.60388475265211,0,-6.972111553784865,-3.31262939958592,-3.31262939958592,,,101.2,SCRAPE,FORWARD_AUTO,,101.2,461.4624505928854,1344.2916137363297,-97.12143123396932,5.0,0,3.0,14.915015660360458,9.95750783018023,제외,0.0,BULL,1.0,13.283513969726577,MACD+,EPS스크랩,16.752577319587626
2026-05-05,764,764,바이넥스,053030,KQ,기타,10990.0,11343.5,12810.833333333334,13834.166666666666,14911.8,0,38.11369476299671,33.99427857116109,0.9165133071074417,0,-5.012964563526356,0.1823154056517673,0.1823154056517673,-100.63743777266242,,-110.70118154992868,DART,TRAILING_DART,,-100.63743777266242,-109.20389313593365,-1207.649253271949,-110.98861922904413,5.0,1,3.0,14.800888025489115,9.900444012744558,제외,0.0,BULL,1.0,13.283513969726577,MACD+,적자,45.876288659793815
2026-05-05,765,765,루닛,328130,KQ,기타,20800.0,31006.25,35751.25,37889.375,39796.875,0,28.277252035796707,-1558.5261398559878,4.555333518642336,0,14.128943758573387,-36.29402756508423,-36.29402756508423,-1618.2511744949595,,-1780.0762919444555,DART|DAILY_DISC,TRAILING_DART,,-1618.2511744949595,-12.853381680066741,-19419.014093939513,-193.3606446824015,5.0,1,3.0,14.384732869927394,9.692366434963697,제외,0.0,BULL,1.0,13.283513969726577,거래량x4.6,"EPS스크랩,적자",96.52061855670104
2026-05-05,766,766,나라스페이스테크놀로지,478340,KQ,기타,34150.0,35447.5,42791.666666666664,,,0,41.200768555763,66.73211513298202,0.4597612639907596,0,-3.257790368271951,-11.528497409326421,-11.528497409326421,-665.7992930389156,,-732.3792223428072,DART,TRAILING_DART,,-665.7992930389156,-51.291733645628774,-7989.591516466988,-123.39558277149922,5.0,1,3.0,13.781909800546394,9.390954900273197,제외,0.0,BULL,1.0,13.283513969726577,MACD+,적자,6.958762886597938
2026-05-05,767,767,젬백스,082270,KQ,기타,23300.0,25837.5,35040.833333333336,33536.25,40738.25,0,32.50626540745364,222.6157856508189,0.48782674004139076,0,-4.508196721311474,-18.53146853146853,-18.53146853146853,-256.08408615352755,,-281.69249476888035,DART,TRAILING_DART,,-256.08408615352755,-90.98573968407854,-3073.0090338423306,-113.18887997357223,5.0,1,3.0,13.716825014141431,9.358412507070716,제외,0.0,BULL,1.0,13.283513969726577,MACD+,적자,9.149484536082474
2026-05-05,768,768,바이오니아,064550,KQ,기타,10230.0,10748.5,11728.5,12505.333333333334,13272.75,0,39.16301089410238,-11.16624347629076,0.8598609599802169,0,-6.745670009115767,-1.2548262548262579,-1.2548262548262579,66.13643147223718,,72.7500746194609,DART|DAILY_DISC,TRAILING_DART,,66.13643147223718,154.68025371605302,793.6371776668461,-92.24206082437101,5.0,0,3.0,13.203585393245843,9.101792696622923,제외,0.0,BULL,1.0,13.283513969726577,,EPS스크랩,40.850515463917525
2026-05-05,769,769,바이오다인,314930,KQ,기타,11500.0,12098.0,12698.833333333334,13169.75,13700.65,0,36.677822730624406,-61.061868650939545,1.083966206715573,0,-7.183212267958028,-3.765690376569042,-3.765690376569042,28.61143569487043,,31.47257926435748,DART,TRAILING_DART,,28.61143569487043,401.937187726017,343.33722833844513,-97.01445888401352,5.0,0,3.0,13.095852322191739,9.04792616109587,제외,0.0,BULL,1.0,13.283513969726577,,,57.98969072164949
2026-05-05,770,770,에이비엘바이오,298380,KQ,기타,132500.0,153930.0,173335.0,180043.33333333334,143279.0,0,35.48358007686616,-1774.3755536753388,0.9091656952559803,0,-15.712468193384222,-15.497448979591832,-15.497448979591832,-676.5353762502151,-3830.0,-3830.0,DART,TRAILING_DART,,-676.5353762502151,-195.85080788294974,-8118.424515002582,-106.12711284151138,5.0,1,3.0,13.062524993824244,9.031262496912122,제외,0.0,BULL,1.0,13.283513969726577,,적자,45.36082474226804
2026-05-05,771,771,넥스트바이오메디컬,389650,KQ,기타,60500.0,62655.0,70026.66666666667,74830.83333333333,69308.0,0,41.17325098368828,-11.853859114317402,0.5606280674773826,0,-3.200000000000003,-8.054711246200608,-8.054711246200608,-37.919043121759614,-509.0,-509.0,DART,TRAILING_DART,,-37.919043121759614,-1595.5043961877413,-455.02851746111537,-100.75211325200183,5.0,1,3.0,12.91207415764525,8.956037078822625,제외,0.0,BULL,1.0,13.283513969726577,,적자,13.402061855670103
2026-05-05,772,772,메쥬,0088M0,KQ,기타,39000.0,37337.5,,,,0,49.31632779728909,,0.7861675911468443,0,-10.447761194029848,18.541033434650455,18.541033434650455,,,457.6,SCRAPE,FORWARD_AUTO,,457.6,85.22727272727272,6078.535992546882,-84.41401027552081,5.0,0,3.0,12.878517926120473,8.939258963060237,제외,0.0,BULL,1.0,13.283513969726577,RSI우호,EPS스크랩,34.149484536082475
2026-05-05,773,773,이뮨온시아,424870,KQ,기타,6920.0,7279.0,8144.833333333333,9429.333333333334,7938.9,0,36.43675749855849,1.2124135659488502,0.7354819270706683,0,-4.155124653739617,-11.847133757961782,-11.847133757961782,-367.9616951542396,,-404.7578646696636,DART,TRAILING_DART,,-367.9616951542396,-18.806305360397158,-4415.540341850875,-163.80838644293172,5.0,1,3.0,12.081986446841425,8.540993223420713,제외,0.0,BULL,1.0,13.283513969726577,MACD+,적자,29.63917525773196
2026-05-05,774,774,프로티나,468530,KQ,기타,55200.0,60145.0,70513.33333333333,78093.33333333333,,0,35.880178741057605,89.12911977378462,0.610122103178733,0,-13.343799058084771,-13.070866141732285,-13.070866141732285,-823.7989096373868,,-906.1788006011255,DART,TRAILING_DART,,-823.7989096373868,-67.00664367751773,-9885.586915648642,-117.90867194863885,5.0,1,3.0,11.799201250115045,8.399600625057523,제외,0.0,BULL,1.0,13.283513969726577,MACD+,적자,17.396907216494846
2026-05-05,775,775,카나프테라퓨틱스,0082N0,KQ,기타,34700.0,37322.5,,,,0,30.838914117198314,170.56755731939074,0.48264643683409286,0,-7.835325365205847,-4.40771349862259,-4.40771349862259,,,-3982.000000000001,SCRAPE,FORWARD_AUTO,,-3982.000000000001,-8.714213962832746,-52894.95262745125,-252.4350219811275,5.0,1,3.0,11.265808810873807,8.132904405436904,제외,0.0,BULL,1.0,13.283513969726577,MACD+,"EPS스크랩,적자",8.891752577319588
2026-05-05,776,776,삼양바이오팜,0120G0,KS,기타,73600.0,78730.0,94425.0,,,0,38.015570634097045,-182.05231825063493,0.3839021805231225,0,-7.537688442211055,-31.021555763823805,-31.021555763823805,,,2047.1,SCRAPE,FORWARD_AUTO,,2047.1,35.953299789946755,27192.681447427276,-63.05342194643033,5.0,0,3.0,10.873289024790525,7.9366445123952625,제외,0.0,BULL,1.0,13.283513969726577,,EPS스크랩,4.510309278350515
2026-05-05,777,777,인투셀,287840,KQ,기타,35650.0,40375.0,44455.833333333336,51299.583333333336,44608.25,0,34.546596957008006,-395.32077652047406,1.3622679325553826,0,-10.427135678391963,-7.402597402597399,-7.402597402597399,-705.8645347211682,,-776.4509881932851,DART,TRAILING_DART,,-705.8645347211682,-50.50544154918128,-8470.374416654018,-123.75981603549515,5.0,1,3.0,10.635721114636453,7.817860557318227,제외,0.0,BULL,1.0,13.283513969726577,,적자,73.4536082474227
2026-05-05,778,778,그래피,318060,KQ,기타,32250.0,37532.5,45497.5,35044.083333333336,,0,34.8324402923767,-345.07878757891876,1.2746955545018113,0,-22.007255139056838,-17.938931297709924,-17.938931297709924,-1048.7144380229763,,-1153.585881825274,DART,TRAILING_DART,,-1048.7144380229763,-30.751936686212986,-12584.573256275715,-139.0219325775991,5.0,1,3.0,10.276900767211739,7.6384503836058695,제외,0.0,BULL,1.0,13.283513969726577,,적자,68.81443298969072
2026-05-05,779,779,아이엠바이오로직스,493280,KQ,기타,46500.0,53200.0,,,,0,15.612803846673373,,0.4687011365895384,0,-13.24626865671642,-0.7470651013874119,-0.7470651013874119,59.345032488253,,65.2795357370783,DART,TRAILING_DART,,59.345032488253,783.5533666479062,712.140389859036,-98.46851529062573,5.0,0,3.0,0.0,2.5,제외,0.0,BULL,1.0,13.283513969726577,,,7.345360824742269
