추천순위,결합순위,기준일,종목명,종목코드,시장,섹터그룹,종가,20일이평,60일이평,120일이평,200일이평,200일선상단여부,RSI14,MACD히스토그램,거래량비율20일,20일돌파,5일수익률(%),20일수익률(%),후행EPS(DART),컨센서스EPS(스크랩),자동선행EPS,원본EPS출처,EPS소스,수동선행EPS,모델EPS,현재PER,적정주가_기준,상승여력(%),밸류점수,적자여부,최대비중(%),기술점수,종합점수,결합액션,권장비중(%),마켓레짐,레짐비중배수,섹터PER상한,핵심요약,주의표시,volume_ratio_pct_rank,선정의견,판단코멘트
1,1,2026-04-28,솔브레인홀딩스,036830,KQ,전기제품,76900.0,56720.0,53980.833333333336,47081.66666666666,45470.5,1,73.16314576788534,2114.280817623414,3.470367129240205,1,13.92592592592592,69.38325991189427,24168.868325570533,,26585.755158127587,DART,TRAILING_DART,,24168.868325570533,3.181779095492039,290026.41990684636,277.147490125938,100.0,0,3.0,92.49482789633055,96.24741394816527,최종매수후보,2.4000000000000004,NEUTRAL,0.8,,비밸류평가,EPS없음,96.1340206185567,우선검토,점수와 추세가 양호합니다. 분할 접근을 고려할 수 있습니다.
2,2,2026-04-28,KG에코솔루션,151860,KQ,자동차,7240.0,6581.5,6462.5,6073.416666666667,6099.35,1,66.53160014323318,69.21884631088014,1.802716109455188,1,7.898658718330842,22.0910623946037,3859.0686867815607,,4244.975555459717,DART,TRAILING_DART,,3859.0686867815607,1.876100320473465,46308.82424137873,539.6246442179382,100.0,0,3.0,86.70832513791729,93.35416256895864,최종매수후보,2.4000000000000004,NEUTRAL,0.8,,비밸류평가,EPS없음,86.21134020618557,우선검토,점수와 추세가 양호합니다. 분할 접근을 고려할 수 있습니다.
3,3,2026-04-28,KG스틸,016380,KS,철강,6730.0,5724.0,5724.833333333333,5542.0,5625.425,1,75.79186396080456,115.718370988093,4.298681607270497,1,16.034482758620694,29.42307692307693,1355.2919371863486,,1490.8211309049836,DART,TRAILING_DART,,1355.2919371863486,4.965719794638345,16263.503246236183,141.65680900796707,98.1656809007967,0,3.0,87.92107968219416,93.04338029149542,최종매수후보,2.4000000000000004,NEUTRAL,0.8,,비밸류평가,EPS없음,97.16494845360825,우선검토,점수와 추세가 양호합니다. 분할 접근을 고려할 수 있습니다.
4,4,2026-04-28,화신,010690,KS,자동차부품,12990.0,11530.5,11562.5,10006.583333333334,9417.2,1,60.29973260564779,192.46620673983264,2.613725502787056,1,6.127450980392157,25.99418040737149,1909.724814542556,,2100.697295996812,DART,TRAILING_DART,,1909.724814542556,6.802027130338957,22916.69777451067,76.41799672448553,89.67169787091561,0,3.0,93.19329386508048,91.43249586799804,최종매수후보,2.4000000000000004,NEUTRAL,0.8,,비밸류평가,EPS없음,93.4278350515464,우선검토,점수와 추세가 양호합니다. 분할 접근을 고려할 수 있습니다.
5,5,2026-04-28,일진홀딩스,015860,KS,전기장비,9820.0,8056.5,7887.833333333333,7571.25,6883.45,1,69.26489244488961,253.64310935722008,3.174673974017859,0,14.053426248548195,50.38284839203675,1815.7691979751023,,1997.3461177726128,DART,TRAILING_DART,,1815.7691979751023,5.408176331524405,21789.230375701227,121.88625637170291,96.18862563717029,0,3.0,81.78990575645969,88.98926569681498,진입대기,2.4000000000000004,NEUTRAL,0.8,,비밸류평가,EPS없음,95.61855670103093,우선검토,추세는 양호하지만 확인이 더 필요합니다.
6,6,2026-04-28,맵스리얼티,094800,KS,nan,7820.0,7168.5,6706.666666666667,5960.666666666667,5499.125,1,79.28838664098154,68.6570042035093,2.352089750382253,1,10.140845070422545,11.714285714285722,,,,EMPTY,FORWARD_AUTO,,,,,,,0,3.0,88.3348133547647,88.3348133547647,관찰,0.0,NEUTRAL,0.8,,비밸류평가,EPS없음,92.26804123711341,우선검토,신호는 있으나 추가 확인이 필요합니다.
7,7,2026-04-28,제이에스코퍼레이션,194370,KS,"섬유,의류,신발,호화품",14610.0,12777.5,12653.333333333334,12214.416666666666,11716.65,1,65.85988428639985,257.217727125357,1.230614776737864,0,10.849772382397571,33.42465753424657,2955.336888945347,,3250.8705778398817,DART,TRAILING_DART,,2955.336888945347,4.94359883458626,35464.04266734416,142.7381428291866,98.27381428291866,0,3.0,75.49856368212501,86.88618898252184,진입대기,2.4000000000000004,NEUTRAL,0.8,,비밸류평가,EPS없음,71.77835051546391,우선검토,추세는 양호하지만 확인이 더 필요합니다.
8,8,2026-04-28,HDC,012630,KS,건설,27900.0,27235.0,25030.166666666668,21284.58333333333,21042.2,1,59.09228328419613,-87.24234610491226,0.9142526723258672,0,3.7174721189590976,0.540540540540535,6971.399814595231,,7668.539796054754,DART,TRAILING_DART,,6971.399814595231,4.002065688671151,83656.79777514277,199.8451533159239,100.0,0,3.0,73.64864095813633,86.82432047906816,진입대기,2.4000000000000004,NEUTRAL,0.8,,비밸류평가,EPS없음,47.80927835051546,우선검토,추세는 양호하지만 확인이 더 필요합니다.
9,9,2026-04-28,현대지에프홀딩스,005440,KS,복합기업,15190.0,14118.5,13869.0,11096.916666666666,9974.15,1,57.18157325131415,152.39976957713205,0.942154434472262,0,-0.5890052356020914,10.472727272727278,3326.796532701173,1788.0,1788.0,DART,TRAILING_DART,,3326.796532701173,4.565954019336004,39921.558392414074,162.81473596059297,100.0,0,3.0,73.4047658893528,86.7023829446764,진입대기,2.4000000000000004,NEUTRAL,0.8,,비밸류평가,EPS없음,50.51546391752577,우선검토,추세는 양호하지만 확인이 더 필요합니다.
10,10,2026-04-28,삼지전자,037460,KQ,통신장비,33700.0,30467.5,25347.166666666668,19932.83333333333,16719.65,1,66.25985568920399,203.97839223955447,0.5100975075169663,0,1.9667170953101327,40.41666666666666,7252.4396428794225,,7977.683607167365,DART,TRAILING_DART,,7252.4396428794225,4.646712231943533,87029.27571455308,158.24710894526137,99.82471089452613,0,3.0,73.47116005279914,86.64793547366264,진입대기,2.4000000000000004,NEUTRAL,0.8,,비밸류평가,EPS없음,11.469072164948454,우선검토,추세는 양호하지만 확인이 더 필요합니다.
11,11,2026-04-28,GS,078930,KS,석유와가스,76800.0,70715.0,68883.33333333333,63141.25,56917.75,1,64.49844420877054,608.2382117048433,1.1226120917536444,1,8.47457627118644,20.376175548589348,11172.929845907744,8318.0,8318.0,DART,TRAILING_DART,,11172.929845907744,6.873756575866193,134075.15815089294,74.57702884230851,88.47506874750053,0,3.0,83.43690969902539,85.95598922326296,최종매수후보,2.4000000000000004,NEUTRAL,0.8,,비밸류평가,EPS없음,65.72164948453609,우선검토,점수와 추세가 양호합니다. 분할 접근을 고려할 수 있습니다.
12,12,2026-04-28,KG케미칼,001390,KS,자동차,6140.0,5650.0,5554.25,5429.0,5192.65,1,63.66855643212668,52.77079792358194,0.826276335742511,0,8.098591549295776,23.29317269076305,3628.948809580648,,3991.843690538713,DART,TRAILING_DART,,3628.948809580648,1.6919500169828858,43547.38571496777,609.2408096900289,100.0,0,3.0,71.12997729668622,85.5649886483431,진입대기,2.4000000000000004,NEUTRAL,0.8,,비밸류평가,EPS없음,38.78865979381443,우선검토,추세는 양호하지만 확인이 더 필요합니다.
13,13,2026-04-28,성우하이텍,015750,KQ,자동차부품,9160.0,8791.5,8680.666666666666,7765.75,7076.75,1,54.39446200530766,46.15198626480077,1.605875241130063,0,0.4385964912280604,9.047619047619037,2223.1025526625,,2445.41280792875,DART,TRAILING_DART,,2223.1025526625,4.120367721691256,26677.23063195,191.23614227019647,100.0,0,3.0,70.80254034906741,85.4012701745337,진입대기,2.4000000000000004,NEUTRAL,0.8,,비밸류평가,EPS없음,84.02061855670104,우선검토,추세는 양호하지만 확인이 더 필요합니다.
14,14,2026-04-28,현대차3우B,005389,KS,자동차,250000.0,238225.0,248816.66666666663,232089.16666666663,206339.5,1,55.88802622221073,1611.4611313688088,2.0831644030002026,1,0.6036217303822866,11.60714285714286,,40715.0,40715.0,SCRAPE,CONSENSUS_SCRAPE,,40715.0,6.140243153628884,488580.0,95.432,93.5432,0,3.0,77.01776554810864,85.28048277405432,최종매수후보,2.4000000000000004,NEUTRAL,0.8,,비밸류평가,EPS없음,89.0463917525773,우선검토,점수와 추세가 양호합니다. 분할 접근을 고려할 수 있습니다.
15,15,2026-04-28,E1,017940,KS,가스유틸리티,104100.0,97815.0,98875.0,91028.33333333331,86676.5,1,64.17056643422119,863.1555808453261,1.2112681012791864,1,8.09968847352025,3.685258964143423,16647.301354081632,,18312.0314894898,DART,TRAILING_DART,,16647.301354081632,6.253265786798319,199767.61624897958,91.89972742457213,93.18997274245721,0,3.0,77.27123949405596,85.23060611825659,최종매수후보,2.4000000000000004,NEUTRAL,0.8,,비밸류평가,EPS없음,70.87628865979381,우선검토,점수와 추세가 양호합니다. 분할 접근을 고려할 수 있습니다.
16,16,2026-04-28,대한해운,005880,KS,해운사,2685.0,2611.75,2368.95,2091.8083333333334,1965.385,1,54.12889315884541,-11.05774204601022,0.2807867857097063,0,-1.2867647058823484,12.10855949895615,536.828793253571,476.0,476.0,DART,TRAILING_DART,,536.828793253571,5.0015946121797175,6441.9455190428525,139.92348301835577,97.99234830183558,0,3.0,70.97012596966859,84.48123713575208,진입대기,2.4000000000000004,NEUTRAL,0.8,,비밸류평가,EPS없음,2.7061855670103094,우선검토,추세는 양호하지만 확인이 더 필요합니다.
17,17,2026-04-28,더블유게임즈,192080,KS,게임엔터테인먼트,62000.0,51562.5,51921.66666666666,52309.16666666666,52966.5,1,79.85610691998275,1197.5823722974296,5.254233318167655,1,19.92263056092842,24.74849094567404,8492.266220913834,8230.0,8230.0,DART,TRAILING_DART,,8492.266220913834,7.30076029026423,101907.194650966,64.36644298542905,81.83818794052888,0,3.0,85.04097642889366,83.43958218471127,최종매수후보,2.4000000000000004,NEUTRAL,0.8,,비밸류평가,EPS없음,98.32474226804123,우선검토,점수와 추세가 양호합니다. 분할 접근을 고려할 수 있습니다.
18,18,2026-04-28,iM금융지주,139130,KS,은행,19280.0,18076.0,17813.833333333332,16139.583333333334,15280.05,1,65.96800286677933,112.46392770865714,0.5290983934116521,1,1.5806111696522684,15.380011968880902,2848.1692618619904,3056.0,3056.0,DART|DAILY_DISC,TRAILING_DART,,2848.1692618619904,6.769260611778284,34178.03114234388,77.27194575904504,90.22676474337928,0,3.0,76.25437467416602,83.24056970877265,최종매수후보,2.4000000000000004,NEUTRAL,0.8,,비밸류평가,EPS없음,13.015463917525775,우선검토,점수와 추세가 양호합니다. 분할 접근을 고려할 수 있습니다.
19,19,2026-04-28,INVENI,015360,KS,가스유틸리티,16640.0,16073.5,15807.5,14469.416666666666,13639.55,1,61.289940206662514,14.21969385879629,1.5839338606910631,0,4.065040650406515,9.617918313570485,3182.2162935779816,,3500.43792293578,DART,TRAILING_DART,,3182.2162935779816,5.22906002133831,38186.59552293578,129.4867519407198,96.94867519407198,0,3.0,69.24208426573128,83.09537972990162,진입대기,2.4000000000000004,NEUTRAL,0.8,,비밸류평가,EPS없음,83.50515463917526,우선검토,추세는 양호하지만 확인이 더 필요합니다.
20,20,2026-04-28,현대차2우B,005387,KS,자동차,260000.0,245200.0,259991.66666666663,240864.16666666663,213151.0,1,55.888569170224045,2179.2522098022723,1.4959724559668033,1,1.167315175097272,11.8279569892473,,40715.0,40715.0,SCRAPE,CONSENSUS_SCRAPE,,40715.0,6.385852879774039,488580.0,87.91538461538462,92.79153846153847,0,3.0,73.35656432405526,83.07405139279686,최종매수후보,2.4000000000000004,NEUTRAL,0.8,,비밸류평가,EPS없음,81.31443298969072,우선검토,점수와 추세가 양호합니다. 분할 접근을 고려할 수 있습니다.
21,21,2026-04-28,HD현대,267250,KS,조선,280500.0,257350.0,260750.0,236367.5,201188.0,1,60.88115070168801,4117.746732080466,1.1255478671762322,0,9.14396887159532,17.364016736401666,46529.16929374261,19327.0,19327.0,DART|DAILY_DISC,TRAILING_DART,,46529.16929374261,6.028476421514847,558350.0315249113,99.05526970585072,93.90552697058507,0,3.0,71.94588424208678,82.92570560633592,진입대기,2.4000000000000004,NEUTRAL,0.8,,비밸류평가,EPS없음,66.3659793814433,우선검토,추세는 양호하지만 확인이 더 필요합니다.
22,22,2026-04-28,인화정공,101930,KQ,조선,10400.0,9993.5,9223.0,9732.833333333334,9415.45,1,58.723576681195134,-16.553081672368933,0.0,0,8.67293625914316,2.564102564102555,2769.102616062893,,3046.0128776691827,DART,TRAILING_DART,,2769.102616062893,3.7557293614444336,33229.231392754715,219.51184031494918,100.0,0,3.0,65.56167204842761,82.78083602421381,진입대기,2.4000000000000004,NEUTRAL,0.8,,비밸류평가,EPS없음,0.3221649484536082,우선검토,추세는 양호하지만 확인이 더 필요합니다.
23,23,2026-04-28,한화,000880,KS,복합기업,129100.0,124315.0,122321.66666666669,106980.83333333331,99624.0,1,55.72441806994109,548.9428488843091,0.7131678205420283,0,-1.072796934865905,20.541549953314654,26569.28508732171,10406.0,10406.0,DART,TRAILING_DART,,26569.28508732171,4.858994119552119,318831.4210478605,146.9646948472971,98.6964694847297,0,3.0,66.52985382723213,82.61316165598092,진입대기,2.4000000000000004,NEUTRAL,0.8,,비밸류평가,EPS없음,27.706185567010312,우선검토,추세는 양호하지만 확인이 더 필요합니다.
24,24,2026-04-28,한화생명,088350,KS,생명보험,4975.0,4774.0,4680.916666666667,3915.5,3681.15,1,55.57061828534332,13.793382554844593,0.943639428214036,0,2.1560574948665368,12.302483069977432,962.9131981624124,,1059.2045179786537,DART,TRAILING_DART,,962.9131981624124,5.16661315837617,11554.95837794895,132.2604699085216,97.22604699085215,0,3.0,67.85790343584782,82.54197521334999,진입대기,2.4000000000000004,NEUTRAL,0.8,,비밸류평가,EPS없음,51.15979381443299,우선검토,추세는 양호하지만 확인이 더 필요합니다.
25,25,2026-04-28,LF,093050,KS,"섬유,의류,신발,호화품",25500.0,25160.0,22811.5,20422.83333333333,19746.95,1,59.47334485762441,-99.3502869367626,0.3899625069884002,0,-2.6717557251908386,5.371900826446274,4019.376897024624,,4421.314586727087,DART,TRAILING_DART,,4019.376897024624,6.344266948162184,48232.52276429549,89.14714809527644,92.91471480952764,0,3.0,71.76927097573211,82.34199289262988,진입대기,2.4000000000000004,NEUTRAL,0.8,,비밸류평가,EPS없음,5.798969072164948,우선검토,추세는 양호하지만 확인이 더 필요합니다.
26,26,2026-04-28,농심홀딩스,072710,KS,식품,97700.0,94995.0,94721.66666666669,93267.5,91575.5,1,58.65361673703512,313.385116132049,0.9556712033359372,1,1.983298538622136,7.362637362637359,24705.90139764845,,27176.49153741329,DART,TRAILING_DART,,24705.90139764845,3.954520761153012,296470.8167717814,203.45017069783157,100.0,0,3.0,64.06334861695548,82.03167430847773,최종매수후보,2.4000000000000004,NEUTRAL,0.8,,비밸류평가,EPS없음,53.22164948453608,우선검토,점수와 추세가 양호합니다. 분할 접근을 고려할 수 있습니다.
27,27,2026-04-28,KCC,002380,KS,건축자재,553000.0,524525.0,532433.3333333334,477833.3333333333,441322.5,1,55.39316743482304,3460.2483001235523,0.7239969758710387,0,-0.3603603603603567,14.730290456431527,173127.92396137904,60152.0,60152.0,DART,TRAILING_DART,,173127.92396137904,3.194169879397167,2077535.0875365485,275.6844642923234,100.0,0,3.0,63.90115583213524,81.95057791606762,진입대기,2.4000000000000004,NEUTRAL,0.8,,비밸류평가,EPS없음,28.865979381443296,우선검토,추세는 양호하지만 확인이 더 필요합니다.
28,28,2026-04-28,한화3우B,00088K,KS,복합기업,48800.0,47995.0,48230.833333333336,44275.833333333336,41685.25,1,51.66360784839474,180.9380598452541,1.1424227934210882,0,-2.594810379241519,15.366430260047292,,10406.0,10406.0,SCRAPE,CONSENSUS_SCRAPE,,10406.0,4.689602152604267,124872.0,155.88524590163934,99.58852459016393,0,3.0,61.70198549278316,80.64525504147355,진입대기,2.4000000000000004,NEUTRAL,0.8,,비밸류평가,EPS없음,67.91237113402062,우선검토,추세는 양호하지만 확인이 더 필요합니다.
29,29,2026-04-28,삼천리,004690,KS,가스유틸리티,145200.0,137410.0,142753.33333333334,134887.5,135073.0,1,59.66980925687228,1275.63718586852,0.6178669462390644,1,5.600000000000005,4.460431654676267,32386.00962090246,,35624.61058299271,DART,TRAILING_DART,,32386.00962090246,4.4834174293052005,388632.1154508295,167.65297207357403,100.0,0,3.0,61.1081185071425,80.55405925357125,최종매수후보,2.4000000000000004,NEUTRAL,0.8,,비밸류평가,EPS없음,19.587628865979383,우선검토,점수와 추세가 양호합니다. 분할 접근을 고려할 수 있습니다.
30,30,2026-04-28,DB증권,016610,KS,증권,14190.0,13303.5,13817.666666666666,12316.916666666666,11109.8,1,57.92061190418473,129.58551004707093,1.3634448831547157,0,1.7934002869440355,18.744769874477,2248.926010667244,,2473.8186117339687,DART|DAILY_DISC,TRAILING_DART,,2248.926010667244,6.309678456602449,26987.112128006927,90.18401781541175,93.01840178154117,0,3.0,66.92586671799133,79.97213424976624,진입대기,1.8,NEUTRAL,0.8,,비밸류평가,EPS없음,77.19072164948454,우선검토,추세는 양호하지만 확인이 더 필요합니다.
31,31,2026-04-28,오리온홀딩스,001800,KS,식품,24550.0,24097.5,23835.0,22021.25,21668.95,1,52.849581326782,50.581925408755325,1.1028083028083029,0,-0.8080808080808133,6.739130434782603,5391.900149862508,,5931.09016484876,DART,TRAILING_DART,,5391.900149862508,4.553125858724594,64702.801798350105,163.5552008079434,100.0,0,3.0,59.86268824679488,79.93134412339744,진입대기,1.8,NEUTRAL,0.8,,비밸류평가,EPS없음,64.0463917525773,우선검토,추세는 양호하지만 확인이 더 필요합니다.
32,32,2026-04-28,LX홀딩스,383800,KS,무역회사와판매업체,9220.0,8432.0,8542.0,8338.083333333334,8324.8,1,64.0592467611855,128.50912822365177,0.941626556375572,0,8.47058823529412,16.70886075949367,1777.57962074019,,1955.337582814209,DART,TRAILING_DART,,1777.57962074019,5.186828141155647,21330.95544888228,131.355265172259,97.1355265172259,0,3.0,62.558496202819406,79.84701136002265,진입대기,1.8,NEUTRAL,0.8,,비밸류평가,EPS없음,50.38659793814433,우선검토,추세는 양호하지만 확인이 더 필요합니다.
33,33,2026-04-28,한국캐피탈,023760,KQ,기타금융,981.0,954.9,972.15,885.5916666666667,850.745,1,54.01715872157608,3.469641398670257,0.8868243276371368,0,-0.4060913705583702,6.8627450980392135,318.5000031811456,,350.3500034992602,DART,TRAILING_DART,,318.5000031811456,3.0800627635851554,3822.0000381737473,289.60245037449,100.0,0,3.0,58.26974370682538,79.13487185341269,진입대기,1.8,NEUTRAL,0.8,,비밸류평가,EPS없음,44.329896907216494,우선검토,추세는 양호하지만 확인이 더 필요합니다.
34,34,2026-04-28,태영건설,009410,KS,건설,2045.0,1983.45,1835.5666666666664,1750.1333333333334,1848.385,1,55.67891720970871,-5.752517193388108,0.6715635250700099,0,-3.7647058823529367,16.657159155733027,322.0178640263672,,354.21965042900393,DART,TRAILING_DART,,322.0178640263672,6.350579357400349,3864.2143683164063,88.9591378149832,92.89591378149832,0,3.0,64.65717712566835,78.77654545358334,진입대기,1.8,NEUTRAL,0.8,,비밸류평가,EPS없음,23.969072164948454,우선검토,추세는 양호하지만 확인이 더 필요합니다.
35,35,2026-04-28,DN오토모티브,007340,KS,자동차부품,41000.0,38215.0,33406.666666666664,29083.75,27601.75,1,58.31823753606816,191.66948705079767,0.7955604517003526,0,4.725415070242667,7.470511140235914,5554.27368916867,,6109.701058085538,DART,TRAILING_DART,,5554.27368916867,7.381703224303416,66651.28427002404,62.564107975668406,80.66667018418447,0,3.0,76.78555548751326,78.72611283584887,진입대기,1.8,NEUTRAL,0.8,,비밸류평가,EPS없음,36.340206185567006,우선검토,추세는 양호하지만 확인이 더 필요합니다.
36,36,2026-04-28,금호타이어,073240,KS,자동차부품,6120.0,6057.5,6254.166666666667,5997.958333333333,5521.05,1,51.53881487333012,11.853237677731428,3.7832912050817136,0,2.5125628140703515,2.857142857142847,1311.6083163872909,1498.0,1498.0,DART|DAILY_DISC,TRAILING_DART,,1311.6083163872909,4.666027138999087,15739.29979664749,157.17810125240996,99.717810125241,0,3.0,57.71074842345728,78.71427927434914,진입대기,1.8,NEUTRAL,0.8,,비밸류평가,EPS없음,96.52061855670104,우선검토,추세는 양호하지만 확인이 더 필요합니다.
37,37,2026-04-28,미래에셋증권2우B,00680K,KS,증권,20400.0,20207.0,19850.53933919271,15389.4353515625,12843.981508789062,1,51.25658211387928,-39.05551080652697,1.0457422078846246,0,-0.9708737864077666,8.16542948038177,,3466.0,3466.0,SCRAPE,CONSENSUS_SCRAPE,,3466.0,5.885747259088286,41592.0,103.88235294117649,94.38823529411765,0,3.0,62.44567394368564,78.41695461890164,진입대기,1.8,NEUTRAL,0.8,,비밸류평가,EPS없음,60.953608247422686,우선검토,추세는 양호하지만 확인이 더 필요합니다.
38,38,2026-04-28,한국금융지주,071050,KS,증권,258500.0,244025.0,235796.66666666663,202271.66666666663,180147.0,1,60.46131881767567,1082.613340626005,0.8549852165465732,0,-1.3358778625954248,27.654320987654323,36326.89033153506,36407.0,36407.0,DART,TRAILING_DART,,36326.89033153506,7.115940771170231,435922.68397842074,68.63546768991131,84.61305399844235,0,3.0,71.29945359803541,77.95625379823889,진입대기,1.8,NEUTRAL,0.8,,비밸류평가,EPS없음,41.23711340206185,우선검토,추세는 양호하지만 확인이 더 필요합니다.
39,39,2026-04-28,세방전지,004490,KS,자동차부품,66100.0,61815.0,63083.333333333336,63231.66666666666,64286.0,1,64.39871302302419,637.3234926001662,1.4412331584025495,1,1.5360983102918668,11.09243697478992,10204.202214502164,,11224.62243595238,DART,TRAILING_DART,,10204.202214502164,6.477723452604555,122450.42657402597,85.25026713165803,92.5250267131658,0,3.0,62.749030670949764,77.63702869205778,최종매수후보,1.8,NEUTRAL,0.8,,비밸류평가,EPS없음,80.28350515463917,우선검토,점수와 추세가 양호합니다. 분할 접근을 고려할 수 있습니다.
40,40,2026-04-28,한국단자,025540,KS,자동차부품,89300.0,79605.0,76588.33333333333,71818.33333333333,68268.0,1,70.36472275749502,938.4056880468312,1.804047282996896,1,4.322429906542058,17.810026385224266,10494.880672268908,,11544.3687394958,DART,TRAILING_DART,,10494.880672268908,8.508910466791813,125938.5680672269,41.02863165422945,66.66861057524915,0,3.0,87.22365137773667,76.94613097649291,최종매수후보,1.8,NEUTRAL,0.8,,비밸류평가,EPS없음,86.34020618556701,우선검토,점수와 추세가 양호합니다. 분할 접근을 고려할 수 있습니다.
41,41,2026-04-28,다우데이타,032190,KQ,증권,24100.0,23820.0,24964.166666666668,21785.33333333333,19870.95,1,50.16813444493478,37.29758138558101,0.8340776309212629,0,-2.032520325203257,9.79498861047836,31323.3151437859,,34455.64665816449,DART,TRAILING_DART,,31323.3151437859,0.7693949343922205,375879.7817254308,1459.6671440889245,100.0,0,3.0,53.5238946714514,76.7619473357257,진입대기,1.8,NEUTRAL,0.8,,비밸류평가,EPS없음,39.43298969072165,우선검토,추세는 양호하지만 확인이 더 필요합니다.
42,42,2026-04-28,아이티센글로벌,124500,KQ,IT서비스,52000.0,49660.0,53212.5,40093.833333333336,31364.7,1,51.61578642746464,309.4889376052856,1.5893805906220586,0,11.34903640256959,13.910186199342832,8545.071342544496,,9399.578476798946,DART,TRAILING_DART,,8545.071342544496,6.085379268994585,102540.85611053395,97.19395405871913,93.71939540587191,0,3.0,59.57246506707539,76.64593023647365,진입대기,1.8,NEUTRAL,0.8,,비밸류평가,EPS없음,83.6340206185567,우선검토,추세는 양호하지만 확인이 더 필요합니다.
43,43,2026-04-28,한화손해보험,000370,KS,손해보험,6760.0,6572.5,6884.0,6178.833333333333,6066.55,1,52.25425166400756,29.510357464149383,1.220374527840469,0,1.501501501501501,6.122448979591844,2504.159516987116,,2754.575468685828,DART,TRAILING_DART,,2504.159516987116,2.6995085393494844,30049.914203845394,344.5253580450502,100.0,0,3.0,52.03358475078028,76.01679237539014,진입대기,1.8,NEUTRAL,0.8,,비밸류평가,EPS없음,71.3917525773196,우선검토,추세는 양호하지만 확인이 더 필요합니다.
44,44,2026-04-28,다우기술,023590,KS,증권,47900.0,47465.0,49689.16666666666,44320.0,40860.0,1,49.14199288691118,74.08463144511128,0.6899961753749083,0,-2.5432349949135347,11.00811123986094,26705.72355943469,,29376.29591537816,DART,TRAILING_DART,,26705.72355943469,1.793622999706283,320468.6827132163,569.0369158939797,100.0,0,3.0,51.60991929185767,75.80495964592883,진입대기,1.8,NEUTRAL,0.8,,비밸류평가,EPS없음,25.257731958762886,우선검토,추세는 양호하지만 확인이 더 필요합니다.
45,45,2026-04-28,케이프,064820,KQ,증권,16120.0,12325.0,11478.5,11258.416666666666,10758.65,1,75.03658285251517,609.9925448907848,1.056286909805331,0,23.904688700999223,64.32212028542304,2078.7595188204364,,2286.63547070248,DART,TRAILING_DART,,2078.7595188204364,7.754624743292612,24945.11422584524,54.74636616529305,75.58513800744048,0,3.0,75.87034258097572,75.7277402942081,진입대기,1.8,NEUTRAL,0.8,,비밸류평가,EPS없음,61.46907216494846,우선검토,추세는 양호하지만 확인이 더 필요합니다.
46,46,2026-04-28,넥센타이어,002350,KS,자동차부품,7720.0,7433.5,7900.833333333333,7744.916666666667,7068.7,1,56.123393998101314,59.11138928040987,1.619987016355494,0,1.4454664914586024,7.972027972027962,1547.8373423024236,1587.0,1587.0,DART,TRAILING_DART,,1547.8373423024236,4.987604181015831,18574.04810762908,140.5964780780969,98.0596478078097,0,3.0,53.29312827421068,75.67638804101018,진입대기,1.8,NEUTRAL,0.8,,비밸류평가,EPS없음,84.27835051546391,우선검토,추세는 양호하지만 확인이 더 필요합니다.
47,47,2026-04-28,KG이니시스,035600,KQ,IT서비스,11470.0,10946.0,10947.833333333334,10690.083333333334,10686.85,1,62.20307332669622,48.57488042893533,1.0629152253990617,0,-1.035375323554788,14.47105788423153,2097.0631387674302,,2306.7694526441733,DART,TRAILING_DART,,2097.0631387674302,5.4695539623769305,25164.757665209163,119.39631791812695,95.9396317918127,0,3.0,55.301370623207106,75.6205012075099,진입대기,1.8,NEUTRAL,0.8,,비밸류평가,EPS없음,61.855670103092784,우선검토,추세는 양호하지만 확인이 더 필요합니다.
48,48,2026-04-28,SK,034730,KS,석유와가스,414000.0,359575.0,350983.3333333333,309316.6666666667,270297.0,1,70.35598058382023,6373.205624406372,0.947535969539028,1,7.11513583441139,37.54152823920265,49036.04766294023,43752.0,43752.0,DART,TRAILING_DART,,49036.04766294023,8.442768529097565,588432.5719552828,42.13347148678328,67.38675646640914,0,3.0,83.45048969823016,75.41862308231964,최종매수후보,1.8,NEUTRAL,0.8,,비밸류평가,EPS없음,51.80412371134021,우선검토,점수와 추세가 양호합니다. 분할 접근을 고려할 수 있습니다.
49,49,2026-04-28,효성,004800,KS,복합기업,227000.0,158065.0,151558.33333333334,142734.16666666666,121038.0,1,82.868277396192,6900.674906749962,8.734138643764556,1,38.58363858363858,76.65369649805447,25215.68690934456,17204.0,17204.0,DART|DAILY_DISC,TRAILING_DART,,25215.68690934456,9.002332588285634,302588.24291213474,33.298785423847896,61.64421052550113,0,3.0,88.47074124758376,75.05747588654245,최종매수후보,1.8,NEUTRAL,0.8,,비밸류평가,EPS없음,99.48453608247422,우선검토,점수와 추세가 양호합니다. 분할 접근을 고려할 수 있습니다.
50,50,2026-04-28,영원무역홀딩스,009970,KS,"섬유,의류,신발,호화품",206000.0,212700.0,220550.0,201065.0,174604.0,1,43.15218331303044,-267.16779445779594,1.0998827117053718,0,-2.8301886792452824,-5.936073059360735,44925.16507132959,,49417.68157846255,DART,TRAILING_DART,,44925.16507132959,4.585403296191012,539101.980855955,161.6999907067743,100.0,0,3.0,49.85415628153295,74.92707814076647,진입대기,1.8,NEUTRAL,0.8,,비밸류평가,EPS없음,63.78865979381443,우선검토,추세는 양호하지만 확인이 더 필요합니다.
51,51,2026-04-28,코리안리,003690,KS,손해보험,12620.0,12189.5,12777.5,12068.916666666666,11594.55,1,54.54458687532606,69.66965161180173,1.3206921725770184,1,2.6016260162601723,3.104575163398682,1822.3155821957605,,2004.5471404153368,DART,TRAILING_DART,,1822.3155821957605,6.925254946672737,21867.786986349125,73.27881922622129,87.63123249704384,0,3.0,61.58794673737991,74.60958961721187,진입대기,1.8,NEUTRAL,0.8,,비밸류평가,EPS없음,75.51546391752578,우선검토,추세는 양호하지만 확인이 더 필요합니다.
52,52,2026-04-28,DB손해보험,005830,KS,손해보험,173500.0,168530.0,174193.33333333334,150618.33333333334,143917.0,1,52.03377499887698,824.0558978362634,0.764051036470888,0,1.6403046280023537,5.921855921855923,25806.828663668857,,28387.511530035747,DART,TRAILING_DART,,25806.828663668857,6.723026771757324,309681.9439640263,78.49103398502957,91.01917209026922,0,3.0,58.142718667683134,74.58094537897618,진입대기,1.8,NEUTRAL,0.8,,비밸류평가,EPS없음,33.24742268041237,우선검토,추세는 양호하지만 확인이 더 필요합니다.
53,53,2026-04-28,현대해상,001450,KS,손해보험,30850.0,30292.5,31135.83333333333,30042.916666666668,29093.5,1,52.75084235027064,97.82116452490672,1.193367803652785,0,2.3217247097844007,2.3217247097844007,11407.383087058166,,12548.121395763985,DART,TRAILING_DART,,11407.383087058166,2.7043888825825224,136888.597044698,343.72316708167904,100.0,0,3.0,48.0973519823765,74.04867599118825,진입대기,1.8,NEUTRAL,0.8,,비밸류평가,EPS없음,70.36082474226805,우선검토,추세는 양호하지만 확인이 더 필요합니다.
54,54,2026-04-28,폰드그룹,472850,KQ,"섬유,의류,신발,호화품",5960.0,5415.5,5610.5,5322.7580159505205,5468.346909179688,1,66.29558496634439,67.60588198738569,2.131243851472306,1,9.558823529411775,18.962075848303385,768.401487402168,,845.2416361423848,DART,TRAILING_DART,,768.401487402168,7.756361872944475,9220.817848826016,54.71170887291974,75.56261076739783,0,3.0,72.49328573813841,74.02794825276811,진입대기,1.8,NEUTRAL,0.8,,비밸류평가,EPS없음,89.69072164948454,우선검토,추세는 양호하지만 확인이 더 필요합니다.
55,55,2026-04-28,SNT홀딩스,036530,KS,자동차부품,63000.0,61360.0,60648.333333333336,59100.833333333336,61028.5,1,54.32153754493328,77.04995922565979,0.6204815268573933,0,0.6389776357827559,8.247422680412363,13473.50692534283,,14820.857617877116,DART,TRAILING_DART,,13473.50692534283,4.675842774200153,161682.08310411396,156.63822714938723,99.66382271493872,0,3.0,48.09956735614126,73.88169503553999,진입대기,1.8,NEUTRAL,0.8,,비밸류평가,EPS없음,19.716494845360824,우선검토,추세는 양호하지만 확인이 더 필요합니다.
56,56,2026-04-28,유진투자증권,001200,KS,증권,6280.0,4984.75,4866.666666666667,4206.333333333333,3965.025,1,75.90042846591366,108.28720448612496,32.391179242920714,1,24.110671936758887,42.242355605889,666.2604596053093,,732.8865055658403,DART|DAILY_DISC,TRAILING_DART,,666.2604596053093,9.425743205172724,7995.125515263711,27.310915848148266,57.75209530129637,0,3.0,89.62582545004062,73.6889603756685,진입대기,1.8,NEUTRAL,0.8,,비밸류평가,EPS없음,100.0,우선검토,추세는 양호하지만 확인이 더 필요합니다.
57,57,2026-04-28,하나금융지주,086790,KS,은행,127000.0,118925.0,115998.33333333331,105095.0,97833.0,1,67.44937438280157,541.8308367900645,1.3264386061045184,1,3.2520325203251987,19.13696060037524,14712.50913937596,15539.0,15539.0,DART|DAILY_DISC,TRAILING_DART,,14712.50913937596,8.63211018575359,176550.10967251152,39.01583438780434,65.36029235207282,0,3.0,80.52778475608194,72.94403855407738,진입대기,1.8,NEUTRAL,0.8,,비밸류평가,EPS없음,75.9020618556701,우선검토,추세는 양호하지만 확인이 더 필요합니다.
58,58,2026-04-28,하림지주,003380,KQ,식품,13190.0,13558.0,14887.333333333334,12314.0,10814.2,1,43.047767060679085,17.752582876755582,0.911511803397144,0,-4.76534296028881,-2.65682656826568,4586.912651464162,,5045.603916610578,DART,TRAILING_DART,,4586.912651464162,2.875572526062753,55042.95181756995,317.3082018011368,100.0,0,3.0,45.837817523814,72.918908761907,진입대기,1.8,NEUTRAL,0.8,,비밸류평가,EPS없음,47.42268041237113,우선검토,추세는 양호하지만 확인이 더 필요합니다.
59,59,2026-04-28,F&F홀딩스,007700,KS,"섬유,의류,신발,호화품",19650.0,18820.0,19462.0,19532.33333333333,19328.4,1,56.56993636408583,128.40407307684535,0.9050507876011818,0,1.1322696860524897,10.704225352112685,9405.895715224024,,10346.485286746429,DART,TRAILING_DART,,9405.895715224024,2.0891152310135928,112870.74858268828,474.40584520452046,100.0,0,3.0,45.77877190804879,72.88938595402439,진입대기,1.8,NEUTRAL,0.8,,비밸류평가,EPS없음,46.77835051546392,우선검토,추세는 양호하지만 확인이 더 필요합니다.
60,60,2026-04-28,BNK금융지주,138930,KS,은행,18860.0,18415.0,18844.83333333333,17115.333333333332,16127.85,1,54.036459326613226,52.93958377561637,0.6809954140469219,0,0.1593202336696686,5.422023476802673,2694.438949970562,2763.0,2763.0,DART,TRAILING_DART,,2694.438949970562,6.999601902357466,32333.267399646746,71.43832131307926,86.43490885350153,0,3.0,57.60365389880408,72.0192813761528,진입대기,1.8,NEUTRAL,0.8,,비밸류평가,EPS없음,24.355670103092784,우선검토,추세는 양호하지만 확인이 더 필요합니다.
61,61,2026-04-28,NICE,034310,KS,IT서비스,13820.0,13508.0,13923.833333333334,13723.75,13617.025,1,53.96189426627463,55.06323151896481,0.5289449236894492,1,0.7288629737609353,5.981595092024539,2083.1976860451964,,2291.5174546497165,DART,TRAILING_DART,,2083.1976860451964,6.634031946452616,24998.37223254236,80.88547201550188,92.08854720155018,0,3.0,51.10438637772221,71.5964667896362,진입대기,1.8,NEUTRAL,0.8,,비밸류평가,EPS없음,12.886597938144329,우선검토,추세는 양호하지만 확인이 더 필요합니다.
62,62,2026-04-28,메가스터디교육,215200,KQ,교육서비스,46200.0,45525.0,46071.66666666666,44250.0,45442.0,1,53.15998536505405,102.13677078389507,1.2521990405471284,0,1.2048192771084263,-6.57229524772498,8966.069177333111,,9862.676095066425,DART,TRAILING_DART,,8966.069177333111,5.152759708434665,107592.83012799732,132.8849136969639,97.28849136969639,0,3.0,45.70268806769935,71.49558971869787,진입대기,1.8,NEUTRAL,0.8,,비밸류평가,EPS없음,72.68041237113401,우선검토,추세는 양호하지만 확인이 더 필요합니다.
63,63,2026-04-28,에스엘,005850,KS,자동차부품,66000.0,59330.0,60220.0,51566.66666666666,44594.75,1,60.50496803391475,787.6560440991877,1.7509566348050851,1,1.6949152542372836,19.133574007220226,6906.362346356784,7950.0,7950.0,DART,TRAILING_DART,,6906.362346356784,9.556405628618087,82876.3481562814,25.570224479214243,56.62064591148926,0,3.0,85.52913754296871,71.07489172722899,진입대기,1.8,NEUTRAL,0.8,,비밸류평가,EPS없음,85.56701030927834,우선검토,추세는 양호하지만 확인이 더 필요합니다.
64,64,2026-04-28,이지홀딩스,035810,KQ,식품,5440.0,5677.5,6037.333333333333,5300.541666666667,4717.4,1,39.12349809647106,-24.61008691401756,1.7951958852224716,0,-4.393673110720564,-3.2028469750889688,1073.393331022285,,1180.7326641245138,DART,TRAILING_DART,,1073.393331022285,5.06803968571243,12880.719972267421,136.7779406666805,97.67779406666806,0,3.0,44.157842575249916,70.91781832095899,진입대기,1.8,NEUTRAL,0.8,,비밸류평가,EPS없음,86.08247422680412,우선검토,추세는 양호하지만 확인이 더 필요합니다.
65,65,2026-04-28,이노션,214320,KS,광고,19510.0,18507.0,19095.33333333333,18702.75,18784.7,1,67.56091158620616,164.81632481331516,0.7527829424898566,1,2.630194634402949,8.328706274292053,2724.29292705,2562.0,2562.0,DART,TRAILING_DART,,2724.29292705,7.161491264864238,32691.5151246,67.56286583598154,83.915862793388,0,3.0,56.013513503047385,69.96468814821769,진입대기,1.8,NEUTRAL,0.8,,비밸류평가,EPS없음,32.21649484536083,우선검토,추세는 양호하지만 확인이 더 필요합니다.
66,66,2026-04-28,서희건설,035890,KQ,건설,1623.0,1623.0,1623.0,1623.0,1658.14,0,29.702328094410063,0.000171704256274,,1,0.0,0.0,524.790316019571,,577.2693476215281,DART,TRAILING_DART,,524.790316019571,3.092663775334363,6297.483792234852,288.015021086559,100.0,0,3.0,39.87838498450067,69.93919249225033,관찰,1.8,NEUTRAL,0.8,,비밸류평가,EPS없음,,관찰후진입,리스크가 높아 비중을 낮게 유지하는 편이 좋습니다.
67,67,2026-04-28,현대그린푸드,453340,KS,식품,16240.0,16008.0,15894.666666666666,15830.833333333334,15988.0,1,56.8104029859169,25.17244346813638,0.3773618665903235,0,-0.3680981595092003,2.6548672566371723,2699.4712250194725,,2969.41834752142,DART,TRAILING_DART,,2699.4712250194725,6.015993002438044,32393.65470023367,99.46831711966546,93.94683171196655,0,3.0,45.865881478857816,69.90635659541218,진입대기,1.8,NEUTRAL,0.8,,비밸류평가,EPS없음,4.768041237113402,우선검토,추세는 양호하지만 확인이 더 필요합니다.
68,68,2026-04-28,에이스침대,003800,KQ,가구,34350.0,34175.0,34817.5,32700.83333333333,31173.25,1,52.11735003012805,34.42844264923545,0.8348605866357522,0,-0.1453488372093025,4.566210045662111,5047.208299909828,,5551.929129900812,DART,TRAILING_DART,,5047.208299909828,6.805742493452011,60566.499598917944,76.32168733309446,89.6090967665114,0,3.0,49.59701434356024,69.60305555503582,진입대기,1.8,NEUTRAL,0.8,,비밸류평가,EPS없음,39.69072164948454,우선검토,추세는 양호하지만 확인이 더 필요합니다.
69,69,2026-04-28,쿠쿠홈시스,284740,KS,가정용기기와용품,24550.0,24020.0,24467.5,24327.08333333333,25404.0,0,53.24861796934347,93.75661588703008,0.857517282049602,0,0.0,6.047516198704095,5986.431598946933,,6585.074758841627,DART,TRAILING_DART,,5986.431598946933,4.100940534310718,71837.1791873632,192.61580117052222,100.0,0,3.0,38.851754544571925,69.42587727228596,관찰,1.8,NEUTRAL,0.8,,비밸류평가,EPS없음,41.49484536082475,우선검토,신호는 있으나 추가 확인이 필요합니다.
70,70,2026-04-28,쿠쿠홀딩스,192400,KS,가정용기기와용품,29350.0,28327.5,28319.166666666668,28520.83333333333,29610.25,0,61.3240513428122,120.56863837892335,0.800240134143901,1,1.5570934256055269,7.116788321167888,4083.512211102889,,4491.863432213178,DART,TRAILING_DART,,4083.512211102889,7.187440243278481,49002.14653323467,66.9579098236275,83.52264138535787,0,3.0,55.23777071792689,69.38020605164238,관찰,1.8,NEUTRAL,0.8,,비밸류평가,EPS없음,36.855670103092784,우선검토,신호는 있으나 추가 확인이 필요합니다.
71,71,2026-04-28,BGF,027410,KS,화학,5100.0,4953.5,4484.166666666667,4214.916666666667,4137.1,1,60.328911513439714,-11.756202622621627,0.5210971180573686,0,1.7964071856287456,12.70718232044199,589.4039993045734,,648.3443992350308,DART,TRAILING_DART,,589.4039993045734,8.652808610083056,7072.84799165488,38.68329395401726,65.14414107011122,0,3.0,72.24619078040064,68.69516592525594,진입대기,1.8,NEUTRAL,0.8,,비밸류평가,EPS없음,12.371134020618557,우선검토,추세는 양호하지만 확인이 더 필요합니다.
72,72,2026-04-28,기업은행,024110,KS,은행,22500.0,22170.0,23359.166666666668,21998.0,21013.4,1,49.65832257483404,67.89863617101895,1.235981795099978,0,-0.2217294900221711,5.386416861826704,3409.5558041145014,3499.0,3499.0,DART|DAILY_DISC,TRAILING_DART,,3409.5558041145014,6.59910008595489,40914.66964937402,81.84297621944008,92.18429762194401,0,3.0,44.60956273584477,68.3969301788944,진입대기,1.8,NEUTRAL,0.8,,비밸류평가,EPS없음,71.90721649484536,우선검토,추세는 양호하지만 확인이 더 필요합니다.
73,73,2026-04-28,현대홈쇼핑,057050,KS,인터넷과카탈로그소매,87000.0,80695.0,77743.33333333333,66117.5,61734.5,1,59.98836716601868,832.0660307655623,0.8954146989705135,0,-0.4576659038901587,9.571788413098249,9559.69225,,10515.661475,DART,TRAILING_DART,,9559.69225,9.100711374887617,114716.307,31.857824137931033,60.707585689655176,0,3.0,75.60429099604241,68.1559383428488,진입대기,1.8,NEUTRAL,0.8,,비밸류평가,EPS없음,46.00515463917525,우선검토,추세는 양호하지만 확인이 더 필요합니다.
74,74,2026-04-28,미코,059090,KQ,반도체와반도체장비,21150.0,17392.0,16089.333333333334,14942.75,14940.15,1,65.32911393724822,390.5938305500322,0.6064110514918805,0,-5.790645879732736,68.39171974522293,2242.863341642333,,2467.149675806567,DART,TRAILING_DART,,2242.863341642333,9.429910243444857,26914.360099708,27.254657681834505,57.715527493192425,0,3.0,77.41620168439869,67.56586458879556,진입대기,1.8,NEUTRAL,0.8,,비밸류평가,EPS없음,18.556701030927837,우선검토,추세는 양호하지만 확인이 더 필요합니다.
75,75,2026-04-28,유비쿼스홀딩스,078070,KQ,통신장비,16240.0,16665.0,14013.833333333334,12326.416666666666,11529.4,1,50.97535369723082,-285.2651695086289,0.2796129921079203,0,-6.666666666666665,11.768754301445284,1911.1518220173484,,2102.2670042190834,DART,TRAILING_DART,,1911.1518220173484,8.497493403144494,22933.82186420818,41.21811492739027,66.79177470280368,0,3.0,67.49119774901101,67.14148622590734,진입대기,1.8,NEUTRAL,0.8,,비밸류평가,EPS없음,2.5773195876288657,우선검토,추세는 양호하지만 확인이 더 필요합니다.
76,76,2026-04-28,F&F,383220,KS,"섬유,의류,신발,호화품",67000.0,64905.0,66436.66666666667,68218.33333333333,68351.5,0,55.82803714316093,277.3947765374593,0.8862253726109942,0,-1.0339734121122546,9.298531810766718,10459.855496040876,10579.0,10579.0,DART|DAILY_DISC,TRAILING_DART,,10459.855496040876,6.405442219097571,125518.26595249052,87.34069545147838,92.73406954514783,0,3.0,41.444831609945325,67.08945057754659,관찰,1.8,NEUTRAL,0.8,,비밸류평가,EPS없음,44.20103092783505,우선검토,신호는 있으나 추가 확인이 필요합니다.
77,77,2026-04-28,서부T&D,006730,KQ,"호텔,레스토랑,레저",14840.0,13591.5,15013.0,13548.583333333334,11984.15,1,60.708004182132015,223.31602669262017,1.4584946755560313,0,7.30296456977586,13.8036809815951,1789.664963901031,712.0,712.0,DART,TRAILING_DART,,1789.664963901031,8.292054825531388,21475.97956681237,44.71684344213187,69.06594823738571,0,3.0,64.58374778531552,66.82484801135061,진입대기,1.8,NEUTRAL,0.8,,비밸류평가,EPS없음,80.79896907216495,우선검토,추세는 양호하지만 확인이 더 필요합니다.
78,78,2026-04-28,현대차,005380,KS,자동차,555000.0,507050.0,513033.3333333333,418591.6666666667,340020.0,1,59.81855644870137,4341.726704092032,2.7978981014418585,1,1.6483516483516425,24.57912457912459,50619.69175811383,40715.0,40715.0,DART|DAILY_DISC,TRAILING_DART,,50619.69175811383,10.964112595787173,607436.301097366,9.447982179705594,46.14118841680864,0,3.0,87.32788140764276,66.7345349122257,진입대기,1.8,NEUTRAL,0.8,,비밸류평가,EPS없음,94.3298969072165,우선검토,추세는 양호하지만 확인이 더 필요합니다.
79,79,2026-04-28,우리금융지주,316140,KS,은행,33500.0,34040.0,34121.666666666664,30820.416666666668,28603.25,1,46.23146194258148,-122.9770433625423,1.2084014658668534,0,-6.424581005586594,4.5241809672387,4396.692703559761,4486.0,4486.0,DART|DAILY_DISC,TRAILING_DART,,4396.692703559761,7.619363521329769,52760.31244271713,57.49346997826008,77.37075548586904,0,3.0,55.34096580922125,66.35586064754514,진입대기,1.8,NEUTRAL,0.8,,비밸류평가,EPS없음,70.61855670103093,우선검토,추세는 양호하지만 확인이 더 필요합니다.
80,80,2026-04-28,세아홀딩스,058650,KS,철강,158300.0,156870.0,157815.0,143775.0,137453.0,1,52.52715082427793,56.037980890883055,1.3558331507049457,0,1.4093529788597126,6.028131279303417,19911.624296004207,,21902.78672560463,DART,TRAILING_DART,,19911.624296004207,7.950129916411042,238939.4915520505,50.94092959699967,73.11160423804978,0,3.0,59.21743618960309,66.16452021382644,진입대기,1.8,NEUTRAL,0.8,,비밸류평가,EPS없음,76.67525773195877,우선검토,추세는 양호하지만 확인이 더 필요합니다.
81,81,2026-04-28,유안타증권,003470,KS,증권,5540.0,4919.0,4902.083333333333,4350.208333333333,4099.35,1,67.90560785172549,67.35609699167784,4.452465416540113,1,9.702970297029712,25.339366515837103,479.1241408870661,,527.0365549757728,DART|DAILY_DISC,TRAILING_DART,,479.1241408870661,11.562765319532977,5749.489690644794,3.7814023582092737,42.45791153283603,0,3.0,89.85774713394854,66.15782933339229,진입대기,1.8,NEUTRAL,0.8,,비밸류평가,EPS없음,97.55154639175258,우선검토,추세는 양호하지만 확인이 더 필요합니다.
82,82,2026-04-28,명신산업,009900,KS,자동차부품,13530.0,10652.0,10065.333333333334,9495.083333333334,9215.1,1,69.74003863340391,414.8868808870307,2.0236583439657325,0,28.36812144212524,41.82389937106918,1302.3581119758169,,1432.5939231733987,DART,TRAILING_DART,,1302.3581119758169,10.38884764150894,15628.297343709803,15.508479997855162,50.08051199860586,0,3.0,81.74905811749076,65.91478505804831,진입대기,1.8,NEUTRAL,0.8,,비밸류평가,EPS없음,88.14432989690721,우선검토,추세는 양호하지만 확인이 더 필요합니다.
83,83,2026-04-28,유니드,014830,KS,화학,91600.0,85395.0,82990.0,75632.5,76949.5,1,62.49069879722431,862.5147012360758,1.1866799303535271,0,7.134502923976616,13.93034825870647,9642.876812016077,12781.0,12781.0,DART|DAILY_DISC,TRAILING_DART,,9642.876812016077,9.499239883045732,115714.52174419293,26.3258971006473,57.111833115420744,0,3.0,74.49794980226332,65.80489145884204,진입대기,1.8,NEUTRAL,0.8,,비밸류평가,EPS없음,69.9742268041237,우선검토,추세는 양호하지만 확인이 더 필요합니다.
84,84,2026-04-28,수산인더스트리,126720,KS,에너지장비및서비스,33750.0,29317.5,27777.5,24904.58333333333,24024.75,1,69.93717162844564,540.5556116583655,1.0959781259578238,0,16.179001721170394,30.308880308880305,3418.2857781744365,,3760.114355991881,DART,TRAILING_DART,,3418.2857781744365,9.873369925794927,41019.429338093236,21.539049890646634,54.00038242892031,0,3.0,76.59288949377428,65.29663596134729,진입대기,1.8,NEUTRAL,0.8,,비밸류평가,EPS없음,63.53092783505154,우선검토,추세는 양호하지만 확인이 더 필요합니다.
85,85,2026-04-28,한국타이어앤테크놀로지,161390,KS,자동차부품,62200.0,59920.0,62405.0,60780.41666666666,53355.0,1,54.207771857603376,406.8862772610796,0.6307931662601727,0,0.1610305958132052,14.972273567467642,7843.342059958813,11517.0,11517.0,DART,TRAILING_DART,,7843.342059958813,7.930292919078251,94120.10471950575,51.31849633361052,73.35702261684683,0,3.0,57.037570368103665,65.19729649247525,진입대기,1.8,NEUTRAL,0.8,,비밸류평가,EPS없음,20.103092783505154,우선검토,추세는 양호하지만 확인이 더 필요합니다.
86,86,2026-04-28,한국전력,015760,KS,전기유틸리티,44700.0,44005.0,50454.16666666666,50794.16666666666,45809.5,0,45.80232167954937,504.6212902296376,0.9075095371804044,0,-2.826086956521734,7.322929171668657,13500.219576928132,14016.0,14016.0,DART,TRAILING_DART,,13500.219576928132,3.311057256905086,162002.63492313758,262.42200206518476,100.0,0,3.0,30.355797614835446,65.17789880741772,관찰,1.8,NEUTRAL,0.8,,비밸류평가,EPS없음,47.16494845360825,우선검토,신호는 있으나 추가 확인이 필요합니다.
87,87,2026-04-28,에스엠,041510,KQ,방송과엔터테인먼트,96100.0,89730.0,99995.0,105430.0,116931.0,0,56.41482637744545,1226.6727395284436,2.3102346137327245,0,4.229934924078083,8.220720720720731,15696.395697080852,6057.0,6057.0,DART|DAILY_DISC,TRAILING_DART,,15696.395697080852,6.122424654334642,188356.74836497023,96.00077873566102,93.60007787356611,0,3.0,36.70328643619935,65.15168215488274,관찰,1.8,NEUTRAL,0.8,,비밸류평가,EPS없음,91.75257731958763,우선검토,신호는 있으나 추가 확인이 필요합니다.
88,88,2026-04-28,에스에이엠티,031330,KQ,전자장비와기기,7230.0,6296.0,5423.5,4659.25,4064.2,1,71.82347297914393,74.746757422305,0.6525633499745865,0,6.480117820324005,46.65314401622717,758.33047861251,,834.1635264737611,DART,TRAILING_DART,,758.33047861251,9.534101824877816,9099.96574335012,25.863979852698748,56.811586904254185,0,3.0,73.47506151397738,65.14332420911578,진입대기,1.8,NEUTRAL,0.8,,비밸류평가,EPS없음,22.036082474226802,우선검토,추세는 양호하지만 확인이 더 필요합니다.
89,89,2026-04-28,기아,000270,KS,자동차,155600.0,153990.0,161021.66666666666,143714.16666666666,128103.5,1,49.26921604105871,497.34515621112246,1.5930789594577672,0,-2.749999999999997,7.162534435261714,19349.186729689773,21385.0,21385.0,DART|DAILY_DISC,TRAILING_DART,,19349.186729689773,8.041681656895909,232190.2407562773,49.22251976624503,71.99463784805927,0,3.0,58.076082952775266,65.03536040041726,진입대기,1.8,NEUTRAL,0.8,,비밸류평가,EPS없음,83.76288659793815,우선검토,추세는 양호하지만 확인이 더 필요합니다.
90,90,2026-04-28,케이씨,029460,KS,반도체와반도체장비,38950.0,34492.5,32935.833333333336,29667.5,27594.5,1,66.6962729049394,551.7545573921304,0.9483705211986824,0,3.866666666666663,29.833333333333336,3919.13736649628,,4311.051103145908,DART,TRAILING_DART,,3919.13736649628,9.938411532337131,47029.64839795536,20.743641586534945,53.48336703124771,0,3.0,76.05568992391593,64.76952847758182,관찰,1.2000000000000002,NEUTRAL,0.8,,비밸류평가,EPS없음,51.932989690721655,우선검토,신호는 있으나 추가 확인이 필요합니다.
91,91,2026-04-28,동아쏘시오홀딩스,000640,KS,제약,100800.0,95850.0,102136.35911458332,105026.9173828125,106794.791328125,0,58.31728475745107,897.0727066821112,1.4506255578298015,1,4.564315352697101,7.1200850159404805,13585.759087041166,12688.0,12688.0,DART|DAILY_DISC,TRAILING_DART,,13585.759087041166,7.419533892379154,163029.109044494,61.73522722668054,80.12789769734235,0,3.0,49.23618494439113,64.68204132086674,관찰,1.2000000000000002,NEUTRAL,0.8,,비밸류평가,EPS없음,80.6701030927835,우선검토,신호는 있으나 추가 확인이 필요합니다.
92,92,2026-04-28,풍산홀딩스,005810,KS,비철금속,46750.0,45362.5,41110.0,39448.333333333336,41009.75,1,58.62929248016823,-173.44265410309322,0.2925232037406277,0,4.703247480403139,36.29737609329447,5157.935458267752,,5673.729004094528,DART,TRAILING_DART,,5157.935458267752,9.063703952530762,61895.22549921303,32.396204276391515,61.05753277965449,0,3.0,68.28853250148946,64.67303264057198,관찰,1.2000000000000002,NEUTRAL,0.8,,비밸류평가,EPS없음,3.221649484536082,우선검토,신호는 있으나 추가 확인이 필요합니다.
93,93,2026-04-28,아모레퍼시픽홀딩스,002790,KS,화장품,29550.0,27977.5,29125.83333333333,28256.25,28258.25,1,57.505906793189205,332.2376168710386,1.357483886480736,0,7.065217391304346,6.871609403254975,3821.118067040047,,4203.229873744052,DART,TRAILING_DART,,3821.118067040047,7.733338641087926,45853.41680448057,55.1723072909664,75.86199973912817,0,3.0,53.15947826710282,64.51073900311549,관찰,1.2000000000000002,NEUTRAL,0.8,,비밸류평가,EPS없음,76.80412371134021,우선검토,신호는 있으나 추가 확인이 필요합니다.
94,94,2026-04-28,삼성증권,016360,KS,증권,111200.0,105755.0,100240.0,89888.33333333333,82930.25,1,60.412713820662695,310.1257892972899,0.8576571775882298,0,0.7246376811594235,20.34632034632036,11279.13476087346,15228.0,15228.0,DART|DAILY_DISC,TRAILING_DART,,11279.13476087346,9.858912262112971,135349.61713048152,21.717281592159644,54.11623303490377,0,3.0,73.09855312968841,63.60739308229609,관찰,1.2000000000000002,NEUTRAL,0.8,,비밸류평가,EPS없음,41.623711340206185,우선검토,신호는 있으나 추가 확인이 필요합니다.
95,95,2026-04-28,KB발해인프라,415640,KS,nan,10160.0,9945.5,9976.166666666666,9969.666666666666,9469.25,1,71.89722809443327,15.678940665028646,1.9888706407810304,1,2.316213494461228,1.8036072144288484,,,,EMPTY,FORWARD_AUTO,,,,,,,0,3.0,63.3992238599121,63.3992238599121,관찰,0.0,NEUTRAL,0.8,,비밸류평가,EPS없음,87.62886597938144,우선검토,신호는 있으나 추가 확인이 필요합니다.
96,96,2026-04-28,신한지주,055550,KS,은행,99900.0,97320.0,94875.0,86756.66666666667,79680.5,1,59.9874478928657,81.38813673350933,1.0968882393204786,0,0.1002004008016088,13.91106043329533,10712.045264448756,11394.0,11394.0,DART|DAILY_DISC,TRAILING_DART,,10712.045264448756,9.325950136856603,128544.54317338507,28.673216389774847,58.637590653353655,0,3.0,67.78715182114468,63.212371237249165,관찰,1.2000000000000002,NEUTRAL,0.8,,비밸류평가,EPS없음,63.65979381443299,우선검토,신호는 있으나 추가 확인이 필요합니다.
97,97,2026-04-28,비츠로테크,042370,KQ,전기제품,16850.0,14413.5,11983.5,10554.916666666666,9774.15,1,65.05661344512559,189.7234219950401,0.5487635132934591,0,-4.261363636363635,54.72910927456383,1629.306278257368,,1792.236906083105,DART,TRAILING_DART,,1629.306278257368,10.341824753797669,19551.675339088415,16.033681537616708,50.42189299945086,0,3.0,75.98360101916232,63.20274700930659,관찰,1.2000000000000002,NEUTRAL,0.8,,비밸류평가,EPS없음,14.948453608247423,우선검토,신호는 있으나 추가 확인이 필요합니다.
98,98,2026-04-28,하이록코리아,013030,KQ,기계,44600.0,40597.5,37339.16666666666,34930.416666666664,34254.25,1,64.39467996645683,380.8069908113948,0.493982029530036,0,11.91969887076536,27.610872675250352,4314.370512716364,,4745.807563988001,DART,TRAILING_DART,,4314.370512716364,10.337545157177397,51772.44615259637,16.081717830933574,50.45311659010682,0,3.0,75.13149506089677,62.7923058255018,관찰,1.2000000000000002,NEUTRAL,0.8,,비밸류평가,EPS없음,10.56701030927835,우선검토,신호는 있으나 추가 확인이 필요합니다.
99,99,2026-04-28,인터플렉스,051370,KQ,전자장비와기기,13640.0,12811.0,12703.333333333334,11545.666666666666,10545.75,1,56.35508537400908,145.3908666901541,0.72440830887191,0,2.4793388429751984,13.666666666666671,1407.3379180564443,,1548.071709862089,DART,TRAILING_DART,,1407.3379180564443,9.692057483136,16888.055016677332,23.81272006361681,55.47826804135093,0,3.0,70.06757263834973,62.77292033985033,관찰,1.2000000000000002,NEUTRAL,0.8,,비밸류평가,EPS없음,29.12371134020619,우선검토,신호는 있으나 추가 확인이 필요합니다.
100,100,2026-04-28,대웅,003090,KS,제약,22950.0,22942.5,24232.5,23625.83333333333,23541.25,0,47.3496273023444,66.70978635166273,0.8563360824037984,0,-0.4338394793926281,-1.5021459227467782,3919.831402439339,,4311.814542683273,DART,TRAILING_DART,,3919.831402439339,5.85484365111164,47037.97682927207,104.95850470271053,94.49585047027105,0,3.0,30.889519801132437,62.692685135701744,관찰,1.2000000000000002,NEUTRAL,0.8,,비밸류평가,EPS없음,41.365979381443296,우선검토,신호는 있으나 추가 확인이 필요합니다.
101,101,2026-04-28,진성티이씨,036890,KQ,기계,18180.0,17191.5,16131.833333333334,14648.25,13687.95,1,61.56271316314744,19.88761749902324,1.5805672753732385,1,3.002832861189808,15.79617834394904,1481.578137519078,,1629.735951270986,DART,TRAILING_DART,,1481.578137519078,12.27069942490016,17778.937650228934,-2.2060635300938713,38.06969441116786,0,3.0,87.30376314699463,62.68672877908124,관찰,1.2000000000000002,NEUTRAL,0.8,,비밸류평가,EPS없음,83.37628865979381,우선검토,신호는 있으나 추가 확인이 필요합니다.
102,102,2026-04-28,세아제강지주,003030,KS,철강,250000.0,227750.0,178120.0,155973.33333333334,167047.5,1,67.88538954439576,-1702.4719004078906,2.239080252570015,0,16.550116550116556,31.164742917103872,23626.740122129864,,25989.414134342853,DART,TRAILING_DART,,23626.740122129864,10.581231211234206,283520.88146555837,13.408352586223348,48.71542918104518,0,3.0,76.37228686491288,62.54385802297903,관찰,1.2000000000000002,NEUTRAL,0.8,,비밸류평가,EPS없음,90.97938144329896,우선검토,신호는 있으나 추가 확인이 필요합니다.
103,103,2026-04-28,SK스퀘어,402340,KS,복합기업,811000.0,629725.0,586666.6666666666,465387.5,352972.0,1,76.32777637977442,18320.15698705855,1.1499063521927877,1,12.952646239554324,73.84780278670955,66829.3639178036,187971.0,187971.0,DART,TRAILING_DART,,66829.3639178036,12.135384095492588,801952.3670136431,-1.1156144249515276,39.023837378167414,0,3.0,85.87681570639258,62.450326542279996,관찰,1.2000000000000002,NEUTRAL,0.8,,비밸류평가,EPS없음,68.1701030927835,우선검토,신호는 있으나 추가 확인이 필요합니다.
104,104,2026-04-28,SK디스커버리,006120,KS,석유와가스,57200.0,57715.0,57345.0,59160.0,57500.75,0,47.76769281210117,-231.84393571202804,0.4600784681935548,0,-3.2148900169204686,12.15686274509804,8305.309969402917,,9135.84096634321,DART,TRAILING_DART,,8305.309969402917,6.8871601674985055,99663.71963283501,74.23727208537589,88.25422685549432,0,3.0,36.59364594005869,62.42393639777651,관찰,1.2000000000000002,NEUTRAL,0.8,,비밸류평가,EPS없음,8.6340206185567,우선검토,신호는 있으나 추가 확인이 필요합니다.
105,105,2026-04-28,글로벌텍스프리,204620,KQ,기타금융,5820.0,5122.0,4908.0,4974.916666666667,5289.325,1,72.16780550860001,46.52403912233402,4.143233197288149,1,12.790697674418606,22.0125786163522,504.392779098543,,554.8320570083973,DART,TRAILING_DART,,504.392779098543,11.538626723407056,6052.713349182515,3.9985111543387575,42.59903225032019,0,3.0,81.57070463451473,62.08486844241746,관찰,1.2000000000000002,NEUTRAL,0.8,,비밸류평가,EPS없음,97.0360824742268,우선검토,신호는 있으나 추가 확인이 필요합니다.
106,106,2026-04-28,케이엔제이,272110,KQ,반도체와반도체장비,42650.0,37142.5,34690.0,29328.33333333333,25947.85,1,64.25939226079043,268.22486532579774,2.3515092659404546,1,5.962732919254665,32.043343653250766,3184.8465623187394,,3503.331218550614,DART,TRAILING_DART,,3184.8465623187394,13.391539958191428,38218.15874782487,-10.391186992204293,30.907711381821244,0,3.0,92.8341067340752,61.870909057948225,관찰,1.2000000000000002,NEUTRAL,0.8,,비밸류평가,EPS없음,92.13917525773195,관찰후진입,신호는 있으나 추가 확인이 필요합니다.
107,107,2026-04-28,네오팜,092730,KQ,화장품,21200.0,18324.5,18521.166666666668,18525.916666666668,18260.9,1,76.82784214550738,363.689601195684,4.020395039992297,1,9.053497942386834,25.07374631268437,1735.893274945472,,1909.4826024400195,DART,TRAILING_DART,,1735.893274945472,12.212732375880616,20830.719299345663,-1.7418900974261131,38.47584616475215,0,3.0,84.89806658316321,61.686956373957685,관찰,1.2000000000000002,NEUTRAL,0.8,,비밸류평가,EPS없음,96.90721649484536,관찰후진입,신호는 있으나 추가 확인이 필요합니다.
108,108,2026-04-28,슈프리마,236200,KQ,전자장비와기기,56000.0,49057.5,47979.16666666666,42113.333333333336,38542.0,1,67.29225402630796,915.9797493353148,0.760215741841119,1,15.22633744855968,22.40437158469945,4642.320972781397,,5106.553070059537,DART,TRAILING_DART,,4642.320972781397,12.062931522472518,55707.85167337677,-0.5216934403986295,39.5435182396512,0,3.0,83.41565234900924,61.47958529433022,관찰,1.2000000000000002,NEUTRAL,0.8,,비밸류평가,EPS없음,32.98969072164948,관찰후진입,신호는 있으나 추가 확인이 필요합니다.
109,109,2026-04-28,바텍,043150,KQ,건강관리장비와용품,23400.0,22742.5,22345.5,21165.416666666668,21687.25,1,55.00979231234996,53.665894483351394,1.6525461576887577,0,0.4291845493562318,8.083140877598161,2631.159925478597,3575.0,3575.0,DART,TRAILING_DART,,2631.159925478597,8.893416083685464,31573.919105743164,34.93127822967163,62.70533084928656,0,3.0,59.87712435555178,61.29122760241917,관찰,1.2000000000000002,NEUTRAL,0.8,,비밸류평가,EPS없음,84.79381443298969,관찰후진입,신호는 있으나 추가 확인이 필요합니다.
110,110,2026-04-28,동원산업,006040,KS,식품,38250.0,38542.5,40214.16666666666,41973.75,43513.75,0,44.5482204817827,43.30232407843093,1.1706344039037866,0,-2.91878172588832,0.923482849604218,8769.339989484459,6682.0,6682.0,DART,TRAILING_DART,,8769.339989484459,4.3617877794527935,105232.0798738135,175.1165486897085,100.0,0,3.0,22.456460501509802,61.228230250754905,관찰,1.2000000000000002,NEUTRAL,0.8,,비밸류평가,EPS없음,69.20103092783505,관찰후진입,신호는 있으나 추가 확인이 필요합니다.
111,111,2026-04-28,우리기술투자,041190,KQ,창업투자,6730.0,6576.0,7074.0,7537.25,8609.35,0,50.49661383854919,48.24473730522013,0.9825276745229152,0,-0.4437869822485174,7.507987220447276,1316.0070536071428,,1447.607758967857,DART,TRAILING_DART,,1316.0070536071428,5.113954352716603,15792.084643285714,134.6520749373806,97.46520749373806,0,3.0,24.70354938573699,61.08437843973753,관찰,1.2000000000000002,NEUTRAL,0.8,,비밸류평가,EPS없음,54.89690721649485,관찰후진입,신호는 있으나 추가 확인이 필요합니다.
112,112,2026-04-28,한국앤컴퍼니,000240,KS,자동차부품,25100.0,24587.5,26782.5,26594.166666666668,25327.75,0,49.09008055860021,138.76268516542882,0.9261480599539328,0,0.8032128514056325,4.583333333333339,3657.538424182632,,4023.2922666008953,DART,TRAILING_DART,,3657.538424182632,6.862538978140529,43890.46109019158,74.86239478163976,88.66055660806585,0,3.0,33.38154140006414,61.02104900406499,관찰,1.2000000000000002,NEUTRAL,0.8,,비밸류평가,EPS없음,48.58247422680412,관찰후진입,신호는 있으나 추가 확인이 필요합니다.
113,113,2026-04-28,팬오션,028670,KS,해운사,5580.0,5404.75,5218.083333333333,4597.125,4353.175,1,56.68375614814773,11.545814702210322,0.5296909865381069,0,-1.7605633802816878,13.993871297242077,563.8312571780187,678.0,678.0,DART,TRAILING_DART,,563.8312571780187,9.896577972508934,6765.9750861362245,21.25403380172446,53.8151219711209,0,3.0,67.74564817460261,60.780385072861755,관찰,1.2000000000000002,NEUTRAL,0.8,,비밸류평가,EPS없음,13.144329896907218,관찰후진입,신호는 있으나 추가 확인이 필요합니다.
114,114,2026-04-28,휴온스글로벌,084110,KQ,제약,63200.0,57790.0,60240.0,56316.25,52619.75,1,53.68252359226023,1306.7505421514472,0.8697061461240884,0,7.118644067796609,-4.675716440422317,6462.7802546356925,,7109.058280099262,DART,TRAILING_DART,,6462.7802546356925,9.779073016549994,77553.36305562832,22.711017493082775,54.762161370503804,0,3.0,66.42663521742597,60.594398293964886,관찰,1.2000000000000002,NEUTRAL,0.8,,비밸류평가,EPS없음,42.2680412371134,관찰후진입,신호는 있으나 추가 확인이 필요합니다.
115,115,2026-04-28,DL이앤씨,375500,KS,건설,99900.0,91700.0,65076.66666666666,53251.66666666666,49674.5,1,68.72581900127575,-885.1475884808206,1.1033342263044077,0,-0.6958250497017926,49.55089820359282,9567.184222811082,8020.0,8020.0,DART|DAILY_DISC,TRAILING_DART,,9567.184222811082,10.441943802211728,114806.21067373297,14.921131805538511,49.698735673600034,0,3.0,69.27434337514083,59.48653952437043,관찰,1.2000000000000002,NEUTRAL,0.8,,비밸류평가,EPS없음,64.17525773195877,관찰후진입,신호는 있으나 추가 확인이 필요합니다.
116,116,2026-04-28,지역난방공사,071320,KS,복합유틸리티,76900.0,75335.0,86383.33333333333,95221.66666666669,91528.5,0,45.08483466371492,835.6961108500191,0.3886235501131181,0,-1.029601029601035,6.509695290858719,29267.941324205804,15978.0,15978.0,DART|DAILY_DISC,TRAILING_DART,,29267.941324205804,2.6274482085421056,351215.2958904696,356.71689972752876,100.0,0,3.0,18.73436480490293,59.36718240245146,관찰,1.2000000000000002,NEUTRAL,0.8,,비밸류평가,EPS없음,5.670103092783505,관찰후진입,신호는 있으나 추가 확인이 필요합니다.
117,117,2026-04-28,한국정보통신,025770,KQ,IT서비스,11830.0,10059.5,8675.833333333334,8287.416666666666,8537.8,1,59.53703264285888,190.03386859630564,0.5417233320587169,0,-13.20616287600881,55.04587155963303,976.7076250462987,,1074.378387550929,DART,TRAILING_DART,,976.7076250462987,12.11212004149064,11720.491500555585,-0.9256846952190645,39.19002589168332,0,3.0,79.45105977040754,59.32054283104543,관찰,1.2000000000000002,NEUTRAL,0.8,,비밸류평가,EPS없음,14.432989690721648,관찰후진입,신호는 있으나 추가 확인이 필요합니다.
118,118,2026-04-28,IPARK현대산업개발,294870,KS,건설,23700.0,22525.0,22235.83333333333,21186.75,21241.5,1,56.06126298389556,106.67709063578128,1.421514490177035,0,2.155172413793105,15.8924205378973,2399.5619063767263,5108.0,5108.0,DART|DAILY_DISC,TRAILING_DART,,2399.5619063767263,9.876802901820676,28794.742876520715,21.496805386163366,53.972923501006186,0,3.0,64.52822412373271,59.25057381236945,관찰,1.2000000000000002,NEUTRAL,0.8,,비밸류평가,EPS없음,79.12371134020619,관찰후진입,신호는 있으나 추가 확인이 필요합니다.
119,119,2026-04-28,한라IMS,092460,KQ,조선,21000.0,16824.5,15939.5,16312.083333333334,15169.65,1,77.5149033287316,500.3904036439967,3.164638192457375,1,16.86143572621035,46.64804469273742,1489.7637145171625,,1638.740085968879,DART,TRAILING_DART,,1489.7637145171625,14.096195118301813,17877.164574205948,-14.870644884733576,26.988185725858123,0,3.0,91.2819948284738,59.13509027716596,관찰,1.2000000000000002,NEUTRAL,0.8,,비밸류평가,EPS없음,95.4896907216495,관찰후진입,신호는 있으나 추가 확인이 필요합니다.
120,120,2026-04-28,CJ프레시웨이,051500,KQ,식품과기본식료품소매,27650.0,28040.0,30665.0,28554.166666666668,28501.25,0,42.71180401295679,64.76359907686356,0.988619381538108,0,-2.640845070422537,-9.640522875816991,4220.7021444312495,5369.0,5369.0,DART|DAILY_DISC,TRAILING_DART,,4220.7021444312495,6.551042706598267,50648.425733175,83.17694659376129,92.31769465937613,0,3.0,25.649996865247914,58.98384576231202,관찰,1.2000000000000002,NEUTRAL,0.8,,비밸류평가,EPS없음,55.79896907216495,관찰후진입,신호는 있으나 추가 확인이 필요합니다.
121,121,2026-04-28,KB금융,105560,KS,은행,158800.0,155450.0,153038.33333333334,140119.16666666666,129597.5,1,56.26145288983047,-39.59550107411269,1.1245672712281187,0,-0.9975062344139696,11.909795630725872,15665.033853854356,16924.0,16924.0,DART|DAILY_DISC,TRAILING_DART,,15665.033853854356,10.137226735767795,187980.40624625227,18.375570684037946,51.944120944624665,0,3.0,65.83668731101575,58.890404127820204,관찰,1.2000000000000002,NEUTRAL,0.8,,비밸류평가,EPS없음,66.23711340206185,관찰후진입,신호는 있으나 추가 확인이 필요합니다.
122,122,2026-04-28,현대차증권,001500,KS,증권,11580.0,10825.0,10923.166666666666,9572.75,9173.7,1,59.50983279847567,88.80912238045664,1.4402246913640004,1,3.392857142857153,16.733870967741925,933.7240456737017,,1027.0964502410718,DART|DAILY_DISC,TRAILING_DART,,933.7240456737017,12.401951147830603,11204.68854808442,-3.241031536403982,37.164097405646515,0,3.0,80.51256657417144,58.83833198990898,관찰,1.2000000000000002,NEUTRAL,0.8,,비밸류평가,EPS없음,80.15463917525774,관찰후진입,신호는 있으나 추가 확인이 필요합니다.
123,123,2026-04-28,현대글로비스,086280,KS,항공화물운송과물류,234500.0,221425.0,236150.0,214304.16666666663,194450.5,1,55.33364911745548,2085.059370068319,2.0136851787225565,0,0.4282655246252709,13.012048192771086,23129.296707266665,24033.0,24033.0,DART|DAILY_DISC,TRAILING_DART,,23129.296707266665,10.138656742049823,277551.5604872,18.35887440818762,51.93326836532195,0,3.0,65.38657430046005,58.659921332891,관찰,1.2000000000000002,NEUTRAL,0.8,,비밸류평가,EPS없음,88.01546391752578,관찰후진입,신호는 있으나 추가 확인이 필요합니다.
124,124,2026-04-28,KT,030200,KS,다각화된통신서비스,60900.0,61790.0,60965.0,56415.41666666666,55164.5,1,46.790779775581285,-253.59761553546437,0.7931548076121742,0,-2.8708133971291905,0.8278145695364225,7288.142685023315,5829.0,5829.0,DART,TRAILING_DART,,7288.142685023315,8.356038380690016,87457.71222027978,43.60872285760227,68.34566985744146,0,3.0,48.74252900784696,58.54409943264422,관찰,1.2000000000000002,NEUTRAL,0.8,,비밸류평가,EPS없음,36.08247422680412,관찰후진입,신호는 있으나 추가 확인이 필요합니다.
125,125,2026-04-28,LX세미콘,108320,KS,디스플레이장비및부품,60500.0,54095.0,53567.5,52599.16666666666,54470.5,1,62.56605152700103,1271.1260352272438,2.5668183859810703,0,10.401459854014591,25.0,5080.641733366945,,5588.70590670364,DART|DAILY_DISC,TRAILING_DART,,5080.641733366945,11.90794454225502,60967.70080040334,0.7730591742203918,40.50248846324325,0,3.0,76.4276609010992,58.46507468217123,관찰,1.2000000000000002,NEUTRAL,0.8,,비밸류평가,EPS없음,93.29896907216495,관찰후진입,신호는 있으나 추가 확인이 필요합니다.
126,126,2026-04-28,이마트,139480,KS,백화점과일반상점,106800.0,98235.0,99531.66666666669,90580.83333333331,86912.5,1,65.5711279227557,1077.960577616937,0.8352690261852064,1,5.014749262536866,11.598746081504707,8926.67539046404,8079.0,8079.0,DART,TRAILING_DART,,8926.67539046404,11.964140660260767,107120.10468556848,0.2997234883600042,40.194820267434004,0,3.0,76.72393700274105,58.45937863508753,관찰,1.2000000000000002,NEUTRAL,0.8,,비밸류평가,EPS없음,39.819587628865975,관찰후진입,신호는 있으나 추가 확인이 필요합니다.
127,127,2026-04-28,미스토홀딩스,081660,KS,"섬유,의류,신발,호화품",40800.0,41817.5,45980.833333333336,44392.083333333336,42073.25,0,37.889817621098594,89.46601953796414,0.951241586572794,0,-4.337631887456039,-0.4878048780487809,6566.31588924023,4899.0,4899.0,DART,TRAILING_DART,,6566.31588924023,6.213529883150482,78795.79067088276,93.12693791883031,93.31269379188304,0,3.0,23.517280114821837,58.41498695335244,관찰,1.2000000000000002,NEUTRAL,0.8,,비밸류평가,EPS없음,52.57731958762887,관찰후진입,신호는 있으나 추가 확인이 필요합니다.
128,128,2026-04-28,하림,136480,KQ,식품,3320.0,3255.0,3192.1666666666665,3083.75,3062.375,1,58.76449178951775,7.484953282031341,0.6500878005112952,0,0.911854103343468,3.750000000000009,364.7331201437699,,401.2064321581469,DART,TRAILING_DART,,364.7331201437699,9.10254598949316,4376.797441725239,31.83124824473611,60.69031135907847,0,3.0,55.545250052435975,58.11778070575723,관찰,1.2000000000000002,NEUTRAL,0.8,,비밸류평가,EPS없음,21.778350515463917,관찰후진입,신호는 있으나 추가 확인이 필요합니다.
129,129,2026-04-28,영원무역,111770,KS,"섬유,의류,신발,호화품",84100.0,82990.0,86451.66666666667,84313.33333333333,74555.5,1,50.67690951573943,279.3526765266906,1.1352044922530709,0,-1.5222482435597209,7.133757961783438,9619.42136579632,13371.0,13371.0,DART,TRAILING_DART,,9619.42136579632,8.742729609395585,115433.05638955583,37.256904149293504,64.21698769704078,0,3.0,51.72110818061466,57.969047938827714,관찰,1.2000000000000002,NEUTRAL,0.8,,비밸류평가,EPS없음,67.39690721649485,관찰후진입,신호는 있으나 추가 확인이 필요합니다.
130,130,2026-04-28,JB금융지주,175330,KS,은행,27300.0,29997.5,30296.666666666668,27332.5,25689.75,1,35.367342772396555,-384.4820980956837,0.740830911913757,0,-11.793214862681744,-8.080808080808078,3877.960697948784,3953.0,3953.0,DART|DAILY_DISC,TRAILING_DART,,3877.960697948784,7.039782536847296,46535.52837538541,70.45981089884765,85.79887708425096,0,3.0,29.580840761489302,57.68985892287013,관찰,1.2000000000000002,NEUTRAL,0.8,,비밸류평가,EPS없음,31.185567010309278,관찰후진입,신호는 있으나 추가 확인이 필요합니다.
131,131,2026-04-28,휴온스,243070,KQ,제약,26700.0,26210.0,26787.5,27296.25,28261.75,0,53.07343133345503,84.85997494760962,1.152735636683958,0,0.7547169811320753,5.3254437869822535,3526.296070883451,,3878.9256779717966,DART,TRAILING_DART,,3526.296070883451,7.571684130683555,42315.552850601416,58.48521666891917,78.01539083479747,0,3.0,37.23622279411757,57.62580681445752,관찰,1.2000000000000002,NEUTRAL,0.8,,비밸류평가,EPS없음,68.29896907216495,관찰후진입,신호는 있으나 추가 확인이 필요합니다.
132,132,2026-04-28,교보증권,030610,KS,증권,14040.0,12971.0,12972.833333333334,11312.916666666666,10452.65,1,62.193152022220325,136.14148527783493,1.067937893605566,0,2.706656912948069,22.086956521739133,1254.0110817232978,,1379.4121898956278,DART|DAILY_DISC,TRAILING_DART,,1254.0110817232978,11.19607330798531,15048.132980679573,7.180434335324604,44.667282317960996,0,3.0,70.54650208769547,57.606892202828234,관찰,1.2000000000000002,NEUTRAL,0.8,,비밸류평가,EPS없음,62.371134020618555,관찰후진입,신호는 있으나 추가 확인이 필요합니다.
133,133,2026-04-28,HD한국조선해양,009540,KS,조선,468500.0,411100.0,409416.6666666667,418625.0,405412.5,1,66.92819371312875,9639.457878890407,0.9366173452194958,0,9.590643274853791,36.191860465116285,41377.22670003678,47566.0,47566.0,DART|DAILY_DISC,TRAILING_DART,,41377.22670003678,11.322653482708729,496526.7204004413,5.982224205003495,43.88844573325227,0,3.0,70.72373640870596,57.306091070979114,관찰,1.2000000000000002,NEUTRAL,0.8,,비밸류평가,EPS없음,49.74226804123711,관찰후진입,신호는 있으나 추가 확인이 필요합니다.
134,134,2026-04-28,대신증권,003540,KS,증권,38900.0,37955.0,38293.333333333336,32957.5,30612.25,1,52.99157465729936,128.1646093346596,1.2554433050990723,0,-0.5115089514066473,10.354609929078018,3793.7302339306266,,4173.10325732369,DART|DAILY_DISC,TRAILING_DART,,3793.7302339306266,10.253760178328836,45524.76280716752,17.03023857883681,51.069655076243926,0,3.0,63.53184759817184,57.300751337207885,관찰,1.2000000000000002,NEUTRAL,0.8,,비밸류평가,EPS없음,73.19587628865979,관찰후진입,신호는 있으나 추가 확인이 필요합니다.
135,135,2026-04-28,휴메딕스,200670,KQ,제약,37500.0,34200.0,37514.16666666666,40547.91666666666,47460.25,0,61.89396061584468,537.7460484462085,1.271687829005642,1,7.449856733524363,11.77347242921014,4611.392699242115,,5072.531969166326,DART,TRAILING_DART,,4611.392699242115,8.132033519106526,55336.71239090538,47.56456637574766,70.91696814423598,0,3.0,43.67289069956742,57.2949294219017,관찰,1.2000000000000002,NEUTRAL,0.8,,비밸류평가,EPS없음,74.35567010309279,관찰후진입,신호는 있으나 추가 확인이 필요합니다.
136,136,2026-04-28,현대모비스,012330,KS,자동차부품,447000.0,415450.0,425375.0,392204.1666666667,356930.0,1,58.3455701876034,4021.744778995623,1.2607757263683024,0,0.0,18.253968253968257,40390.51770409755,47937.0,47937.0,DART|DAILY_DISC,TRAILING_DART,,40390.51770409755,11.066953963668867,484686.21244917053,8.43092001100012,45.480098007150076,0,3.0,68.85671815134577,57.168408079247925,관찰,1.2000000000000002,NEUTRAL,0.8,,비밸류평가,EPS없음,73.4536082474227,관찰후진입,신호는 있으나 추가 확인이 필요합니다.
137,137,2026-04-28,LX인터내셔널,001120,KS,무역회사와판매업체,55700.0,50955.0,46133.333333333336,39363.333333333336,35985.25,1,68.99680579312881,429.1063265243922,0.7332653043530685,1,11.17764471057885,23.093922651933703,4083.128182017544,7006.0,7006.0,DART|DAILY_DISC,TRAILING_DART,,4083.128182017544,13.64150169110725,48997.53818421053,-12.033145091183972,29.470998045214028,0,3.0,83.85551921014205,56.66325862767804,관찰,1.2000000000000002,NEUTRAL,0.8,,비밸류평가,EPS없음,30.15463917525773,관찰후진입,신호는 있으나 추가 확인이 필요합니다.
138,138,2026-04-28,롯데손해보험,000400,KS,손해보험,2195.0,2129.0,2066.233333333333,1913.6416666666669,1878.76,1,56.506707747374975,-0.0039790170935738,1.8129503998633376,1,2.810304449648715,9.749999999999991,165.4044231754762,,181.94486549302383,DART,TRAILING_DART,,165.4044231754762,13.270503641074594,1984.8530781057145,-9.573891658054013,31.62284479920274,0,3.0,81.20504849841723,56.41394664880998,관찰,1.2000000000000002,NEUTRAL,0.8,,비밸류평가,EPS없음,86.46907216494846,관찰후진입,신호는 있으나 추가 확인이 필요합니다.
139,139,2026-04-28,SOOP,067160,KQ,양방향미디어와서비스,60100.0,59520.0,64263.333333333336,66667.5,71901.5,0,46.73353499897067,329.4548676652444,0.7863515540700582,0,0.0,2.037351443123936,9025.3477408459,8439.0,8439.0,DART,TRAILING_DART,,9025.3477408459,6.659023200624858,108304.1728901508,80.2066104661411,92.02066104661411,0,3.0,20.55075883276514,56.285709939689625,관찰,1.2000000000000002,NEUTRAL,0.8,,비밸류평가,EPS없음,35.43814432989691,관찰후진입,신호는 있으나 추가 확인이 필요합니다.
140,140,2026-04-28,선익시스템,171090,KQ,디스플레이장비및부품,109700.0,95460.0,100528.33333333331,76191.25,62102.0,1,57.351594605279104,2787.99496029402,0.7454797397754725,0,-7.03389830508474,30.90692124105012,9554.342664768546,9313.0,9313.0,DART,TRAILING_DART,,9554.342664768546,11.481689933993746,114652.11197722255,4.51423151980177,42.934250487871154,0,3.0,69.25733778015955,56.09579413401535,관찰,1.2000000000000002,NEUTRAL,0.8,,비밸류평가,EPS없음,31.443298969072163,관찰후진입,신호는 있으나 추가 확인이 필요합니다.
141,141,2026-04-28,롯데렌탈,089860,KS,도로와철도운송,33700.0,32362.5,32375.83333333333,31772.916666666668,31264.75,1,61.364443538959314,195.6313348894417,0.8631333840568239,0,0.2976190476190465,10.130718954248374,3489.8676294957104,4267.0,4267.0,DART,TRAILING_DART,,3489.8676294957104,9.656526716134984,41878.41155394852,24.26828354287396,55.77438430286807,0,3.0,55.15758844989282,55.46598637638044,관찰,1.2000000000000002,NEUTRAL,0.8,,비밸류평가,EPS없음,41.75257731958763,관찰후진입,신호는 있으나 추가 확인이 필요합니다.
142,142,2026-04-28,SK가스,018670,KS,가스유틸리티,266500.0,249825.0,241491.66666666663,241004.16666666663,245697.5,1,63.5869376053838,1609.0873118157715,0.8765238366077118,0,9.221311475409832,-0.9293680297397744,25257.89698899586,27168.0,27168.0,DART,TRAILING_DART,,25257.89698899586,10.551155550127802,303094.7638679503,13.731618712176473,48.92555216291471,0,3.0,61.97139706938931,55.44847461615201,관찰,1.2000000000000002,NEUTRAL,0.8,,비밸류평가,EPS없음,43.427835051546396,관찰후진입,신호는 있으나 추가 확인이 필요합니다.
143,143,2026-04-28,넥스틸,092790,KS,철강,21600.0,15938.0,12967.833333333334,11603.75,12334.4,1,77.17973094999327,208.45784726757483,2.7812776784512794,1,31.868131868131865,99.07834101382488,1385.961203522806,,1524.5573238750867,DART,TRAILING_DART,,1385.961203522806,15.58485183069886,16631.534442273674,-23.0021553598441,19.873114060136416,0,3.0,91.01042659424321,55.441770327189815,관찰,1.2000000000000002,NEUTRAL,0.8,,비밸류평가,EPS없음,94.20103092783505,관찰후진입,신호는 있으나 추가 확인이 필요합니다.
144,144,2026-04-28,한국콜마,161890,KS,화장품,89900.0,82605.0,75595.0,70516.66666666667,76261.0,1,68.76880025405427,655.1176223856605,0.9985726745459428,0,4.171494785631524,18.28947368421052,7126.452052285193,6209.0,6209.0,DART|DAILY_DISC,TRAILING_DART,,7126.452052285193,12.614972968375248,85517.42462742231,-4.874944797083081,35.7344233025523,0,3.0,75.05125648910504,55.39283989582867,관찰,1.2000000000000002,NEUTRAL,0.8,,비밸류평가,EPS없음,56.829896907216494,관찰후진입,신호는 있으나 추가 확인이 필요합니다.
145,145,2026-04-28,한일홀딩스,003300,KS,건축자재,17590.0,17221.0,17118.0,16778.333333333332,17171.8,1,53.278478207892206,26.30491449772172,0.7210578566077287,0,-0.5090497737556543,4.952267303102631,2008.9107962135488,,2209.801875834904,DART,TRAILING_DART,,2008.9107962135488,8.755988585035295,24106.929554562586,37.0490594346935,64.08188863255077,0,3.0,46.39814061514792,55.24001462384935,관찰,1.2000000000000002,NEUTRAL,0.8,,비밸류평가,EPS없음,28.60824742268041,관찰후진입,신호는 있으나 추가 확인이 필요합니다.
146,146,2026-04-28,모베이스전자,012860,KQ,자동차부품,4070.0,3722.75,3884.3333333333335,2906.0333333333333,2307.305,1,58.478639497853074,44.17458670659313,4.876471386156432,1,5.167958656330751,24.27480916030533,283.9373374795075,,312.33107122745827,DART,TRAILING_DART,,283.9373374795075,14.33414864043283,3407.24804975409,-16.283831701373707,25.751647261298007,0,3.0,84.56211080174317,55.15687903152059,관찰,1.2000000000000002,NEUTRAL,0.8,,비밸류평가,EPS없음,97.9381443298969,관찰후진입,신호는 있으나 추가 확인이 필요합니다.
147,147,2026-04-28,한섬,020000,KS,"섬유,의류,신발,호화품",25800.0,24080.0,23060.33333333333,19334.166666666668,17872.45,1,60.12072189036019,159.93781619343224,0.7542828359321325,0,2.7888446215139417,10.967741935483865,2061.029523151322,3201.0,3201.0,DART,TRAILING_DART,,2061.029523151322,12.518015734462503,24732.354277815863,-4.138161713892008,36.379108500344486,0,3.0,73.89684096385471,55.1379747320996,관찰,1.2000000000000002,NEUTRAL,0.8,,비밸류평가,EPS없음,32.34536082474227,관찰후진입,신호는 있으나 추가 확인이 필요합니다.
148,148,2026-04-28,JW중외제약,001060,KS,제약,32500.0,30745.0,32176.666666666668,29377.5,26551.0,1,57.3369315981616,239.1153435496007,0.9768850668683694,1,5.0080775444264924,7.615894039735105,2641.560496703374,,2905.716546373712,DART,TRAILING_DART,,2641.560496703374,12.303333594123432,31698.72596044049,-2.4654585832600273,37.842723739647475,0,3.0,72.30064902164034,55.07168638064391,관찰,1.2000000000000002,NEUTRAL,0.8,,비밸류평가,EPS없음,54.51030927835051,관찰후진입,신호는 있으나 추가 확인이 필요합니다.
149,149,2026-04-28,키움증권,039490,KS,증권,445500.0,444625.0,441858.3333333333,370216.6666666667,315924.5,1,50.75536842661629,-896.3942198880968,1.017566437696729,0,-1.3289036544850474,8.526187576126665,42537.27849952937,55287.0,55287.0,DART|DAILY_DISC,TRAILING_DART,,42537.27849952937,10.473166495711029,510447.3419943524,14.578527944860253,49.476043164159165,0,3.0,59.91858227769881,54.69731272092899,관찰,1.2000000000000002,NEUTRAL,0.8,,비밸류평가,EPS없음,58.376288659793815,관찰후진입,신호는 있으나 추가 확인이 필요합니다.
150,150,2026-04-28,NH투자증권,005940,KS,증권,35050.0,33795.0,32418.33333333333,26924.416666666668,24230.05,1,56.14229453999141,18.54480466828068,0.8815098603690776,0,-2.5034770514603566,18.41216216216217,2894.6746174064,3532.0,3532.0,DART|DAILY_DISC,TRAILING_DART,,2894.6746174064,12.10844209889278,34736.095408876805,-0.8955908448593286,39.21635801074809,0,3.0,69.70184926697702,54.45910363886256,관찰,1.2000000000000002,NEUTRAL,0.8,,비밸류평가,EPS없음,44.072164948453604,관찰후진입,신호는 있으나 추가 확인이 필요합니다.
151,151,2026-04-28,롯데정밀화학,004000,KS,화학,64500.0,53255.0,50820.0,48271.66666666666,46555.75,1,79.96884350087328,1257.1619525238973,2.2357312594026144,1,19.88847583643123,32.03684749232343,4112.129535581395,5901.0,5901.0,DART|DAILY_DISC,TRAILING_DART,,4112.129535581395,15.685303549388465,49345.55442697674,-23.495264454299626,19.441643602487826,0,3.0,88.47125399878911,53.95644880063847,관찰,1.2000000000000002,NEUTRAL,0.8,,비밸류평가,EPS없음,90.85051546391753,관찰후진입,신호는 있으나 추가 확인이 필요합니다.
152,152,2026-04-28,티앤엘,340570,KQ,건강관리장비와용품,61000.0,57382.5,53687.5,50104.16666666666,51660.75,1,59.311080100855655,272.4895071083006,0.2828430927412753,0,-0.4893964110929905,22.12212212212212,4684.409821235236,,5152.8508033587605,DART,TRAILING_DART,,4684.409821235236,13.021917878208797,56212.91785482284,-7.847675647831409,33.13328380814752,0,3.0,74.52030313278891,53.82679347046822,관찰,1.2000000000000002,NEUTRAL,0.8,,비밸류평가,EPS없음,2.8350515463917527,관찰후진입,신호는 있으나 추가 확인이 필요합니다.
153,153,2026-04-28,동양생명,082640,KS,생명보험,8270.0,8619.0,8142.0,7366.25,7570.6,1,44.20060672701185,-44.0377247001379,2.31061170852543,0,-2.70588235294118,-4.393063583815026,771.5362650211639,,848.6898915232804,DART|DAILY_DISC,TRAILING_DART,,771.5362650211639,10.718873985493277,9258.435180253968,11.95205780234543,47.76883757152453,0,3.0,58.543665768366296,53.15625166994541,관찰,1.2000000000000002,NEUTRAL,0.8,,비밸류평가,EPS없음,91.88144329896907,관찰후진입,신호는 있으나 추가 확인이 필요합니다.
154,154,2026-04-28,월덱스,101160,KQ,반도체와반도체장비,34000.0,31077.5,29709.166666666668,26203.33333333333,25277.0,1,62.97272066129366,367.1920247590931,1.1233621168753858,0,4.776579352850541,15.44991511035654,2481.526472756666,,2729.679120032333,DART,TRAILING_DART,,2481.526472756666,13.701244122626766,29778.31767307999,-12.416712726235325,29.13537636454409,0,3.0,76.87401582985406,53.00469609719907,관찰,1.2000000000000002,NEUTRAL,0.8,,비밸류평가,EPS없음,65.97938144329896,관찰후진입,신호는 있으나 추가 확인이 필요합니다.
155,155,2026-04-28,경동나비엔,009450,KS,가정용기기와용품,72300.0,67615.0,64228.333333333336,61450.0,68053.5,1,61.37453249958701,546.3282694917291,1.0681225667629697,0,5.240174672489073,14.761904761904754,6157.003532393522,,6772.7038856328745,DART,TRAILING_DART,,6157.003532393522,11.74272511289165,73884.04238872226,2.1909299982327157,41.424104498851264,0,3.0,64.5731584606661,52.99863147975868,관찰,1.2000000000000002,NEUTRAL,0.8,,비밸류평가,EPS없음,62.5,관찰후진입,신호는 있으나 추가 확인이 필요합니다.
156,156,2026-04-28,세아제강,306200,KS,철강,183000.0,149350.0,136775.0,128212.5,132899.5,1,76.44179336130149,2356.607058465779,4.36394045710749,1,24.067796610169488,47.58064516129033,10576.864998413426,16782.0,16782.0,DART,TRAILING_DART,,10576.864998413426,17.301913187645937,126922.37998096112,-30.64350820712507,13.186930318765564,0,3.0,92.56469890781324,52.8758146132894,관찰,1.2000000000000002,NEUTRAL,0.8,,비밸류평가,EPS없음,97.42268041237114,관찰후진입,신호는 있으나 추가 확인이 필요합니다.
157,157,2026-04-28,한세실업,105630,KS,"섬유,의류,신발,호화품",11810.0,11464.0,12539.333333333334,12891.0,11900.75,0,50.83128396369687,92.57754178236732,0.6694160954352502,0,-0.5054759898904804,7.071622846781511,1431.3801308,1579.0,1579.0,DART,TRAILING_DART,,1431.3801308,8.250778214588864,17176.5615696,45.44082616088059,69.53653700457238,0,3.0,34.030578404712,51.78355770464219,관찰,1.2000000000000002,NEUTRAL,0.8,,비밸류평가,EPS없음,23.582474226804123,관찰후진입,신호는 있으나 추가 확인이 필요합니다.
158,158,2026-04-28,에스엔시스,0008Z0,KQ,조선,41800.0,35330.0,32476.666666666668,32412.08333333333,,0,65.84059241801779,1035.773800201302,1.2531559578643117,0,0.7228915662650603,48.75444839857652,,,2385.9,SCRAPE,FORWARD_AUTO,,2385.9,17.51959428307976,49690.121405453996,18.87588852979425,52.26932754436626,0,3.0,50.637451358264464,51.45338945131536,제외,0.0,NEUTRAL,0.8,,비밸류평가,EPS없음,72.9381443298969,관망,현재 강한 매수 신호는 없습니다. 관망이 적절합니다.
159,159,2026-04-28,한화투자증권,003530,KS,증권,7990.0,7314.0,7284.5,6126.583333333333,6023.75,1,60.84711089530808,77.1245830711938,2.1269328675268158,1,2.9639175257731853,23.875968992248065,475.46519650460135,,523.0117161550615,DART|DAILY_DISC,TRAILING_DART,,475.46519650460135,16.804594865699443,5705.582358055216,-28.590959223338974,14.982910679578398,0,3.0,87.8772522199126,51.4300814497455,관찰,1.2000000000000002,NEUTRAL,0.8,,비밸류평가,EPS없음,89.5618556701031,관찰후진입,신호는 있으나 추가 확인이 필요합니다.
160,160,2026-04-28,이녹스첨단소재,272290,KQ,디스플레이장비및부품,35200.0,32860.0,33805.0,29065.0,27357.5,1,56.567688876382746,317.829815996698,0.9664203730557024,0,-3.030303030303028,22.86212914485166,2806.066114126895,2836.0,2836.0,DART,TRAILING_DART,,2806.066114126895,12.544251834548255,33672.79336952274,-4.338655200219488,36.20367669980794,0,3.0,65.94943780479124,51.076557252299594,관찰,1.2000000000000002,NEUTRAL,0.8,,비밸류평가,EPS없음,53.865979381443296,관찰후진입,신호는 있으나 추가 확인이 필요합니다.
161,161,2026-04-28,금호석유화학,011780,KS,화학,137700.0,131115.0,132908.33333333334,128610.83333333331,122599.25,1,57.3653637976872,425.5128684423794,1.426444854663618,0,2.1513353115727,16.793893129771,11564.61510311609,12452.0,12452.0,DART,TRAILING_DART,,11564.61510311609,11.907011065409058,138775.38123739307,0.7809595042796547,40.50762367778177,0,3.0,61.274504226553404,50.891063952167585,관찰,1.2000000000000002,NEUTRAL,0.8,,비밸류평가,EPS없음,79.25257731958763,관찰후진입,신호는 있으나 추가 확인이 필요합니다.
162,162,2026-04-28,원익머트리얼즈,104830,KQ,화학,54700.0,46960.0,44619.16666666666,38540.41666666666,33791.5,1,72.61486594754862,934.2733329647808,1.0092933566435451,0,6.420233463035019,36.92115143929912,3862.7107169257615,,4248.981788618338,DART,TRAILING_DART,,3862.7107169257615,14.16103974867018,46352.52860310914,-15.260459592122233,26.647097856893048,0,3.0,74.96761677789013,50.80735731739159,관찰,1.2000000000000002,NEUTRAL,0.8,,비밸류평가,EPS없음,57.60309278350515,관찰후진입,신호는 있으나 추가 확인이 필요합니다.
163,163,2026-04-28,BGF리테일,282330,KS,백화점과일반상점,131400.0,134505.0,128538.33333333331,119123.33333333331,116956.5,1,49.15095191037472,-448.78790612385023,1.3667258700371283,0,-2.0134228187919434,-5.671213208901649,11297.393339503236,12474.0,12474.0,DART,TRAILING_DART,,11297.393339503236,11.631001599328032,135568.72007403884,3.172541913271565,42.062152243626514,0,3.0,58.79582066069216,50.428986452159336,관찰,1.2000000000000002,NEUTRAL,0.8,,비밸류평가,EPS없음,77.44845360824742,관찰후진입,신호는 있으나 추가 확인이 필요합니다.
164,164,2026-04-28,엠씨넥스,097520,KS,핸드셋,23850.0,22767.5,24907.5,26657.5,27750.0,0,54.76955830141447,267.6438494013707,1.0142890377245288,0,0.4210526315789442,16.341463414634138,2962.654793897078,2797.0,2797.0,DART,TRAILING_DART,,2962.654793897078,8.050212278909381,35551.857526764936,49.06439214576493,71.8918548947472,0,3.0,28.43890531862376,50.165380106685475,관찰,1.2000000000000002,NEUTRAL,0.8,,비밸류평가,EPS없음,57.98969072164949,관찰후진입,신호는 있으나 추가 확인이 필요합니다.
165,165,2026-04-28,LG전자,066570,KS,전자제품,140000.0,120865.0,117193.33333333331,105100.83333333331,94435.0,1,69.10423604949392,1726.858051178555,4.314898623681739,1,10.584518167456558,32.57575757575757,7492.412487484298,9479.0,9479.0,DART,TRAILING_DART,,7492.412487484298,18.685570266434613,89908.94984981159,-35.779321535848865,8.693093656132243,0,3.0,91.49165270126063,50.09237317869644,관찰,1.2000000000000002,NEUTRAL,0.8,,비밸류평가,EPS없음,97.29381443298969,관찰후진입,신호는 있으나 추가 확인이 필요합니다.
166,166,2026-04-28,AP시스템,265520,KQ,디스플레이장비및부품,27400.0,21809.0,21958.33333333333,20691.5,19856.9,1,77.66674659394207,602.4950811422295,5.956983674925572,1,19.130434782608692,44.13466596528144,1580.2951466900045,,1738.324661359005,DART,TRAILING_DART,,1580.2951466900045,17.338533284361766,18963.54176028005,-30.789993575620244,13.058755621332287,0,3.0,86.77610771550052,49.9174316684164,제외,0.0,NEUTRAL,0.8,,비밸류평가,EPS없음,98.71134020618557,관망,현재 강한 매수 신호는 없습니다. 관망이 적절합니다.
167,167,2026-04-28,삼성물산,028260,KS,복합기업,309500.0,295700.0,298608.3333333333,273462.5,236705.5,1,55.87437452208568,1992.8701460724544,0.9313298860986686,0,1.8092105263157965,22.09072978303748,24090.01117695868,15388.0,15388.0,DART,TRAILING_DART,,24090.01117695868,12.847648667594925,289080.13412350416,-6.59769495201804,34.22701691698421,0,3.0,65.45541297291302,49.84121494494862,제외,0.0,NEUTRAL,0.8,,비밸류평가,EPS없음,49.22680412371135,관망,현재 강한 매수 신호는 없습니다. 관망이 적절합니다.
168,168,2026-04-28,LG,003550,KS,복합기업,98200.0,92275.0,92910.0,88030.83333333333,83601.5,1,60.83958346131954,680.163424875944,1.1139331245655708,1,3.368421052631576,18.599033816425116,6484.961232890973,7820.0,7820.0,DART|DAILY_DISC,TRAILING_DART,,6484.961232890973,15.142727376987384,77819.53479469169,-20.754037887279342,21.840216848630575,0,3.0,77.42107301083308,49.63064492973183,제외,0.0,NEUTRAL,0.8,,비밸류평가,EPS없음,64.94845360824742,관망,현재 강한 매수 신호는 없습니다. 관망이 적절합니다.
169,169,2026-04-28,피에스케이홀딩스,031980,KQ,반도체와반도체장비,132800.0,109570.0,97768.33333333331,73530.41666666667,60034.5,1,67.26875228193711,1184.4301376162257,2.6869595456345787,1,19.747520288548248,39.495798319327726,4252.075763522558,4859.0,4859.0,DART,TRAILING_DART,,4252.075763522558,31.23180474328711,51024.9091622707,-61.57762864286844,5.0,0,3.0,94.25729198335016,49.62864599167508,제외,0.0,NEUTRAL,0.8,,비밸류평가,EPS없음,93.68556701030928,관망,현재 강한 매수 신호는 없습니다. 관망이 적절합니다.
170,170,2026-04-28,SNT에너지,100840,KS,에너지장비및서비스,57300.0,55310.0,48686.66666666666,44272.083333333336,46812.75,1,57.58528277453198,-271.73095068212206,0.4582564176671782,0,7.504690431519689,13.916500994035786,4079.7811126880447,,4487.759223956849,DART,TRAILING_DART,,4079.7811126880447,14.044871138257404,48957.37335225654,-14.559557849465033,27.260386881718098,0,3.0,71.95498652590817,49.60768670381313,제외,0.0,NEUTRAL,0.8,,비밸류평가,EPS없음,8.505154639175258,관망,현재 강한 매수 신호는 없습니다. 관망이 적절합니다.
171,171,2026-04-28,파미셀,005690,KS,화학,19800.0,17286.5,16145.5,15975.25,14603.55,1,64.35644228324747,154.19098395344474,2.435741236390916,1,8.552631578947366,35.70938999314599,671.293309621593,958.0,958.0,DART,TRAILING_DART,,671.293309621593,29.495303641803357,8055.519715459117,-59.315556992630725,5.0,0,3.0,93.84016783029509,49.42008391514754,제외,0.0,NEUTRAL,0.8,,비밸류평가,EPS없음,92.78350515463917,관망,현재 강한 매수 신호는 없습니다. 관망이 적절합니다.
172,172,2026-04-28,DSC인베스트먼트,241520,KQ,창업투자,18190.0,14600.5,13931.166666666666,10586.0,9138.45,1,68.99238740706804,309.96632509745564,13.02521096463524,1,23.910081743869217,39.60092095165004,668.0718313909774,,734.8790145300752,DART,TRAILING_DART,,668.0718313909774,27.22761108207033,8016.861976691729,-55.92709193682393,5.0,0,3.0,93.79170083610663,49.395850418053314,제외,0.0,NEUTRAL,0.8,,비밸류평가,EPS없음,99.74226804123711,관망,현재 강한 매수 신호는 없습니다. 관망이 적절합니다.
173,173,2026-04-28,신흥에스이씨,243840,KQ,전기제품,11300.0,8855.5,7096.833333333333,6218.5,5606.525,1,76.5162791083837,199.0881112530218,2.507953918353403,1,4.823747680890533,60.28368794326242,-150.7493897736761,,-165.82432875104374,DART,TRAILING_DART,,-150.7493897736761,-74.95884405877183,-1808.9926772841134,-116.00878475472666,5.0,1,3.0,93.38704317557725,49.193521587788624,제외,0.0,NEUTRAL,0.8,,비밸류평가,EPS없음,93.04123711340206,관망,현재 강한 매수 신호는 없습니다. 관망이 적절합니다.
174,174,2026-04-28,한선엔지니어링,452280,KQ,기계,19190.0,15675.0,13109.5,11236.0,10273.15,1,69.97830701243267,270.7370021966317,2.100876446217336,1,8.35686053077358,38.55595667870036,464.2653236809755,,510.69185604907307,DART,TRAILING_DART,,464.2653236809755,41.33412301364682,5571.183884171705,-70.96829659108022,5.0,0,3.0,93.26467635453561,49.132338177267805,제외,0.0,NEUTRAL,0.8,,비밸류평가,EPS없음,89.30412371134021,관망,현재 강한 매수 신호는 없습니다. 관망이 적절합니다.
175,175,2026-04-28,코웨이,021240,KS,가정용기기와용품,85500.0,79335.0,79166.66666666667,82257.5,90061.5,0,64.88628302815053,722.4573064302544,0.5204201711168507,0,5.036855036855026,18.421052631578934,8725.908395396493,9702.0,9702.0,DART,TRAILING_DART,,8725.908395396493,9.798406781935396,104710.9007447579,22.468889759950763,54.60477834396799,0,3.0,43.5659793477509,49.085378845859445,제외,0.0,NEUTRAL,0.8,,비밸류평가,EPS없음,12.242268041237113,관망,현재 강한 매수 신호는 없습니다. 관망이 적절합니다.
176,176,2026-04-28,서울반도체,046890,KQ,디스플레이장비및부품,14800.0,10831.0,9722.833333333334,8003.75,7505.85,1,77.2834406673531,387.00849991437417,5.741750644622241,1,39.491046182846375,70.70357554786622,-1029.1724466687476,,-1132.0896913356223,DART,TRAILING_DART,,-1029.1724466687476,-14.38048603798618,-12350.069360024972,-183.44641459476333,5.0,1,3.0,93.11305690451675,49.05652845225838,제외,0.0,NEUTRAL,0.8,,비밸류평가,EPS없음,98.4536082474227,관망,현재 강한 매수 신호는 없습니다. 관망이 적절합니다.
177,177,2026-04-28,엑시콘,092870,KQ,반도체와반도체장비,35600.0,30200.0,29358.33333333333,22597.916666666668,18428.75,1,67.07598557996357,642.7168707102933,3.1760088606109704,1,8.042488619119869,39.607843137254896,686.8236622636916,,755.5060284900609,DART,TRAILING_DART,,686.8236622636916,51.8328094327247,8241.8839471643,-76.84864059785309,5.0,0,3.0,93.0920585947233,49.04602929736165,제외,0.0,NEUTRAL,0.8,,비밸류평가,EPS없음,95.74742268041237,관망,현재 강한 매수 신호는 없습니다. 관망이 적절합니다.
178,178,2026-04-28,한양이엔지,045100,KQ,반도체와반도체장비,33650.0,32260.0,30935.0,26453.0,23562.65,1,55.07643191415685,133.3252621542681,0.8934730045180396,0,4.665629860031095,13.10924369747899,2381.660580057143,,2619.826638062857,DART,TRAILING_DART,,2381.660580057143,14.128797479275002,28579.926960685712,-15.067081840458506,26.816303389598808,0,3.0,71.23257141420963,49.02443740190422,제외,0.0,NEUTRAL,0.8,,비밸류평가,EPS없음,45.36082474226804,관망,현재 강한 매수 신호는 없습니다. 관망이 적절합니다.
179,179,2026-04-28,CJ4우(전환),00104K,KS,복합기업,190500.0,176630.0,174671.66666666666,165100.0,155368.5,1,63.57809644670312,1513.9103628566395,1.3950782997762865,1,5.248618784530379,13.39285714285714,,11404.0,11404.0,SCRAPE,CONSENSUS_SCRAPE,,11404.0,16.7046650298141,136848.0,-28.16377952755905,15.356692913385832,0,3.0,82.45445317806782,48.905573045726825,제외,0.0,NEUTRAL,0.8,,비밸류평가,EPS없음,78.22164948453609,관망,현재 강한 매수 신호는 없습니다. 관망이 적절합니다.
180,180,2026-04-28,한텍,098070,KQ,에너지장비및서비스,49800.0,45530.0,41708.333333333336,38155.833333333336,39541.75,1,62.4550966534732,166.21067841209162,1.1879811081617728,1,15.81395348837209,1.8404907975460016,2766.720677581554,,3043.3927453397096,DART,TRAILING_DART,,2766.720677581554,17.999648610546107,33200.64813097865,-33.33203186550473,10.83447211768336,0,3.0,86.83855699312313,48.83651455540325,제외,0.0,NEUTRAL,0.8,,비밸류평가,EPS없음,70.10309278350515,관망,현재 강한 매수 신호는 없습니다. 관망이 적절합니다.
181,181,2026-04-28,SK증권,001510,KS,증권,5510.0,3915.65,3480.516666666667,2408.258333333333,1988.735,1,78.89998113322585,129.29907501027043,14.95405316327602,1,47.8797638217928,49.72826086956521,62.04812265887941,,68.25293492476736,DART|DAILY_DISC,TRAILING_DART,,62.04812265887941,88.80204209065607,744.5774719065529,-86.48679724307526,5.0,0,3.0,92.53572102384791,48.767860511923956,제외,0.0,NEUTRAL,0.8,,비밸류평가,EPS없음,99.87113402061856,관망,현재 강한 매수 신호는 없습니다. 관망이 적절합니다.
182,182,2026-04-28,SNT모티브,064960,KS,자동차부품,36300.0,34310.0,34258.333333333336,34086.25,34235.75,1,63.32885602329736,273.57722998437066,1.639476481395325,1,4.160688665710177,13.437499999999991,2618.968963920189,3801.0,3801.0,DART,TRAILING_DART,,2618.968963920189,13.860416255435329,31427.627567042266,-13.422513589415242,28.255300609261663,0,3.0,68.88690569515327,48.57110315220747,제외,0.0,NEUTRAL,0.8,,비밸류평가,EPS없음,84.66494845360825,관망,현재 강한 매수 신호는 없습니다. 관망이 적절합니다.
183,183,2026-04-28,현대제철,004020,KS,철강,44100.0,38827.5,36492.5,33786.666666666664,34015.5,1,67.97335615627824,525.8859646901567,2.13383570278539,1,9.293680297397769,31.054977711738484,10.408811533462822,2060.0,2060.0,DART|DAILY_DISC,TRAILING_DART,,10.408811533462822,4236.794936504027,124.90573840155386,-99.71676703310305,5.0,0,3.0,92.1369723336778,48.5684861668389,제외,0.0,NEUTRAL,0.8,,비밸류평가,EPS없음,89.81958762886599,관망,현재 강한 매수 신호는 없습니다. 관망이 적절합니다.
184,184,2026-04-28,TCC스틸,002710,KS,철강,22600.0,16652.5,15418.666666666666,15505.833333333334,16411.05,1,80.2807919071541,477.9970796577152,9.570707665485296,1,23.83561643835617,71.47192716236724,-289.9552255448745,,-318.950748099362,DART,TRAILING_DART,,-289.9552255448745,-77.94306847731683,-3479.462706538494,-115.39585268379864,5.0,1,3.0,92.04257431887353,48.52128715943677,제외,0.0,NEUTRAL,0.8,,비밸류평가,EPS없음,99.61340206185567,관망,현재 강한 매수 신호는 없습니다. 관망이 적절합니다.
185,185,2026-04-28,대한전선,001440,KS,전기장비,45900.0,36070.0,32405.0,28416.666666666668,23635.6,1,74.38296594945186,928.7781301946538,2.099286532251827,1,10.469314079422375,71.91011235955057,482.0525579560551,562.0,562.0,DART|DAILY_DISC,TRAILING_DART,,482.0525579560551,95.21783308156272,5784.6306954726615,-87.39731874624692,5.0,0,3.0,92.03992248103245,48.519961240516224,제외,0.0,NEUTRAL,0.8,,비밸류평가,EPS없음,89.17525773195877,관망,현재 강한 매수 신호는 없습니다. 관망이 적절합니다.
186,186,2026-04-28,일진전기,103590,KS,전기장비,111600.0,84960.0,78783.33333333333,68565.83333333333,57078.875,1,80.01762494774711,2936.0753130283406,2.897965488138628,1,29.166666666666675,60.57553956834531,2178.643773281502,3108.0,3108.0,DART,TRAILING_DART,,2178.643773281502,51.22452847438505,26143.725279378024,-76.57372286794084,5.0,0,3.0,92.02232515881408,48.51116257940704,제외,0.0,NEUTRAL,0.8,,비밸류평가,EPS없음,94.84536082474226,관망,현재 강한 매수 신호는 없습니다. 관망이 적절합니다.
187,187,2026-04-28,제이브이엠,054950,KQ,건강관리장비와용품,25550.0,24692.5,25183.33333333333,25558.33333333333,27029.25,0,56.88814022549496,123.58056292533053,1.026942445471731,1,0.7889546351084853,8.955223880597018,2345.0006449189123,2852.0,2852.0,DART|DAILY_DISC,TRAILING_DART,,2345.0006449189123,10.89551939158784,28140.007739026947,10.13701659110351,46.58906078421728,0,3.0,50.01636738073334,48.30271408247531,제외,0.0,NEUTRAL,0.8,,비밸류평가,EPS없음,59.149484536082475,관망,현재 강한 매수 신호는 없습니다. 관망이 적절합니다.
188,188,2026-04-28,삼성E&A,028050,KS,건설,56300.0,48935.0,38630.0,32100.83333333333,30129.0,1,73.91611504916551,118.09413896524713,1.1769455477420865,1,8.897485493230173,57.70308123249299,3307.693569505102,3544.0,3544.0,DART|DAILY_DISC,TRAILING_DART,,3307.693569505102,17.020923739445315,39692.322834061226,-29.498538483017356,14.188778827359814,0,3.0,82.19126344625809,48.19002113680895,제외,0.0,NEUTRAL,0.8,,비밸류평가,EPS없음,69.45876288659794,관망,현재 강한 매수 신호는 없습니다. 관망이 적절합니다.
189,189,2026-04-28,고려제강,002240,KS,철강,27200.0,23175.0,22413.33333333333,21033.416666666668,19772.325,1,70.26521286343075,319.2459987206322,4.8547451391958445,1,12.863070539419086,32.03883495145632,170.46703603703705,,187.5137396407408,DART,TRAILING_DART,,170.46703603703705,159.5616409620116,2045.6044324444447,-92.47939546895425,5.0,0,3.0,91.02741438789823,48.01370719394912,제외,0.0,NEUTRAL,0.8,,비밸류평가,EPS없음,97.80927835051546,관망,현재 강한 매수 신호는 없습니다. 관망이 적절합니다.
190,190,2026-04-28,제룡전기,033100,KQ,전기장비,59900.0,50412.5,50778.333333333336,43886.66666666666,41042.25,1,70.61546409822037,1248.4474128749605,3.687771559611348,0,15.860735009671178,37.70114942528735,3655.269824781576,,4020.796807259734,DART,TRAILING_DART,,3655.269824781576,16.387299124649267,43863.23789737892,-26.772557767313998,16.57401195360025,0,3.0,79.26558308192375,47.919797517762,제외,0.0,NEUTRAL,0.8,,비밸류평가,EPS없음,96.3917525773196,관망,현재 강한 매수 신호는 없습니다. 관망이 적절합니다.
191,191,2026-04-28,유진테크,084370,KQ,반도체와반도체장비,142000.0,129070.0,123361.66666666669,103412.5,85149.0,1,62.49857130430034,1058.819342848542,2.057345556621968,1,10.59190031152648,28.27461607949413,1941.0855408625976,,2135.1940949488576,DART,TRAILING_DART,,1941.0855408625976,73.15494191816849,23293.02649035117,-83.59646021806255,5.0,0,3.0,90.63713639437681,47.818568197188405,제외,0.0,NEUTRAL,0.8,,비밸류평가,EPS없음,88.65979381443299,관망,현재 강한 매수 신호는 없습니다. 관망이 적절합니다.
192,192,2026-04-28,호텔신라,008770,KS,백화점과일반상점,69400.0,51892.5,47789.16666666666,46822.91666666666,48046.0,1,84.84531953390386,1901.7942194196407,2.495500539454682,1,28.7569573283859,57.72727272727274,-4403.995544321727,2252.0,2252.0,DART|DAILY_DISC,TRAILING_DART,,-4403.995544321727,-15.758417396557224,-52847.946531860725,-176.14977886435264,5.0,1,3.0,90.38870450945747,47.694352254728734,제외,0.0,NEUTRAL,0.8,,비밸류평가,EPS없음,92.91237113402062,관망,현재 강한 매수 신호는 없습니다. 관망이 적절합니다.
193,193,2026-04-28,코오롱인더,120110,KS,화학,100000.0,86875.0,72630.0,57912.083333333336,50221.0,1,70.65173701642053,150.59147719026714,3.9784745880015047,1,14.02508551881414,36.98630136986301,1722.2155002038332,4528.0,4528.0,DART|DAILY_DISC,TRAILING_DART,,1722.2155002038332,58.064742761962414,20666.586002445998,-79.333413997554,5.0,0,3.0,90.0838884028966,47.5419442014483,제외,0.0,NEUTRAL,0.8,,비밸류평가,EPS없음,96.77835051546391,관망,현재 강한 매수 신호는 없습니다. 관망이 적절합니다.
194,194,2026-04-28,LS증권,078020,KQ,증권,8000.0,7365.0,7244.5,6107.541666666667,5775.925,1,62.85855566614445,64.99711285236384,2.1893455005609983,1,4.031209362808852,19.76047904191616,413.6572371104513,,455.0229608214965,DART,TRAILING_DART,,413.6572371104513,19.3396833955643,4963.886845325416,-37.9514144334323,6.792512370746739,0,3.0,88.28203282149683,47.53727259612178,제외,0.0,NEUTRAL,0.8,,비밸류평가,EPS없음,90.4639175257732,관망,현재 강한 매수 신호는 없습니다. 관망이 적절합니다.
195,195,2026-04-28,LS ELECTRIC,010120,KS,전기장비,261500.0,185245.0,157175.0,127100.83333333331,100354.5,1,85.80142140410756,8194.825220285333,2.8731590552334487,1,41.58094206821874,82.10306406685237,1895.0448878133327,3040.0,3040.0,DART,TRAILING_DART,,1895.0448878133327,137.99145428251117,22740.53865375999,-91.30380931022563,5.0,0,3.0,90.07092092710445,47.535460463552226,제외,0.0,NEUTRAL,0.8,,비밸류평가,EPS없음,94.71649484536083,관망,현재 강한 매수 신호는 없습니다. 관망이 적절합니다.
196,196,2026-04-28,하나머티리얼즈,166090,KQ,반도체와반도체장비,76300.0,65855.0,63046.66666666666,54287.91666666666,45216.0,1,67.38652777841187,873.4023819005624,1.9978183765847797,1,8.534850640113788,25.28735632183907,1940.3515812830165,3248.0,3248.0,DART,TRAILING_DART,,1940.3515812830165,39.32277054117596,23284.218975396197,-69.48333030747548,5.0,0,3.0,90.05079685594114,47.52539842797057,제외,0.0,NEUTRAL,0.8,,비밸류평가,EPS없음,87.88659793814433,관망,현재 강한 매수 신호는 없습니다. 관망이 적절합니다.
197,197,2026-04-28,CJ대한통운,000120,KS,항공화물운송과물류,101200.0,104325.0,113636.66666666669,104045.0,96713.0,1,40.87546099072612,82.3810153596869,1.1145652689677117,0,-5.42056074766355,-2.127659574468088,11342.234705166642,12929.0,12929.0,DART,TRAILING_DART,,11342.234705166642,8.922403973345846,136106.8164619997,34.492901642292196,62.42038606748993,0,3.0,32.557448507604455,47.488917287547196,제외,0.0,NEUTRAL,0.8,,비밸류평가,EPS없음,65.07731958762886,관망,현재 강한 매수 신호는 없습니다. 관망이 적절합니다.
198,198,2026-04-28,포스코엠텍,009520,KQ,철강,21450.0,18905.0,18791.0,17534.166666666668,16037.4,1,69.16533948082508,275.9803783351948,7.625905957060658,1,4.634146341463419,24.709302325581397,33.89543829563609,,37.2849821251997,DART,TRAILING_DART,,33.89543829563609,632.8285184841999,406.74525954763305,-98.10375170374064,5.0,0,3.0,89.87791843244608,47.43895921622304,제외,0.0,NEUTRAL,0.8,,비밸류평가,EPS없음,99.22680412371135,관망,현재 강한 매수 신호는 없습니다. 관망이 적절합니다.
199,199,2026-04-28,동국제강,460860,KS,철강,15140.0,10677.5,9530.666666666666,8933.083333333334,9303.3,1,86.51973570867463,444.54717416245046,3.097719498713528,1,40.31510658016681,69.92143658810326,165.93795865696467,562.0,562.0,DART|DAILY_DISC,TRAILING_DART,,165.93795865696467,91.23891918724982,1991.255503883576,-86.8477179400028,5.0,0,3.0,89.81438010404477,47.407190052022386,제외,0.0,NEUTRAL,0.8,,비밸류평가,EPS없음,95.36082474226805,관망,현재 강한 매수 신호는 없습니다. 관망이 적절합니다.
200,200,2026-04-28,씨아이에스,222080,KQ,전기제품,18200.0,13547.5,13240.833333333334,10303.833333333334,9063.45,1,75.20421816013715,604.7860639832636,4.47618112956417,1,11.587982832618016,56.89655172413792,369.3951190293502,,406.3346309322853,DART,TRAILING_DART,,369.3951190293502,49.2697360155263,4432.741428352203,-75.64427786619669,5.0,0,3.0,89.79568474266969,47.397842371334846,제외,0.0,NEUTRAL,0.8,,비밸류평가,EPS없음,97.68041237113401,관망,현재 강한 매수 신호는 없습니다. 관망이 적절합니다.
201,201,2026-04-28,현대오토에버,307950,KS,IT서비스,478000.0,413250.0,420966.6666666667,361404.1666666667,281036.0,1,65.75318170512053,6662.710259470216,4.973345132743363,1,8.022598870056497,33.33333333333333,6811.167028916516,8097.0,8097.0,DART|DAILY_DISC,TRAILING_DART,,6811.167028916516,70.1788691968163,81734.00434699819,-82.90083591066984,5.0,0,3.0,89.78286587098223,47.39143293549112,제외,0.0,NEUTRAL,0.8,,비밸류평가,EPS없음,98.19587628865979,관망,현재 강한 매수 신호는 없습니다. 관망이 적절합니다.
202,202,2026-04-28,POSCO홀딩스,005490,KS,철강,466500.0,380575.0,365883.3333333333,342254.1666666667,324860.0,1,79.65098113637616,8182.687807540486,4.970310028722492,1,10.676156583629904,40.30075187969926,6365.393138701126,22435.0,22435.0,DART,TRAILING_DART,,6365.393138701126,73.28691093150461,76384.71766441352,-83.6259983570389,5.0,0,3.0,89.42136140054296,47.21068070027148,제외,0.0,NEUTRAL,0.8,,비밸류평가,EPS없음,98.06701030927834,관망,현재 강한 매수 신호는 없습니다. 관망이 적절합니다.
203,203,2026-04-28,삼성화재,000810,KS,손해보험,483000.0,466025.0,491958.3333333333,490941.6666666667,475350.0,1,54.75546222341476,1293.2641616640335,2.055177721412357,0,3.205128205128216,9.64812712826333,45249.75315523456,44013.0,44013.0,DART,TRAILING_DART,,45249.75315523456,10.674091377758728,542997.0378628147,12.42174696952687,48.074135530192464,0,3.0,46.27744929571182,47.17579241295214,제외,0.0,NEUTRAL,0.8,,비밸류평가,EPS없음,88.53092783505154,관망,현재 강한 매수 신호는 없습니다. 관망이 적절합니다.
204,204,2026-04-28,브이티,018290,KQ,화장품,16610.0,15705.5,16692.833333333332,18061.666666666668,23949.5,0,56.61496289210008,181.90331032685265,1.2546050352545275,0,6.338028169014076,10.072895957587802,1837.4946825063985,,2021.2441507570384,DART,TRAILING_DART,,1837.4946825063985,9.039481941435312,22049.936190076784,32.75097043995656,61.28813078597177,0,3.0,32.871974953881406,47.08005286992659,제외,0.0,NEUTRAL,0.8,,비밸류평가,EPS없음,73.06701030927834,관망,현재 강한 매수 신호는 없습니다. 관망이 적절합니다.
205,205,2026-04-28,오리온,271560,KS,식품,141200.0,134905.0,131518.33333333334,118743.33333333331,114646.5,1,60.87535545633389,746.7545667247728,0.5833384643802721,0,4.283604135893659,10.312499999999991,9879.50877880517,11854.0,11854.0,DART,TRAILING_DART,,9879.50877880517,14.292208566373354,118554.10534566204,-16.038169018652948,25.96660210867867,0,3.0,68.05093478015627,47.00876844441747,제외,0.0,NEUTRAL,0.8,,비밸류평가,EPS없음,16.752577319587626,관망,현재 강한 매수 신호는 없습니다. 관망이 적절합니다.
206,206,2026-04-28,두산퓨얼셀,336260,KS,전기제품,52600.0,42100.0,39520.833333333336,36407.5,32884.75,1,69.31093650186641,1227.7684331594808,1.3575254799453431,1,21.33794694348328,57.48502994011977,-2027.740013997677,-532.0,-532.0,DART,TRAILING_DART,,-2027.740013997677,-25.940209117982253,-24332.880167972122,-146.26022845622074,5.0,1,3.0,88.8945659112627,46.94728295563135,제외,0.0,NEUTRAL,0.8,,비밸류평가,EPS없음,76.93298969072166,관망,현재 강한 매수 신호는 없습니다. 관망이 적절합니다.
207,207,2026-04-28,포스코퓨처엠,003670,KS,화학,263000.0,228700.0,219865.0,211887.5,189000.0,1,69.79323547361547,3721.520252143788,1.7625846282326794,1,2.5341130604288558,29.23832923832923,410.6064444784725,313.0,313.0,DART,TRAILING_DART,,410.6064444784725,640.51600635262,4927.27733374167,-98.12651051948987,5.0,0,3.0,88.72308557965665,46.86154278982833,제외,0.0,NEUTRAL,0.8,,비밸류평가,EPS없음,85.69587628865979,관망,현재 강한 매수 신호는 없습니다. 관망이 적절합니다.
208,208,2026-04-28,SK네트웍스,001740,KS,복합기업,5970.0,5424.5,5368.083333333333,4970.666666666667,4807.375,1,64.02972414370242,51.98130211040274,2.289181124330928,1,11.17318435754191,21.34146341463414,225.87433967988363,296.0,296.0,DART,TRAILING_DART,,225.87433967988363,26.43062513635181,2710.4920761586036,-54.59812267741033,5.0,0,3.0,88.71951811779475,46.859759058897374,제외,0.0,NEUTRAL,0.8,,비밸류평가,EPS없음,91.3659793814433,관망,현재 강한 매수 신호는 없습니다. 관망이 적절합니다.
209,209,2026-04-28,티씨케이,064760,KQ,반도체와반도체장비,316000.0,264100.0,238108.3333333333,197552.5,170462.5,1,68.97683449551819,4332.988577935765,1.1535700086192135,1,12.857142857142856,38.29321663019694,6252.806457153039,8972.0,8972.0,DART|DAILY_DISC,TRAILING_DART,,6252.806457153039,50.53730707409065,75033.67748583647,-76.2551653525834,5.0,0,3.0,88.47802399531324,46.73901199765662,제외,0.0,NEUTRAL,0.8,,비밸류평가,EPS없음,68.4278350515464,관망,현재 강한 매수 신호는 없습니다. 관망이 적절합니다.
210,210,2026-04-28,원익QnC,074600,KQ,반도체와반도체장비,39000.0,34147.5,32242.5,27067.58333333333,24391.3,1,67.4916442570215,531.6960199273749,1.2197627114339833,1,7.14285714285714,30.87248322147651,36.44515398660986,1975.0,1975.0,DART,TRAILING_DART,,36.44515398660986,1070.101117265928,437.34184783931835,-98.87861064656585,5.0,0,3.0,87.8312934130088,46.4156467065044,제외,0.0,NEUTRAL,0.8,,비밸류평가,EPS없음,71.26288659793815,관망,현재 강한 매수 신호는 없습니다. 관망이 적절합니다.
211,211,2026-04-28,대한제강,084010,KS,철강,12940.0,11519.0,11731.833333333334,11000.605167643227,10487.902006835937,1,64.11364206475241,134.6782707610532,3.3391480598272016,1,10.882604970008568,27.111984282907663,402.9178071626351,718.0,718.0,DART,TRAILING_DART,,402.9178071626351,32.11573122350697,4835.013685951621,-62.63513380253771,5.0,0,3.0,87.8092849913659,46.40464249568295,제외,0.0,NEUTRAL,0.8,,비밸류평가,EPS없음,96.00515463917526,관망,현재 강한 매수 신호는 없습니다. 관망이 적절합니다.
212,212,2026-04-28,에스비비테크,389500,KQ,기계,69900.0,57882.5,57098.333333333336,48787.91666666666,38297.5,1,69.13334591790473,1346.4830907892983,1.789831500842877,1,11.305732484076426,48.093220338983045,-1420.421876547135,,-1562.4640642018487,DART,TRAILING_DART,,-1420.421876547135,-49.210731793231744,-17045.06251856562,-124.38492491926412,5.0,1,3.0,87.55276304664403,46.276381523322016,제외,0.0,NEUTRAL,0.8,,비밸류평가,EPS없음,85.9536082474227,관망,현재 강한 매수 신호는 없습니다. 관망이 적절합니다.
213,213,2026-04-28,두산,000150,KS,복합기업,1583000.0,1310050.0,1136050.0,1000716.6666666666,845220.0,1,73.30132994326146,25174.04857205438,1.1237738154390986,1,12.349183818310848,54.28849902534114,15407.777095419337,19872.0,19872.0,DART,TRAILING_DART,,15407.777095419337,102.74032329235986,184893.32514503202,-88.32006789987163,5.0,0,3.0,87.29194359776278,46.14597179888139,제외,0.0,NEUTRAL,0.8,,비밸류평가,EPS없음,66.1082474226804,관망,현재 강한 매수 신호는 없습니다. 관망이 적절합니다.
214,214,2026-04-28,에스티큐브,052020,KQ,판매업체,20500.0,16559.5,13338.833333333334,10571.916666666666,9372.45,1,73.1308936899288,305.39084765660346,1.1111675260213774,1,25.382262996941908,22.023809523809533,-320.66229746070985,,-352.7285272067809,DART,TRAILING_DART,,-320.66229746070985,-63.9301850025316,-3847.947569528518,-118.77047594891961,5.0,1,3.0,87.24531060450023,46.12265530225012,제외,0.0,NEUTRAL,0.8,,비밸류평가,EPS없음,64.43298969072166,관망,현재 강한 매수 신호는 없습니다. 관망이 적절합니다.
215,215,2026-04-28,디아이티,110990,KQ,디스플레이장비및부품,25650.0,21653.5,21523.33333333333,18559.916666666668,16693.0,1,66.24429241656875,565.5867317989572,0.9927046025691764,0,14.76510067114094,39.47797716150081,1607.199672010582,,1767.9196392116403,DART,TRAILING_DART,,1607.199672010582,15.959435810431849,19286.396064126984,-24.809372069680368,18.291799439029678,0,3.0,73.84016904984819,46.06598424443893,제외,0.0,NEUTRAL,0.8,,비밸류평가,EPS없음,56.31443298969072,관망,현재 강한 매수 신호는 없습니다. 관망이 적절합니다.
216,216,2026-04-28,NC,036570,KS,게임엔터테인먼트,267500.0,245300.0,228743.3333333333,222098.3333333333,216429.0,1,61.99955882793586,1712.4405215948027,0.9266256356204692,0,2.8846153846153744,19.41964285714286,16126.123259064623,17084.0,17084.0,DART,TRAILING_DART,,16126.123259064623,16.58799177599217,193513.47910877547,-27.658512482700758,15.798801577636837,0,3.0,76.3071114450605,46.05295651134867,제외,0.0,NEUTRAL,0.8,,비밸류평가,EPS없음,48.71134020618557,관망,현재 강한 매수 신호는 없습니다. 관망이 적절합니다.
217,217,2026-04-28,에스티팜,237690,KQ,제약,168700.0,145330.0,150090.0,134060.83333333334,117173.0,1,66.5641758997221,2953.859217933673,2.142986555435717,1,24.226804123711343,16.666666666666675,2617.642286551857,3094.0,3094.0,DART|DAILY_DISC,TRAILING_DART,,2617.642286551857,64.44730850609214,31411.707438622285,-81.38013785499568,5.0,0,3.0,87.08275442435047,46.041377212175234,제외,0.0,NEUTRAL,0.8,,비밸류평가,EPS없음,89.94845360824742,관망,현재 강한 매수 신호는 없습니다. 관망이 적절합니다.
218,218,2026-04-28,효성중공업,298040,KS,전기장비,3976000.0,3029750.0,2713566.6666666665,2378891.6666666665,1953660.0,1,80.78877897804708,102533.32826919912,1.5753816273850163,1,32.4450366422385,61.88925081433225,53926.22440948344,85605.0,85605.0,DART|DAILY_DISC,TRAILING_DART,,53926.22440948344,73.73036112835636,647114.6929138013,-83.72447955448186,5.0,0,3.0,86.99473787753591,45.997368938767956,제외,0.0,NEUTRAL,0.8,,비밸류평가,EPS없음,83.24742268041237,관망,현재 강한 매수 신호는 없습니다. 관망이 적절합니다.
219,219,2026-04-28,대우건설,047040,KS,건설,37150.0,26021.5,15437.083333333334,9624.583333333334,7304.8,1,83.46323456030743,651.248328648976,1.7288876605163868,1,13.089802130898033,138.90675241157555,-2229.4049795492,698.0,698.0,DART|DAILY_DISC,TRAILING_DART,,-2229.4049795492,-16.663639105853242,-26752.8597545904,-172.0130814390051,5.0,1,3.0,86.84750165975089,45.923750829875445,제외,0.0,NEUTRAL,0.8,,비밸류평가,EPS없음,85.30927835051546,관망,현재 강한 매수 신호는 없습니다. 관망이 적절합니다.
220,220,2026-04-28,두산테스나,131970,KQ,반도체와반도체장비,129800.0,104275.0,84193.33333333333,66113.33333333333,54662.75,1,73.99572810292821,2191.7546943638827,1.0816580542993226,1,20.185185185185198,28.13425468904245,78.13030501305981,2230.0,2230.0,DART,TRAILING_DART,,78.13030501305981,1661.327188960844,937.5636601567178,-99.27768593208265,5.0,0,3.0,86.82228235428899,45.91114117714449,제외,0.0,NEUTRAL,0.8,,비밸류평가,EPS없음,63.01546391752577,관망,현재 강한 매수 신호는 없습니다. 관망이 적절합니다.
221,221,2026-04-28,삼성SDI,006400,KS,전기제품,680000.0,524725.0,438883.3333333333,372366.6666666667,309015.5,1,80.79363070171866,16123.772746862582,1.5287107801393622,1,5.4263565891472965,66.66666666666667,-7257.821081948583,1135.0,1135.0,DART|DAILY_DISC,TRAILING_DART,,-7257.821081948583,-93.69203130279332,-87093.852983383,-112.80791955637986,5.0,1,3.0,86.74736908094674,45.87368454047337,제외,0.0,NEUTRAL,0.8,,비밸류평가,EPS없음,82.60309278350515,관망,현재 강한 매수 신호는 없습니다. 관망이 적절합니다.
222,222,2026-04-28,케이씨텍,281820,KS,반도체와반도체장비,61700.0,51912.5,48582.5,44227.5,39999.25,1,74.13746342448498,969.396997042972,1.2300985967441904,1,12.38615664845173,40.546697038724375,2580.537244971961,,2838.5909694691577,DART,TRAILING_DART,,2580.537244971961,23.9097498477184,30966.446939663532,-49.8112691415502,5.0,0,3.0,86.73458573173147,45.867292865865736,제외,0.0,NEUTRAL,0.8,,비밸류평가,EPS없음,71.64948453608247,관망,현재 강한 매수 신호는 없습니다. 관망이 적절합니다.
223,223,2026-04-28,파두,440110,KQ,반도체와반도체장비,81600.0,59657.5,54871.66666666666,39038.75,30014.3,1,75.56892777788319,2587.829048951633,1.1174929700719505,1,34.210526315789465,77.58433079434168,-1522.0686285060565,,-1674.2754913566623,DART|DAILY_DISC,TRAILING_DART,,-1522.0686285060565,-53.61124884368202,-18264.823542072678,-122.3833621839126,5.0,1,3.0,86.44903014737528,45.72451507368764,제외,0.0,NEUTRAL,0.8,,비밸류평가,EPS없음,65.4639175257732,관망,현재 강한 매수 신호는 없습니다. 관망이 적절합니다.
224,224,2026-04-28,한온시스템,018880,KS,자동차부품,4400.0,4030.0,4080.0,3772.45102742513,3636.1706164550783,1,63.690432389502384,42.35318844114926,2.65087642017848,1,3.529411764705892,17.647058823529417,-192.2201044036536,196.0,196.0,DART|DAILY_DISC,TRAILING_DART,,-192.2201044036536,-22.8904256068876,-2306.641252843843,-152.42366483736006,5.0,1,3.0,86.39413212304893,45.69706606152447,제외,0.0,NEUTRAL,0.8,,비밸류평가,EPS없음,93.55670103092784,관망,현재 강한 매수 신호는 없습니다. 관망이 적절합니다.
225,225,2026-04-28,LG화학,051910,KS,화학,394000.0,353625.0,332991.6666666667,347333.3333333333,327730.0,1,66.15840863911309,4007.264154491366,1.021201116103314,1,1.1553273427471034,31.77257525083612,-13840.920395573214,-3822.0,-3822.0,DART,TRAILING_DART,,-13840.920395573214,-28.46631500936992,-166091.04474687856,-142.15508749920775,5.0,1,3.0,86.08309856155466,45.54154928077733,제외,0.0,NEUTRAL,0.8,,비밸류평가,EPS없음,58.50515463917526,관망,현재 강한 매수 신호는 없습니다. 관망이 적절합니다.
226,226,2026-04-28,HD현대에너지솔루션,322000,KS,에너지장비및서비스,197500.0,170090.0,123126.66666666669,89889.16666666667,72891.75,1,70.82202501989656,1097.9329567457462,1.4386678125862855,1,16.176470588235304,41.98418404025881,3721.132036517857,6027.0,6027.0,DART,TRAILING_DART,,3721.132036517857,53.07524647387024,44653.58443821428,-77.39059015786619,5.0,0,3.0,86.05840815346048,45.52920407673024,제외,0.0,NEUTRAL,0.8,,비밸류평가,EPS없음,80.0257731958763,관망,현재 강한 매수 신호는 없습니다. 관망이 적절합니다.
227,227,2026-04-28,신세계,004170,KS,백화점과일반상점,407500.0,355300.0,344300.0,293605.8333333333,247192.0,1,69.81432074291507,6023.499809266834,1.3058023239794792,1,6.675392670157065,35.60732113144758,6839.837304758903,26485.0,26485.0,DART,TRAILING_DART,,6839.837304758903,59.57744049211181,82078.04765710683,-79.85814781420692,5.0,0,3.0,85.97576392848913,45.487881964244565,제외,0.0,NEUTRAL,0.8,,비밸류평가,EPS없음,75.12886597938144,관망,현재 강한 매수 신호는 없습니다. 관망이 적절합니다.
228,228,2026-04-28,LS마린솔루션,060370,KQ,건설,35300.0,32077.5,30717.5,29826.666666666668,28142.5,1,58.694352363125205,711.4721363387011,2.263581587455352,0,3.671071953010285,21.305841924398617,159.96383638124988,251.0,251.0,DART,TRAILING_DART,,159.96383638124988,220.67487751336327,1919.5660365749986,-94.56213587372521,5.0,0,3.0,85.95588360702342,45.47794180351171,제외,0.0,NEUTRAL,0.8,,비밸류평가,EPS없음,91.23711340206185,관망,현재 강한 매수 신호는 없습니다. 관망이 적절합니다.
229,229,2026-04-28,두산밥캣,241560,KS,기계,76500.0,68770.0,63823.333333333336,61360.833333333336,59276.0,1,74.43711812408996,756.6032984930516,1.3295124731395658,1,6.545961002785505,34.446397188049204,2.951289519343403,5316.0,5316.0,DART|DAILY_DISC,TRAILING_DART,,2.951289519343403,25920.872723127337,35.415474232120836,-99.95370526244167,5.0,0,3.0,85.74706528471734,45.37353264235867,제외,0.0,NEUTRAL,0.8,,비밸류평가,EPS없음,76.28865979381443,관망,현재 강한 매수 신호는 없습니다. 관망이 적절합니다.
230,230,2026-04-28,시프트업,462870,KS,게임엔터테인먼트,34800.0,33592.5,32587.5,34605.0,37335.75,0,61.428519018781294,141.74370424607764,0.4551987474862681,0,2.052785923753664,8.580343213728558,3263.704743706945,,3590.07521807764,DART|DAILY_DISC,TRAILING_DART,,3263.704743706945,10.66272923955549,39164.45692448334,12.541542886446377,48.152002876190146,0,3.0,42.54892088878748,45.350461882488815,제외,0.0,NEUTRAL,0.8,,비밸류평가,EPS없음,8.24742268041237,관망,현재 강한 매수 신호는 없습니다. 관망이 적절합니다.
231,231,2026-04-28,SK하이닉스,000660,KS,반도체와반도체장비,1300000.0,1083850.0,980583.3333333334,803925.0,613542.5,1,72.65863094573017,20360.49138700604,0.7693797356567348,1,6.209150326797386,61.09045848822801,60260.64190203718,224066.0,224066.0,DART|DAILY_DISC,TRAILING_DART,,60260.64190203718,21.572953074634476,723127.7028244461,-44.37479209042722,5.0,0,3.0,85.65624695516942,45.32812347758471,제외,0.0,NEUTRAL,0.8,,비밸류평가,EPS없음,33.634020618556704,관망,현재 강한 매수 신호는 없습니다. 관망이 적절합니다.
232,232,2026-04-28,일진하이솔루스,271940,KS,자동차부품,18320.0,16576.5,15995.0,15339.083333333334,16262.55,1,68.58256807215422,168.98641829464566,3.604278954881806,1,6.697728596389041,19.42633637548892,-55.053591794056096,,-60.55895097346171,DART,TRAILING_DART,,-55.053591794056096,-332.7666625009911,-660.6431015286731,-103.60613046685958,5.0,1,3.0,85.44413906687193,45.22206953343596,제외,0.0,NEUTRAL,0.8,,비밸류평가,EPS없음,96.26288659793815,관망,현재 강한 매수 신호는 없습니다. 관망이 적절합니다.
233,233,2026-04-28,티에스이,131290,KQ,반도체와반도체장비,174800.0,138975.0,112071.66666666669,85447.5,68587.75,1,74.5990011807838,2943.623498155801,0.8549149882987023,1,9.868007542426138,65.37369914853359,3620.138852584056,,3982.152737842462,DART,TRAILING_DART,,3620.138852584056,48.28544072977414,43441.666231008676,-75.14778819736345,5.0,0,3.0,85.41344312572828,45.20672156286414,제외,0.0,NEUTRAL,0.8,,비밸류평가,EPS없음,41.108247422680414,관망,현재 강한 매수 신호는 없습니다. 관망이 적절합니다.
234,234,2026-04-28,HS효성첨단소재,298050,KS,화학,264000.0,221900.0,230503.3333333333,214408.3333333333,205801.0,1,75.5304199096141,4621.550153821678,8.282737843168096,1,20.273348519362177,20.0,3494.08801396802,13489.0,13489.0,DART,TRAILING_DART,,3494.08801396802,75.55619633639151,41929.05616761624,-84.11778175469082,5.0,0,3.0,85.3588416902879,45.17942084514395,제외,0.0,NEUTRAL,0.8,,비밸류평가,EPS없음,99.35567010309279,관망,현재 강한 매수 신호는 없습니다. 관망이 적절합니다.
235,235,2026-04-28,이오테크닉스,039030,KQ,반도체와반도체장비,513000.0,459150.0,419358.3333333333,349995.8333333333,298732.0,1,67.59574095877758,3909.381067149294,0.9093465859850808,1,6.211180124223592,33.42002600780234,4672.636037030574,9034.0,9034.0,DART,TRAILING_DART,,4672.636037030574,109.78813584762057,56071.632444366885,-89.0698572233203,5.0,0,3.0,85.2493399285725,45.12466996428625,제외,0.0,NEUTRAL,0.8,,비밸류평가,EPS없음,47.29381443298969,관망,현재 강한 매수 신호는 없습니다. 관망이 적절합니다.
236,236,2026-04-28,메디포스트,078160,KQ,생물공학,27100.0,23199.5,22851.5,20043.58333333333,16936.2,1,64.73971405322598,443.60072547174445,1.027189061186958,1,12.215320910973082,27.830188679245293,-2193.4025596943297,,-2412.742815663763,DART,TRAILING_DART,,-2193.4025596943297,-12.355233142326885,-26320.830716331955,-197.12483659163084,5.0,1,3.0,85.21480557520967,45.10740278760483,제외,0.0,NEUTRAL,0.8,,비밸류평가,EPS없음,59.27835051546392,관망,현재 강한 매수 신호는 없습니다. 관망이 적절합니다.
237,237,2026-04-28,원익홀딩스,030530,KQ,반도체와반도체장비,35450.0,29867.5,32775.0,33348.333333333336,24554.6,1,62.65882881560892,808.36091990264,2.3983253761041423,1,14.910858995137756,35.56405353728489,652.8789639775799,,718.1668603753379,DART,TRAILING_DART,,652.8789639775799,54.29796632445545,7834.547567730959,-77.89972477367854,5.0,0,3.0,85.18398611597563,45.091993057987814,제외,0.0,NEUTRAL,0.8,,비밸류평가,EPS없음,92.39690721649485,관망,현재 강한 매수 신호는 없습니다. 관망이 적절합니다.
238,238,2026-04-28,피에스케이,319660,KQ,반도체와반도체장비,93500.0,84610.0,72245.0,54314.583333333336,42952.1,1,63.98214856696186,340.8073524346164,0.9302541745871888,1,11.70848267622462,17.610062893081757,2711.583487826752,3854.0,3854.0,DART,TRAILING_DART,,2711.583487826752,34.481696919808755,32539.00185392102,-65.19892849848019,5.0,0,3.0,85.05969760389479,45.029848801947395,제외,0.0,NEUTRAL,0.8,,비밸류평가,EPS없음,48.96907216494845,관망,현재 강한 매수 신호는 없습니다. 관망이 적절합니다.
239,239,2026-04-28,엠케이전자,033160,KQ,반도체와반도체장비,30450.0,22939.0,15720.166666666666,12195.5,10788.7,1,75.96811413661254,558.4428315602795,0.8683486493522362,1,13.831775700934587,100.32894736842108,588.177879271442,,646.9956671985861,DART,TRAILING_DART,,588.177879271442,51.77005302837552,7058.134551257303,-76.82057618634711,5.0,0,3.0,84.99517769216142,44.99758884608071,제외,0.0,NEUTRAL,0.8,,비밸류평가,EPS없음,42.01030927835052,관망,현재 강한 매수 신호는 없습니다. 관망이 적절합니다.
240,240,2026-04-28,포스코DX,022100,KS,IT서비스,36600.0,32947.5,34283.333333333336,31815.0,28609.25,1,64.99771030162199,505.3976533289471,2.86714773159399,1,5.627705627705626,24.278438030560267,346.1308198931311,,380.7439018824442,DART,TRAILING_DART,,346.1308198931311,105.74036721520596,4153.5698387175735,-88.65144852809405,5.0,0,3.0,84.95233361599894,44.97616680799947,제외,0.0,NEUTRAL,0.8,,비밸류평가,EPS없음,94.58762886597938,관망,현재 강한 매수 신호는 없습니다. 관망이 적절합니다.
241,241,2026-04-28,인카금융서비스,211050,KQ,손해보험,11010.0,11564.5,12879.166666666666,13177.166666666666,12834.7,0,37.72497005388224,-14.116426330231375,0.9158452001960692,0,-2.910052910052907,-4.344048653344923,1440.2756782753663,,1584.3032461029031,DART,TRAILING_DART,,1440.2756782753663,7.64436987034575,17283.308139304398,56.97827556134784,77.03587911487611,0,3.0,12.908402676358376,44.972140895617244,제외,0.0,NEUTRAL,0.8,,비밸류평가,EPS없음,47.93814432989691,관망,현재 강한 매수 신호는 없습니다. 관망이 적절합니다.
242,242,2026-04-28,LG이노텍,011070,KS,전자장비와기기,577000.0,405125.0,314091.6666666667,289520.8333333333,243568.5,1,84.08085631373689,18312.01768240938,1.3661041707803536,1,35.76470588235294,96.59284497444634,14419.252847422376,26048.0,26048.0,DART|DAILY_DISC,TRAILING_DART,,14419.252847422376,40.01594299687629,173031.0341690685,-70.01195248369696,5.0,0,3.0,84.71753567401312,44.85876783700656,제외,0.0,NEUTRAL,0.8,,비밸류평가,EPS없음,77.31958762886599,관망,현재 강한 매수 신호는 없습니다. 관망이 적절합니다.
243,243,2026-04-28,남해화학,025860,KS,화학,9180.0,8656.0,8029.5,7311.0,7244.3,1,58.11215024857402,32.095141370917986,0.2124875333998868,0,6.49651972157772,14.893617021276606,541.9961683487677,,596.1957851836445,DART,TRAILING_DART,,541.9961683487677,16.93738911101081,6503.954020185212,-29.15082766682775,14.493025791525717,0,3.0,75.21734056031279,44.85518317591925,제외,0.0,NEUTRAL,0.8,,비밸류평가,EPS없음,1.2886597938144329,관망,현재 강한 매수 신호는 없습니다. 관망이 적절합니다.
244,244,2026-04-28,기가비스,420770,KQ,반도체와반도체장비,105300.0,88715.0,74411.66666666667,55248.75,45094.5,1,74.01037376097247,1274.9662266149553,0.8919280082272432,1,11.546610169491522,44.84181568088032,1219.0353690879867,,1340.9389059967857,DART,TRAILING_DART,,1219.0353690879867,86.37977426264464,14628.424429055842,-86.10785904173235,5.0,0,3.0,84.66164912162183,44.83082456081092,제외,0.0,NEUTRAL,0.8,,비밸류평가,EPS없음,45.2319587628866,관망,현재 강한 매수 신호는 없습니다. 관망이 적절합니다.
245,245,2026-04-28,삼아알미늄,006110,KS,비철금속,72500.0,53140.0,38447.5,31464.166666666668,28060.8,1,73.10528821086575,1648.1266843378637,0.4291436959347407,1,23.931623931623932,80.34825870646767,-1645.694032415212,,-1810.2634356567328,DART,TRAILING_DART,,-1645.694032415212,-44.05436160791042,-19748.328388982543,-127.23907363997591,5.0,1,3.0,84.60525421040509,44.802627105202546,제외,0.0,NEUTRAL,0.8,,비밸류평가,EPS없음,7.345360824742269,관망,현재 강한 매수 신호는 없습니다. 관망이 적절합니다.
246,246,2026-04-28,LS에코에너지,229640,KS,전기장비,72700.0,52342.5,46376.66666666666,41841.66666666666,40778.0,1,84.42125555105768,2196.621890793303,1.3275432621115089,1,24.27350427350428,80.8457711442786,1582.8891834642025,1518.0,1518.0,DART,TRAILING_DART,,1582.8891834642025,45.9286731879068,18994.67020157043,-73.87253067184261,5.0,0,3.0,84.39301236693846,44.69650618346923,제외,0.0,NEUTRAL,0.8,,비밸류평가,EPS없음,76.03092783505154,관망,현재 강한 매수 신호는 없습니다. 관망이 적절합니다.
247,247,2026-04-28,오픈엣지테크놀로지,394280,KQ,반도체와반도체장비,21400.0,17143.5,16185.333333333334,14430.833333333334,13694.35,1,72.84769121724523,507.5545137581223,0.8056551486356135,1,21.040723981900445,47.99446749654219,-1146.7476199691323,,-1261.4223819660456,DART,TRAILING_DART,,-1146.7476199691323,-18.66147321986684,-13760.971439629588,-164.3036048580822,5.0,1,3.0,84.29391201007488,44.64695600503744,제외,0.0,NEUTRAL,0.8,,비밸류평가,EPS없음,37.24226804123711,관망,현재 강한 매수 신호는 없습니다. 관망이 적절합니다.
248,248,2026-04-28,마이크로컨텍솔,098120,KQ,반도체와반도체장비,34750.0,32040.0,28312.5,23832.166666666668,22877.1,1,60.86289214886565,176.03369680902574,0.5288272121076638,0,1.1644832605531397,28.7037037037037,2041.358993624986,,2245.4948929874845,DART,TRAILING_DART,,2041.358993624986,17.02297347429908,24496.30792349983,-29.50702755827387,14.181350886510366,0,3.0,75.00382567577623,44.59258828114329,제외,0.0,NEUTRAL,0.8,,비밸류평가,EPS없음,12.757731958762886,관망,현재 강한 매수 신호는 없습니다. 관망이 적절합니다.
249,249,2026-04-28,보령,003850,KS,제약,10050.0,9763.0,9609.666666666666,9269.5,8968.3,1,56.24250877426213,14.136906329229165,0.5597731811720132,0,1.72064777327936,11.66666666666667,749.5632139999616,,824.5195353999578,DART,TRAILING_DART,,749.5632139999616,13.407808457367166,8994.758567999539,-10.499914746273243,30.812574597010915,0,3.0,58.36420220749303,44.58838840225197,제외,0.0,NEUTRAL,0.8,,비밸류평가,EPS없음,15.463917525773196,관망,현재 강한 매수 신호는 없습니다. 관망이 적절합니다.
250,250,2026-04-28,큐로셀,372320,KQ,생물공학,64400.0,57565.0,52580.0,48608.333333333336,44115.5,1,66.49059533792396,509.33826706962464,0.5332999239510957,1,8.783783783783793,31.160896130346227,-3073.94594894222,,-3381.340543836442,DART,TRAILING_DART,,-3073.94594894222,-20.95027078213941,-36887.35138730664,-157.27849594302273,5.0,1,3.0,84.13123624309937,44.56561812154968,제외,0.0,NEUTRAL,0.8,,비밸류평가,EPS없음,13.402061855670103,관망,현재 강한 매수 신호는 없습니다. 관망이 적절합니다.
251,251,2026-04-28,효성티앤씨,298020,KS,"섬유,의류,신발,호화품",535000.0,472300.0,409441.6666666667,325966.6666666667,287030.0,1,69.26398594467955,2668.483333850054,0.9983597814596992,1,1.5180265654648917,41.160949868073885,8825.910448595807,37914.0,37914.0,DART|DAILY_DISC,TRAILING_DART,,8825.910448595807,60.61697579144574,105910.92538314968,-80.20356534894398,5.0,0,3.0,84.06890603187844,44.53445301593922,제외,0.0,NEUTRAL,0.8,,비밸류평가,EPS없음,56.70103092783505,관망,현재 강한 매수 신호는 없습니다. 관망이 적절합니다.
252,252,2026-04-28,동국제약,086450,KQ,제약,24900.0,26597.5,21699.83333333333,19766.75,19151.5,1,51.16814438543609,-445.4243792513421,0.3069950545913977,0,-0.2004008016032066,5.508474576271194,1634.5809739551391,1786.0,1786.0,DART,TRAILING_DART,,1634.5809739551391,15.233261855330625,19614.97168746167,-21.22501330336678,21.428113359554068,0,3.0,67.56005156622717,44.49408246289062,제외,0.0,NEUTRAL,0.8,,비밸류평가,EPS없음,3.608247422680412,관망,현재 강한 매수 신호는 없습니다. 관망이 적절합니다.
253,253,2026-04-28,DL,000210,KS,화학,70400.0,64650.0,54305.833333333336,46387.083333333336,44795.75,1,65.50049340882902,-70.51113817252462,1.1791247336305577,1,10.172143974960868,16.55629139072847,-4595.286706874308,,-5054.815377561739,DART,TRAILING_DART,,-4595.286706874308,-15.320045187754072,-55143.4404824917,-178.3287506853575,5.0,1,3.0,83.96864580094532,44.48432290047266,제외,0.0,NEUTRAL,0.8,,비밸류평가,EPS없음,69.58762886597938,관망,현재 강한 매수 신호는 없습니다. 관망이 적절합니다.
254,254,2026-04-28,대웅제약,069620,KS,제약,151900.0,152855.0,163035.0,166544.16666666666,157446.5,0,46.12902118069502,405.7104892988382,0.9727867657844802,0,1.7414601473543234,-5.062500000000004,16649.347980572344,13861.0,13861.0,DART,TRAILING_DART,,16649.347980572344,9.12348040158977,199792.1757668681,31.528752973580065,60.49368943282704,0,3.0,28.429463563639455,44.46157649823325,제외,0.0,NEUTRAL,0.8,,비밸류평가,EPS없음,54.123711340206185,관망,현재 강한 매수 신호는 없습니다. 관망이 적절합니다.
255,255,2026-04-28,코오롱,002020,KS,복합기업,66000.0,62080.0,61510.0,55200.833333333336,51283.25,1,59.44055401526521,41.00094835510652,2.157452463504561,1,10.183639398998334,4.761904761904767,-22979.015572201977,,-25276.91712942217,DART,TRAILING_DART,,-22979.015572201977,-2.8721857031961404,-275748.1868664237,-517.800283130945,5.0,1,3.0,83.67395240964078,44.33697620482039,제외,0.0,NEUTRAL,0.8,,비밸류평가,EPS없음,90.20618556701031,관망,현재 강한 매수 신호는 없습니다. 관망이 적절합니다.
256,256,2026-04-28,HD현대일렉트릭,267260,KS,전기장비,1238000.0,1042600.0,978900.0,908608.3333333334,767090.0,1,68.5097826201483,26371.930074066546,2.200159280316412,0,17.0132325141777,48.79807692307692,20301.646477729784,27050.0,27050.0,DART|DAILY_DISC,TRAILING_DART,,20301.646477729784,60.98027573074154,243619.75773275743,-80.32150583741863,5.0,0,3.0,83.60218581102784,44.30109290551392,제외,0.0,NEUTRAL,0.8,,비밸류평가,EPS없음,90.59278350515464,관망,현재 강한 매수 신호는 없습니다. 관망이 적절합니다.
257,257,2026-04-28,현대로템,064350,KS,우주항공과국방,244500.0,216145.0,209481.66666666663,203002.5,202876.0,1,68.7143516045738,3233.5981119184007,0.88042466166948,1,10.383747178329571,44.24778761061947,7059.519988278054,8562.0,8562.0,DART|DAILY_DISC,TRAILING_DART,,7059.519988278054,34.63408282800797,84714.23985933665,-65.35204913728563,5.0,0,3.0,83.49726737411012,44.24863368705506,제외,0.0,NEUTRAL,0.8,,비밸류평가,EPS없음,43.94329896907217,관망,현재 강한 매수 신호는 없습니다. 관망이 적절합니다.
258,258,2026-04-28,삼성전기,009150,KS,전자장비와기기,839000.0,618700.0,464166.6666666667,359691.6666666667,285123.5,1,82.26594690172146,19374.6708779452,0.9886064255941748,1,8.678756476683947,105.88957055214723,9786.495465668211,14602.0,14602.0,DART,TRAILING_DART,,9786.495465668211,85.73038254023388,117437.94558801854,-86.00262865458659,5.0,0,3.0,83.37888736905379,44.18944368452689,제외,0.0,NEUTRAL,0.8,,비밸류평가,EPS없음,55.54123711340206,관망,현재 강한 매수 신호는 없습니다. 관망이 적절합니다.
259,259,2026-04-28,티로보틱스,117730,KQ,기계,22400.0,18999.0,20891.666666666668,20181.25,16919.05,1,67.83833322532274,486.38915146022464,2.711590556956168,1,14.98973305954825,33.17479191438763,-1942.163665663327,,-2136.38003222966,DART,TRAILING_DART,,-1942.163665663327,-11.533528505358738,-23305.963987959924,-204.0444820891068,5.0,1,3.0,83.22707179177878,44.11353589588939,제외,0.0,NEUTRAL,0.8,,비밸류평가,EPS없음,93.81443298969072,관망,현재 강한 매수 신호는 없습니다. 관망이 적절합니다.
260,260,2026-04-28,현대엘리베이터,017800,KS,기계,99400.0,94300.0,94090.0,90069.16666666667,86687.0,1,59.81062115112517,375.0097849201357,0.8175261176070893,0,-0.3009027081243731,19.327731092436974,6888.3638595087,,7577.200245459571,DART,TRAILING_DART,,6888.3638595087,14.430132035314626,82660.36631410441,-16.84067775241005,25.264406966641207,0,3.0,62.78390421652109,44.02415559158115,제외,0.0,NEUTRAL,0.8,,비밸류평가,EPS없음,38.27319587628865,관망,현재 강한 매수 신호는 없습니다. 관망이 적절합니다.
261,261,2026-04-28,파트론,091700,KQ,핸드셋,8220.0,8157.5,8002.333333333333,7522.083333333333,7138.35,1,50.943926943733565,1.7115802337247317,0.7049141802736483,0,-1.556886227544907,7.874015748031504,601.7301556,,661.90317116,DART,TRAILING_DART,,601.7301556,13.660608369882402,7220.7618672,-12.156181664233578,29.363341043795618,0,3.0,58.611585237646935,43.987463140721275,제외,0.0,NEUTRAL,0.8,,비밸류평가,EPS없음,26.417525773195877,관망,현재 강한 매수 신호는 없습니다. 관망이 적절합니다.
262,262,2026-04-28,DI동일,001530,KS,"섬유,의류,신발,호화품",32400.0,25040.0,22966.83333333333,20848.49603678385,25683.09751464844,1,79.85497999520267,1022.8718307412764,0.7243698880495889,1,23.90057361376674,49.65357967667436,-505.2692008020566,,-555.7961208822624,DART,TRAILING_DART,,-505.2692008020566,-64.12423307925505,-6063.230409624679,-118.71367410377987,5.0,1,3.0,82.84922835986907,43.92461417993454,제외,0.0,NEUTRAL,0.8,,비밸류평가,EPS없음,28.994845360824744,관망,현재 강한 매수 신호는 없습니다. 관망이 적절합니다.
263,263,2026-04-28,에이피알,278470,KS,화장품,459000.0,392150.0,333108.3333333333,288100.0,257496.0,1,74.02095952586744,4883.56632212019,0.5930002512645715,1,11.951219512195133,36.20178041543027,7736.888030059174,13387.0,13387.0,DART|DAILY_DISC,TRAILING_DART,,7736.888030059174,59.32617846047456,92842.65636071008,-79.77284175147929,5.0,0,3.0,82.53405995829557,43.767029979147786,제외,0.0,NEUTRAL,0.8,,비밸류평가,EPS없음,17.525773195876287,관망,현재 강한 매수 신호는 없습니다. 관망이 적절합니다.
264,264,2026-04-28,솔루스첨단소재,336370,KS,전자장비와기기,16150.0,11344.0,9511.333333333334,8872.083333333334,8680.2,1,82.47195101707388,617.7373879453098,0.8187351103798401,1,16.35446685878963,82.48587570621469,-1970.9441760571287,-176.0,-176.0,DART|DAILY_DISC,TRAILING_DART,,-1970.9441760571287,-8.194042325596483,-23651.330112685544,-246.4478644748331,5.0,1,3.0,82.41125491695398,43.70562745847699,제외,0.0,NEUTRAL,0.8,,비밸류평가,EPS없음,38.402061855670105,관망,현재 강한 매수 신호는 없습니다. 관망이 적절합니다.
265,265,2026-04-28,에스피지,058610,KQ,전기제품,135100.0,113435.0,125530.0,97899.58333333331,69668.25,1,67.20883056432017,3093.595131101685,2.2429810033607422,1,15.66780821917808,29.15869980879542,411.831043235083,,453.0141475585913,DART,TRAILING_DART,,411.831043235083,328.04714996407324,4941.972518820996,-96.34198925327831,5.0,0,3.0,82.37454284509413,43.68727142254706,제외,0.0,NEUTRAL,0.8,,비밸류평가,EPS없음,91.1082474226804,관망,현재 강한 매수 신호는 없습니다. 관망이 적절합니다.
266,266,2026-04-28,LS,006260,KS,전기장비,402500.0,321400.0,276770.0,238584.16666666663,214724.5,1,71.5424731128243,10083.16640143886,1.9389592297703788,0,19.259259259259267,57.2265625,15549.51923076923,14858.0,14858.0,DART,TRAILING_DART,,15549.51923076923,25.8850446773645,186594.23076923075,-53.641184902054476,5.0,0,3.0,82.21055630060233,43.60527815030117,제외,0.0,NEUTRAL,0.8,,비밸류평가,EPS없음,87.37113402061856,관망,현재 강한 매수 신호는 없습니다. 관망이 적절합니다.
267,267,2026-04-28,디케이티,290550,KQ,핸드셋,23850.0,21588.0,16831.5,12081.25,10334.9,1,59.14318532896534,201.6459964775604,1.572445098356167,0,-1.2422360248447228,34.97453310696095,1158.53054862126,,1274.3836034833862,DART,TRAILING_DART,,1158.53054862126,20.586423058402147,13902.366583455121,-41.7091547863517,5.0,0,3.0,82.09175512684568,43.54587756342284,제외,0.0,NEUTRAL,0.8,,비밸류평가,EPS없음,83.11855670103093,관망,현재 강한 매수 신호는 없습니다. 관망이 적절합니다.
268,268,2026-04-28,피노,033790,KQ,전기제품,14190.0,10633.0,7395.083333333333,6210.958333333333,5397.775,1,80.49896287342527,346.6104083019577,0.2995152019709267,1,25.686448184233846,82.39074550128535,-86.01643352477092,,-94.618076877248,DART,TRAILING_DART,,-86.01643352477092,-164.96847658666968,-1032.197202297251,-107.27411699998062,5.0,1,3.0,81.96465611663383,43.48232805831692,제외,0.0,NEUTRAL,0.8,,비밸류평가,EPS없음,3.479381443298969,관망,현재 강한 매수 신호는 없습니다. 관망이 적절합니다.
269,269,2026-04-28,동운아나텍,094170,KQ,반도체와반도체장비,47850.0,35677.5,31326.666666666668,28925.58333333333,24459.25,1,80.65299098981264,1384.8460231817107,0.575893059059896,1,12.853773584905673,60.30150753768844,48.82936470967677,,53.712301180644445,DART,TRAILING_DART,,48.82936470967677,979.9431199750449,585.9523765161211,-98.77543912953789,5.0,0,3.0,81.90964607506692,43.45482303753346,제외,0.0,NEUTRAL,0.8,,비밸류평가,EPS없음,16.237113402061855,관망,현재 강한 매수 신호는 없습니다. 관망이 적절합니다.
270,270,2026-04-28,싸이맥스,160980,KQ,반도체와반도체장비,33200.0,28797.5,23726.83333333333,19755.25,17592.9,1,76.33129914784561,278.952933185707,0.8026183226591215,1,8.852459016393443,43.72294372294372,1367.544243843715,,1504.2986682280866,DART,TRAILING_DART,,1367.544243843715,24.27709388523019,16410.530926124582,-50.57068998155246,5.0,0,3.0,81.8803983848005,43.44019919240025,제외,0.0,NEUTRAL,0.8,,비밸류평가,EPS없음,37.11340206185567,관망,현재 강한 매수 신호는 없습니다. 관망이 적절합니다.
271,271,2026-04-28,맥쿼리인프라,088980,KS,nan,11420.0,11346.5,11366.166666666666,11383.5,11422.8,0,54.78610815183028,8.493158439341567,0.97992087360779,0,0.1754385964912286,1.7825311942959,,,,EMPTY,FORWARD_AUTO,,,,,,,0,3.0,43.42796897813817,43.42796897813817,관찰,0.0,NEUTRAL,0.8,,비밸류평가,EPS없음,54.76804123711341,관망,신호는 있으나 추가 확인이 필요합니다.
272,272,2026-04-28,두산2우B,000157,KS,복합기업,561000.0,460825.0,452591.6666666667,458891.6666666667,431500.0,1,71.98341478519836,11997.646213172264,0.8226173054768503,1,12.650602409638555,47.24409448818898,,19872.0,19872.0,SCRAPE,CONSENSUS_SCRAPE,,19872.0,28.230676328502412,238464.0,-57.49304812834224,5.0,0,3.0,81.76270236114107,43.38135118057053,제외,0.0,NEUTRAL,0.8,,비밸류평가,EPS없음,38.659793814432994,관망,현재 강한 매수 신호는 없습니다. 관망이 적절합니다.
273,273,2026-04-28,삼성카드,029780,KS,카드,53600.0,53690.0,57513.333333333336,55655.41666666666,53934.5,0,43.35542303764709,141.39145819325972,1.0255782818054993,0,-0.7407407407407418,0.941619585687392,5575.083572999158,5697.0,5697.0,DART|DAILY_DISC,TRAILING_DART,,5575.083572999158,9.614205652376524,66901.00287598989,24.815303873115457,56.129947517525046,0,3.0,30.62358442995217,43.37676597373861,제외,0.0,NEUTRAL,0.8,,비밸류평가,EPS없음,58.891752577319586,관망,현재 강한 매수 신호는 없습니다. 관망이 적절합니다.
274,274,2026-04-28,한미반도체,042700,KS,반도체와반도체장비,367000.0,289325.0,267451.6666666667,203939.16666666663,162416.5,1,73.26172933334567,8112.01847426454,1.9658635674222835,0,24.40677966101694,46.21513944223108,2245.3321653576354,,2469.865381893399,DART,TRAILING_DART,,2245.3321653576354,163.4502037882419,26943.985984291627,-92.6583144456971,5.0,0,3.0,81.73813799896,43.36906899948,제외,0.0,NEUTRAL,0.8,,비밸류평가,EPS없음,87.5,관망,현재 강한 매수 신호는 없습니다. 관망이 적절합니다.
275,275,2026-04-28,로보스타,090360,KQ,기계,71900.0,62215.0,68891.66666666667,73130.0,59588.75,1,65.30064602084892,1530.2413122592943,2.4093974532049502,1,10.785824345146388,28.392857142857157,-533.3985068717949,,-586.7383575589745,DART,TRAILING_DART,,-533.3985068717949,-134.7960278735492,-6400.782082461539,-108.90233947491174,5.0,1,3.0,81.71128868772051,43.355644343860256,제외,0.0,NEUTRAL,0.8,,비밸류평가,EPS없음,92.5257731958763,관망,현재 강한 매수 신호는 없습니다. 관망이 적절합니다.
276,276,2026-04-28,SAMG엔터,419530,KQ,방송과엔터테인먼트,43000.0,35805.0,35706.666666666664,38609.16666666666,48727.5,0,69.93921541569142,788.8765251242091,6.54724852019605,1,14.666666666666671,35.43307086614173,3016.4277619843742,,3318.070538182812,DART,TRAILING_DART,,3016.4277619843742,14.255272591614196,36197.13314381249,-15.820620595784906,26.156956978688207,0,3.0,60.464274473518714,43.310615726103464,제외,0.0,NEUTRAL,0.8,,비밸류평가,EPS없음,98.96907216494846,관망,현재 강한 매수 신호는 없습니다. 관망이 적절합니다.
277,277,2026-04-28,주성엔지니어링,036930,KQ,반도체와반도체장비,130500.0,83620.0,66595.83333333333,48279.583333333336,40751.5,1,81.6150078296294,5971.5793849325855,0.5355415974860854,1,9.756097560975618,114.99176276771004,767.912131508188,1740.0,1740.0,DART|DAILY_DISC,TRAILING_DART,,767.912131508188,169.94131834288976,9214.945578098257,-92.93873902061436,5.0,0,3.0,81.5660686322752,43.2830343161376,제외,0.0,NEUTRAL,0.8,,비밸류평가,EPS없음,13.65979381443299,관망,현재 강한 매수 신호는 없습니다. 관망이 적절합니다.
278,278,2026-04-28,HD건설기계,267270,KS,기계,194000.0,165640.0,142166.66666666666,121912.5,110062.0,1,76.75567831682851,3132.647296254341,2.1489217350975687,0,10.102156640181615,55.07593924860112,1814.20521373629,9801.0,9801.0,DART,TRAILING_DART,,1814.20521373629,106.93387855526224,21770.46256483548,-88.77811207998171,5.0,0,3.0,81.45376311668379,43.226881558341894,제외,0.0,NEUTRAL,0.8,,비밸류평가,EPS없음,90.07731958762886,관망,현재 강한 매수 신호는 없습니다. 관망이 적절합니다.
279,279,2026-04-28,HL만도,204320,KS,자동차부품,57600.0,51852.5,54959.16666666666,53344.16666666666,46046.25,1,63.882990468700704,811.2232697807614,2.2226368175239,1,6.077348066298338,17.431192660550465,2615.200139212115,4351.0,4351.0,DART,TRAILING_DART,,2615.200139212115,22.02508295114776,31382.401670545383,-45.51666376641427,5.0,0,3.0,81.41507977148349,43.207539885741745,제외,0.0,NEUTRAL,0.8,,비밸류평가,EPS없음,90.72164948453609,관망,현재 강한 매수 신호는 없습니다. 관망이 적절합니다.
280,280,2026-04-28,TKG휴켐스,069260,KS,화학,18450.0,17831.0,18754.166666666668,18682.666666666668,18300.9,1,56.71337814873135,115.09386977537,0.7972396550182911,1,2.785515320334264,2.6711185308847973,1448.385116628784,,1593.2236282916626,DART,TRAILING_DART,,1448.385116628784,12.738324764717028,17380.62139954541,-5.796089975363639,34.928421271556815,0,3.0,51.37060690399899,43.1495140877779,제외,0.0,NEUTRAL,0.8,,비밸류평가,EPS없음,36.72680412371135,관망,현재 강한 매수 신호는 없습니다. 관망이 적절합니다.
281,281,2026-04-28,강원랜드,035250,KS,"호텔,레스토랑,레저",17320.0,16898.5,17771.666666666668,17821.5,18051.45,0,52.605072167482525,83.58353544174085,0.815878140372857,1,2.8503562945368266,2.545885139135584,1487.295431187643,1360.0,1360.0,DART,TRAILING_DART,,1487.295431187643,11.645299001671471,17847.545174251718,3.045872830552643,41.97981733985922,0,3.0,43.949338243437204,42.96457779164821,제외,0.0,NEUTRAL,0.8,,비밸류평가,EPS없음,37.88659793814433,관망,현재 강한 매수 신호는 없습니다. 관망이 적절합니다.
282,282,2026-04-28,SFA반도체,036540,KQ,반도체와반도체장비,8830.0,7346.0,7173.333333333333,5906.541666666667,4989.0,1,63.63919075726781,271.7281336441293,1.9019043999463268,0,16.644649933949808,47.41235392320535,-116.32593052561748,,-127.95852357817924,DART,TRAILING_DART,,-116.32593052561748,-75.90740912281328,-1395.9111663074098,-115.80873348026512,5.0,1,3.0,80.84317686247878,42.92158843123939,제외,0.0,NEUTRAL,0.8,,비밸류평가,EPS없음,87.11340206185567,관망,현재 강한 매수 신호는 없습니다. 관망이 적절합니다.
283,283,2026-04-28,HMM,011200,KS,해운사,20750.0,20800.0,20952.33333333333,20504.25,21348.65,0,48.93632482861084,6.371874341243213,0.7828809490280334,0,-1.6587677725118488,6.029637199795612,1991.7900463655,1280.0,1280.0,DART,TRAILING_DART,,1991.7900463655,10.417764682509263,23901.480556386,15.187858103065066,49.87210776699229,0,3.0,35.9703330234875,42.9212203952399,제외,0.0,NEUTRAL,0.8,,비밸류평가,EPS없음,34.92268041237113,관망,현재 강한 매수 신호는 없습니다. 관망이 적절합니다.
284,284,2026-04-28,현대위아,011210,KS,자동차부품,86700.0,80970.0,83968.33333333333,77055.83333333333,66655.25,1,57.04220138059605,789.3125224666487,2.0750675218956607,1,0.3472222222222321,12.45136186770428,4299.7478625088215,7116.0,7116.0,DART|DAILY_DISC,TRAILING_DART,,4299.7478625088215,20.16397304501762,51596.974350105855,-40.487918858009394,5.0,0,3.0,80.83445210218456,42.91722605109228,제외,0.0,NEUTRAL,0.8,,비밸류평가,EPS없음,88.91752577319588,관망,현재 강한 매수 신호는 없습니다. 관망이 적절합니다.
285,285,2026-04-28,한국쉘석유,002960,KS,화학,499000.0,495075.0,485816.6666666667,468462.5,455355.0,1,52.72632353088316,-444.8261609068359,1.088021284743918,0,0.4024144869215318,6.966773847802776,37098.43268384616,,40808.275952230775,DART,TRAILING_DART,,37098.43268384616,13.450703005501376,445181.1922061539,-10.78533222321566,30.562834304686294,0,3.0,55.22867293163459,42.89575361816044,제외,0.0,NEUTRAL,0.8,,비밸류평가,EPS없음,63.27319587628865,관망,현재 강한 매수 신호는 없습니다. 관망이 적절합니다.
286,286,2026-04-28,엘앤에프,066970,KS,전기제품,205000.0,181855.0,140506.66666666666,129711.66666666669,108871.0,1,71.48620937247411,700.648649192688,0.4655830797921712,1,4.378818737270884,42.46004169562197,-13259.76952440398,-71.0,-71.0,DART,TRAILING_DART,,-13259.76952440398,-15.460298885490216,-159117.23429284777,-177.61816306968186,5.0,1,3.0,80.55061596818575,42.775307984092876,제외,0.0,NEUTRAL,0.8,,비밸류평가,EPS없음,9.02061855670103,관망,현재 강한 매수 신호는 없습니다. 관망이 적절합니다.
287,287,2026-04-28,상아프론테크,089980,KQ,전자장비와기기,27900.0,25012.5,22692.33333333333,19606.916666666668,18821.55,1,61.06669842137983,368.3083749236016,1.0328467194576534,0,7.9303675048356,29.46635730858469,422.4861748709444,,464.7347923580389,DART,TRAILING_DART,,422.4861748709444,66.03766385615465,5069.8340984513325,-81.828551618454,5.0,0,3.0,80.46329800145793,42.731649000728964,제외,0.0,NEUTRAL,0.8,,비밸류평가,EPS없음,60.18041237113402,관망,현재 강한 매수 신호는 없습니다. 관망이 적절합니다.
288,288,2026-04-28,KT&G,033780,KS,담배,178000.0,166690.0,162965.0,152795.0,146149.5,1,72.16082537688487,1092.70262982263,0.717642993813707,1,2.8901734104046284,11.809045226130642,9612.384457183936,11414.0,11414.0,DART,TRAILING_DART,,9612.384457183936,18.51777785136023,115348.61348620724,-35.197408153816156,9.202267865410864,0,3.0,76.0442256903946,42.62324677790273,제외,0.0,NEUTRAL,0.8,,비밸류평가,EPS없음,28.09278350515464,관망,현재 강한 매수 신호는 없습니다. 관망이 적절합니다.
289,289,2026-04-28,한화솔루션,009830,KS,에너지장비및서비스,49400.0,42646.25,44234.583333333336,36035.208333333336,34094.25,1,61.980762476100494,1096.429683486224,3.964570181068411,0,8.69086908690868,32.97442799461643,-3579.457341882489,235.0,235.0,DART|DAILY_DISC,TRAILING_DART,,-3579.457341882489,-13.800974639921206,-42953.488102589865,-186.95038077447342,5.0,1,3.0,80.07921947203802,42.53960973601901,제외,0.0,NEUTRAL,0.8,,비밸류평가,EPS없음,96.64948453608247,관망,현재 강한 매수 신호는 없습니다. 관망이 적절합니다.
290,290,2026-04-28,강원에너지,114190,KQ,전자장비와기기,16030.0,14476.5,14509.666666666666,14929.75,13797.0,1,61.20226105758669,191.95457628091023,0.7972242647553943,1,1.1356466876971671,2.690582959641264,-324.1277985738106,,-356.5405784311917,DART,TRAILING_DART,,-324.1277985738106,-49.45580129360499,-3889.533582885727,-124.26408972480178,5.0,1,3.0,79.9536814067823,42.47684070339115,제외,0.0,NEUTRAL,0.8,,비밸류평가,EPS없음,36.597938144329895,관망,현재 강한 매수 신호는 없습니다. 관망이 적절합니다.
291,291,2026-04-28,한솔아이원스,114810,KQ,반도체와반도체장비,17740.0,16903.5,15643.333333333334,14257.75,12830.2,1,55.00697493622332,24.486265598532214,0.539840613716448,0,-5.638297872340425,38.37753510140405,994.470417275116,,1093.9174590026278,DART|DAILY_DISC,TRAILING_DART,,994.470417275116,17.838640236889322,11933.645007301391,-32.730298718706926,11.36098862113144,0,3.0,73.48317669590429,42.422082658517866,제외,0.0,NEUTRAL,0.8,,비밸류평가,EPS없음,13.917525773195877,관망,현재 강한 매수 신호는 없습니다. 관망이 적절합니다.
292,292,2026-04-28,더존비즈온,012510,KS,소프트웨어,120000.0,119275.0,112138.33333333331,101626.66666666669,93251.0,1,66.90557706747938,-353.4351405332918,1.5042085296710397,1,0.8403361344537785,0.7556675062972307,3036.3447477892614,3590.0,3590.0,DART,TRAILING_DART,,3036.3447477892614,39.52120393686226,36436.13697347113,-69.6365525221074,5.0,0,3.0,79.83005224997133,42.415026124985665,제외,0.0,NEUTRAL,0.8,,비밸류평가,EPS없음,81.95876288659794,관망,현재 강한 매수 신호는 없습니다. 관망이 적절합니다.
293,293,2026-04-28,PS일렉트로닉스,332570,KQ,핸드셋,8180.0,6770.0,6055.416666666667,5949.791666666667,5417.175,1,63.87410463119658,239.39889301152937,0.9141161387364402,0,-1.564380264741272,65.92292089249491,346.8059110398712,,381.48650214385833,DART,TRAILING_DART,,346.8059110398712,23.586679867920623,4161.670932478454,-49.12382723131474,5.0,0,3.0,79.55534832431331,42.27767416215666,제외,0.0,NEUTRAL,0.8,,비밸류평가,EPS없음,47.680412371134025,관망,현재 강한 매수 신호는 없습니다. 관망이 적절합니다.
294,294,2026-04-28,CJ,001040,KS,복합기업,222000.0,204490.0,204440.0,191538.3333333333,181858.0,1,63.23472878672515,1912.11494380688,0.9427798010859466,1,5.213270142180093,17.460317460317466,4888.489795968729,11404.0,11404.0,DART,TRAILING_DART,,4888.489795968729,45.412798075812965,58661.87755162474,-73.57573083260147,5.0,0,3.0,79.35752840820554,42.17876420410277,제외,0.0,NEUTRAL,0.8,,비밸류평가,EPS없음,50.77319587628865,관망,현재 강한 매수 신호는 없습니다. 관망이 적절합니다.
295,295,2026-04-28,우주일렉트로,065680,KQ,핸드셋,40250.0,30642.5,30597.5,33321.666666666664,35861.75,1,79.09407494658919,1386.6239779429063,0.3994437315903202,1,11.805555555555555,54.510556621881,2328.345465182457,,2561.180011700703,DART,TRAILING_DART,,2328.345465182457,17.28695359081771,27940.14558218948,-30.583489236796325,13.239446917803216,0,3.0,71.09374187095322,42.16659439437822,제외,0.0,NEUTRAL,0.8,,비밸류평가,EPS없음,6.056701030927835,관망,현재 강한 매수 신호는 없습니다. 관망이 적절합니다.
296,296,2026-04-28,SGC에너지,005090,KS,에너지장비및서비스,59700.0,56100.0,49435.0,36000.0,31192.0,1,54.00839211859011,613.0813978562521,1.0838613019338668,0,13.068181818181811,3.645833333333326,-6579.734319694048,1254.0,1254.0,DART,TRAILING_DART,,-6579.734319694048,-9.073314681006147,-78956.81183632858,-232.255966225006,5.0,1,3.0,79.22881224720858,42.11440612360429,제외,0.0,NEUTRAL,0.8,,비밸류평가,EPS없음,63.144329896907216,관망,현재 강한 매수 신호는 없습니다. 관망이 적절합니다.
297,297,2026-04-28,덕산테코피아,317330,KQ,반도체와반도체장비,24950.0,21026.5,18908.166666666668,18733.916666666668,18459.65,1,67.09695875661363,256.1977860057639,1.426869525694907,0,-1.3833992094861691,34.28417653390743,-5154.690951283671,,-5670.160046412038,DART,TRAILING_DART,,-5154.690951283671,-4.840251381857667,-61856.29141540405,-347.92100767697013,5.0,1,3.0,79.21041036519249,42.105205182596244,제외,0.0,NEUTRAL,0.8,,비밸류평가,EPS없음,79.38144329896907,관망,현재 강한 매수 신호는 없습니다. 관망이 적절합니다.
298,298,2026-04-28,LB세미콘,061970,KQ,반도체와반도체장비,6730.0,4755.5,4675.666666666667,4505.583333333333,4444.225,1,76.46131835383378,261.90745989919736,3.1787105575724346,0,38.05128205128205,69.52141057934509,-2597.5847121789807,,-2857.343183396879,DART,TRAILING_DART,,-2597.5847121789807,-2.5908683433675384,-31171.016546147766,-563.1651789917944,5.0,1,3.0,78.91197301761841,41.955986508809204,제외,0.0,NEUTRAL,0.8,,비밸류평가,EPS없음,95.87628865979381,관망,현재 강한 매수 신호는 없습니다. 관망이 적절합니다.
299,299,2026-04-28,HD현대마린엔진,071970,KS,조선,106100.0,87655.0,83833.33333333333,85581.66666666667,82599.75,1,66.73616289086726,3097.618549704981,1.4470559710768531,0,10.40582726326742,54.43959243085881,4867.168798279675,4170.0,4170.0,DART,TRAILING_DART,,4867.168798279675,21.79912067925435,58406.025579356094,-44.95190803076711,5.0,0,3.0,78.88002265424169,41.94001132712084,제외,0.0,NEUTRAL,0.8,,비밸류평가,EPS없음,80.54123711340206,관망,현재 강한 매수 신호는 없습니다. 관망이 적절합니다.
300,300,2026-04-28,펨트론,168360,KQ,전자장비와기기,25100.0,22226.0,21747.33333333333,19585.916666666668,17726.3,1,61.60497654458352,368.4680817130045,1.4177122110391105,0,8.658008658008654,33.65282215122471,-177.9468308953413,,-195.74151398487544,DART,TRAILING_DART,,-177.9468308953413,-141.05336899628443,-2135.3619707440957,-108.50741821013582,5.0,1,3.0,78.74614111711718,41.87307055855859,제외,0.0,NEUTRAL,0.8,,비밸류평가,EPS없음,78.99484536082474,관망,현재 강한 매수 신호는 없습니다. 관망이 적절합니다.
301,301,2026-04-28,쎄트렉아이,099320,KQ,우주항공과국방,191500.0,172775.0,180941.66666666663,129137.08333333331,99591.0,1,57.65100790391019,2007.5200674835264,1.318582955118507,1,7.043040804918954,19.31464174454829,1286.2228875022622,1756.0,1756.0,DART,TRAILING_DART,,1286.2228875022622,148.8855484230086,15434.674650027147,-91.94011767622602,5.0,0,3.0,78.70920487995436,41.85460243997718,제외,0.0,NEUTRAL,0.8,,비밸류평가,EPS없음,75.38659793814433,관망,현재 강한 매수 신호는 없습니다. 관망이 적절합니다.
302,302,2026-04-28,네오셈,253590,KQ,반도체와반도체장비,19080.0,16804.0,17142.0,13986.416666666666,12185.85,1,61.70277063853277,306.20063924196774,2.044519457820051,0,7.492957746478868,30.50615595075239,121.77560436300998,,133.953164799311,DART,TRAILING_DART,,121.77560436300998,156.68162847398406,1461.3072523561198,-92.34115695830127,5.0,0,3.0,78.68414821616408,41.84207410808204,제외,0.0,NEUTRAL,0.8,,비밸류평가,EPS없음,88.27319587628865,관망,현재 강한 매수 신호는 없습니다. 관망이 적절합니다.
303,303,2026-04-28,코오롱생명과학,102940,KQ,제약,61000.0,56785.0,59591.66666666666,53610.833333333336,45075.5,1,58.27632904029572,372.5394315024273,2.1152619216498376,1,8.734402852049916,7.773851590106018,1906.7271927045683,,2097.399911975025,DART,TRAILING_DART,,1906.7271927045683,31.991991425619453,22880.72631245482,-62.490612602533076,5.0,0,3.0,78.6703314574518,41.8351657287259,제외,0.0,NEUTRAL,0.8,,비밸류평가,EPS없음,89.43298969072166,관망,현재 강한 매수 신호는 없습니다. 관망이 적절합니다.
304,304,2026-04-28,대주전자재료,078600,KQ,전자장비와기기,165800.0,133880.0,112605.0,91328.33333333331,83662.0,1,64.65357746407963,4017.431083502525,0.7858090057239661,0,10.97724230254351,31.48295003965107,1345.9090121956128,1950.0,1950.0,DART,TRAILING_DART,,1345.9090121956128,123.18811932875506,16150.908146347354,-90.25880087675068,5.0,0,3.0,78.60166446964658,41.80083223482329,제외,0.0,NEUTRAL,0.8,,비밸류평가,EPS없음,35.30927835051546,관망,현재 강한 매수 신호는 없습니다. 관망이 적절합니다.
305,305,2026-04-28,아이씨티케이,456010,KQ,통신장비,23000.0,19270.5,17012.333333333332,16321.666666666666,15293.75,1,60.920788856737424,319.94838895037583,0.1521446447255168,0,-8.730158730158733,66.42547033285094,-480.5109405551231,,-528.5620346106355,DART,TRAILING_DART,,-480.5109405551231,-47.865715551509886,-5766.131286661477,-125.07013602896295,5.0,1,3.0,78.5211809304264,41.7605904652132,제외,0.0,NEUTRAL,0.8,,비밸류평가,EPS없음,0.7731958762886598,관망,현재 강한 매수 신호는 없습니다. 관망이 적절합니다.
306,306,2026-04-28,코스메카코리아,241710,KQ,화장품,85300.0,81705.0,83886.66666666667,77348.33333333333,72608.0,1,57.29007262656735,461.8877354157398,1.266469787235203,0,0.4711425206124886,7.026348808030103,5415.586619194756,6132.0,6132.0,DART,TRAILING_DART,,5415.586619194756,15.750832919496958,64987.03943033707,-23.813552836650565,19.163141267930754,0,3.0,64.29526956771355,41.72920541782215,제외,0.0,NEUTRAL,0.8,,비밸류평가,EPS없음,73.84020618556701,관망,현재 강한 매수 신호는 없습니다. 관망이 적절합니다.
307,307,2026-04-28,HJ중공업,097230,KS,건설,30300.0,27210.0,25640.666666666668,24362.83333333333,22232.4,1,59.5477321070581,460.4581937901737,0.6442174109529946,0,8.214285714285708,39.3103448275862,569.7303728085914,,626.7034100894506,DART,TRAILING_DART,,569.7303728085914,53.18305192442267,6836.764473703097,-77.43642087886766,5.0,0,3.0,78.33745152502105,41.668725762510526,제외,0.0,NEUTRAL,0.8,,비밸류평가,EPS없음,21.1340206185567,관망,현재 강한 매수 신호는 없습니다. 관망이 적절합니다.
308,308,2026-04-28,한중엔시에스,107640,KQ,전기장비,67200.0,56565.0,53105.833333333336,50496.25,44545.75,1,65.31404794252063,1424.9872214729048,0.9498958954781532,0,-7.310344827586201,42.67515923566878,538.916831606057,,592.8085147666628,DART,TRAILING_DART,,538.916831606057,124.69456520727589,6467.001979272684,-90.37648514989183,5.0,0,3.0,78.16777064940514,41.58388532470257,제외,0.0,NEUTRAL,0.8,,비밸류평가,EPS없음,52.19072164948454,관망,현재 강한 매수 신호는 없습니다. 관망이 적절합니다.
309,309,2026-04-28,나노신소재,121600,KQ,화학,86100.0,74445.0,68988.33333333333,62648.333333333336,59180.25,1,66.48907689281769,1314.4454763036738,0.8173793634017061,0,-0.347222222222221,40.68627450980393,133.89192765881722,,147.28112042469897,DART,TRAILING_DART,,133.89192765881722,643.0559444883012,1606.7031319058067,-98.13391041590499,5.0,0,3.0,78.04768153942008,41.52384076971004,제외,0.0,NEUTRAL,0.8,,비밸류평가,EPS없음,38.144329896907216,관망,현재 강한 매수 신호는 없습니다. 관망이 적절합니다.
310,310,2026-04-28,이수페타시스,007660,KS,전자장비와기기,150600.0,126235.0,117541.66666666669,120592.5,100233.75,1,63.675653689089714,3566.9444600624684,0.6941593771425428,0,13.063063063063062,53.67346938775511,2186.136344768904,3578.0,3578.0,DART,TRAILING_DART,,2186.136344768904,68.88865845918677,26233.63613722685,-82.58058689427168,5.0,0,3.0,78.03709855151769,41.51854927575884,제외,0.0,NEUTRAL,0.8,,비밸류평가,EPS없음,25.644329896907216,관망,현재 강한 매수 신호는 없습니다. 관망이 적절합니다.
311,311,2026-04-28,켐트로닉스,089010,KQ,전자장비와기기,37900.0,31697.5,31351.666666666668,31535.0,29584.0,1,68.25060707525357,867.4014655244357,1.845223827814625,0,12.63001485884101,45.21072796934866,802.918637757709,,883.2105015334799,DART,TRAILING_DART,,802.918637757709,47.20279019284244,9635.023653092509,-74.57777400239443,5.0,0,3.0,77.96650565483257,41.48325282741629,제외,0.0,NEUTRAL,0.8,,비밸류평가,EPS없음,86.85567010309279,관망,현재 강한 매수 신호는 없습니다. 관망이 적절합니다.
312,312,2026-04-28,대덕,008060,KS,전자장비와기기,16630.0,14422.0,12934.333333333334,11602.666666666666,10326.8,1,70.79196007915786,251.14917796959105,1.068333491918677,0,6.534272901985916,35.64437194127243,199.001512636295,,218.9016638999245,DART,TRAILING_DART,,199.001512636295,83.5672039860009,2388.0181516355397,-85.64029974963596,5.0,0,3.0,77.89635594423365,41.448177972116824,제외,0.0,NEUTRAL,0.8,,비밸류평가,EPS없음,62.628865979381445,관망,현재 강한 매수 신호는 없습니다. 관망이 적절합니다.
313,313,2026-04-28,LS머트리얼즈,417200,KQ,전기제품,26850.0,22294.0,19499.33333333333,16184.833333333334,13888.6,1,67.91001897275771,541.9828707905049,0.8716478354971008,0,18.021978021978025,52.38365493757093,-14.886340106750277,,-16.374974117425307,DART,TRAILING_DART,,-14.886340106750277,-1803.6669730409253,-178.63608128100333,-100.66531128968717,5.0,1,3.0,77.89043295971413,41.445216479857066,제외,0.0,NEUTRAL,0.8,,비밸류평가,EPS없음,42.52577319587629,관망,현재 강한 매수 신호는 없습니다. 관망이 적절합니다.
314,314,2026-04-28,애경케미칼,161000,KS,화학,15940.0,14536.5,11657.333333333334,10859.916666666666,11001.45,1,58.503010019219865,157.47228175184887,0.4260350400574637,0,3.776041666666674,16.011644832605533,-101.38283422896176,,-111.52111765185794,DART,TRAILING_DART,,-101.38283422896176,-157.22582744137236,-1216.594010747541,-107.63233381899336,5.0,1,3.0,77.77197920451034,41.38598960225517,제외,0.0,NEUTRAL,0.8,,비밸류평가,EPS없음,7.087628865979381,관망,현재 강한 매수 신호는 없습니다. 관망이 적절합니다.
315,315,2026-04-28,국도화학,007690,KS,화학,41550.0,39122.5,37925.833333333336,35373.75,36038.0,1,59.504201010487854,212.15886159430212,1.1339826851204526,0,0.2412545235223051,17.20733427362482,2364.6661338851627,,2601.13274727368,DART|DAILY_DISC,TRAILING_DART,,2364.6661338851627,17.571190877476248,28375.993606621952,-31.706393245193855,12.256905910455377,0,3.0,70.48370708761159,41.37030649903348,제외,0.0,NEUTRAL,0.8,,비밸류평가,EPS없음,67.13917525773195,관망,현재 강한 매수 신호는 없습니다. 관망이 적절합니다.
316,316,2026-04-28,매커스,093520,KQ,반도체와반도체장비,26400.0,23907.5,24890.83333333333,23675.83333333333,23435.95,1,58.12697014216142,455.9943345408152,1.2168498163024222,0,9.771309771309776,17.59465478841871,1632.098264065502,,1795.3080904720523,DART,TRAILING_DART,,1632.098264065502,16.17549664824622,19585.179168786024,-25.813715269749903,17.412999138968836,0,3.0,65.26469220599708,41.33884567248296,제외,0.0,NEUTRAL,0.8,,비밸류평가,EPS없음,71.1340206185567,관망,현재 강한 매수 신호는 없습니다. 관망이 적절합니다.
317,317,2026-04-28,산일전기,062040,KS,전기장비,222000.0,178325.0,159726.66666666666,151279.16666666666,136583.5,1,70.27826067226592,5125.355963691416,0.9887388249643998,0,8.292682926829276,64.56634544106745,4864.205152886495,6661.0,6661.0,DART,TRAILING_DART,,4864.205152886495,45.63952239314202,58370.46183463794,-73.70699917358652,5.0,0,3.0,77.66090071836427,41.33045035918214,제외,0.0,NEUTRAL,0.8,,비밸류평가,EPS없음,56.05670103092783,관망,현재 강한 매수 신호는 없습니다. 관망이 적절합니다.
318,318,2026-04-28,덕산하이메탈,077360,KQ,반도체와반도체장비,16840.0,14006.5,12388.166666666666,9300.25,7665.1,1,64.9220678936787,302.1380420868127,0.494129823164568,0,4.596273291925468,70.1010101010101,-2546.4839025911083,,-2801.1322928502195,DART,TRAILING_DART,,-2546.4839025911083,-6.613040036445899,-30557.8068310933,-281.45966051718113,5.0,1,3.0,77.52783289511476,41.26391644755738,제외,0.0,NEUTRAL,0.8,,비밸류평가,EPS없음,10.695876288659793,관망,현재 강한 매수 신호는 없습니다. 관망이 적절합니다.
319,319,2026-04-28,에코프로머티,450080,KS,전기제품,85600.0,75600.0,69616.66666666667,64350.0,59907.25,1,64.88718810020978,1105.338407976743,0.7527711543343857,0,2.8846153846153744,27.76119402985076,341.6123018697297,,375.7735320567027,DART,TRAILING_DART,,341.6123018697297,250.57645620924583,4099.347622436757,-95.21104249715331,5.0,0,3.0,77.50948141878875,41.254740709394376,제외,0.0,NEUTRAL,0.8,,비밸류평가,EPS없음,32.08762886597938,관망,현재 강한 매수 신호는 없습니다. 관망이 적절합니다.
320,320,2026-04-28,제이오,418550,KQ,건설,12340.0,10017.0,8863.166666666666,8207.333333333334,8351.45,1,65.05825349869744,315.22398449711125,0.5951558907176021,0,-14.30555555555556,58.81595881595882,-232.49689245061623,,-255.74658169567783,DART,TRAILING_DART,,-232.49689245061623,-53.07597822031575,-2789.962709407395,-122.60909813134032,5.0,1,3.0,77.47919517903662,41.23959758951831,제외,0.0,NEUTRAL,0.8,,비밸류평가,EPS없음,17.65463917525773,관망,현재 강한 매수 신호는 없습니다. 관망이 적절합니다.
321,321,2026-04-28,해성디에스,195870,KS,반도체와반도체장비,76300.0,61450.0,59235.833333333336,56264.16666666666,45549.75,1,67.15076239302087,2523.4258599781497,1.3132586727645597,0,16.488549618320604,63.20855614973262,1401.223774764706,4854.0,4854.0,DART,TRAILING_DART,,1401.223774764706,54.452401803425246,16814.68529717647,-77.96240459085652,5.0,0,3.0,77.44149493291584,41.22074746645792,제외,0.0,NEUTRAL,0.8,,비밸류평가,EPS없음,75.25773195876289,관망,현재 강한 매수 신호는 없습니다. 관망이 적절합니다.
322,322,2026-04-28,LG에너지솔루션,373220,KS,전기제품,472000.0,429425.0,402883.3333333333,410641.6666666667,395480.0,1,63.56921215074606,5355.909835094484,0.9577650688897524,0,-1.2552301255230105,19.645120405576687,345.3119658119658,-416.0,-416.0,DART,TRAILING_DART,,345.3119658119658,1366.8799425763896,4143.74358974359,-99.12208822251195,5.0,0,3.0,77.42425397626053,41.212126988130265,제외,0.0,NEUTRAL,0.8,,비밸류평가,EPS없음,53.47938144329897,관망,현재 강한 매수 신호는 없습니다. 관망이 적절합니다.
323,323,2026-04-28,한화비전,489790,KS,통신장비,86500.0,78285.0,74933.33333333333,60475.41666666666,58584.75,1,58.56081393582003,836.4377898992116,1.0324334858991768,0,1.0514018691588856,21.830985915492956,844.1495923122128,3417.0,3417.0,DART,TRAILING_DART,,844.1495923122128,102.46998966506348,10129.795107746553,-88.28925421069762,5.0,0,3.0,77.42421313153004,41.21210656576502,제외,0.0,NEUTRAL,0.8,,비밸류평가,EPS없음,60.051546391752574,관망,현재 강한 매수 신호는 없습니다. 관망이 적절합니다.
324,324,2026-04-28,GST,083450,KQ,반도체와반도체장비,46200.0,36902.5,31754.166666666668,29379.166666666668,26129.7,1,75.6318111415889,922.3883827372129,0.5084656642693712,0,6.820809248554904,86.29032258064515,2473.371574009767,,2720.708731410744,DART,TRAILING_DART,,2473.371574009767,18.67895648412492,29680.458888117202,-35.75658249325281,8.712990318403794,0,3.0,73.70292459228968,41.20795745534674,제외,0.0,NEUTRAL,0.8,,비밸류평가,EPS없음,11.34020618556701,관망,현재 강한 매수 신호는 없습니다. 관망이 적절합니다.
325,325,2026-04-28,코나아이,052400,KQ,IT서비스,56500.0,59110.0,60613.333333333336,53999.583333333336,53367.5,1,44.4010481718389,-343.0434024967723,1.064743020859883,0,-9.163987138263662,3.669724770642202,5118.52637092811,,5630.379008020921,DART,TRAILING_DART,,5118.52637092811,11.038333282974806,61422.31645113732,8.712064515287299,45.66284193493674,0,3.0,36.7356769805976,41.19925945776717,제외,0.0,NEUTRAL,0.8,,비밸류평가,EPS없음,61.98453608247423,관망,현재 강한 매수 신호는 없습니다. 관망이 적절합니다.
326,326,2026-04-28,그린리소스,402490,KQ,반도체와반도체장비,22750.0,18600.5,13781.5,10915.666666666666,9963.375,1,64.88497032381338,331.807753672354,0.3816706298654533,0,-5.601659751037347,64.73569876900795,635.3949078432242,,698.9343986275467,DART,TRAILING_DART,,635.3949078432242,35.804504756297604,7624.738894118691,-66.4846642016761,5.0,0,3.0,77.3750645093608,41.1875322546804,제외,0.0,NEUTRAL,0.8,,비밸류평가,EPS없음,5.025773195876289,관망,현재 강한 매수 신호는 없습니다. 관망이 적절합니다.
327,327,2026-04-28,비나텍,126340,KQ,전기장비,141100.0,122665.0,122093.33333333331,96068.67301432292,73573.485390625,1,59.70350867449381,2015.1446556927976,1.291633384873924,0,5.141579731743673,22.589052997393576,-979.5357154056092,,-1077.48928694617,DART,TRAILING_DART,,-979.5357154056092,-144.04783590925308,-11754.42858486731,-108.33056597084855,5.0,1,3.0,77.36460852332509,41.182304261662544,제외,0.0,NEUTRAL,0.8,,비밸류평가,EPS없음,74.87113402061856,관망,현재 강한 매수 신호는 없습니다. 관망이 적절합니다.
328,328,2026-04-28,에프앤가이드,064850,KQ,IT서비스,28450.0,25005.5,19832.666666666668,14313.5,11914.55,1,62.70436218659282,166.88643607961058,1.1001406799463875,0,0.5300353356890497,50.76841547429783,880.3930903149882,,968.432399346487,DART,TRAILING_DART,,880.3930903149882,32.31511050344696,10564.717083779859,-62.86566930130102,5.0,0,3.0,77.2985722453746,41.1492861226873,제외,0.0,NEUTRAL,0.8,,비밸류평가,EPS없음,63.91752577319587,관망,현재 강한 매수 신호는 없습니다. 관망이 적절합니다.
329,329,2026-04-28,이수스페셜티케미컬,457190,KS,화학,123500.0,106545.0,101188.33333333331,81304.58333333333,67802.0,1,66.0379614778283,2068.4220374226134,0.9897212531240164,0,-2.7559055118110187,38.29787234042554,25.4649809562713,,28.01147905189844,DART,TRAILING_DART,,25.4649809562713,4849.797461544359,305.5797714752556,-99.7525669866597,5.0,0,3.0,77.24743479230109,41.123717396150546,제외,0.0,NEUTRAL,0.8,,비밸류평가,EPS없음,56.18556701030928,관망,현재 강한 매수 신호는 없습니다. 관망이 적절합니다.
330,330,2026-04-28,롯데쇼핑,023530,KS,백화점과일반상점,132600.0,113960.0,106501.66666666669,89500.0,81709.5,1,70.3772780800666,2101.696719697169,1.0492858536162466,0,12.468193384223913,22.550831792975966,2600.169485189433,9616.0,9616.0,DART,TRAILING_DART,,2600.169485189433,50.99667569952254,31202.033822273195,-76.46905443267482,5.0,0,3.0,77.23207757101724,41.11603878550862,제외,0.0,NEUTRAL,0.8,,비밸류평가,EPS없음,61.08247422680413,관망,현재 강한 매수 신호는 없습니다. 관망이 적절합니다.
331,331,2026-04-28,한양디지텍,078350,KQ,반도체와반도체장비,31450.0,28875.0,27364.5,24747.08333333333,19910.4,1,57.1557941340312,409.1242882074305,0.4565492918593982,0,20.961538461538453,12.522361359570656,982.4153838443566,,1080.6569222287924,DART,TRAILING_DART,,982.4153838443566,32.012935177104886,11788.984606132279,-62.515152285747924,5.0,0,3.0,77.130504646452,41.065252323226,제외,0.0,NEUTRAL,0.8,,비밸류평가,EPS없음,8.376288659793813,관망,현재 강한 매수 신호는 없습니다. 관망이 적절합니다.
332,332,2026-04-28,이엔에프테크놀로지,102710,KQ,반도체와반도체장비,61800.0,53130.0,55318.333333333336,51087.083333333336,48726.5,1,64.6390013829876,1428.010659313708,0.7591995252241656,0,9.964412811387891,32.33404710920771,3520.911929560222,,3873.003122516244,DART,TRAILING_DART,,3520.911929560222,17.552270899238057,42250.94315472266,-31.63277806679181,12.321319191557166,0,3.0,69.73396478866039,41.027641990108776,제외,0.0,NEUTRAL,0.8,,비밸류평가,EPS없음,32.86082474226804,관망,현재 강한 매수 신호는 없습니다. 관망이 적절합니다.
333,333,2026-04-28,로보티즈,108490,KQ,기계,326500.0,268300.0,269200.0,261081.66666666663,203473.0,1,63.81003878325901,8328.904768949336,1.5481306894662077,0,13.763066202090602,35.47717842323652,361.92159125590814,658.0,658.0,DART,TRAILING_DART,,361.92159125590814,902.1291016847288,4343.0590950708975,-98.6698134471452,5.0,0,3.0,76.96205915610383,40.98102957805192,제외,0.0,NEUTRAL,0.8,,비밸류평가,EPS없음,82.73195876288659,관망,현재 강한 매수 신호는 없습니다. 관망이 적절합니다.
334,334,2026-04-28,퍼스텍,010820,KS,우주항공과국방,13850.0,11703.0,8261.5,6160.75,5476.75,1,61.16640851679893,139.80885774097146,0.2628850088930889,0,-3.886190145732127,109.84848484848486,301.9529084122103,,332.14819925343136,DART,TRAILING_DART,,301.9529084122103,45.86807947248749,3623.434900946524,-73.83801515562077,5.0,0,3.0,76.90694076101657,40.953470380508286,제외,0.0,NEUTRAL,0.8,,비밸류평가,EPS없음,2.0618556701030926,관망,현재 강한 매수 신호는 없습니다. 관망이 적절합니다.
335,335,2026-04-28,엑스게이트,356680,KQ,소프트웨어,13600.0,10926.0,8469.833333333334,8196.25,8042.2,1,61.36864708233653,139.57753070022954,0.4141698054881417,0,-7.859078590785906,105.43806646525682,135.72801022383666,,149.30081124622035,DART,TRAILING_DART,,135.72801022383666,100.20039325391626,1628.7361226860398,-88.02399909789676,5.0,0,3.0,76.9021332474916,40.9510666237458,제외,0.0,NEUTRAL,0.8,,비밸류평가,EPS없음,6.829896907216495,관망,현재 강한 매수 신호는 없습니다. 관망이 적절합니다.
336,336,2026-04-28,유진로봇,056080,KQ,기계,27750.0,25087.5,29723.33333333333,23040.75,18254.85,1,56.84904859979706,511.7637575388542,2.9726283570891487,1,9.683794466403173,14.197530864197528,-186.1740659133605,,-204.7914725046966,DART,TRAILING_DART,,-186.1740659133605,-149.05405789931004,-2234.088790960326,-108.05077041787506,5.0,1,3.0,76.88053400846879,40.94026700423439,제외,0.0,NEUTRAL,0.8,,비밸류평가,EPS없음,95.10309278350515,관망,현재 강한 매수 신호는 없습니다. 관망이 적절합니다.
337,337,2026-04-28,코스모신소재,005070,KS,화학,62700.0,56835.0,53475.0,51114.16666666666,48164.5,1,63.737158586882046,720.1873967535503,0.8881606913657693,0,-2.7906976744186074,21.511627906976734,-15.741605634466874,,-17.31576619791356,DART|DAILY_DISC,TRAILING_DART,,-15.741605634466874,-3983.075262838236,-188.8992676136025,-100.30127474898501,5.0,1,3.0,76.83593978418857,40.917969892094284,제외,0.0,NEUTRAL,0.8,,비밸류평가,EPS없음,44.71649484536083,관망,현재 강한 매수 신호는 없습니다. 관망이 적절합니다.
338,338,2026-04-28,한화갤러리아,452260,KS,백화점과일반상점,3185.0,2582.5,2561.366666666667,1938.35,1621.825,1,65.02866135204698,104.60964817083862,1.438012124954398,0,29.471544715447152,33.54297693920336,17.088213001150677,,18.797034301265747,DART,TRAILING_DART,,17.088213001150677,186.38578532380947,205.05855601380813,-93.56174078449581,5.0,0,3.0,76.77541133471138,40.88770566735569,제외,0.0,NEUTRAL,0.8,,비밸류평가,EPS없음,79.89690721649485,관망,현재 강한 매수 신호는 없습니다. 관망이 적절합니다.
339,339,2026-04-28,디아이,003160,KS,반도체와반도체장비,35000.0,31130.0,33287.5,28924.5,23754.0,1,59.23855848417586,588.13506817822,0.9397137335195852,1,9.717868338557988,24.11347517730496,477.64271056537103,,525.4069816219081,DART,TRAILING_DART,,477.64271056537103,73.27652914156603,5731.712526784452,-83.62367849490157,5.0,0,3.0,76.67147046794692,40.83573523397346,제외,0.0,NEUTRAL,0.8,,비밸류평가,EPS없음,50.0,관망,현재 강한 매수 신호는 없습니다. 관망이 적절합니다.
340,340,2026-04-28,필에너지,378340,KQ,전기제품,20600.0,17020.0,15747.5,14622.166666666666,14068.3,1,69.50183613488439,561.4396299922546,0.7266765252318131,0,4.303797468354431,40.80656185919344,-732.874184742725,,-806.1616032169976,DART,TRAILING_DART,,-732.874184742725,-28.10850815714244,-8794.4902169127,-142.69170008210048,5.0,1,3.0,76.55891993425008,40.77945996712504,제외,0.0,NEUTRAL,0.8,,비밸류평가,EPS없음,29.510309278350515,관망,현재 강한 매수 신호는 없습니다. 관망이 적절합니다.
341,341,2026-04-28,셀비온,308430,KQ,제약,37700.0,33342.5,30549.166666666668,26268.75,24840.7,1,66.50893642158528,398.5465346243095,0.8410079945873009,0,10.07299270072992,20.06369426751593,-590.236775095059,,-649.260452604565,DART,TRAILING_DART,,-590.236775095059,-63.8726721050689,-7082.841301140708,-118.78737745660666,5.0,1,3.0,76.45816771149725,40.72908385574863,제외,0.0,NEUTRAL,0.8,,비밸류평가,EPS없음,40.33505154639175,관망,현재 강한 매수 신호는 없습니다. 관망이 적절합니다.
342,342,2026-04-28,상신이디피,091580,KQ,전기제품,26050.0,23842.5,18874.83333333333,16066.5,13693.8,1,60.6512214877331,116.7035116202851,0.9043902706343026,0,-15.146579804560256,49.62665134979896,150.92915865202994,,166.02207451723294,DART,TRAILING_DART,,150.92915865202994,172.59753007739727,1811.1499038243592,-93.04740919837099,5.0,0,3.0,76.44718173980976,40.72359086990488,제외,0.0,NEUTRAL,0.8,,비밸류평가,EPS없음,46.649484536082475,관망,현재 강한 매수 신호는 없습니다. 관망이 적절합니다.
343,343,2026-04-28,가온칩스,399720,KQ,반도체와반도체장비,75200.0,64810.0,65250.0,58977.91666666666,54576.75,1,64.05458284824516,1685.1776455299016,1.475742308596079,0,12.071535022354697,32.62786596119929,-1238.674407047331,,-1362.541847752064,DART,TRAILING_DART,,-1238.674407047331,-60.71006195991141,-14864.092884567972,-119.76608096352123,5.0,1,3.0,76.2508693837866,40.6254346918933,제외,0.0,NEUTRAL,0.8,,비밸류평가,EPS없음,81.05670103092784,관망,현재 강한 매수 신호는 없습니다. 관망이 적절합니다.
344,344,2026-04-28,동화기업,025900,KQ,건축자재,11940.0,11364.5,10495.666666666666,9779.833333333334,9640.2,1,60.1089008990277,27.25859842897387,0.9966900187155155,0,-5.238095238095242,16.034985422740533,-1105.4299272004023,,-1215.9729199204426,DART,TRAILING_DART,,-1105.4299272004023,-10.801227383303337,-13265.159126404827,-211.09848514576908,5.0,1,3.0,76.24784918827353,40.62392459413677,제외,0.0,NEUTRAL,0.8,,비밸류평가,EPS없음,56.572164948453604,관망,현재 강한 매수 신호는 없습니다. 관망이 적절합니다.
345,345,2026-04-28,한화엔진,082740,KS,조선,81100.0,55275.0,52689.16666666666,49300.833333333336,45606.75,1,74.38588014371499,4015.156436279556,1.4054494049478163,0,33.82838283828382,86.22273249138921,2082.1974541800364,,2290.41719959804,DART|DAILY_DISC,TRAILING_DART,,2082.1974541800364,38.94923598008958,24986.369450160437,-69.19066652261353,5.0,0,3.0,76.17833125516216,40.58916562758108,제외,0.0,NEUTRAL,0.8,,비밸류평가,EPS없음,78.47938144329896,관망,현재 강한 매수 신호는 없습니다. 관망이 적절합니다.
346,346,2026-04-28,툴젠,199800,KQ,생물공학,94700.0,76810.0,60006.66666666666,59447.083333333336,51066.0,1,67.86613442151538,1181.3675694692847,0.7252476081525776,0,-5.2052052052052105,76.02230483271374,-4087.722839738225,,-4496.495123712048,DART,TRAILING_DART,,-4087.722839738225,-23.166932718477685,-49052.674076858704,-151.7979662902415,5.0,1,3.0,76.12551543684597,40.562757718422986,제외,0.0,NEUTRAL,0.8,,비밸류평가,EPS없음,29.381443298969074,관망,현재 강한 매수 신호는 없습니다. 관망이 적절합니다.
347,347,2026-04-28,포스코인터내셔널,047050,KS,무역회사와판매업체,85000.0,77510.0,73185.0,63607.083333333336,58469.5,1,65.57903995121659,751.8180154724994,1.1255727768476098,0,9.6774193548387,18.881118881118876,3619.7835041131793,4563.0,4563.0,DART|DAILY_DISC,TRAILING_DART,,3619.7835041131793,23.48206734005336,43437.40204935815,-48.89717405957865,5.0,0,3.0,76.10425461988861,40.552127309944304,제외,0.0,NEUTRAL,0.8,,비밸류평가,EPS없음,66.49484536082474,관망,현재 강한 매수 신호는 없습니다. 관망이 적절합니다.
348,348,2026-04-28,한국카본,017960,KS,조선,51800.0,48177.5,42994.16666666666,37286.66666666666,34871.5,1,61.44251761350399,111.85032899680571,1.0666209481120918,0,1.7681728880157177,33.33333333333333,1996.151009165024,2421.0,2421.0,DART,TRAILING_DART,,1996.151009165024,25.949940541656503,23953.81210998029,-53.75711947880253,5.0,0,3.0,76.09013825487675,40.545069127438374,제외,0.0,NEUTRAL,0.8,,비밸류평가,EPS없음,62.24226804123711,관망,현재 강한 매수 신호는 없습니다. 관망이 적절합니다.
349,349,2026-04-28,피엔티,137400,KQ,전기제품,58000.0,52622.5,51055.0,45894.16666666666,42393.25,1,63.01689396007214,667.6144917077768,1.0112602976430485,0,-4.761904761904767,22.621564482029587,2934.368050530148,,3227.804855583164,DART,TRAILING_DART,,2934.368050530148,19.76575501138012,35212.416606361774,-39.28893688558315,5.622180225114746,0,3.0,75.455745336103,40.53896278060888,제외,0.0,NEUTRAL,0.8,,비밸류평가,EPS없음,57.73195876288659,관망,현재 강한 매수 신호는 없습니다. 관망이 적절합니다.
350,350,2026-04-28,심텍,222800,KQ,전자장비와기기,86500.0,70740.0,60018.333333333336,56265.0,46980.5,1,70.85970111894616,1567.753806249997,0.7266953415941909,0,8.942065491183882,82.29715489989462,-4407.353560867756,2366.0,2366.0,DART,TRAILING_DART,,-4407.353560867756,-19.62629020009213,-52888.24273041307,-161.14247714498623,5.0,1,3.0,76.07406718771422,40.53703359385711,제외,0.0,NEUTRAL,0.8,,비밸류평가,EPS없음,29.63917525773196,관망,현재 강한 매수 신호는 없습니다. 관망이 적절합니다.
351,351,2026-04-28,고영,098460,KQ,전자장비와기기,39950.0,30877.5,30662.5,27499.75,22601.75,1,67.27855940946847,1514.7784965966666,1.4663529094966898,0,24.843750000000007,63.39468302658487,214.93176354645792,547.0,547.0,DART|DAILY_DISC,TRAILING_DART,,214.93176354645792,185.87294563078729,2579.181162557495,-93.54397706493744,5.0,0,3.0,76.03253967032549,40.516269835162745,제외,0.0,NEUTRAL,0.8,,비밸류평가,EPS없음,80.9278350515464,관망,현재 강한 매수 신호는 없습니다. 관망이 적절합니다.
352,352,2026-04-28,롯데케미칼,011170,KS,화학,94500.0,89265.0,83116.66666666667,78838.33333333333,73921.5,1,60.63808564748013,260.79005590954694,1.0320247132882234,0,5.116796440489435,17.245657568238215,-57887.83334302348,-13282.0,-13282.0,DART|DAILY_DISC,TRAILING_DART,,-57887.83334302348,-1.6324673863681398,-694654.0001162817,-835.0835980066472,5.0,1,3.0,76.00496609124416,40.50248304562208,제외,0.0,NEUTRAL,0.8,,비밸류평가,EPS없음,59.92268041237113,관망,현재 강한 매수 신호는 없습니다. 관망이 적절합니다.
353,353,2026-04-28,대덕전자,353200,KS,전자장비와기기,109300.0,92730.0,75001.66666666667,61392.5,46984.35,1,67.14850691575364,1440.025072376984,0.5202346474948716,0,8.973080757726827,42.503259452412,963.3405496193864,3113.0,3113.0,DART,TRAILING_DART,,963.3405496193864,113.45935769358424,11560.086595432636,-89.42352553025377,5.0,0,3.0,76.00266721726032,40.50133360863016,제외,0.0,NEUTRAL,0.8,,비밸류평가,EPS없음,12.11340206185567,관망,현재 강한 매수 신호는 없습니다. 관망이 적절합니다.
354,354,2026-04-28,태웅,044490,KQ,에너지장비및서비스,52800.0,48957.5,42135.833333333336,34592.083333333336,34901.25,1,58.34442062272977,280.53429562427823,0.4062078202561689,0,10.460251046025103,6.344410876132933,270.6256578509701,,297.6882236360671,DART,TRAILING_DART,,270.6256578509701,195.1034518281938,3247.5078942116406,-93.84941686702341,5.0,0,3.0,76.0022524500748,40.5011262250374,제외,0.0,NEUTRAL,0.8,,비밸류평가,EPS없음,6.185567010309279,관망,현재 강한 매수 신호는 없습니다. 관망이 적절합니다.
355,355,2026-04-28,예스티,122640,KQ,반도체와반도체장비,28400.0,25060.0,23744.33333333333,20771.25,19839.45,1,59.96814211120033,315.94933270760293,0.565547567834883,0,8.3969465648855,49.63119072708113,31.179537008764616,,34.29749070964108,DART,TRAILING_DART,,31.179537008764616,910.8538074833092,374.1544441051754,-98.68255477427755,5.0,0,3.0,75.99063354686425,40.49531677343212,제외,0.0,NEUTRAL,0.8,,비밸류평가,EPS없음,15.979381443298967,관망,현재 강한 매수 신호는 없습니다. 관망이 적절합니다.
356,356,2026-04-28,한전기술,052690,KS,전기유틸리티,191900.0,175545.0,162390.0,131760.0,116272.75,1,62.53472912590074,1543.688459245261,0.663521600140962,0,7.146845337800101,26.83410442828817,2233.5882332548404,1633.0,1633.0,DART,TRAILING_DART,,2233.5882332548404,85.91556722178758,26803.058799058083,-86.03279895828135,5.0,0,3.0,75.93247160033683,40.46623580016841,제외,0.0,NEUTRAL,0.8,,비밸류평가,EPS없음,23.067010309278352,관망,현재 강한 매수 신호는 없습니다. 관망이 적절합니다.
357,357,2026-04-28,프로텍,053610,KQ,반도체와반도체장비,77600.0,63320.0,57695.833333333336,46107.083333333336,39189.5,1,73.78383233664279,1717.5711500104453,0.8878551219780529,0,4.723346828609976,50.3875968992248,3216.056394181818,,3537.6620336,DART,TRAILING_DART,,3216.056394181818,24.12893012087304,38592.67673018182,-50.267169162136824,5.0,0,3.0,75.8779439804068,40.4389719902034,제외,0.0,NEUTRAL,0.8,,비밸류평가,EPS없음,44.58762886597938,관망,현재 강한 매수 신호는 없습니다. 관망이 적절합니다.
358,358,2026-04-28,천보,278280,KQ,전기제품,65900.0,60447.5,54067.5,55339.583333333336,51976.5,1,62.29316831515011,441.0615196516774,0.7354266933434596,0,-2.51479289940828,36.15702479338842,-4990.732255801526,,-5489.805481381679,DART,TRAILING_DART,,-4990.732255801526,-13.204475139573736,-59888.78706961831,-190.87828083401868,5.0,1,3.0,75.85665408866299,40.428327044331496,제외,0.0,NEUTRAL,0.8,,비밸류평가,EPS없음,30.541237113402065,관망,현재 강한 매수 신호는 없습니다. 관망이 적절합니다.
359,359,2026-04-28,서진시스템,178320,KQ,전기장비,51300.0,48777.5,43842.5,35066.25,29908.3,1,56.102518389684725,112.01864298198096,0.914073285101762,0,1.383399209486158,20.70588235294117,-1728.8987235389534,,-1901.788595892849,DART,TRAILING_DART,,-1728.8987235389534,-29.67206771660513,-20746.78468246744,-140.44207540441994,5.0,1,3.0,75.84878499768573,40.42439249884286,제외,0.0,NEUTRAL,0.8,,비밸류평가,EPS없음,47.551546391752574,관망,현재 강한 매수 신호는 없습니다. 관망이 적절합니다.
360,360,2026-04-28,인텍플러스,064290,KQ,반도체와반도체장비,30350.0,25592.0,19572.166666666668,16618.166666666668,15094.95,1,67.87525419222175,326.6022336064689,0.796840246107121,0,-3.497615262321141,80.54729327781082,-258.0008163892275,,-283.8008980281503,DART,TRAILING_DART,,-258.0008163892275,-117.63528668146968,-3096.00979667073,-110.20102074685579,5.0,1,3.0,75.81360234149169,40.406801170745844,제외,0.0,NEUTRAL,0.8,,비밸류평가,EPS없음,36.46907216494845,관망,현재 강한 매수 신호는 없습니다. 관망이 적절합니다.
361,361,2026-04-28,네패스,033640,KQ,반도체와반도체장비,31900.0,25263.0,20417.0,18533.916666666668,16442.2,1,69.8827861575415,703.0598199641672,0.5466822984246847,0,22.456813819577736,91.0179640718563,874.2202627827277,,961.6422890610004,DART,TRAILING_DART,,874.2202627827277,36.4896598237831,10490.643153392732,-67.1139713059789,5.0,0,3.0,75.75614780087804,40.37807390043902,제외,0.0,NEUTRAL,0.8,,비밸류평가,EPS없음,14.81958762886598,관망,현재 강한 매수 신호는 없습니다. 관망이 적절합니다.
362,362,2026-04-28,와이지-원,019210,KQ,기계,16010.0,14042.0,11676.166666666666,8563.0,7329.2,1,64.21065295762902,158.89482535633738,0.5380242135294646,0,18.32963784183297,30.05686433793664,681.0041533615561,,749.1045686977118,DART,TRAILING_DART,,681.0041533615561,23.50940140522173,8172.049840338673,-48.95659062874034,5.0,0,3.0,75.75179911098994,40.37589955549497,제외,0.0,NEUTRAL,0.8,,비밸류평가,EPS없음,13.788659793814434,관망,현재 강한 매수 신호는 없습니다. 관망이 적절합니다.
363,363,2026-04-28,동진쎄미켐,005290,KQ,반도체와반도체장비,58800.0,52902.5,51625.0,44859.16666666666,40913.25,1,59.24893987177001,936.3519208714616,0.5420090091240962,0,7.4954296160877565,32.881355932203384,1830.0719996388568,,2013.0791996027424,DART,TRAILING_DART,,1830.0719996388568,32.12988342076349,21960.86399566628,-62.651591844104956,5.0,0,3.0,75.6072188109296,40.3036094054648,제외,0.0,NEUTRAL,0.8,,비밸류평가,EPS없음,14.561855670103094,관망,현재 강한 매수 신호는 없습니다. 관망이 적절합니다.
364,364,2026-04-28,성광벤드,014620,KQ,기계,47250.0,40140.0,36158.333333333336,31940.83333333333,31948.75,1,71.51257243870404,859.147270299794,0.681598523698311,0,22.409326424870457,34.61538461538463,1296.518863694454,1639.0,1639.0,DART,TRAILING_DART,,1296.518863694454,36.44374279704675,15558.226364333448,-67.0725367950615,5.0,0,3.0,75.60354718609305,40.301773593046526,제외,0.0,NEUTRAL,0.8,,비밸류평가,EPS없음,24.484536082474225,관망,현재 강한 매수 신호는 없습니다. 관망이 적절합니다.
365,365,2026-04-28,삼성전자,005930,KS,반도체와반도체장비,222000.0,207892.5,191407.5,154482.08333333334,123433.0,1,61.17004129198231,976.4116484102452,0.782923483101731,0,1.3698630136986356,32.77511961722488,7732.577940801414,36464.0,36464.0,DART,TRAILING_DART,,7732.577940801414,28.70970091728447,92790.93528961697,-58.20228140107344,5.0,0,3.0,75.58989783734609,40.29494891867304,제외,0.0,NEUTRAL,0.8,,비밸류평가,EPS없음,35.051546391752574,관망,현재 강한 매수 신호는 없습니다. 관망이 적절합니다.
366,366,2026-04-28,에이프릴바이오,397030,KQ,제약,64300.0,56855.0,61365.0,53049.583333333336,41747.95,1,58.62825135801602,1041.9975666703017,0.7361600866137648,1,9.540034071550265,17.98165137614678,-416.7487877756341,-271.0,-271.0,DART,TRAILING_DART,,-416.7487877756341,-154.28959096245126,-5000.9854533076095,-107.77758235351105,5.0,1,3.0,75.57147701157109,40.285738505785545,제외,0.0,NEUTRAL,0.8,,비밸류평가,EPS없음,30.927835051546392,관망,현재 강한 매수 신호는 없습니다. 관망이 적절합니다.
367,367,2026-04-28,네패스아크,330860,KQ,반도체와반도체장비,35450.0,31117.5,24255.33333333333,20849.58333333333,19013.5,1,62.73791129691423,283.3575976775651,0.6054329898031418,0,9.582689335394123,56.5121412803532,280.3844417843171,,308.42288596274886,DART,TRAILING_DART,,280.3844417843171,126.4335487889501,3364.6133014118054,-90.50884823297093,5.0,0,3.0,75.5337483596127,40.26687417980635,제외,0.0,NEUTRAL,0.8,,비밸류평가,EPS없음,18.427835051546392,관망,현재 강한 매수 신호는 없습니다. 관망이 적절합니다.
368,368,2026-04-28,GS건설,006360,KS,건설,42450.0,36527.5,27259.5,23179.33333333333,21619.7,1,67.80446000372976,65.277214332516,1.4309011516022572,0,-1.5081206496519672,69.12350597609563,1091.6262383372853,3140.0,3140.0,DART|DAILY_DISC,TRAILING_DART,,1091.6262383372853,38.88693630583475,13099.514860047424,-69.14130775018275,5.0,0,3.0,75.48666852331012,40.24333426165506,제외,0.0,NEUTRAL,0.8,,비밸류평가,EPS없음,79.63917525773195,관망,현재 강한 매수 신호는 없습니다. 관망이 적절합니다.
369,369,2026-04-28,삼성생명,032830,KS,생명보험,252000.0,241175.0,222113.3333333333,190805.0,171867.5,1,58.03632841778723,-286.8876638753718,0.9464812874197236,0,-1.5625,19.71496437054632,12257.575,12321.0,12321.0,DART,TRAILING_DART,,12257.575,20.55871573292433,147090.90000000002,-41.630595238095225,5.0,0,3.0,75.35523404409106,40.17761702204553,제외,0.0,NEUTRAL,0.8,,비밸류평가,EPS없음,51.546391752577314,관망,현재 강한 매수 신호는 없습니다. 관망이 적절합니다.
370,370,2026-04-28,테크윙,089030,KQ,반도체와반도체장비,60300.0,53982.5,52944.16666666666,50676.66666666666,47207.75,1,59.94553998599093,882.9637328367505,0.6938969042464936,0,5.604203152364273,33.11258278145694,242.78654496743843,,267.0651994641823,DART,TRAILING_DART,,242.78654496743843,248.3663170382329,2913.438539609261,-95.16842696582212,5.0,0,3.0,75.3430588029614,40.1715294014807,제외,0.0,NEUTRAL,0.8,,비밸류평가,EPS없음,25.51546391752577,관망,현재 강한 매수 신호는 없습니다. 관망이 적절합니다.
371,371,2026-04-28,바이오솔루션,086820,KQ,생물공학,11470.0,11555.0,10587.333333333334,9373.666666666666,9027.55,1,50.279697113855,-98.96634166843651,2.926446559276771,0,-1.2908777969018903,-2.878916172734969,10.544672878522038,,11.599140166374244,DART,TRAILING_DART,,10.544672878522038,1087.7530419518955,126.53607454226446,-98.89680841724268,5.0,0,3.0,75.29394243514867,40.14697121757433,제외,0.0,NEUTRAL,0.8,,비밸류평가,EPS없음,94.9742268041237,관망,현재 강한 매수 신호는 없습니다. 관망이 적절합니다.
372,372,2026-04-28,KG모빌리티,003620,KS,자동차,4340.0,3899.5,3793.4166666666665,3654.0,3579.05,1,67.5612656840978,36.78517585500936,0.9489232344222088,0,3.703703703703698,30.330330330330323,230.1248183569315,,253.13730019262468,DART|DAILY_DISC,TRAILING_DART,,230.1248183569315,18.85933047546619,2761.497820283178,-36.371017965825395,8.175359279902779,0,3.0,72.09526162019922,40.135310450051,제외,0.0,NEUTRAL,0.8,,비밸류평가,EPS없음,52.0618556701031,관망,현재 강한 매수 신호는 없습니다. 관망이 적절합니다.
373,373,2026-04-28,OCI홀딩스,010060,KS,화학,367500.0,257925.0,190113.3333333333,150103.33333333334,128096.0,1,74.64033572519276,13514.638922163693,0.8288256035396483,0,23.115577889447223,95.68690095846644,-7833.207428809669,13027.0,13027.0,DART|DAILY_DISC,TRAILING_DART,,-7833.207428809669,-46.91564768837548,-93998.48914571603,-125.57782017570504,5.0,1,3.0,75.26136823707593,40.130684118537964,제외,0.0,NEUTRAL,0.8,,비밸류평가,EPS없음,39.04639175257732,관망,현재 강한 매수 신호는 없습니다. 관망이 적절합니다.
374,374,2026-04-28,태광산업,003240,KS,화학,1202000.0,1195800.0,1149650.0,966750.0,956535.0,1,51.00771243087762,-3426.120304953489,0.6103158468341962,0,-2.829426030719484,10.78341013824884,74675.45160499371,,82142.99676549308,DART,TRAILING_DART,,74675.45160499371,16.096320466304615,896105.4192599244,-25.448800394349046,17.732299654944583,0,3.0,62.49283674870533,40.112568201824956,제외,0.0,NEUTRAL,0.8,,비밸류평가,EPS없음,19.072164948453608,관망,현재 강한 매수 신호는 없습니다. 관망이 적절합니다.
375,375,2026-04-28,에이디테크놀로지,200710,KQ,반도체와반도체장비,56800.0,53885.0,47605.0,38203.333333333336,32493.15,1,55.345334388572326,236.79950711704944,0.6827953803557385,0,2.7124773960216952,18.333333333333336,265.81155907882084,,292.39271498670297,DART,TRAILING_DART,,265.81155907882084,213.6852144310141,3189.73870894585,-94.38426283636294,5.0,0,3.0,75.155272461339,40.0776362306695,제외,0.0,NEUTRAL,0.8,,비밸류평가,EPS없음,24.613402061855673,관망,현재 강한 매수 신호는 없습니다. 관망이 적절합니다.
376,376,2026-04-28,동성화인텍,033500,KQ,화학,29750.0,26852.5,27158.33333333333,27233.33333333333,27594.5,1,64.05194454403845,488.7791786541924,1.035132528112752,0,5.683836589698044,28.509719222462195,1863.4268085016704,2461.0,2461.0,DART,TRAILING_DART,,1863.4268085016704,15.96520982969068,22361.121702020046,-24.83656570749565,18.268005005941305,0,3.0,61.746089464979306,40.007047235460306,제외,0.0,NEUTRAL,0.8,,비밸류평가,EPS없음,60.30927835051546,관망,현재 강한 매수 신호는 없습니다. 관망이 적절합니다.
377,377,2026-04-28,보성파워텍,006910,KQ,전기장비,12040.0,10330.0,10231.666666666666,7918.75,6385.0,1,62.27495633856046,256.79114760372374,0.8942149392949696,0,18.62068965517241,27.27272727272727,413.48451580042297,,454.8329673804653,DART,TRAILING_DART,,413.48451580042297,29.118381801294248,4961.814189605076,-58.78891869098774,5.0,0,3.0,74.99392140097417,39.99696070048709,제외,0.0,NEUTRAL,0.8,,비밸류평가,EPS없음,45.618556701030926,관망,현재 강한 매수 신호는 없습니다. 관망이 적절합니다.
378,378,2026-04-28,에스티아이,039440,KQ,반도체와반도체장비,38350.0,32877.5,33677.5,30838.75,26560.3,1,66.59789086040618,823.417173929588,1.6051194019238388,0,12.794117647058822,34.79789103690685,994.2565380758824,,1093.6821918834708,DART,TRAILING_DART,,994.2565380758824,38.57153413767453,11931.078456910589,-68.88897403673901,5.0,0,3.0,74.8083744946655,39.90418724733275,제외,0.0,NEUTRAL,0.8,,비밸류평가,EPS없음,83.8917525773196,관망,현재 강한 매수 신호는 없습니다. 관망이 적절합니다.
379,379,2026-04-28,테스,095610,KQ,반도체와반도체장비,86600.0,79580.0,71411.66666666667,58087.083333333336,48530.5,1,60.301558687092,298.0216743268111,0.6457217450281748,0,-2.257336343115124,56.317689530685925,2939.9688314049586,4008.0,4008.0,DART,TRAILING_DART,,2939.9688314049586,29.45609459356595,35279.625976859505,-59.26140187429618,5.0,0,3.0,74.79519904829407,39.89759952414703,제외,0.0,NEUTRAL,0.8,,비밸류평가,EPS없음,21.391752577319586,관망,현재 강한 매수 신호는 없습니다. 관망이 적절합니다.
380,380,2026-04-28,코세스,089890,KQ,반도체와반도체장비,42450.0,29717.5,26172.83333333333,25942.25,21303.15,1,76.92247237179114,1788.6523115038476,0.8883891214387195,0,21.11269614835949,124.9602543720191,796.1186498950073,,875.730514884508,DART,TRAILING_DART,,796.1186498950073,53.32119779582897,9553.423798740087,-77.49487915491146,5.0,0,3.0,74.75981163418815,39.87990581709408,제외,0.0,NEUTRAL,0.8,,비밸류평가,EPS없음,44.84536082474227,관망,현재 강한 매수 신호는 없습니다. 관망이 적절합니다.
381,381,2026-04-28,삼성중공업,010140,KS,조선,33350.0,29382.5,28478.33333333333,27516.25,24849.15,1,67.08749736148283,644.1570961577099,0.8757282084797199,0,10.430463576158932,36.40081799591002,608.811062740909,1358.0,1358.0,DART,TRAILING_DART,,608.811062740909,54.77889946653732,7305.732752890908,-78.09375486389533,5.0,0,3.0,74.75918654535388,39.87959327267694,제외,0.0,NEUTRAL,0.8,,비밸류평가,EPS없음,43.170103092783506,관망,현재 강한 매수 신호는 없습니다. 관망이 적절합니다.
382,382,2026-04-28,올릭스,226950,KQ,생명과학도구및서비스,185300.0,171430.0,167123.33333333334,150495.83333333334,118310.0,1,54.95710582351516,2323.124085504277,0.8791090318490948,0,12.575941676792212,0.1080497028633109,-775.4778005636587,,-853.0255806200246,DART,TRAILING_DART,,-775.4778005636587,-238.94945782498743,-9305.733606763904,-105.02198251849104,5.0,1,3.0,74.757243133688,39.878621566844,제외,0.0,NEUTRAL,0.8,,비밸류평가,EPS없음,43.81443298969072,관망,현재 강한 매수 신호는 없습니다. 관망이 적절합니다.
383,383,2026-04-28,영풍,000670,KS,핸드셋,66700.0,62405.0,59846.66666666666,57504.18291015625,51205.42234375,1,60.25623496515924,436.76970002202097,0.9711279499321258,0,1.987767584097866,19.964028776978427,1658.77930097711,,1824.6572310748213,DART,TRAILING_DART,,1658.77930097711,40.210291966333386,19905.35161172532,-70.15689413534434,5.0,0,3.0,74.73198173569448,39.86599086784724,제외,0.0,NEUTRAL,0.8,,비밸류평가,EPS없음,53.99484536082474,관망,현재 강한 매수 신호는 없습니다. 관망이 적절합니다.
384,384,2026-04-28,OCI,456040,KS,화학,140900.0,105120.0,91666.66666666669,76790.83333333333,68923.0,1,78.2636100490667,5052.498781256987,0.9739648523028364,0,43.48268839103871,49.89361702127659,-7649.69452649792,,-8414.663979147714,DART,TRAILING_DART,,-7649.69452649792,-18.4190361473826,-91796.33431797504,-165.14998887010296,5.0,1,3.0,74.73123247579937,39.86561623789969,제외,0.0,NEUTRAL,0.8,,비밸류평가,EPS없음,54.25257731958762,관망,현재 강한 매수 신호는 없습니다. 관망이 적절합니다.
385,385,2026-04-28,가온전선,000500,KS,전기장비,217000.0,139315.0,112075.0,97001.66666666669,82826.0,1,82.17020925682547,10239.404185208128,1.2371179868042264,0,39.63963963963963,122.56410256410255,3106.828732073736,,3417.51160528111,DART,TRAILING_DART,,3106.828732073736,69.84614174568856,37281.94478488483,-82.8193802834632,5.0,0,3.0,74.72103497040412,39.86051748520206,제외,0.0,NEUTRAL,0.8,,비밸류평가,EPS없음,72.0360824742268,관망,현재 강한 매수 신호는 없습니다. 관망이 적절합니다.
386,386,2026-04-28,지엔씨에너지,119850,KQ,전기장비,36000.0,33447.5,35385.0,34459.583333333336,34176.25,1,57.14956662083521,401.0637749933495,1.995977399513762,0,3.8961038961038863,17.26384364820848,2432.7951909150934,,2676.074710006603,DART,TRAILING_DART,,2432.7951909150934,14.797793145282665,29193.54229098112,-18.906826969496894,23.456526401690216,0,3.0,56.213948434171776,39.835237417931,제외,0.0,NEUTRAL,0.8,,비밸류평가,EPS없음,87.75773195876289,관망,현재 강한 매수 신호는 없습니다. 관망이 적절합니다.
387,387,2026-04-28,SK이노베이션,096770,KS,석유와가스,133000.0,125320.0,119328.33333333331,115678.33333333331,113702.5,1,63.05473265071613,725.0660169449316,1.3226996905803907,0,-0.3745318352059934,22.35510579576816,-32158.24770071228,995.0,995.0,DART,TRAILING_DART,,-32158.24770071228,-4.135797486162598,-385898.97240854736,-390.14960331469723,5.0,1,3.0,74.65314830942967,39.826574154714834,제외,0.0,NEUTRAL,0.8,,비밸류평가,EPS없음,75.64432989690721,관망,현재 강한 매수 신호는 없습니다. 관망이 적절합니다.
388,388,2026-04-28,롯데에너지머티리얼즈,020150,KS,전자장비와기기,67400.0,51522.5,44671.66666666666,39847.083333333336,33854.75,1,79.36683004029054,1995.4895043829456,1.0308052850214728,0,18.87125220458554,62.80193236714975,-3191.990340828267,-818.0,-818.0,DART,TRAILING_DART,,-3191.990340828267,-21.115352116795837,-38303.88408993921,-156.83068856074067,5.0,1,3.0,74.63638550827993,39.818192754139965,제외,0.0,NEUTRAL,0.8,,비밸류평가,EPS없음,59.66494845360825,관망,현재 강한 매수 신호는 없습니다. 관망이 적절합니다.
389,389,2026-04-28,레이크머티리얼즈,281740,KQ,화학,24350.0,21662.5,21991.33333333333,18584.75,16295.5,1,62.9596335277317,365.5257565858996,1.3673773587581393,0,-1.2170385395537495,24.8077908764736,118.71230515224065,,130.58353566746473,DART,TRAILING_DART,,118.71230515224065,205.1177421647465,1424.5476618268876,-94.14970159414008,5.0,0,3.0,74.61616332993701,39.808081664968505,제외,0.0,NEUTRAL,0.8,,비밸류평가,EPS없음,77.57731958762886,관망,현재 강한 매수 신호는 없습니다. 관망이 적절합니다.
390,390,2026-04-28,씨에스윈드,112610,KS,에너지장비및서비스,72700.0,67665.0,56827.5,49551.25,47705.75,1,61.393379339410245,324.22933351958545,0.4835958379836626,0,13.94984326018809,21.97986577181208,951.6662022603326,4496.0,4496.0,DART|DAILY_DISC,TRAILING_DART,,951.6662022603326,76.39233149956142,11419.994427123991,-84.29161701908667,5.0,0,3.0,74.57200911557679,39.786004557788395,제외,0.0,NEUTRAL,0.8,,비밸류평가,EPS없음,10.051546391752577,관망,현재 강한 매수 신호는 없습니다. 관망이 적절합니다.
391,391,2026-04-28,와이엠티,251370,KQ,화학,17370.0,16740.0,14411.833333333334,13040.333333333334,12458.3,1,58.07251539535156,-69.23178226030018,1.0147059336685542,0,-0.4013761467889898,11.489088575096272,83.17366070314051,,91.49102677345458,DART,TRAILING_DART,,83.17366070314051,208.84015267761487,998.0839284376862,-94.2539785351889,5.0,0,3.0,74.56248046342468,39.78124023171234,제외,0.0,NEUTRAL,0.8,,비밸류평가,EPS없음,58.11855670103093,관망,현재 강한 매수 신호는 없습니다. 관망이 적절합니다.
392,392,2026-04-28,컨텍,451760,KQ,우주항공과국방,22500.0,20359.5,19421.666666666668,15198.666666666666,12653.95,1,61.18269731863299,96.0735651046566,1.0248122122829224,0,10.565110565110558,31.578947368421066,-655.1799222299069,,-720.6979144528976,DART,TRAILING_DART,,-655.1799222299069,-34.34171169870588,-7862.159066758883,-134.94292918559503,5.0,1,3.0,74.5420073763703,39.77100368818515,제외,0.0,NEUTRAL,0.8,,비밸류평가,EPS없음,58.76288659793815,관망,현재 강한 매수 신호는 없습니다. 관망이 적절합니다.
393,393,2026-04-28,유니셈,036200,KQ,반도체와반도체장비,11750.0,10356.5,10258.833333333334,10034.083333333334,9393.65,1,64.3496047753975,195.11357394474487,0.950205270987362,0,5.286738351254483,37.91079812206573,292.3517659977884,,321.58694259756726,DART,TRAILING_DART,,292.3517659977884,40.1913084393302,3508.221191973461,-70.14279836618331,5.0,0,3.0,74.5412018484721,39.77060092423605,제외,0.0,NEUTRAL,0.8,,비밸류평가,EPS없음,52.448453608247426,관망,현재 강한 매수 신호는 없습니다. 관망이 적절합니다.
394,394,2026-04-28,후성,093370,KS,화학,14010.0,11336.0,8864.166666666666,8473.416666666666,7424.95,1,70.0294944885174,164.19089032086367,0.6244136538031266,0,2.262773722627731,99.57264957264957,65.5276775429249,,72.08044529721741,DART,TRAILING_DART,,65.5276775429249,213.80278571329703,786.3321305150989,-94.38735095992078,5.0,0,3.0,74.52006473527022,39.76003236763511,제외,0.0,NEUTRAL,0.8,,비밸류평가,EPS없음,19.974226804123713,관망,현재 강한 매수 신호는 없습니다. 관망이 적절합니다.
395,395,2026-04-28,비에이치,090460,KS,전자장비와기기,35400.0,27430.0,22050.5,19554.25,18313.9,1,73.4209367702532,850.4023579540763,0.488282396109566,0,4.579025110782875,76.55860349127181,1205.7601516430368,2657.0,2657.0,DART,TRAILING_DART,,1205.7601516430368,29.359072740761885,14469.121819716442,-59.12677452057502,5.0,0,3.0,74.49252258205243,39.746261291026215,제외,0.0,NEUTRAL,0.8,,비밸류평가,EPS없음,10.438144329896907,관망,현재 강한 매수 신호는 없습니다. 관망이 적절합니다.
396,396,2026-04-28,티에프이,425420,KQ,반도체와반도체장비,63000.0,60140.0,53086.66666666666,45983.75,42305.0,1,55.180056291258175,38.20320818739265,0.8363672357789603,0,5.175292153589317,8.43373493975903,1513.8339041745849,,1665.2172945920436,DART,TRAILING_DART,,1513.8339041745849,41.61619040653647,18166.00685009502,-71.16506849191266,5.0,0,3.0,74.47947538190853,39.739737690954264,제외,0.0,NEUTRAL,0.8,,비밸류평가,EPS없음,39.948453608247426,관망,현재 강한 매수 신호는 없습니다. 관망이 적절합니다.
397,397,2026-04-28,한국토지신탁,034830,KS,부동산,1645.0,1545.65,1498.4333333333334,1391.5166666666669,1352.475,1,61.23164874162838,6.252238941063967,1.565634711585273,0,5.992268041237114,-3.0642309958750724,76.94603899738614,,84.64064289712476,DART,TRAILING_DART,,76.94603899738614,21.37861833350357,923.3524679686336,-43.869150883365734,5.0,0,3.0,74.4721752555246,39.7360876277623,제외,0.0,NEUTRAL,0.8,,비밸류평가,EPS없음,82.86082474226805,관망,현재 강한 매수 신호는 없습니다. 관망이 적절합니다.
398,398,2026-04-28,브이엠,089970,KQ,반도체와반도체장비,56900.0,48685.0,41617.5,34216.25,26463.4,1,70.44416471698098,639.7692599286756,0.6766647262415181,0,4.21245421245422,46.83870967741937,1070.455589380418,2812.0,2812.0,DART,TRAILING_DART,,1070.455589380418,53.154937546670055,12845.467072565014,-77.42448669144989,5.0,0,3.0,74.45665320844971,39.728326604224854,제외,0.0,NEUTRAL,0.8,,비밸류평가,EPS없음,24.22680412371134,관망,현재 강한 매수 신호는 없습니다. 관망이 적절합니다.
399,399,2026-04-28,대원전선,006340,KS,전기장비,10070.0,6481.0,5535.5,4655.291666666667,3999.425,1,79.95454553854584,460.9109859505918,1.0317190877938966,0,57.34375000000001,104.67479674796748,164.72041939329114,,181.19246133262027,DART,TRAILING_DART,,164.72041939329114,61.13389000034405,1976.6450327194937,-80.37095300179251,5.0,0,3.0,74.4312966043218,39.7156483021609,제외,0.0,NEUTRAL,0.8,,비밸류평가,EPS없음,59.79381443298969,관망,현재 강한 매수 신호는 없습니다. 관망이 적절합니다.
400,400,2026-04-28,엘티씨,170920,KQ,반도체와반도체장비,47400.0,34545.0,29529.666666666668,24502.25,20546.6,1,74.08291601046399,1703.888364244336,0.63317096308703,0,30.75862068965518,56.43564356435644,1721.8318352128704,,1894.0150187341576,DART,TRAILING_DART,,1721.8318352128704,27.528820777169525,20661.982022554446,-56.40932062752226,5.0,0,3.0,74.4306854410818,39.7153427205409,제외,0.0,NEUTRAL,0.8,,비밸류평가,EPS없음,20.2319587628866,관망,현재 강한 매수 신호는 없습니다. 관망이 적절합니다.
401,401,2026-04-28,알멕,354320,KQ,자동차부품,94900.0,76955.0,63637.5,44837.41666666666,36062.45,1,72.09428833335159,1293.9324197524074,0.5787038909324811,0,10.73512252042006,98.7434554973822,-958.65933794277,,-1054.525271737047,DART,TRAILING_DART,,-958.65933794277,-98.9924118442847,-11503.91205531324,-112.12214125955032,5.0,1,3.0,74.42020302306048,39.71010151153024,제외,0.0,NEUTRAL,0.8,,비밸류평가,EPS없음,16.49484536082474,관망,현재 강한 매수 신호는 없습니다. 관망이 적절합니다.
402,402,2026-04-28,에스바이오메딕스,304360,KQ,생물공학,34600.0,30087.5,33153.333333333336,31752.5,27797.2,1,61.42937290260669,717.6916508324945,0.7586138887679948,1,6.955177743431218,20.557491289198616,-469.98942142543865,,-516.9883635679826,DART,TRAILING_DART,,-469.98942142543865,-73.61867825675968,-5639.873057105264,-116.30021114770308,5.0,1,3.0,74.40337247799174,39.70168623899587,제외,0.0,NEUTRAL,0.8,,비밸류평가,EPS없음,32.7319587628866,관망,현재 강한 매수 신호는 없습니다. 관망이 적절합니다.
403,403,2026-04-28,세진중공업,075580,KS,조선,20900.0,18509.0,18081.33333333333,18470.5,17887.3,1,65.22714475449072,390.9341015693682,0.9376202176982688,0,5.555555555555558,34.66494845360826,1052.6832157021872,,1157.951537272406,DART,TRAILING_DART,,1052.6832157021872,19.85402606239785,12632.198588426247,-39.55885842858255,5.385998874990266,0,3.0,74.01367187031144,39.69983537265085,제외,0.0,NEUTRAL,0.8,,비밸류평가,EPS없음,49.871134020618555,관망,현재 강한 매수 신호는 없습니다. 관망이 적절합니다.
404,404,2026-04-28,성일하이텍,365340,KQ,전기제품,78800.0,70535.0,63805.833333333336,54001.25,47671.75,1,69.07356654307536,767.3401226087353,0.6861180961525514,0,-2.83600493218249,31.99329983249581,-6563.038083629675,-318.0,-318.0,DART,TRAILING_DART,,-6563.038083629675,-12.006634579273966,-78756.4570035561,-199.9447423902996,5.0,1,3.0,74.3935354696222,39.6967677348111,제외,0.0,NEUTRAL,0.8,,비밸류평가,EPS없음,25.0,관망,현재 강한 매수 신호는 없습니다. 관망이 적절합니다.
405,405,2026-04-28,코미팜,041960,KQ,제약,10040.0,8911.5,8546.666666666666,7683.25,6983.0,1,62.22961865291995,114.39900761962429,0.4821465365940986,0,4.257528556593981,18.957345971563974,-108.65071266406667,,-119.51578393047336,DART,TRAILING_DART,,-108.65071266406667,-92.40620474384116,-1303.8085519688002,-112.98614095586454,5.0,1,3.0,74.38195183178601,39.690975915893006,제외,0.0,NEUTRAL,0.8,,비밸류평가,EPS없음,9.793814432989691,관망,현재 강한 매수 신호는 없습니다. 관망이 적절합니다.
406,406,2026-04-28,광동제약,009290,KS,제약,8650.0,8349.0,8227.5,7070.333333333333,6654.4,1,55.05885697249744,16.505242469667238,2.561471765640329,0,5.35931790499391,4.975728155339798,428.2907790327224,,471.1198569359947,DART,TRAILING_DART,,428.2907790327224,20.196559028274383,5139.489348392669,-40.58393816887088,5.0,0,3.0,74.37284542836659,39.686422714183294,제외,0.0,NEUTRAL,0.8,,비밸류평가,EPS없음,93.1701030927835,관망,현재 강한 매수 신호는 없습니다. 관망이 적절합니다.
407,407,2026-04-28,코미코,183300,KQ,반도체와반도체장비,148200.0,135335.0,119090.0,106693.33333333331,98509.5,1,66.00542907789955,677.4006188519979,0.8532699712500311,0,-2.819672131147544,38.11742777260019,7383.571095733319,,8121.928205306652,DART,TRAILING_DART,,7383.571095733319,20.071588406000323,88602.85314879983,-40.21399922483143,5.0,0,3.0,74.30225978643627,39.65112989321813,제외,0.0,NEUTRAL,0.8,,비밸류평가,EPS없음,40.97938144329897,관망,현재 강한 매수 신호는 없습니다. 관망이 적절합니다.
408,408,2026-04-28,제주반도체,080220,KQ,반도체와반도체장비,54900.0,44025.0,43506.66666666666,33320.25,26923.8,1,67.14181852825527,1636.4773465029402,1.0588819006517245,0,17.18249733191035,56.41025641025641,1146.8013953439893,,1261.4815348783884,DART,TRAILING_DART,,1146.8013953439893,47.87228217797245,13761.61674412787,-74.93330283401116,5.0,0,3.0,74.2869386330629,39.64346931653145,제외,0.0,NEUTRAL,0.8,,비밸류평가,EPS없음,61.5979381443299,관망,현재 강한 매수 신호는 없습니다. 관망이 적절합니다.
409,409,2026-04-28,감성코퍼레이션,036620,KQ,"섬유,의류,신발,호화품",6550.0,5715.0,5979.833333333333,5902.166666666667,5884.75,1,65.23736116368656,148.90681709386902,1.3378574132537495,0,12.93103448275863,24.28842504743833,391.3346343546282,517.0,517.0,DART,TRAILING_DART,,391.3346343546282,16.73759341746475,4696.015612255538,-28.305105156403997,15.233032988146503,0,3.0,64.04483464402622,39.638933816086364,제외,0.0,NEUTRAL,0.8,,비밸류평가,EPS없음,76.41752577319588,관망,현재 강한 매수 신호는 없습니다. 관망이 적절합니다.
410,410,2026-04-28,두산에너빌리티,034020,KS,기계,127800.0,107665.0,101455.0,91368.33333333331,81648.0,1,73.07891685047231,2700.4175673878053,0.784829854419164,0,10.458081244598104,39.2156862745098,320.2863634192387,512.0,512.0,DART,TRAILING_DART,,320.2863634192387,399.0179245711946,3843.436361030864,-96.99261630592264,5.0,0,3.0,74.24527577399184,39.62263788699592,제외,0.0,NEUTRAL,0.8,,비밸류평가,EPS없음,35.180412371134025,관망,현재 강한 매수 신호는 없습니다. 관망이 적절합니다.
411,411,2026-04-28,가비아,079940,KQ,IT서비스,29450.0,28627.5,29569.166666666668,30209.166666666668,28470.0,1,52.73030218428489,212.26939576535975,0.5300517412127321,0,-3.125,16.633663366336627,2318.759658449599,,2550.6356242945594,DART,TRAILING_DART,,2318.759658449599,12.700755722001505,27825.11590139519,-5.517433272002748,35.172245886997594,0,3.0,43.997686151400174,39.58496601919889,제외,0.0,NEUTRAL,0.8,,비밸류평가,EPS없음,13.27319587628866,관망,현재 강한 매수 신호는 없습니다. 관망이 적절합니다.
412,412,2026-04-28,티엘비,356860,KQ,반도체와반도체장비,84700.0,76890.0,67324.16666666667,65007.91666666666,54565.0,1,60.33158234517697,193.0673430776324,0.6151237046830778,0,9.149484536082465,34.87261146496816,1927.5419507293573,3663.0,3663.0,DART,TRAILING_DART,,1927.5419507293573,43.9419748908451,23130.503408752287,-72.69125925767143,5.0,0,3.0,74.15866068052273,39.579330340261365,제외,0.0,NEUTRAL,0.8,,비밸류평가,EPS없음,19.329896907216497,관망,현재 강한 매수 신호는 없습니다. 관망이 적절합니다.
413,413,2026-04-28,HD현대마린솔루션,443060,KS,조선,276000.0,202585.0,184903.3333333333,191921.66666666663,198224.0,1,79.69735681228347,9833.512003149875,0.9547835164291926,0,20.0,53.67483296213808,6012.725498478146,7713.0,7713.0,DART|DAILY_DISC,TRAILING_DART,,6012.725498478146,45.90264432824301,72152.70598173774,-73.85771522400806,5.0,0,3.0,74.11822566102984,39.55911283051492,제외,0.0,NEUTRAL,0.8,,비밸류평가,EPS없음,53.09278350515464,관망,현재 강한 매수 신호는 없습니다. 관망이 적절합니다.
414,414,2026-04-28,네오티스,085910,KQ,자동차부품,25700.0,24157.5,19075.666666666668,13399.0,9443.15,1,57.79180043678732,11.154978973975176,0.5858182701489287,0,-12.585034013605444,28.179551122194525,449.9109430779792,,494.90203738577713,DART,TRAILING_DART,,449.9109430779792,57.12241588119282,5398.93131693575,-78.99248514810992,5.0,0,3.0,74.09926136292782,39.54963068146391,제외,0.0,NEUTRAL,0.8,,비밸류평가,EPS없음,16.881443298969074,관망,현재 강한 매수 신호는 없습니다. 관망이 적절합니다.
415,415,2026-04-28,미원에스씨,268280,KS,화학,121700.0,122145.0,128095.0,133200.0,137045.0,0,45.76504795292331,83.23469912241171,1.625809863810657,0,-0.0821018062397427,-0.9764035801464566,12260.5502104,,13486.605231440002,DART,TRAILING_DART,,12260.5502104,9.926145067842722,147126.6025248,20.892853348233366,53.58035467635169,0,3.0,25.488039710035768,39.53419719319373,제외,0.0,NEUTRAL,0.8,,비밸류평가,EPS없음,84.5360824742268,관망,현재 강한 매수 신호는 없습니다. 관망이 적절합니다.
416,416,2026-04-28,코리아써키트,007810,KS,전자장비와기기,96000.0,84415.0,68078.33333333333,54087.083333333336,38254.55,1,64.66236761396851,570.1374199946331,0.4077846483869383,0,7.14285714285714,37.142857142857146,2243.0731565191795,3753.0,3753.0,DART,TRAILING_DART,,2243.0731565191795,42.79842577625673,26916.877878230152,-71.96158554351027,5.0,0,3.0,73.99615557832222,39.49807778916111,제외,0.0,NEUTRAL,0.8,,비밸류평가,EPS없음,6.443298969072164,관망,현재 강한 매수 신호는 없습니다. 관망이 적절합니다.
417,417,2026-04-28,인텔리안테크,189300,KQ,통신장비,140100.0,126310.0,122621.66666666669,88532.5,72550.5,1,59.96896012861483,1200.2369390974195,0.7481604443560729,0,4.396423248882275,26.330027051397664,695.1279118401617,3010.0,3010.0,DART,TRAILING_DART,,695.1279118401617,201.54564018170905,8341.53494208194,-94.04601360308213,5.0,0,3.0,73.9376045339048,39.4688022669524,제외,0.0,NEUTRAL,0.8,,비밸류평가,EPS없음,31.829896907216494,관망,현재 강한 매수 신호는 없습니다. 관망이 적절합니다.
418,418,2026-04-28,에스앤에스텍,101490,KQ,반도체와반도체장비,102600.0,95550.0,90553.33333333331,72245.83333333333,64212.75,1,58.60966579131774,405.4726966059143,0.6654588871864949,0,0.7858546168958647,35.17786561264822,2722.9030879434563,,2995.1933967378022,DART,TRAILING_DART,,2722.9030879434563,37.680371532242575,32674.837055321477,-68.15318025797127,5.0,0,3.0,73.93466350236329,39.467331751181646,제외,0.0,NEUTRAL,0.8,,비밸류평가,EPS없음,23.195876288659793,관망,현재 강한 매수 신호는 없습니다. 관망이 적절합니다.
419,419,2026-04-28,PI첨단소재,178920,KS,화학,25950.0,24010.0,21469.666666666668,18952.916666666668,18567.15,1,63.79146363487944,90.2362770916834,0.7149003307139173,0,-0.7648183556405397,18.493150684931518,1034.6942918830623,1406.0,1406.0,DART|DAILY_DISC,TRAILING_DART,,1034.6942918830623,25.07987161383972,12416.331502596748,-52.152865115234114,5.0,0,3.0,73.92728398619457,39.46364199309728,제외,0.0,NEUTRAL,0.8,,비밸류평가,EPS없음,27.835051546391753,관망,현재 강한 매수 신호는 없습니다. 관망이 적절합니다.
420,420,2026-04-28,HPSP,403870,KQ,반도체와반도체장비,53700.0,45760.0,45239.16666666666,38648.75,34921.0,1,65.74907982692858,1196.7096243609612,0.8740749764616298,0,15.23605150214593,31.295843520782405,882.8945995868772,1271.0,1271.0,DART,TRAILING_DART,,882.8945995868772,60.82266221259845,10594.735195042527,-80.27051174107537,5.0,0,3.0,73.7830345965779,39.39151729828895,제외,0.0,NEUTRAL,0.8,,비밸류평가,EPS없음,43.04123711340206,관망,현재 강한 매수 신호는 없습니다. 관망이 적절합니다.
421,421,2026-04-28,더블유씨피,393890,KQ,전기제품,18500.0,16522.0,12662.0,9923.0,8944.15,1,63.648835140557104,80.43610911404494,0.5791037256936068,0,-0.8042895442359255,30.742049469964662,-4788.733741079139,-1881.0,-1881.0,DART,TRAILING_DART,,-4788.733741079139,-3.8632342076782566,-57464.804892949665,-410.62056698891706,5.0,1,3.0,73.7217179943518,39.3608589971759,제외,0.0,NEUTRAL,0.8,,비밸류평가,EPS없음,16.623711340206185,관망,현재 강한 매수 신호는 없습니다. 관망이 적절합니다.
422,422,2026-04-28,오르비텍,046120,KQ,에너지장비및서비스,12020.0,11320.0,8741.0,6415.25,5368.775,1,58.01907364852372,-10.844822337707228,0.3817590265607024,0,5.996472663139341,11.296296296296294,24.091722690394988,,26.50089495943449,DART,TRAILING_DART,,24.091722690394988,498.92654645208063,289.10067228473986,-97.59483633706539,5.0,0,3.0,73.63229539239697,39.316147696198485,제외,0.0,NEUTRAL,0.8,,비밸류평가,EPS없음,5.154639175257731,관망,현재 강한 매수 신호는 없습니다. 관망이 적절합니다.
423,423,2026-04-28,SKC,011790,KS,화학,124400.0,103787.073828125,104541.72786458331,107935.03059895831,105834.018359375,1,66.06199095986531,2640.9957456287966,1.20476001661976,0,12.783318223028097,45.7790166910895,-18996.38190150505,,-20896.02009165556,DART|DAILY_DISC,TRAILING_DART,,-18996.38190150505,-6.548615449247417,-227956.5828180606,-283.2448414936178,5.0,1,3.0,73.6163050096597,39.30815250482985,제외,0.0,NEUTRAL,0.8,,비밸류평가,EPS없음,70.4896907216495,관망,현재 강한 매수 신호는 없습니다. 관망이 적절합니다.
424,424,2026-04-28,자화전자,033240,KS,통신장비,48250.0,39065.0,38830.0,30402.416666666668,25995.8,1,68.89899838119517,1385.6124622440109,1.1287022965663094,0,12.209302325581394,49.84472049689441,2181.4326902471416,,2399.575959271856,DART,TRAILING_DART,,2181.4326902471416,22.118491308816683,26177.192282965698,-45.74675174514881,5.0,0,3.0,73.60814578948006,39.30407289474003,제외,0.0,NEUTRAL,0.8,,비밸류평가,EPS없음,66.62371134020619,관망,현재 강한 매수 신호는 없습니다. 관망이 적절합니다.
425,425,2026-04-28,NICE평가정보,030190,KS,상업서비스와공급품,15990.0,15701.5,16500.666666666668,16556.916666666668,16032.25,0,50.62576911457846,103.0678138223356,1.138027986538544,0,2.237851662404089,-0.3117206982543585,1325.2974399390462,,1457.827183932951,DART,TRAILING_DART,,1325.2974399390462,12.065216092725132,15903.569279268555,-0.5405298357188504,39.52703639374601,0,3.0,39.04718016461978,39.287108279182895,제외,0.0,NEUTRAL,0.8,,비밸류평가,EPS없음,67.65463917525774,관망,현재 강한 매수 신호는 없습니다. 관망이 적절합니다.
426,426,2026-04-28,현대백화점,069960,KS,백화점과일반상점,110900.0,87370.0,92563.33333333331,91957.5,86426.5,1,74.36708286182775,3392.6845804243494,1.0540964613798702,0,20.151679306608884,40.02525252525253,6254.349664739375,11377.0,11377.0,DART,TRAILING_DART,,6254.349664739375,17.731659715994038,75052.19597687249,-32.32444005692291,11.716114950192454,0,3.0,66.82275682428123,39.26943588723684,제외,0.0,NEUTRAL,0.8,,비밸류평가,EPS없음,61.21134020618557,관망,현재 강한 매수 신호는 없습니다. 관망이 적절합니다.
427,427,2026-04-28,달바글로벌,483650,KS,화장품,235500.0,189260.0,168766.66666666666,155388.33333333334,165336.5,1,76.40599406126691,5529.470929322317,0.4634731008226609,0,18.52038248616004,65.8450704225352,6378.543724798113,9622.0,9622.0,DART|DAILY_DISC,TRAILING_DART,,6378.543724798113,36.92065307703975,76542.52469757735,-67.49786637045547,5.0,0,3.0,73.42643069240468,39.21321534620234,제외,0.0,NEUTRAL,0.8,,비밸류평가,EPS없음,8.891752577319588,관망,현재 강한 매수 신호는 없습니다. 관망이 적절합니다.
428,428,2026-04-28,DB하이텍,000990,KS,반도체와반도체장비,154700.0,110150.0,97563.33333333331,84035.83333333333,70532.75,1,79.94154169298558,6095.941126445734,0.8271402655185813,0,26.80327868852459,97.07006369426752,5805.880538346898,,6386.468592181588,DART,TRAILING_DART,,5805.880538346898,26.645398398784064,69670.56646016278,-54.96408115050887,5.0,0,3.0,73.35921019132475,39.179605095662374,제외,0.0,NEUTRAL,0.8,,비밸류평가,EPS없음,38.91752577319588,관망,현재 강한 매수 신호는 없습니다. 관망이 적절합니다.
429,429,2026-04-28,덕산네오룩스,213420,KQ,디스플레이장비및부품,53000.0,50245.0,45631.66666666666,42057.083333333336,42384.25,1,56.15131236262632,-40.11533494376272,0.6503385398731336,0,0.7604562737642651,5.577689243027884,2172.965939394179,2949.0,2949.0,DART,TRAILING_DART,,2172.965939394179,24.39062621238157,26075.591272730147,-50.80077118352803,5.0,0,3.0,73.3019368539079,39.15096842695395,제외,0.0,NEUTRAL,0.8,,비밸류평가,EPS없음,21.90721649484536,관망,현재 강한 매수 신호는 없습니다. 관망이 적절합니다.
430,430,2026-04-28,에이치엠넥스,036170,KQ,디스플레이장비및부품,7100.0,5986.5,4281.45,2656.1,1955.535,1,60.974116472536736,5.542238127900532,0.4408852752415053,0,-9.898477157360407,46.39175257731958,177.79225089303253,,195.5714759823358,DART,TRAILING_DART,,177.79225089303253,39.93424890194829,2133.50701071639,-69.95060548286774,5.0,0,3.0,73.25005431329164,39.12502715664582,제외,0.0,NEUTRAL,0.8,,비밸류평가,EPS없음,7.603092783505154,관망,현재 강한 매수 신호는 없습니다. 관망이 적절합니다.
431,431,2026-04-28,아주IB투자,027360,KQ,창업투자,18700.0,11710.5,7805.166666666667,5224.008333333333,4036.03,1,80.5532649985768,767.7617184854178,0.8437349096297225,0,54.290429042904286,130.29556650246303,68.66347466778889,,75.52982213456778,DART,TRAILING_DART,,68.66347466778889,272.34275705497413,823.9616960134667,-95.59378772185312,5.0,0,3.0,73.22807781434892,39.11403890717446,제외,0.0,NEUTRAL,0.8,,비밸류평가,EPS없음,40.4639175257732,관망,현재 강한 매수 신호는 없습니다. 관망이 적절합니다.
432,432,2026-04-28,HLB,028300,KQ,건강관리장비와용품,62900.0,58640.0,54130.0,52200.833333333336,48596.25,1,61.46971581475449,-0.4431671580186958,0.6843037396119788,0,0.8012820512820484,24.30830039525691,-1768.2770862102916,,-1945.104794831321,DART,TRAILING_DART,,-1768.2770862102916,-35.57134822959508,-21219.3250345235,-133.73501595313752,5.0,1,3.0,73.2017014400201,39.10085072001005,제외,0.0,NEUTRAL,0.8,,비밸류평가,EPS없음,24.742268041237114,관망,현재 강한 매수 신호는 없습니다. 관망이 적절합니다.
433,433,2026-04-28,태광,023160,KQ,기계,46950.0,43747.5,34435.0,29318.75,27356.65,1,67.00349408816612,-204.4276855140597,0.4286146460647699,0,5.743243243243246,34.14285714285714,2532.717922304976,2054.0,2054.0,DART,TRAILING_DART,,2532.717922304976,18.537397941762,30392.615067659714,-35.26599559603895,9.14225385346592,0,3.0,69.04280347470603,39.092528664085975,제외,0.0,NEUTRAL,0.8,,비밸류평가,EPS없음,7.216494845360824,관망,현재 강한 매수 신호는 없습니다. 관망이 적절합니다.
434,434,2026-04-28,HK이노엔,195940,KQ,제약,54500.0,50352.5,52035.833333333336,51326.66666666666,49088.25,1,61.95153431038327,557.9677848185453,1.8262105319395223,1,5.212355212355213,11.111111111111116,2672.0827350871205,3098.0,3098.0,DART|DAILY_DISC,TRAILING_DART,,2672.0827350871205,20.396075048261213,32064.992821045445,-41.16515078707258,5.0,0,3.0,73.18416628756331,39.09208314378166,제외,0.0,NEUTRAL,0.8,,비밸류평가,EPS없음,86.5979381443299,관망,현재 강한 매수 신호는 없습니다. 관망이 적절합니다.
435,435,2026-04-28,LIG아큐버,073490,KQ,통신장비,48450.0,46860.0,39894.16666666666,31781.666666666668,27366.6,1,53.72053691677523,76.34538763987484,0.5583746902845631,0,-12.38698010849909,27.33245729303548,-157.62488601163147,,-173.38737461279464,DART,TRAILING_DART,,-157.62488601163147,-307.37532140974724,-1891.4986321395777,-103.90402194456053,5.0,1,3.0,73.10192280535472,39.05096140267736,제외,0.0,NEUTRAL,0.8,,비밸류평가,EPS없음,15.335051546391753,관망,현재 강한 매수 신호는 없습니다. 관망이 적절합니다.
436,436,2026-04-28,메카로,241770,KQ,반도체와반도체장비,40600.0,38892.5,32227.5,27805.0,23051.2,1,61.46009171043048,-149.97236366361994,0.944373850296572,0,3.969270166453276,10.626702997275196,1237.5476691024112,,1361.3024360126524,DART,TRAILING_DART,,1237.5476691024112,32.80681707351688,14850.572029228933,-63.422236381209515,5.0,0,3.0,73.09918667635075,39.04959333817538,제외,0.0,NEUTRAL,0.8,,비밸류평가,EPS없음,51.28865979381443,관망,현재 강한 매수 신호는 없습니다. 관망이 적절합니다.
437,437,2026-04-28,에이팩트,200470,KQ,반도체와반도체장비,8790.0,7402.5,7754.333333333333,6961.291666666667,5549.575,1,59.36456577051632,286.4457040676115,1.0800042948678867,0,14.602346805736644,35.43913713405238,123.3683012546146,,135.70513138007607,DART,TRAILING_DART,,123.3683012546146,71.25006918802175,1480.419615055375,-83.15791109152019,5.0,0,3.0,73.08381634002069,39.041908170010345,제외,0.0,NEUTRAL,0.8,,비밸류평가,EPS없음,62.88659793814433,관망,현재 강한 매수 신호는 없습니다. 관망이 적절합니다.
438,438,2026-04-28,하나마이크론,067310,KQ,반도체와반도체장비,39800.0,34087.5,33920.833333333336,30018.33333333333,24725.75,1,63.13236312225984,824.7371978533856,0.6353854020729125,0,4.599211563731931,43.16546762589928,986.6739431374708,,1085.341337451218,DART,TRAILING_DART,,986.6739431374708,40.337540356485086,11840.08731764965,-70.25103689032751,5.0,0,3.0,72.98992365047506,38.99496182523753,제외,0.0,NEUTRAL,0.8,,비밸류평가,EPS없음,20.618556701030926,관망,현재 강한 매수 신호는 없습니다. 관망이 적절합니다.
439,439,2026-04-28,크래프톤,259960,KS,게임엔터테인먼트,283500.0,252750.0,246308.3333333333,248241.66666666663,277095.0,1,69.97756328065569,3617.926468945853,1.1338171861250776,1,11.1764705882353,11.1764705882353,15476.990995967164,21054.0,21054.0,DART,TRAILING_DART,,15476.990995967164,18.317514048685016,185723.89195160597,-34.48892700119719,9.82218887395246,0,3.0,68.10177825856334,38.9619835662579,제외,0.0,NEUTRAL,0.8,,비밸류평가,EPS없음,67.0103092783505,관망,현재 강한 매수 신호는 없습니다. 관망이 적절합니다.
440,440,2026-04-28,LIG디펜스앤에어로스페이스,079550,KS,우주항공과국방,933000.0,896450.0,697791.6666666666,571216.6666666666,552197.5,1,58.03512099714948,-2630.40553772953,0.4662828273829623,0,2.64026402640265,52.700490998363335,10794.524381636364,17024.0,17024.0,DART,TRAILING_DART,,10794.524381636364,86.43271042003656,129534.29257963636,-86.11636735480855,5.0,0,3.0,72.85973737077113,38.929868685385564,제외,0.0,NEUTRAL,0.8,,비밸류평가,EPS없음,9.149484536082474,관망,현재 강한 매수 신호는 없습니다. 관망이 적절합니다.
441,441,2026-04-28,샘씨엔에스,252990,KQ,반도체와반도체장비,13660.0,11276.5,10771.166666666666,8940.916666666666,7604.775,1,71.52153771241134,326.314446807511,0.562729481347528,0,3.1722054380664666,55.93607305936072,250.1409859120103,,275.15508450321136,DART,TRAILING_DART,,250.1409859120103,54.60920348656916,3001.6918309441235,-78.02568205751008,5.0,0,3.0,72.80769195460098,38.90384597730049,제외,0.0,NEUTRAL,0.8,,비밸류평가,EPS없음,15.850515463917525,관망,현재 강한 매수 신호는 없습니다. 관망이 적절합니다.
442,442,2026-04-28,아모텍,052710,KQ,핸드셋,22950.0,21010.0,14998.666666666666,12358.25,12064.9,1,58.10475638893739,-70.82146393801531,0.5927785682352193,0,-8.92857142857143,86.58536585365854,541.9121904598865,,596.1034095058751,DART,TRAILING_DART,,541.9121904598865,42.3500345702203,6502.9462855186375,-71.6647220674569,5.0,0,3.0,72.72822597670883,38.864112988354414,제외,0.0,NEUTRAL,0.8,,비밸류평가,EPS없음,17.396907216494846,관망,현재 강한 매수 신호는 없습니다. 관망이 적절합니다.
443,443,2026-04-28,STX엔진,077970,KS,조선,59100.0,41327.5,35871.666666666664,35441.666666666664,34695.25,1,82.80498536647451,2450.6300432019666,0.8939650765550012,0,17.029702970297024,92.8221859706362,1717.3484929023848,,1889.083342192624,DART,TRAILING_DART,,1717.3484929023848,34.41351609428948,20608.181914828616,-65.1299798395455,5.0,0,3.0,72.6882612682779,38.84413063413895,제외,0.0,NEUTRAL,0.8,,비밸류평가,EPS없음,45.48969072164948,관망,현재 강한 매수 신호는 없습니다. 관망이 적절합니다.
444,444,2026-04-28,유바이오로직스,206650,KQ,생물공학,13320.0,13425.0,13842.833333333334,12958.666666666666,13053.9,1,46.20977113141837,27.754761088285605,0.7473370646373867,0,0.150375939849634,-0.8190618019359608,1123.646185786046,,1236.0108043646508,DART,TRAILING_DART,,1123.646185786046,11.8542653092192,13483.754229432554,1.229386106851016,40.79910096945316,0,3.0,36.80932377839772,38.80421237392544,제외,0.0,NEUTRAL,0.8,,비밸류평가,EPS없음,31.70103092783505,관망,현재 강한 매수 신호는 없습니다. 관망이 적절합니다.
445,445,2026-04-28,솔브레인,357780,KQ,반도체와반도체장비,483500.0,424675.0,424616.6666666667,350983.3333333333,306886.5,1,65.70725393236324,7724.7741959329,0.7932310830596119,0,9.637188208616788,32.82967032967032,10797.519150959188,20725.0,20725.0,DART,TRAILING_DART,,10797.519150959188,44.77880457911007,129570.22981151025,-73.20160707104235,5.0,0,3.0,72.55994206820273,38.779971034101365,제외,0.0,NEUTRAL,0.8,,비밸류평가,EPS없음,36.21134020618557,관망,현재 강한 매수 신호는 없습니다. 관망이 적절합니다.
446,446,2026-04-28,삼화콘덴서,001820,KS,전기제품,64800.0,61530.0,51660.0,41254.583333333336,36537.25,1,58.67207675222958,-359.66716211384755,0.7869756713796334,0,-3.139013452914796,24.85549132947977,1212.931936026936,,1334.2251296296297,DART,TRAILING_DART,,1212.931936026936,53.42426732719895,14555.183232323232,-77.53829748098266,5.0,0,3.0,72.52388740206545,38.76194370103273,제외,0.0,NEUTRAL,0.8,,비밸류평가,EPS없음,35.6958762886598,관망,현재 강한 매수 신호는 없습니다. 관망이 적절합니다.
447,447,2026-04-28,SK텔레콤,017670,KS,무선통신서비스,96800.0,92305.0,82221.66666666667,68539.16666666667,63152.0,1,61.377780498200615,-70.9924251757493,0.596613869472676,0,-3.681592039800996,26.70157068062826,1746.281984482773,5734.0,5734.0,DART,TRAILING_DART,,1746.281984482773,55.43205556728626,20955.383813793276,-78.35187622542017,5.0,0,3.0,72.50029269324581,38.750146346622905,제외,0.0,NEUTRAL,0.8,,비밸류평가,EPS없음,17.912371134020617,관망,현재 강한 매수 신호는 없습니다. 관망이 적절합니다.
448,448,2026-04-28,신세계인터내셔날,031430,KS,"섬유,의류,신발,호화품",14750.0,13271.0,12669.0,11699.166666666666,11381.8,1,72.11033751278428,179.02423198043152,0.7866677555629303,0,1.6540317022742943,25.10602205258694,117.74988149545533,1074.0,1074.0,DART,TRAILING_DART,,117.74988149545533,125.26551884953948,1412.998577945464,-90.42034862409855,5.0,0,3.0,72.47777594013931,38.738887970069655,제외,0.0,NEUTRAL,0.8,,비밸류평가,EPS없음,35.56701030927835,관망,현재 강한 매수 신호는 없습니다. 관망이 적절합니다.
449,449,2026-04-28,빙그레,005180,KS,식품,75400.0,73785.0,76566.66666666667,75788.33333333333,76366.5,0,53.3728210802112,350.25513238165394,1.3696048767846447,0,-0.1324503311258329,6.950354609929077,5994.740426696167,,6594.214469365784,DART,TRAILING_DART,,5994.740426696167,12.577692215700257,71936.885120354,-4.592990556559684,35.98113326301028,0,3.0,41.4604901096069,38.72081168630859,제외,0.0,NEUTRAL,0.8,,비밸류평가,EPS없음,77.70618556701031,관망,현재 강한 매수 신호는 없습니다. 관망이 적절합니다.
450,450,2026-04-28,삼양엔씨켐,482630,KQ,반도체와반도체장비,20050.0,18157.0,18206.58333333333,14571.25,12467.325,1,59.01525810056922,251.8005795069652,0.776823201200478,0,2.243753187149422,31.045751633986928,680.7407903224922,,748.8148693547415,DART,TRAILING_DART,,680.7407903224922,29.453207865657014,8168.889483869907,-59.25740905800545,5.0,0,3.0,72.40428808615626,38.70214404307813,제외,0.0,NEUTRAL,0.8,,비밸류평가,EPS없음,34.149484536082475,관망,현재 강한 매수 신호는 없습니다. 관망이 적절합니다.
451,451,2026-04-28,슈어소프트테크,298830,KQ,소프트웨어,7740.0,7273.5,7555.833333333333,7201.416666666667,6302.4,1,56.16344532920473,75.67666730912308,2.7554227741897024,0,3.475935828876997,18.711656441717796,180.1835350446334,,198.2018885490968,DART,TRAILING_DART,,180.1835350446334,42.95620017712894,2162.202420535601,-72.06456821013435,5.0,0,3.0,72.35177379914613,38.675886899573065,제외,0.0,NEUTRAL,0.8,,비밸류평가,EPS없음,94.0721649484536,관망,현재 강한 매수 신호는 없습니다. 관망이 적절합니다.
452,452,2026-04-28,대한유화,006650,KS,화학,157800.0,150560.0,148593.33333333334,147108.33333333334,132738.5,1,57.5052839392575,607.7682226001498,0.7877605782468353,0,-0.6922592825676532,21.38461538461538,8599.392465846155,12419.0,12419.0,DART,TRAILING_DART,,8599.392465846155,18.35013352707504,103192.70959015386,-34.605380487861936,9.720292073120806,0,3.0,67.62586723917084,38.67307965614582,제외,0.0,NEUTRAL,0.8,,비밸류평가,EPS없음,35.824742268041234,관망,현재 강한 매수 신호는 없습니다. 관망이 적절합니다.
453,453,2026-04-28,큐라클,365270,KQ,제약,17550.0,15234.0,15394.833333333334,11051.5,8730.125,1,62.59808726899548,301.26656949157467,0.6676985904758224,0,12.427930813581046,24.028268551236746,-826.1434075365505,,-908.7577482902057,DART,TRAILING_DART,,-826.1434075365505,-21.24328517288755,-9913.720890438606,-156.4884381221573,5.0,1,3.0,72.2536180629918,38.6268090314959,제외,0.0,NEUTRAL,0.8,,비밸류평가,EPS없음,23.324742268041238,관망,현재 강한 매수 신호는 없습니다. 관망이 적절합니다.
454,454,2026-04-28,미래에셋벤처투자,100790,KQ,창업투자,60300.0,40442.5,28788.33333333333,20041.83333333333,14843.35,1,79.85018790053226,2377.562637793409,0.2463045151053055,0,27.34952481520592,125.42056074766354,582.2234962597578,,640.4458458857337,DART,TRAILING_DART,,582.2234962597578,103.5684756581814,6986.681955117094,-88.41346276099983,5.0,0,3.0,72.19636146409562,38.59818073204781,제외,0.0,NEUTRAL,0.8,,비밸류평가,EPS없음,1.804123711340206,관망,현재 강한 매수 신호는 없습니다. 관망이 적절합니다.
455,455,2026-04-28,아이티엠반도체,084850,KQ,전자장비와기기,17730.0,15998.5,12320.0,11365.083333333334,11913.75,1,62.41443984096573,-16.694739491874998,0.3288474589778734,0,-3.2733224222585955,64.01480111008327,-4124.637957461764,,-4537.10175320794,DART,TRAILING_DART,,-4124.637957461764,-4.298559093635156,-49495.65548954117,-379.1633135337911,5.0,1,3.0,72.04677047354721,38.523385236773606,제외,0.0,NEUTRAL,0.8,,비밸류평가,EPS없음,4.252577319587629,관망,현재 강한 매수 신호는 없습니다. 관망이 적절합니다.
456,456,2026-04-28,우진,105840,KS,기계,27800.0,25047.5,25375.0,21735.33333333333,18005.35,1,58.89375156773003,502.2381165692887,0.7005284195747721,0,5.502846299810238,24.384787472035782,547.0984810624195,,601.8083291686615,DART,TRAILING_DART,,547.0984810624195,50.8135207138845,6565.181772749034,-76.38423822752146,5.0,0,3.0,71.90780795998208,38.45390397999104,제외,0.0,NEUTRAL,0.8,,비밸류평가,EPS없음,26.03092783505155,관망,현재 강한 매수 신호는 없습니다. 관망이 적절합니다.
457,457,2026-04-28,전진건설로봇,079900,KS,기계,66500.0,64830.0,58957.5,53185.0,51717.25,1,56.53881820705288,-294.2131420166256,0.3072804875818139,0,-3.3430232558139483,26.185958254269455,2004.201589921429,,2204.621748913572,DART,TRAILING_DART,,2004.201589921429,33.18029500346171,24050.41907905715,-63.83395627209452,5.0,0,3.0,71.7084462497873,38.35422312489365,제외,0.0,NEUTRAL,0.8,,비밸류평가,EPS없음,3.7371134020618557,관망,현재 강한 매수 신호는 없습니다. 관망이 적절합니다.
458,458,2026-04-28,오로스테크놀로지,322310,KQ,반도체와반도체장비,34300.0,33275.0,30049.166666666668,27176.666666666668,25542.2,1,54.95628436580633,-160.8120000373358,0.7196533285169796,0,-2.1398002853067037,15.294117647058814,-685.5361083097689,,-754.0897191407458,DART,TRAILING_DART,,-685.5361083097689,-50.03383422730094,-8226.433299717228,-123.98377055311146,5.0,1,3.0,71.66735446167088,38.33367723083544,제외,0.0,NEUTRAL,0.8,,비밸류평가,EPS없음,28.47938144329897,관망,현재 강한 매수 신호는 없습니다. 관망이 적절합니다.
459,459,2026-04-28,GS리테일,007070,KS,백화점과일반상점,23250.0,22732.5,21609.666666666668,21376.25,19561.3,1,56.82334878348375,20.78418020957986,1.110003958144395,0,-0.4282655246252709,6.164383561643838,600.8920694534091,2294.0,2294.0,DART,TRAILING_DART,,600.8920694534091,38.69247271169505,7210.70483344091,-68.98621577014663,5.0,0,3.0,71.61238806756397,38.306194033781985,제외,0.0,NEUTRAL,0.8,,비밸류평가,EPS없음,64.30412371134021,관망,현재 강한 매수 신호는 없습니다. 관망이 적절합니다.
460,460,2026-04-28,제일기획,030000,KS,광고,19700.0,19516.0,20509.166666666668,21169.58333333333,20841.8,0,47.08634029827045,80.21380624817448,0.8917407540916126,0,-0.5552751135790013,3.848181338956236,1813.371840338105,1989.0,1989.0,DART|DAILY_DISC,TRAILING_DART,,1813.371840338105,10.863739891497882,21760.46208405726,10.459198396229752,46.798478957549335,0,3.0,29.742928137811198,38.27070354768027,제외,0.0,NEUTRAL,0.8,,비밸류평가,EPS없음,45.103092783505154,관망,현재 강한 매수 신호는 없습니다. 관망이 적절합니다.
461,461,2026-04-28,미원상사,002840,KS,화학,147200.0,137765.0,140388.33333333334,144463.33333333334,149495.0,0,65.22295679587035,1322.902727889446,1.565840160598991,1,4.471256210078067,9.198813056379818,9162.47011136842,,10078.717122505264,DART,TRAILING_DART,,9162.47011136842,16.06553671780716,109949.64133642105,-25.30595017906179,17.857293593320932,0,3.0,58.640774663586974,38.24903412845396,제외,0.0,NEUTRAL,0.8,,비밸류평가,EPS없음,82.9896907216495,관망,현재 강한 매수 신호는 없습니다. 관망이 적절합니다.
462,462,2026-04-28,현대건설,000720,KS,건설,167100.0,170620.0,149441.66666666666,112506.66666666669,92953.0,1,50.57792415302127,-1792.1507281418471,1.4072961678661662,0,-4.459691252144083,17.593244194229406,5020.557310167103,4318.0,4318.0,DART|DAILY_DISC,TRAILING_DART,,5020.557310167103,33.283157561334214,60246.68772200524,-63.94572847276766,5.0,0,3.0,71.47287089049075,38.23643544524538,제외,0.0,NEUTRAL,0.8,,비밸류평가,EPS없음,78.6082474226804,관망,현재 강한 매수 신호는 없습니다. 관망이 적절합니다.
463,463,2026-04-28,RF머트리얼즈,327260,KQ,우주항공과국방,89100.0,88620.0,63454.16666666666,42484.16666666666,29623.65,1,54.01562636359291,-1694.5907038793357,1.138943016116744,0,-16.96178937558248,43.94184168012925,1221.5327405626867,,1343.6860146189556,DART|DAILY_DISC,TRAILING_DART,,1221.5327405626867,72.94114765925715,14658.39288675224,-83.54838059848232,5.0,0,3.0,71.41355160565702,38.20677580282851,제외,0.0,NEUTRAL,0.8,,비밸류평가,EPS없음,67.78350515463917,관망,현재 강한 매수 신호는 없습니다. 관망이 적절합니다.
464,464,2026-04-28,한국기업평가,034950,KQ,상업서비스와공급품,104900.0,102280.0,102138.33333333331,100415.0,99624.0,1,63.639950356044295,338.9876311295137,0.6968542812808577,1,1.1571841851494735,5.42713567839197,6470.528156503867,,7117.580972154254,DART,TRAILING_DART,,6470.528156503867,16.211968708390444,77646.3378780464,-25.980612127696478,17.26696438826558,0,3.0,59.130518275465754,38.19874133186567,제외,0.0,NEUTRAL,0.8,,비밸류평가,EPS없음,25.773195876288657,관망,현재 강한 매수 신호는 없습니다. 관망이 적절합니다.
465,465,2026-04-28,와이씨,232140,KQ,반도체와반도체장비,22850.0,19744.0,20092.666666666668,17197.083333333332,15160.55,1,64.43181114515238,472.6944438393042,0.7111970498084256,0,10.922330097087386,35.93099345627601,353.2725159561145,,388.599767551726,DART,TRAILING_DART,,353.2725159561145,64.68094450585156,4239.270191473373,-81.44739522331128,5.0,0,3.0,71.33439140603308,38.16719570301654,제외,0.0,NEUTRAL,0.8,,비밸류평가,EPS없음,27.31958762886598,관망,현재 강한 매수 신호는 없습니다. 관망이 적절합니다.
466,466,2026-04-28,신성이엔지,011930,KS,반도체와반도체장비,3995.0,3651.25,2768.3166666666666,2204.4416666666666,1985.05,1,61.74697138672589,-16.727801613057693,0.0,0,2.4358974358974272,49.62546816479401,-39.80866134668366,,-43.789527481352025,DART,TRAILING_DART,,-39.80866134668366,-100.35504497899454,-477.70393616020385,-111.95754533567468,5.0,1,3.0,70.98692217981454,37.99346108990727,제외,0.0,NEUTRAL,0.8,,비밸류평가,EPS없음,0.3221649484536082,관망,현재 강한 매수 신호는 없습니다. 관망이 적절합니다.
467,467,2026-04-28,LG유플러스,032640,KS,무선통신서비스,16470.0,16625.0,16171.333333333334,15688.916666666666,15356.3,1,49.496157513397335,-93.45064243271317,0.7188470728011661,0,-5.399195864445716,6.052801030263999,1184.7194213141197,1712.0,1712.0,DART,TRAILING_DART,,1184.7194213141197,13.902025833028947,14216.633055769436,-13.681645077295467,28.02856055736647,0,3.0,47.938204505022135,37.9833825311943,제외,0.0,NEUTRAL,0.8,,비밸류평가,EPS없음,28.221649484536083,관망,현재 강한 매수 신호는 없습니다. 관망이 적절합니다.
468,468,2026-04-28,빛과전자,069540,KQ,통신장비,5230.0,4509.25,2503.483333333333,1702.575,1423.125,1,58.03423510230167,-40.44123428925991,0.2054035420351534,0,-15.0974025974026,66.56050955414013,-200.7228771653937,,-220.7951648819331,DART,TRAILING_DART,,-200.7228771653937,-26.05582419830765,-2408.6745259847244,-146.05496225592208,5.0,1,3.0,70.89475334683087,37.947376673415434,제외,0.0,NEUTRAL,0.8,,비밸류평가,EPS없음,1.1597938144329898,관망,현재 강한 매수 신호는 없습니다. 관망이 적절합니다.
469,469,2026-04-28,비츠로셀,082920,KQ,전기제품,53200.0,47977.5,32318.33333333333,24788.75,20747.875,1,63.26433419203083,-199.96358132362,0.6048380342500591,0,-7.958477508650519,49.43820224719102,1255.5231602914166,1673.0,1673.0,DART,TRAILING_DART,,1255.5231602914166,42.372774698677695,15066.277923497,-71.6799287152312,5.0,0,3.0,70.64185840999967,37.820929204999835,제외,0.0,NEUTRAL,0.8,,비밸류평가,EPS없음,18.298969072164947,관망,현재 강한 매수 신호는 없습니다. 관망이 적절합니다.
470,470,2026-04-28,삼현,437730,KQ,자동차부품,56300.0,50680.0,53056.66666666666,50442.083333333336,37585.05,1,58.43778687005543,1008.9271725372412,1.295080415846135,0,3.492647058823528,25.111111111111107,305.628149867191,,336.1909648539101,DART,TRAILING_DART,,305.628149867191,184.21078040247556,3667.5377984062916,-93.48572327103678,5.0,0,3.0,70.57415575813633,37.787077879068164,제외,0.0,NEUTRAL,0.8,,비밸류평가,EPS없음,75.0,관망,현재 강한 매수 신호는 없습니다. 관망이 적절합니다.
471,471,2026-04-28,KISCO홀딩스,001940,KS,철강,27650.0,26485.0,25292.5,25655.416666666668,25730.5,1,63.949078620355486,80.20406220068628,1.0236446402121735,1,2.2181146025878062,11.717171717171729,-1636.0787873914214,,-1799.6866661305637,DART,TRAILING_DART,,-1636.0787873914214,-16.900164107674428,-19632.945448697057,-171.00522766255716,5.0,1,3.0,70.55215786154903,37.77607893077452,제외,0.0,NEUTRAL,0.8,,비밸류평가,EPS없음,58.634020618556704,관망,현재 강한 매수 신호는 없습니다. 관망이 적절합니다.
472,472,2026-04-28,국일제지,078130,KQ,종이와목재,436.0,362.65,337.31666666666666,346.775,433.37695861816405,1,63.031772806983,11.194370054728813,2.7296494102587,0,20.441988950276247,36.677115987460816,-1.6469018077341553,,-1.8115919885075709,DART,TRAILING_DART,,-1.6469018077341553,-264.73952360272085,-19.762821692809865,-104.5327572689931,5.0,1,3.0,70.45837493664844,37.72918746832422,제외,0.0,NEUTRAL,0.8,,비밸류평가,EPS없음,93.94329896907216,관망,현재 강한 매수 신호는 없습니다. 관망이 적절합니다.
473,473,2026-04-28,NHN KCP,060250,KQ,IT서비스,20350.0,18301.0,19685.666666666668,17771.166666666668,16819.85,1,58.93693374396088,307.0658943507036,0.6566635193036329,0,-1.2135922330097082,29.78316326530612,1139.871283532016,1343.0,1343.0,DART,TRAILING_DART,,1139.871283532016,17.8528929485295,13678.455402384192,-32.78400293668702,11.31399743039886,0,3.0,64.08272744063252,37.69836243551569,제외,0.0,NEUTRAL,0.8,,비밸류평가,EPS없음,22.422680412371136,관망,현재 강한 매수 신호는 없습니다. 관망이 적절합니다.
474,474,2026-04-28,파라다이스,034230,KS,"호텔,레스토랑,레저",16090.0,15488.0,17469.833333333332,17185.666666666668,18239.2,0,50.80145500638552,177.6488436959581,0.985790854262124,0,4.820846905537457,-0.0621118012422372,1563.0187047669172,1033.0,1033.0,DART,TRAILING_DART,,1563.0187047669172,10.294182629375122,18756.224457203007,16.57069271101932,50.77095026216256,0,3.0,24.5254612962291,37.64820577919583,제외,0.0,NEUTRAL,0.8,,비밸류평가,EPS없음,55.154639175257735,관망,현재 강한 매수 신호는 없습니다. 관망이 적절합니다.
475,475,2026-04-28,NHN,181710,KS,IT서비스,41200.0,39375.0,37575.833333333336,34335.416666666664,31656.5,1,55.54498988445299,102.87710623850036,0.3829779271288003,0,-0.4830917874396156,9.57446808510638,1584.8642941368155,3160.0,3160.0,DART|DAILY_DISC,TRAILING_DART,,1584.8642941368155,25.995916591987623,19018.371529641787,-53.8389040542675,5.0,0,3.0,70.22207723580419,37.611038617902096,제외,0.0,NEUTRAL,0.8,,비밸류평가,EPS없음,5.283505154639175,관망,현재 강한 매수 신호는 없습니다. 관망이 적절합니다.
476,476,2026-04-28,우리기술,032820,KQ,우주항공과국방,22250.0,21995.0,19139.5,11822.75,8691.75,1,51.23405670463009,-87.22650510702692,0.4827470489712162,0,-1.330376940133038,9.068627450980385,-23.99035962686787,,-26.38939558955466,DART,TRAILING_DART,,-23.99035962686787,-927.4558758627876,-287.88431552241445,-101.29386209223557,5.0,1,3.0,70.01547473448072,37.50773736724036,제외,0.0,NEUTRAL,0.8,,비밸류평가,EPS없음,9.922680412371134,관망,현재 강한 매수 신호는 없습니다. 관망이 적절합니다.
477,477,2026-04-28,오킨스전자,080580,KQ,반도체와반도체장비,21950.0,21334.0,18421.83333333333,14107.583333333334,11547.4,1,53.97563388468624,-143.80539710912217,0.4680534613271025,0,-2.660753880266076,15.709014232999465,378.52465038926834,,416.3771154281952,DART,TRAILING_DART,,378.52465038926834,57.98829739998965,4542.29580467122,-79.30616945480082,5.0,0,3.0,69.94212689564995,37.471063447824974,제외,0.0,NEUTRAL,0.8,,비밸류평가,EPS없음,9.278350515463918,관망,현재 강한 매수 신호는 없습니다. 관망이 적절합니다.
478,478,2026-04-28,헬릭스미스,084990,KQ,생물공학,8910.0,8686.0,7147.166666666667,6597.125,5944.1,1,58.25787280062599,-91.51602755809796,0.4814016438871555,0,7.091346153846145,7.091346153846145,-9.982485224318236,,-10.98073374675006,DART,TRAILING_DART,,-9.982485224318236,-892.5633046061952,-119.78982269181883,-101.34444245445364,5.0,1,3.0,69.907902571205,37.4539512856025,제외,0.0,NEUTRAL,0.8,,비밸류평가,EPS없음,9.664948453608249,관망,현재 강한 매수 신호는 없습니다. 관망이 적절합니다.
479,479,2026-04-28,HLB이노베이션,024850,KQ,반도체와반도체장비,23100.0,21445.0,16210.833333333334,12723.125,11169.0,1,58.377993602859625,-243.3713091834129,0.0,0,-4.446742502585311,58.21917808219179,-213.83190144529908,,-235.215091589829,DART,TRAILING_DART,,-213.83190144529908,-108.02878262722308,-2565.982817343589,-111.10815072443113,5.0,1,3.0,69.86500228469299,37.432501142346496,제외,0.0,NEUTRAL,0.8,,비밸류평가,EPS없음,0.3221649484536082,관망,현재 강한 매수 신호는 없습니다. 관망이 적절합니다.
480,480,2026-04-28,제이에스링크,127120,KQ,생명과학도구및서비스,42300.0,42885.0,37396.66666666666,28217.08333333333,24055.05,1,51.48617492031238,-443.54340774344246,1.0028984240331529,0,3.296703296703307,11.462450592885377,-476.6943354093664,,-524.3637689503031,DART,TRAILING_DART,,-476.6943354093664,-88.73610793733141,-5720.332024912396,-113.52324355771253,5.0,1,3.0,69.7941519213387,37.39707596066935,제외,0.0,NEUTRAL,0.8,,비밸류평가,EPS없음,57.087628865979376,관망,현재 강한 매수 신호는 없습니다. 관망이 적절합니다.
481,481,2026-04-28,RFHIC,218410,KQ,통신장비,87800.0,92975.0,74301.66666666667,53637.083333333336,43455.25,1,48.58571114944517,-1243.6803495471213,1.174172847227415,0,-11.758793969849249,17.066666666666674,1337.1457800084825,1657.0,1657.0,DART|DAILY_DISC,TRAILING_DART,,1337.1457800084825,65.66224963103352,16045.749360101789,-81.72465904316425,5.0,0,3.0,69.6597163357732,37.3298581678866,제외,0.0,NEUTRAL,0.8,,비밸류평가,EPS없음,69.3298969072165,관망,현재 강한 매수 신호는 없습니다. 관망이 적절합니다.
482,482,2026-04-28,ISC,095340,KQ,반도체와반도체장비,237500.0,238300.0,208098.3333333333,154495.83333333334,119680.0,1,52.94181016506448,-1735.081496272158,0.6538243435720131,0,-0.2100840336134446,1.93133047210301,2658.0703091438445,4009.0,4009.0,DART|DAILY_DISC,TRAILING_DART,,2658.0703091438445,89.35053342381224,31896.843709726134,-86.56975001695741,5.0,0,3.0,69.55454712914293,37.277273564571466,제외,0.0,NEUTRAL,0.8,,비밸류평가,EPS없음,22.29381443298969,관망,현재 강한 매수 신호는 없습니다. 관망이 적절합니다.
483,483,2026-04-28,필옵틱스,161580,KQ,전자장비와기기,49450.0,43150.0,45562.5,45140.833333333336,40942.75,1,59.421100215337376,1163.0347972861591,0.9466960921818464,0,0.101214574898778,36.98060941828254,-1127.4324798301118,,-1240.175727813123,DART,TRAILING_DART,,-1127.4324798301118,-43.86071971906594,-13529.189757961341,-127.35933216979038,5.0,1,3.0,69.45642121528269,37.228210607641344,제외,0.0,NEUTRAL,0.8,,비밸류평가,EPS없음,51.675257731958766,관망,현재 강한 매수 신호는 없습니다. 관망이 적절합니다.
484,484,2026-04-28,에스오에스랩,464080,KQ,전자장비와기기,16970.0,15604.0,17101.833333333332,15526.0,13633.8,1,55.4528066587946,277.84339672163924,2.3192814120738685,0,1.0720667063728315,18.754373687893636,-986.348088445758,,-1084.9828972903338,DART,TRAILING_DART,,-986.348088445758,-17.204879493141764,-11836.177061349095,-169.7476550462528,5.0,1,3.0,69.43172454883421,37.215862274417105,제외,0.0,NEUTRAL,0.8,,비밸류평가,EPS없음,92.0103092783505,관망,현재 강한 매수 신호는 없습니다. 관망이 적절합니다.
485,485,2026-04-28,에코마케팅,230360,KQ,"섬유,의류,신발,호화품",16000.0,15996.0,15926.833333333334,14247.666666666666,13456.95,1,61.17262373721657,-8.440077277383288,6.012370474734455,0,0.0,0.9463722397476282,570.5787884146843,,627.6366672561527,DART,TRAILING_DART,,570.5787884146843,28.04170138265208,6846.945460976211,-57.20659086889868,5.0,0,3.0,69.38323464990955,37.19161732495478,제외,0.0,NEUTRAL,0.8,,비밸류평가,EPS없음,98.84020618556701,관망,현재 강한 매수 신호는 없습니다. 관망이 적절합니다.
486,486,2026-04-28,한전KPS,051600,KS,전기유틸리티,63900.0,59270.0,59086.66666666666,55968.333333333336,54111.75,1,63.62704542560025,672.6448425609866,0.8340855787827377,0,6.146179401993357,15.135135135135137,2761.145848377778,3456.0,3456.0,DART,TRAILING_DART,,2761.145848377778,23.142565988516104,33133.75018053333,-48.147495805112165,5.0,0,3.0,69.31274828193115,37.156374140965575,제외,0.0,NEUTRAL,0.8,,비밸류평가,EPS없음,39.56185567010309,관망,현재 강한 매수 신호는 없습니다. 관망이 적절합니다.
487,487,2026-04-28,대한광통신,010170,KQ,통신장비,15090.0,15023.0,8586.25,5566.125,3860.29,1,55.83698143700844,-497.4309328527497,0.487161820170051,0,-3.8853503184713367,108.4254143646409,-179.90680153398068,,-197.8974816873788,DART,TRAILING_DART,,-179.90680153398068,-83.87676214203502,-2158.881618407768,-114.30670389932251,5.0,1,3.0,69.22749337036015,37.113746685180075,제외,0.0,NEUTRAL,0.8,,비밸류평가,EPS없음,10.18041237113402,관망,현재 강한 매수 신호는 없습니다. 관망이 적절합니다.
488,488,2026-04-28,태성,323280,KQ,전자장비와기기,85200.0,61740.0,67303.33333333333,55342.083333333336,44373.5,1,70.24439911840281,3887.158157341354,1.2806946007670617,0,28.70090634441087,68.37944664031622,-83.08275491699189,,-91.39103040869108,DART,TRAILING_DART,,-83.08275491699189,-1025.483568583197,-996.9930590039027,-101.1701796467182,5.0,1,3.0,69.20960347678803,37.104801738394016,제외,0.0,NEUTRAL,0.8,,비밸류평가,EPS없음,74.48453608247422,관망,현재 강한 매수 신호는 없습니다. 관망이 적절합니다.
489,489,2026-04-28,에스에프에이,056190,KQ,기계,32050.0,29235.0,30230.83333333333,27097.916666666668,25866.75,1,61.96388562382746,475.9693994522696,1.1340263219663216,0,0.7861635220125729,23.269230769230774,1450.9773826219564,,1596.075120884152,DART,TRAILING_DART,,1450.9773826219564,22.088559328254146,17411.728591463478,-45.67323372398291,5.0,0,3.0,69.18919611968178,37.09459805984089,제외,0.0,NEUTRAL,0.8,,비밸류평가,EPS없음,67.26804123711341,관망,현재 강한 매수 신호는 없습니다. 관망이 적절합니다.
490,490,2026-04-28,명인제약,317450,KS,제약,56200.0,56120.0,59265.0,64325.0,,0,46.14510617636758,185.0595237825221,0.9500514217416683,0,-1.403508771929829,4.850746268656714,5577.754563972603,,6135.530020369864,DART,TRAILING_DART,,5577.754563972603,10.075739144745208,66933.05476767124,19.0979622200556,52.41367544303614,0,3.0,21.71290009902443,37.06328777103029,제외,0.0,NEUTRAL,0.8,,비밸류평가,EPS없음,52.31958762886598,관망,현재 강한 매수 신호는 없습니다. 관망이 적절합니다.
491,491,2026-04-28,광전자,017900,KS,전자장비와기기,10580.0,10232.25,4836.533333333334,3331.9333333333334,2771.545,1,55.498633995477846,-418.87987201149326,0.2617786827419558,0,-11.612364243943196,286.837294332724,72.94191680302158,,80.23610848332375,DART,TRAILING_DART,,72.94191680302158,145.04691491136862,875.3030016362591,-91.72681472933593,5.0,0,3.0,69.10665499838494,37.05332749919247,제외,0.0,NEUTRAL,0.8,,비밸류평가,EPS없음,1.9329896907216495,관망,현재 강한 매수 신호는 없습니다. 관망이 적절합니다.
492,492,2026-04-28,리가켐바이오,141080,KQ,제약,203500.0,189710.0,190555.0,182080.8333333333,166706.5,1,55.57274445809245,1799.1195877633636,0.9535992185090076,0,4.842864502833599,5.989583333333326,-2500.718270096277,865.0,865.0,DART,TRAILING_DART,,-2500.718270096277,-81.37661984297227,-30008.619241155327,-114.74625024135396,5.0,1,3.0,68.94948187549595,36.974740937747974,제외,0.0,NEUTRAL,0.8,,비밸류평가,EPS없음,52.83505154639175,관망,현재 강한 매수 신호는 없습니다. 관망이 적절합니다.
493,493,2026-04-28,강스템바이오텍,217730,KQ,생물공학,4095.0,3874.5,2879.55,2332.6833333333334,1961.915,1,61.18628554384966,-41.69714443756419,0.3790210425932432,0,-2.7315914489311144,33.823529411764696,-111.2908460316833,,-122.41993063485164,DART,TRAILING_DART,,-111.2908460316833,-36.795479107366994,-1335.4901523801996,-132.61270213382662,5.0,1,3.0,68.86204087719655,36.931020438598274,제외,0.0,NEUTRAL,0.8,,비밸류평가,EPS없음,4.896907216494846,관망,현재 강한 매수 신호는 없습니다. 관망이 적절합니다.
494,494,2026-04-28,미래에셋증권,006800,KS,증권,68500.0,67285.0,63462.598046875,44136.73382161458,34732.59130859375,1,53.538200865028735,-261.15605984013337,1.0087632832292237,0,-0.4360465116279077,11.201298701298713,2828.823607287122,3466.0,3466.0,DART|DAILY_DISC,TRAILING_DART,,2828.823607287122,24.2150128497027,33945.88328744546,-50.44396600372926,5.0,0,3.0,68.85097637109266,36.92548818554633,제외,0.0,NEUTRAL,0.8,,비밸류평가,EPS없음,57.47422680412371,관망,현재 강한 매수 신호는 없습니다. 관망이 적절합니다.
495,495,2026-04-28,SK이터닉스,475150,KS,에너지장비및서비스,55000.0,56660.0,41338.5,30741.83333333333,27569.6,1,54.60655137990933,-1196.4640598997698,0.3692836425474664,0,3.383458646616533,1.2891344383057168,901.8046132850426,1208.0,1208.0,DART,TRAILING_DART,,901.8046132850426,60.98882084850855,10821.65535942051,-80.3242629828718,5.0,0,3.0,68.78805406425333,36.894027032126665,제외,0.0,NEUTRAL,0.8,,비밸류평가,EPS없음,4.510309278350515,관망,현재 강한 매수 신호는 없습니다. 관망이 적절합니다.
496,496,2026-04-28,파이버프로,368770,KQ,전자장비와기기,23450.0,23387.5,18771.0,14314.75,10997.65,1,54.24604973407656,-230.70741694011485,0.5925827803419857,0,-9.108527131782951,26.415094339622637,283.3454834499977,,311.6800317949975,DART,TRAILING_DART,,283.3454834499977,82.76115685513741,3400.1458013999722,-85.50044434371014,5.0,0,3.0,68.72399572481217,36.861997862406085,제외,0.0,NEUTRAL,0.8,,비밸류평가,EPS없음,17.13917525773196,관망,현재 강한 매수 신호는 없습니다. 관망이 적절합니다.
497,497,2026-04-28,코스맥스,192820,KS,화장품,221000.0,202655.0,193465.0,183104.16666666663,199841.0,1,64.32228166072025,2383.820494438063,0.5428530200770023,0,3.2710280373831724,12.468193384223913,11549.061129252375,12485.0,12485.0,DART,TRAILING_DART,,11549.061129252375,19.135754632056948,138588.7335510285,-37.29016581401425,7.37110491273753,0,3.0,66.32329061443836,36.84719776358795,제외,0.0,NEUTRAL,0.8,,비밸류평가,EPS없음,14.690721649484537,관망,현재 강한 매수 신호는 없습니다. 관망이 적절합니다.
498,498,2026-04-28,펄어비스,263750,KQ,게임엔터테인먼트,60600.0,58405.0,56405.0,47530.41666666666,42844.75,1,55.841032212159206,237.6688516717965,0.4980966550041329,0,11.397058823529417,-12.173913043478258,-130.9758782919679,3844.0,3844.0,DART,TRAILING_DART,,-130.9758782919679,-462.6806156238336,-1571.7105395036147,-102.5935817483558,5.0,1,3.0,68.5051864181708,36.7525932090854,제외,0.0,NEUTRAL,0.8,,비밸류평가,EPS없음,10.824742268041238,관망,현재 강한 매수 신호는 없습니다. 관망이 적절합니다.
499,499,2026-04-28,두산로보틱스,454910,KS,기계,100100.0,90415.0,94628.33333333331,89806.66666666667,79699.0,1,63.91709448752472,1360.0408219150263,1.415077088120668,0,8.09935205183585,25.911949685534587,-856.14561342043,,-941.7601747624732,DART|DAILY_DISC,TRAILING_DART,,-856.14561342043,-116.91936328457668,-10273.74736104516,-110.263483877168,5.0,1,3.0,68.47735126666076,36.73867563333038,제외,0.0,NEUTRAL,0.8,,비밸류평가,EPS없음,78.73711340206185,관망,현재 강한 매수 신호는 없습니다. 관망이 적절합니다.
500,500,2026-04-28,미래에셋생명,085620,KS,생명보험,16770.0,17040.5,14562.833333333334,11875.166666666666,10162.825,1,50.51472657814742,-149.4951304320714,0.7319696923609942,0,-3.786574870912218,3.967761934283942,783.0164987179776,,861.3181485897754,DART,TRAILING_DART,,783.0164987179776,21.41717323639706,9396.19798461573,-43.97019687170107,5.0,0,3.0,68.45549006847499,36.72774503423749,제외,0.0,NEUTRAL,0.8,,비밸류평가,EPS없음,30.025773195876287,관망,현재 강한 매수 신호는 없습니다. 관망이 적절합니다.
501,501,2026-04-28,쏠리드,050890,KQ,통신장비,15930.0,16213.0,12295.333333333334,9982.25,8680.55,1,53.443826312208806,-259.1047140798937,0.321202986590837,0,-3.920386007237631,26.12826603325416,599.8231769606871,,659.8054946567559,DART,TRAILING_DART,,599.8231769606871,26.55782672606541,7197.878123528245,-54.81557988996708,5.0,0,3.0,68.37279511150315,36.686397555751576,제외,0.0,NEUTRAL,0.8,,비밸류평가,EPS없음,3.994845360824742,관망,현재 강한 매수 신호는 없습니다. 관망이 적절합니다.
502,502,2026-04-28,우리로,046970,KQ,컴퓨터와주변기기,8750.0,9307.5,4373.216666666666,2843.025,2224.085,1,53.4315170202569,-417.1816269180197,0.1387118425834191,0,-17.608286252354045,13.3419689119171,-17.99597898450608,,-19.79557688295669,DART,TRAILING_DART,,-17.99597898450608,-486.2197276143437,-215.95174781407297,-102.46801997501798,5.0,1,3.0,68.36839893580603,36.684199467903014,제외,0.0,NEUTRAL,0.8,,비밸류평가,EPS없음,0.6443298969072164,관망,현재 강한 매수 신호는 없습니다. 관망이 적절합니다.
503,503,2026-04-28,아모레퍼시픽,090430,KS,화장품,146200.0,134015.0,139600.0,131773.33333333334,129242.5,1,61.92907347295244,2144.845318979531,2.1658543595147712,0,11.9448698315467,6.559766763848396,4228.1518939805865,5086.0,5086.0,DART,TRAILING_DART,,4228.1518939805865,34.57775493073884,50737.82272776704,-65.29560688935223,5.0,0,3.0,68.29676932326866,36.64838466163433,제외,0.0,NEUTRAL,0.8,,비밸류평가,EPS없음,90.33505154639175,관망,현재 강한 매수 신호는 없습니다. 관망이 적절합니다.
504,504,2026-04-28,제노코,361390,KQ,우주항공과국방,31200.0,29500.0,28821.666666666668,23534.58333333333,20877.1,1,55.5445832725252,115.59942009508694,0.5561586022072633,0,3.6544850498338777,8.521739130434792,-218.4523487613743,,-240.29758363751176,DART,TRAILING_DART,,-218.4523487613743,-142.82290932967362,-2621.4281851364917,-108.40201341389901,5.0,1,3.0,68.0164062683389,36.50820313416945,제외,0.0,NEUTRAL,0.8,,비밸류평가,EPS없음,15.206185567010309,관망,현재 강한 매수 신호는 없습니다. 관망이 적절합니다.
505,505,2026-04-28,동원시스템즈,014820,KS,포장재,27850.0,25942.5,26385.83333333333,26454.58333333333,27753.0,1,61.2963678155179,323.662896769224,1.0050928215247965,0,1.642335766423364,11.62324649298596,1853.1409104985423,,2038.4550015483967,DART,TRAILING_DART,,1853.1409104985423,15.02853875936916,22237.690925982508,-20.151917680493693,22.36707202956802,0,3.0,50.64017380440425,36.50362291698613,제외,0.0,NEUTRAL,0.8,,비밸류평가,EPS없음,57.21649484536082,관망,현재 강한 매수 신호는 없습니다. 관망이 적절합니다.
506,506,2026-04-28,코스모화학,005420,KS,화학,18190.0,16529.5,15988.166666666666,16111.25,16372.35,1,65.07097532948103,216.16410513381425,0.9519732578760812,0,-1.087547580206638,22.32683254875589,-806.1065914574345,,-886.7172506031781,DART,TRAILING_DART,,-806.1065914574345,-22.565254015740795,-9673.279097489214,-153.17910443919303,5.0,1,3.0,67.88673267457183,36.443366337285916,제외,0.0,NEUTRAL,0.8,,비밸류평가,EPS없음,52.70618556701031,관망,현재 강한 매수 신호는 없습니다. 관망이 적절합니다.
507,507,2026-04-28,에코프로,086520,KQ,화학,161500.0,151070.0,156458.33333333334,126732.5,98106.25,1,58.32155822491601,1331.096487934546,1.5188408814266556,0,-1.3439218081857107,15.77060931899641,-777.3058936594402,,-855.0364830253843,DART,TRAILING_DART,,-777.3058936594402,-207.7689122356735,-9327.670723913283,-105.77564750706705,5.0,1,3.0,67.85900434798168,36.42950217399084,제외,0.0,NEUTRAL,0.8,,비밸류평가,EPS없음,82.34536082474226,관망,현재 강한 매수 신호는 없습니다. 관망이 적절합니다.
508,508,2026-04-28,칩스앤미디어,094360,KQ,반도체와반도체장비,18450.0,16983.5,17389.166666666668,17112.333333333332,16940.75,1,59.05175896345053,254.3107879887033,2.3001986242186887,0,3.535353535353525,21.06299212598426,277.6083204346229,,305.3691524780852,DART|DAILY_DISC,TRAILING_DART,,277.6083204346229,66.4605440179701,3331.2998452154748,-81.94417428067493,5.0,0,3.0,67.59231072345926,36.29615536172963,제외,0.0,NEUTRAL,0.8,,비밸류평가,EPS없음,91.49484536082474,관망,현재 강한 매수 신호는 없습니다. 관망이 적절합니다.
509,509,2026-04-28,오이솔루션,138080,KQ,통신장비,37600.0,42792.5,30606.33333333333,22167.916666666668,17576.2,1,45.47125923718979,-1176.1484379038602,0.987287261532076,0,-18.61471861471862,13.93939393939394,-2203.752961522277,,-2424.1282576745048,DART,TRAILING_DART,,-2203.752961522277,-17.061803503613767,-26445.035538267322,-170.33254132517905,5.0,1,3.0,67.56380373563134,36.28190186781567,제외,0.0,NEUTRAL,0.8,,비밸류평가,EPS없음,55.412371134020624,관망,현재 강한 매수 신호는 없습니다. 관망이 적절합니다.
510,510,2026-04-28,LG씨엔에스,064400,KS,IT서비스,67500.0,63365.0,65838.33333333333,64240.0,66208.0,1,57.29647267116804,627.3653219130239,1.1658701768320618,0,0.746268656716409,20.967741935483875,4532.727449805208,5114.0,5114.0,DART,TRAILING_DART,,4532.727449805208,14.8916961691356,54392.7293976625,-19.418178670129628,23.009093663636577,0,3.0,49.53751908082213,36.27330637222936,제외,0.0,NEUTRAL,0.8,,비밸류평가,EPS없음,68.94329896907216,관망,현재 강한 매수 신호는 없습니다. 관망이 적절합니다.
511,511,2026-04-28,안랩,053800,KQ,소프트웨어,63800.0,63135.0,63078.333333333336,62117.5,62194.5,1,51.07512054034631,70.23440317916436,0.6476998441877466,0,-3.915662650602414,7.770270270270263,4628.169832110817,,5090.9868153219,DART|DAILY_DISC,TRAILING_DART,,4628.169832110817,13.785146680951003,55538.03798532981,-12.9497837220536,28.668939243203102,0,3.0,43.747758494077544,36.20834886864032,제외,0.0,NEUTRAL,0.8,,비밸류평가,EPS없음,21.649484536082475,관망,현재 강한 매수 신호는 없습니다. 관망이 적절합니다.
512,512,2026-04-28,대명에너지,389260,KQ,에너지장비및서비스,24100.0,23335.0,20854.666666666668,20051.08333333333,21528.4,1,56.52573804365328,-2.571520671969779,0.388129743795973,0,10.297482837528603,9.545454545454549,789.445728965064,,868.3903018615704,DART,TRAILING_DART,,789.445728965064,30.52774765352682,9473.348747580767,-60.691498972693914,5.0,0,3.0,67.3759485524866,36.1879742762433,제외,0.0,NEUTRAL,0.8,,비밸류평가,EPS없음,5.541237113402062,관망,현재 강한 매수 신호는 없습니다. 관망이 적절합니다.
513,513,2026-04-28,GS피앤엘,499790,KS,"호텔,레스토랑,레저",55900.0,47085.0,50315.0,47432.5,46737.0,1,67.69511781208516,1186.4616743370918,0.8725391677290792,0,16.45833333333333,32.46445497630332,1509.967729961629,2777.0,2777.0,DART,TRAILING_DART,,1509.967729961629,37.020658713958426,18119.61275953955,-67.58566590422264,5.0,0,3.0,67.35828566135059,36.179142830675296,제외,0.0,NEUTRAL,0.8,,비밸류평가,EPS없음,42.65463917525773,관망,현재 강한 매수 신호는 없습니다. 관망이 적절합니다.
514,514,2026-04-28,케이엠더블유,032500,KQ,통신장비,28550.0,28980.0,24487.33333333333,19995.75,17287.35,1,50.38918282367272,-283.893458663526,0.5509341057328071,0,-7.3051948051948035,12.180746561886057,-651.524399344982,,-716.6768392794803,DART,TRAILING_DART,,-651.524399344982,-43.82030823205253,-7818.292792139784,-127.3845631948854,5.0,1,3.0,67.30435946851021,36.15217973425511,제외,0.0,NEUTRAL,0.8,,비밸류평가,EPS없음,15.077319587628866,관망,현재 강한 매수 신호는 없습니다. 관망이 적절합니다.
515,515,2026-04-28,현대무벡스,319400,KQ,기계,31350.0,29480.0,30010.83333333333,23232.58333333333,16728.2,1,57.037531694248585,185.39615969283463,1.240091324756469,0,4.152823920265791,31.446540880503136,101.4027367053339,,111.5430103758673,DART,TRAILING_DART,,101.4027367053339,309.1632535628692,1216.8328404640067,-96.11855553281019,5.0,0,3.0,67.27358966254327,36.13679483127164,제외,0.0,NEUTRAL,0.8,,비밸류평가,EPS없음,72.16494845360825,관망,현재 강한 매수 신호는 없습니다. 관망이 적절합니다.
516,516,2026-04-28,에이스테크,088800,KQ,통신장비,4710.0,5001.5,3787.4166666666665,3499.333333333333,3046.975,1,49.81011040230239,-146.61735518672936,0.2305552675003506,0,-10.626185958254265,22.976501305483037,-385.5924464794616,,-424.1516911274078,DART,TRAILING_DART,,-385.5924464794616,-12.214969569563069,-4627.109357753539,-198.2401137527291,5.0,1,3.0,67.07503942939371,36.037519714696856,제외,0.0,NEUTRAL,0.8,,비밸류평가,EPS없음,1.675257731958763,관망,현재 강한 매수 신호는 없습니다. 관망이 적절합니다.
517,517,2026-04-28,롯데관광개발,032350,KS,"호텔,레스토랑,레저",22150.0,18510.0,20960.83333333333,21103.83333333333,19660.7,1,67.2640249663184,595.0558131136414,0.4600941396989936,1,12.20871327254307,27.665706051873197,346.68499759187875,1065.0,1065.0,DART,TRAILING_DART,,346.68499759187875,63.890852369894624,4160.219971102545,-81.21796852775375,5.0,0,3.0,67.03904554312567,36.01952277156283,제외,0.0,NEUTRAL,0.8,,비밸류평가,EPS없음,8.762886597938143,관망,현재 강한 매수 신호는 없습니다. 관망이 적절합니다.
518,518,2026-04-28,비에이치아이,083650,KQ,에너지장비및서비스,97400.0,95265.0,91430.0,71903.33333333333,61764.5,1,52.54512248256119,176.91566119057734,0.7345961208486335,0,-0.4089979550102263,5.297297297297288,2106.8902526226493,,2317.5792778849145,DART,TRAILING_DART,,2106.8902526226493,46.2292707836855,25282.68303147179,-74.04241988555258,5.0,0,3.0,67.03871625488131,36.019358127440654,제외,0.0,NEUTRAL,0.8,,비밸류평가,EPS없음,30.412371134020617,관망,현재 강한 매수 신호는 없습니다. 관망이 적절합니다.
519,519,2026-04-28,엠디바이스,226590,KQ,반도체와반도체장비,28050.0,26780.0,25892.0,19998.916666666668,17654.45,1,52.006893472315504,63.859313184626274,0.6042490668487259,0,0.3577817531305927,20.3862660944206,1004.425075610604,,1104.8675831716646,DART,TRAILING_DART,,1004.425075610604,27.92642346463524,12053.100907327249,-57.02994328938592,5.0,0,3.0,67.02894638850452,36.01447319425226,제외,0.0,NEUTRAL,0.8,,비밸류평가,EPS없음,18.170103092783503,관망,현재 강한 매수 신호는 없습니다. 관망이 적절합니다.
520,520,2026-04-28,부광약품,003000,KS,제약,6680.0,7687.0,6268.0,5061.708333333333,4442.2,1,42.64375406127586,-202.26212831928663,1.7302468728805755,0,-8.367626886145407,-8.493150684931505,126.01349225600724,,138.61484148160798,DART,TRAILING_DART,,126.01349225600724,53.01019660997098,1512.161907072087,-77.36284570251367,5.0,0,3.0,66.7641143567779,35.88205717838895,제외,0.0,NEUTRAL,0.8,,비밸류평가,EPS없음,85.4381443298969,관망,현재 강한 매수 신호는 없습니다. 관망이 적절합니다.
521,521,2026-04-28,제넥신,095700,KQ,생물공학,5710.0,5428.5,4944.5,4886.666666666667,5052.2,1,54.47830142325422,-14.33198876140085,0.2975500706014688,0,-6.085526315789469,23.32613390928726,-597.602050737526,,-657.3622558112787,DART,TRAILING_DART,,-597.602050737526,-9.554853422864008,-7171.2246088503125,-225.59062362259743,5.0,1,3.0,66.75832876520359,35.87916438260179,제외,0.0,NEUTRAL,0.8,,비밸류평가,EPS없음,3.350515463917526,관망,현재 강한 매수 신호는 없습니다. 관망이 적절합니다.
522,522,2026-04-28,자람테크놀로지,389020,KQ,통신장비,53600.0,52930.0,49795.0,43507.91666666666,41943.5,1,50.77011403278996,-83.77590259264957,0.4696352612070925,0,-3.4234234234234218,10.629514963880291,-1030.3971874758656,,-1133.4369062234523,DART,TRAILING_DART,,-1030.3971874758656,-52.0187755280101,-12364.766249710388,-123.0685937494597,5.0,1,3.0,66.60360718875486,35.80180359437743,제외,0.0,NEUTRAL,0.8,,비밸류평가,EPS없음,9.407216494845361,관망,현재 강한 매수 신호는 없습니다. 관망이 적절합니다.
523,523,2026-04-28,에프에스티,036810,KQ,반도체와반도체장비,43700.0,41640.0,41535.833333333336,36494.38123372396,32363.2623828125,1,54.54157624412967,313.65295554556906,0.8150119375761633,0,-2.6726057906458767,19.72602739726028,-668.1659410264162,,-734.982535129058,DART,TRAILING_DART,,-668.1659410264162,-65.40291463056226,-8017.991292316995,-118.34780616090845,5.0,1,3.0,66.60300426102164,35.80150213051082,제외,0.0,NEUTRAL,0.8,,비밸류평가,EPS없음,37.75773195876289,관망,현재 강한 매수 신호는 없습니다. 관망이 적절합니다.
524,524,2026-04-28,아스트,067390,KQ,우주항공과국방,791.0,774.5,759.45,671.175,629.63,1,53.36169809221369,0.6710735397450804,1.2615882796099922,0,-1.1249999999999982,12.678062678062684,-21.596888515659145,,-23.756577367225063,DART,TRAILING_DART,,-21.596888515659145,-36.62564630208068,-259.16266218790975,-132.76392695169528,5.0,1,3.0,66.5167482648147,35.75837413240735,제외,0.0,NEUTRAL,0.8,,비밸류평가,EPS없음,73.58247422680412,관망,현재 강한 매수 신호는 없습니다. 관망이 적절합니다.
525,525,2026-04-28,HD현대중공업,329180,KS,조선,667000.0,527850.0,548808.3333333334,555437.5,527090.0,1,74.20457514891721,24057.03677392967,0.7413753394630809,0,15.798611111111116,43.44086021505375,13485.785488879346,25210.0,25210.0,DART|DAILY_DISC,TRAILING_DART,,13485.785488879346,49.459484621790985,161829.42586655216,-75.73771726138648,5.0,0,3.0,66.51467510850378,35.75733755425189,제외,0.0,NEUTRAL,0.8,,비밸류평가,EPS없음,31.314432989690722,관망,현재 강한 매수 신호는 없습니다. 관망이 적절합니다.
526,526,2026-04-28,롯데웰푸드,280360,KS,식품,121300.0,114815.0,117826.66666666669,117674.16666666669,117441.5,1,60.9234191141387,1070.5702448513755,1.446790667026088,0,2.622673434856182,9.180918091809186,7672.584649979676,11712.0,11712.0,DART,TRAILING_DART,,7672.584649979676,15.809535578121162,92071.01579975612,-24.09644204471878,18.915613210871065,0,3.0,52.516560174653875,35.716086692762474,제외,0.0,NEUTRAL,0.8,,비밸류평가,EPS없음,80.41237113402062,관망,현재 강한 매수 신호는 없습니다. 관망이 적절합니다.
527,527,2026-04-28,리노공업,058470,KQ,반도체와반도체장비,111400.0,113165.0,107681.66666666669,85265.0,71263.0,1,48.93742749378147,-330.47098094912235,1.5029728713540107,0,-5.9915611814346015,18.008474576271194,1993.9244409629207,2413.0,2413.0,DART,TRAILING_DART,,1993.9244409629207,55.86971989079079,23927.093291555047,-78.52146024097392,5.0,0,3.0,66.42477792107407,35.712388960537034,제외,0.0,NEUTRAL,0.8,,비밸류평가,EPS없음,81.8298969072165,관망,현재 강한 매수 신호는 없습니다. 관망이 적절합니다.
528,528,2026-04-28,유니테스트,086390,KQ,반도체와반도체장비,18980.0,17360.0,18134.83333333333,16149.916666666666,15896.55,1,56.38355761095247,289.13295577905365,0.7461650442595406,0,-1.9121447028423777,20.355104629042486,-1061.8720867378192,,-1168.0592954116012,DART,TRAILING_DART,,-1061.8720867378192,-17.874092592742052,-12742.465040853831,-167.13627524159028,5.0,1,3.0,66.42159672220846,35.71079836110423,제외,0.0,NEUTRAL,0.8,,비밸류평가,EPS없음,31.572164948453608,관망,현재 강한 매수 신호는 없습니다. 관망이 적절합니다.
529,529,2026-04-28,세아베스틸지주,001430,KS,철강,73100.0,69025.0,70123.33333333333,57030.41666666666,45643.25,1,56.16962962874481,463.95470365529854,1.069528804595807,0,4.577968526466392,13.50931677018634,1565.3372286785395,2057.0,2057.0,DART,TRAILING_DART,,1565.3372286785395,46.69920235763583,18784.046744142473,-74.3036296249761,5.0,0,3.0,66.23561059677446,35.61780529838723,제외,0.0,NEUTRAL,0.8,,비밸류평가,EPS없음,62.75773195876289,관망,현재 강한 매수 신호는 없습니다. 관망이 적절합니다.
530,530,2026-04-28,성호전자,043260,KQ,전기제품,41500.0,46832.5,37527.0,22197.55,13794.925,1,44.30925968741567,-1300.9633264376353,0.9937157761697428,0,-21.40151515151515,9.933774834437092,1283.6949236919122,,1412.0644160611037,DART,TRAILING_DART,,1283.6949236919122,32.32855348578136,15404.339084302947,-62.881110640233864,5.0,0,3.0,66.21925908966814,35.60962954483407,제외,0.0,NEUTRAL,0.8,,비밸류평가,EPS없음,56.44329896907217,관망,현재 강한 매수 신호는 없습니다. 관망이 적절합니다.
531,531,2026-04-28,세미파이브,490470,KQ,반도체와반도체장비,40000.0,32302.5,28785.83333333333,,,0,64.65772544243953,503.9254540419033,2.411907879170933,1,6.382978723404253,77.77777777777777,-1660.43124528926,,-1826.4743698181865,DART,TRAILING_DART,,-1660.43124528926,-24.090127256688483,-19925.17494347112,-149.8129373586778,5.0,1,3.0,66.19785271262788,35.59892635631394,제외,0.0,NEUTRAL,0.8,,비밸류평가,EPS없음,92.65463917525774,관망,현재 강한 매수 신호는 없습니다. 관망이 적절합니다.
532,532,2026-04-28,솔루엠,248070,KS,전자장비와기기,19140.0,18323.5,17646.333333333332,17215.333333333332,17109.8,1,57.74379036274342,87.00462920745338,0.9777431285118034,0,-1.946721311475408,16.707317073170724,296.6923694914004,1085.0,1085.0,DART,TRAILING_DART,,296.6923694914004,64.51126475820865,3560.308433896805,-81.39859752405013,5.0,0,3.0,66.19675483411508,35.59837741705754,제외,0.0,NEUTRAL,0.8,,비밸류평가,EPS없음,54.63917525773196,관망,현재 강한 매수 신호는 없습니다. 관망이 적절합니다.
533,533,2026-04-28,코오롱티슈진,950160,KQ,생물공학,106700.0,102000.0,101325.0,86012.5,68570.5,1,54.54548951575105,51.849017004906045,1.166958471952784,0,4.916420845624381,0.0,-1.5980598694416368,,-1.7578658563858007,DART,TRAILING_DART,,-1.5980598694416368,-66768.46220866621,-19.17671843329964,-100.01797255710711,5.0,1,3.0,66.14119486471802,35.57059743235901,제외,0.0,NEUTRAL,0.8,,비밸류평가,EPS없음,69.0721649484536,관망,현재 강한 매수 신호는 없습니다. 관망이 적절합니다.
534,534,2026-04-28,에코프로비엠,247540,KQ,전기제품,213500.0,205210.0,204228.3333333333,181649.16666666663,158846.0,1,56.48846155801862,472.3873294295681,0.9753768351313488,0,-3.1746031746031744,11.082206035379816,936.1865336506634,302.0,302.0,DART,TRAILING_DART,,936.1865336506634,228.0528423832971,11234.23840380796,-94.73806163756068,5.0,0,3.0,65.86345434165452,35.43172717082726,제외,0.0,NEUTRAL,0.8,,비밸류평가,EPS없음,54.38144329896907,관망,현재 강한 매수 신호는 없습니다. 관망이 적절합니다.
535,535,2026-04-28,흥아해운,003280,KS,해운사,3025.0,3375.0,2709.266666666667,2167.241666666667,1989.625,1,46.9214448259579,-70.22186610256473,0.1642352921909363,0,-4.874213836477992,-23.994974874371856,126.1283023519124,,138.74113258710364,DART,TRAILING_DART,,126.1283023519124,23.98351475119283,1513.5396282229487,-49.9656321248612,5.0,0,3.0,65.80734819625246,35.40367409812623,제외,0.0,NEUTRAL,0.8,,비밸류평가,EPS없음,0.902061855670103,관망,현재 강한 매수 신호는 없습니다. 관망이 적절합니다.
536,536,2026-04-28,아이센스,099190,KQ,건강관리장비와용품,21200.0,20162.5,20637.166666666668,18449.08333333333,18382.75,1,54.4827599647667,204.3266961029064,1.6146428790025302,0,4.4334975369458185,12.22869242985707,-233.1125394315639,,-256.9254554923347,DART|DAILY_DISC,TRAILING_DART,,-233.1125394315639,-90.94319873008718,-2797.350473178767,-113.19504940178663,5.0,1,3.0,65.58530531571573,35.292652657857865,제외,0.0,NEUTRAL,0.8,,비밸류평가,EPS없음,84.14948453608247,관망,현재 강한 매수 신호는 없습니다. 관망이 적절합니다.
537,537,2026-04-28,클로봇,466100,KQ,기계,52900.0,47515.0,57225.0,55357.5,43259.0,1,54.96749387961088,1353.2946672228586,5.772018392179208,0,7.085020242914975,9.410548086866587,-138.30958782679625,,-152.14054660947588,DART,TRAILING_DART,,-138.30958782679625,-382.4752920690224,-1659.715053921555,-103.13745756884983,5.0,1,3.0,65.58204014108586,35.29102007054293,제외,0.0,NEUTRAL,0.8,,비밸류평가,EPS없음,98.58247422680412,관망,현재 강한 매수 신호는 없습니다. 관망이 적절합니다.
538,538,2026-04-28,헥토파이낸셜,234340,KQ,IT서비스,31300.0,28632.5,29337.5,22712.666666666668,20480.43334960937,1,54.38276824629321,303.5115886880941,0.2901664233595207,0,-1.5723270440251569,33.19148936170213,631.6666824378183,,694.8333506816001,DART,TRAILING_DART,,631.6666824378183,49.55144995015816,7580.000189253819,-75.78274699918907,5.0,0,3.0,65.53524121882867,35.26762060941434,제외,0.0,NEUTRAL,0.8,,비밸류평가,EPS없음,3.0927835051546393,관망,현재 강한 매수 신호는 없습니다. 관망이 적절합니다.
539,539,2026-04-28,S-Oil,010950,KS,석유와가스,118700.0,116435.0,112981.66666666669,98717.5,84438.25,1,53.80461615915458,-76.6284741667439,0.8943872325150636,0,3.849518810148722,12.725546058879388,1571.749970457297,10828.0,10828.0,DART,TRAILING_DART,,1571.749970457297,75.52091759573217,18860.999645487565,-84.1103625564553,5.0,0,3.0,65.53085227577479,35.265426137887395,제외,0.0,NEUTRAL,0.8,,비밸류평가,EPS없음,45.876288659793815,관망,현재 강한 매수 신호는 없습니다. 관망이 적절합니다.
540,540,2026-04-28,씨어스,458870,KQ,건강관리기술,51800.0,46632.5,50310.27779947917,45341.25003255208,33841.58334472656,1,56.087698399142205,1021.773119389734,1.0428984276183724,0,19.90740740740742,4.225352112676051,421.5892841884889,1141.0,1141.0,DART,TRAILING_DART,,421.5892841884889,122.86839808964564,5059.071410261867,-90.23345287594235,5.0,0,3.0,65.48517221633917,35.24258610816958,제외,0.0,NEUTRAL,0.8,,비밸류평가,EPS없음,60.824742268041234,관망,현재 강한 매수 신호는 없습니다. 관망이 적절합니다.
541,541,2026-04-28,유일로보틱스,388720,KQ,기계,103000.0,91855.0,105665.0,96798.33333333331,87332.0,1,58.8710750829148,2122.417045421351,1.6233306511917522,0,3.726082578046319,18.39080459770115,-2094.0073090975607,,-2303.408040007317,DART,TRAILING_DART,,-2094.0073090975607,-49.18798494757364,-25128.08770917073,-124.39620165938905,5.0,1,3.0,65.11413778958168,35.05706889479084,제외,0.0,NEUTRAL,0.8,,비밸류평가,EPS없음,84.40721649484536,관망,현재 강한 매수 신호는 없습니다. 관망이 적절합니다.
542,542,2026-04-28,큐렉소,060280,KQ,건강관리장비와용품,16780.0,15506.5,16442.666666666668,14713.333333333334,12445.5,1,56.96434536197592,238.8482931351754,1.0131042549810307,0,6.135357368753946,14.852840520191643,67.17165906564236,,73.8888249722066,DART,TRAILING_DART,,67.17165906564236,249.80773489012725,806.0599087877083,-95.19630566872641,5.0,0,3.0,64.93389384850478,34.96694692425239,제외,0.0,NEUTRAL,0.8,,비밸류평가,EPS없음,57.86082474226804,관망,현재 강한 매수 신호는 없습니다. 관망이 적절합니다.
543,543,2026-04-28,현대바이오,048410,KQ,화장품,14510.0,13919.5,13948.166666666666,9657.166666666666,8080.1,1,52.48949869935298,105.71637706116724,0.7799033425009683,0,5.6809905316824505,9.097744360902247,-229.2960626874477,,-252.2256689561925,DART,TRAILING_DART,,-229.2960626874477,-63.28063303807579,-2751.552752249372,-118.96314784458562,5.0,1,3.0,64.59659099168015,34.79829549584007,제외,0.0,NEUTRAL,0.8,,비밸류평가,EPS없음,34.40721649484536,관망,현재 강한 매수 신호는 없습니다. 관망이 적절합니다.
544,544,2026-04-28,아세아,002030,KS,건축자재,268500.0,270425.0,280300.0,311566.6666666667,324300.0,0,45.90751413517882,197.42450193917372,0.8731791622088718,0,2.091254752851701,-3.935599284436497,24905.06456996424,,27395.571026960664,DART,TRAILING_DART,,24905.06456996424,10.780939725962956,298860.77483957086,11.307551150678163,47.3499082479408,0,3.0,22.130313158997303,34.74011070346906,제외,0.0,NEUTRAL,0.8,,비밸류평가,EPS없음,42.91237113402062,관망,현재 강한 매수 신호는 없습니다. 관망이 적절합니다.
545,545,2026-04-28,미래나노텍,095500,KQ,디스플레이장비및부품,10940.0,10042.0,10305.166666666666,10925.25,10710.45,1,62.26290810485756,125.99337491049796,1.498928667569024,1,0.7366482504604033,13.367875647668392,438.54349850188646,,482.39784835207513,DART,TRAILING_DART,,438.54349850188646,24.94621408679472,5262.5219820226375,-51.89650839101794,5.0,0,3.0,64.43870658404236,34.71935329202118,제외,0.0,NEUTRAL,0.8,,비밸류평가,EPS없음,81.44329896907216,관망,현재 강한 매수 신호는 없습니다. 관망이 적절합니다.
546,546,2026-04-28,큐리언트,115180,KQ,제약,39550.0,37212.5,37962.5,32927.5,25178.6,1,53.28676026588723,429.7080910809976,0.5870041529376195,0,4.216073781291163,8.504801097393688,-839.4166581571204,,-923.3583239728324,DART,TRAILING_DART,,-839.4166581571204,-47.116053292091216,-10072.999897885446,-125.46902629048154,5.0,1,3.0,64.20660112253617,34.603300561268085,제외,0.0,NEUTRAL,0.8,,비밸류평가,EPS없음,17.010309278350515,관망,현재 강한 매수 신호는 없습니다. 관망이 적절합니다.
547,547,2026-04-28,인바디,041830,KQ,건강관리장비와용품,29700.0,29190.0,30720.0,30574.166666666668,29173.25,1,51.1365203986605,168.0281794367112,0.2301934068399828,0,2.061855670103085,7.608695652173902,2224.452701611067,,2446.8979717721736,DART,TRAILING_DART,,2224.452701611067,13.35159879034051,26693.432419332803,-10.12312316722962,31.14226722867408,0,3.0,37.89992451439121,34.521095871532644,제외,0.0,NEUTRAL,0.8,,비밸류평가,EPS없음,1.5463917525773196,관망,현재 강한 매수 신호는 없습니다. 관망이 적절합니다.
548,548,2026-04-28,HLB테라퓨틱스,115450,KQ,제약,3500.0,3403.0,3035.071427408854,3042.734122721354,3138.6166613769533,1,56.55413410186069,-25.905735731085173,0.4337538507909886,0,-2.234636871508377,20.068610634648376,-109.14284849209206,,-120.05713334130128,DART,TRAILING_DART,,-109.14284849209206,-32.06806536897003,-1309.7141819051046,-137.42040519728872,5.0,1,3.0,64.03705991065388,34.51852995532694,제외,0.0,NEUTRAL,0.8,,비밸류평가,EPS없음,7.474226804123711,관망,현재 강한 매수 신호는 없습니다. 관망이 적절합니다.
549,549,2026-04-28,대아티아이,045390,KQ,IT서비스,4575.0,4405.25,4397.583333333333,4209.583333333333,4467.425,1,55.05990227861468,10.639785971270044,1.115531788636499,0,-0.5434782608695676,18.36998706338939,289.4915858367338,,318.4407444204072,DART,TRAILING_DART,,289.4915858367338,15.803568130578372,3473.899030040806,-24.067780764135392,18.940691831381532,0,3.0,49.98069091930494,34.46069137534324,제외,0.0,NEUTRAL,0.8,,비밸류평가,EPS없음,65.20618556701031,관망,현재 강한 매수 신호는 없습니다. 관망이 적절합니다.
550,550,2026-04-28,오름테라퓨틱,475830,KQ,제약,91500.0,83640.0,106095.0,97007.91666666669,69503.5,1,50.00777176828401,1859.0558448386391,0.9344622345941456,1,11.04368932038835,6.395348837209292,-1976.6599729243576,,-2174.3259702167934,DART,TRAILING_DART,,-1976.6599729243576,-46.290207346401054,-23719.919675092293,-125.92340948097518,5.0,1,3.0,63.90596032488265,34.45298016244132,제외,0.0,NEUTRAL,0.8,,비밸류평가,EPS없음,49.48453608247423,관망,현재 강한 매수 신호는 없습니다. 관망이 적절합니다.
551,551,2026-04-28,석경에이티,357550,KQ,화학,58700.0,54010.0,55056.66666666666,56790.833333333336,54845.75,1,61.33145302082295,754.651164114955,2.054693788319935,0,-0.170068027210879,13.980582524271837,696.2832445462878,,765.9115690009166,DART,TRAILING_DART,,696.2832445462878,84.30477174307146,8355.398934555455,-85.76593026481183,5.0,0,3.0,63.89420961863533,34.447104809317665,제외,0.0,NEUTRAL,0.8,,비밸류평가,EPS없음,88.4020618556701,관망,현재 강한 매수 신호는 없습니다. 관망이 적절합니다.
552,552,2026-04-28,한화에어로스페이스,012450,KS,우주항공과국방,1395000.0,1454950.0,1354616.6666666667,1179366.6666666667,1084225.0,1,46.98370642546192,-11302.369856626729,1.2891462584739,0,0.2875629043853411,11.68935148118495,42704.38030261037,46112.0,46112.0,DART,TRAILING_DART,,42704.38030261037,32.66643819942585,512452.56363132445,-63.2650492020556,5.0,0,3.0,63.87892907742651,34.43946453871325,제외,0.0,NEUTRAL,0.8,,비밸류평가,EPS없음,74.61340206185567,관망,현재 강한 매수 신호는 없습니다. 관망이 적절합니다.
553,553,2026-04-28,페니트리움바이오,187660,KQ,제약,12510.0,13140.5,11538.75,7076.916666666667,5152.85,1,47.63105679162717,-256.09292815060127,0.410734077094344,0,1.2955465587044523,13.212669683257916,-267.3649322228419,,-294.1014254451261,DART,TRAILING_DART,,-267.3649322228419,-46.78998063056838,-3208.379186674103,-125.64651628036853,5.0,1,3.0,63.85404888411934,34.42702444205967,제외,0.0,NEUTRAL,0.8,,비밸류평가,EPS없음,6.572164948453609,관망,현재 강한 매수 신호는 없습니다. 관망이 적절합니다.
554,554,2026-04-28,레인보우로보틱스,277810,KQ,기계,668000.0,594500.0,670750.0,564745.8333333334,456150.0,1,60.70446261461564,12437.177627893294,1.2096907710994376,0,11.148086522462552,28.214971209213054,53.28059117752305,,58.60865029527536,DART,TRAILING_DART,,53.28059117752305,12537.398426648886,639.3670941302767,-99.90428636315414,5.0,0,3.0,63.781663277435705,34.390831638717856,제외,0.0,NEUTRAL,0.8,,비밸류평가,EPS없음,70.74742268041237,관망,현재 강한 매수 신호는 없습니다. 관망이 적절합니다.
555,555,2026-04-28,한솔케미칼,014680,KS,화학,295500.0,279250.0,287266.6666666667,261079.16666666663,231467.0,1,56.51737845449258,3077.4988890585564,0.5926459462540548,0,2.604166666666674,17.029702970297024,13028.345038761428,15688.0,15688.0,DART,TRAILING_DART,,13028.345038761428,22.681315172482755,156340.14046513714,-47.093015071019586,5.0,0,3.0,63.70102649257939,34.350513246289694,제외,0.0,NEUTRAL,0.8,,비밸류평가,EPS없음,17.2680412371134,관망,현재 강한 매수 신호는 없습니다. 관망이 적절합니다.
556,556,2026-04-28,한전산업,130660,KS,전기유틸리티,20350.0,19337.5,19815.166666666668,15609.5,14351.3,1,54.20708349648569,215.6157598319306,0.7102760342250672,0,3.562340966921118,13.56026785714286,124.54195653374234,,136.9961521871166,DART,TRAILING_DART,,124.54195653374234,163.39874983806396,1494.503478404908,-92.65600256312084,5.0,0,3.0,63.68626849519674,34.34313424759837,제외,0.0,NEUTRAL,0.8,,비밸류평가,EPS없음,27.190721649484534,관망,현재 강한 매수 신호는 없습니다. 관망이 적절합니다.
557,557,2026-04-28,대한항공,003490,KS,항공사,24350.0,24452.5,24687.5,23561.25,23634.5,1,47.68022299454528,-6.657453947915414,0.7160878330484965,0,-4.8828125,3.397027600849256,1757.8396566047118,498.0,498.0,DART,TRAILING_DART,,1757.8396566047118,13.852230440080248,21094.07587925654,-13.37135162522982,28.300067327923905,0,3.0,40.33520790465011,34.31763761628701,제외,0.0,NEUTRAL,0.8,,비밸류평가,EPS없음,27.963917525773198,관망,현재 강한 매수 신호는 없습니다. 관망이 적절합니다.
558,558,2026-04-28,메지온,140410,KQ,식품,92800.0,88985.0,113316.66666666669,99593.33333333331,79281.75,1,48.70957508919042,1622.6179876281558,1.0603015210588485,1,3.111111111111109,7.159353348729791,-1149.2718623848043,,-1264.1990486232849,DART,TRAILING_DART,,-1149.2718623848043,-80.74677805774756,-13791.262348617653,-114.86127408256212,5.0,1,3.0,63.1555282777271,34.07776413886355,제외,0.0,NEUTRAL,0.8,,비밸류평가,EPS없음,61.72680412371135,관망,현재 강한 매수 신호는 없습니다. 관망이 적절합니다.
559,559,2026-04-28,케이카,381970,KS,자동차,10890.0,10510.0,13269.0,14550.166666666666,15005.45,0,39.58889701352353,206.33515424014104,0.4874180442161673,0,4.1108986615678855,-20.742358078602617,1042.305827502218,1179.0,1179.0,DART,TRAILING_DART,,1042.305827502218,10.447989172330349,12507.669930026617,14.854636639362884,49.65551381558588,0,3.0,18.4246060762584,34.04005994592214,제외,0.0,NEUTRAL,0.8,,비밸류평가,EPS없음,10.309278350515463,관망,현재 강한 매수 신호는 없습니다. 관망이 적절합니다.
560,560,2026-04-28,휴림로봇,090710,KQ,기계,12800.0,11400.5,12874.0,10205.625,7431.375,1,56.88873157173322,282.946062914673,0.9886690745846032,0,13.879003558718871,24.27184466019416,-251.7984731049733,,-276.97832041547065,DART,TRAILING_DART,,-251.7984731049733,-50.83430348945664,-3021.58167725968,-123.60610685359126,5.0,1,3.0,63.07501654065943,34.03750827032972,제외,0.0,NEUTRAL,0.8,,비밸류평가,EPS없음,55.927835051546396,관망,현재 강한 매수 신호는 없습니다. 관망이 적절합니다.
561,561,2026-04-28,아이쓰리시스템,214430,KQ,우주항공과국방,107700.0,100885.0,104963.33333333331,91339.16666666669,91771.5,1,55.23325659906192,1222.190358556105,0.7579603022589405,0,8.24120603015075,20.06688963210703,2570.517072509841,,2827.568779760825,DART,TRAILING_DART,,2570.517072509841,41.898185058480166,30846.20487011809,-71.35914125337224,5.0,0,3.0,62.84541060391037,33.92270530195519,제외,0.0,NEUTRAL,0.8,,비밸류평가,EPS없음,32.603092783505154,관망,현재 강한 매수 신호는 없습니다. 관망이 적절합니다.
562,562,2026-04-28,JYP Ent.,035900,KQ,방송과엔터테인먼트,63500.0,61490.0,65381.66666666666,67762.5,70754.0,0,52.83972851703944,487.8726776124264,1.2907441273691005,1,2.917341977309573,3.2520325203251987,4518.778927185856,3685.0,3685.0,DART,TRAILING_DART,,4518.778927185856,14.052468824702087,54225.34712623028,-14.605752557117668,27.219966512522042,0,3.0,40.50338066813808,33.86167359033006,제외,0.0,NEUTRAL,0.8,,비밸류평가,EPS없음,74.74226804123711,관망,현재 강한 매수 신호는 없습니다. 관망이 적절합니다.
563,563,2026-04-28,파크시스템스,140860,KQ,전자장비와기기,283500.0,259025.0,264800.0,247679.16666666663,253605.0,1,59.46281336927239,4121.789473553211,0.5346176044263494,0,3.278688524590168,20.895522388059696,4926.823154137937,7798.0,7798.0,DART,TRAILING_DART,,4926.823154137937,57.54215061725814,59121.87784965525,-79.14572209888703,5.0,0,3.0,62.44223075888423,33.72111537944211,제외,0.0,NEUTRAL,0.8,,비밸류평가,EPS없음,13.530927835051546,관망,현재 강한 매수 신호는 없습니다. 관망이 적절합니다.
564,564,2026-04-28,보로노이,310210,KQ,제약,299500.0,296525.0,287950.0,251982.5,208446.5,1,49.53259241893509,336.30331605428864,0.5399099136564476,0,-2.759740259740262,-2.442996742671011,-2320.7225704510624,,-2552.794827496169,DART,TRAILING_DART,,-2320.7225704510624,-129.0546331618554,-27848.67084541275,-109.29838759446169,5.0,1,3.0,62.39093017811244,33.69546508905622,제외,0.0,NEUTRAL,0.8,,비밸류평가,EPS없음,14.04639175257732,관망,현재 강한 매수 신호는 없습니다. 관망이 적절합니다.
565,565,2026-04-28,에코프로에이치엔,383310,KQ,상업서비스와공급품,32950.0,31065.0,33077.5,29450.0,27961.0,1,56.86312265146902,318.3411484862532,1.1843098353708217,0,-1.788375558867361,12.457337883959042,630.3224054313978,,693.3546459745376,DART,TRAILING_DART,,630.3224054313978,52.2748354113301,7563.868865176773,-77.04440405105683,5.0,0,3.0,61.93190200933536,33.46595100466768,제외,0.0,NEUTRAL,0.8,,비밸류평가,EPS없음,69.71649484536083,관망,현재 강한 매수 신호는 없습니다. 관망이 적절합니다.
566,566,2026-04-28,온코닉테라퓨틱스,476060,KQ,제약,22000.0,21937.5,21250.0,19640.666666666668,15852.1125,1,49.18706993028141,-34.41087139104371,0.7611006983322143,0,-2.4390243902439046,4.51306413301662,351.63178863139774,,386.7949674945376,DART,TRAILING_DART,,351.63178863139774,62.56544690008606,4219.581463576773,-80.82008425646922,5.0,0,3.0,61.89600876620891,33.448004383104454,제외,0.0,NEUTRAL,0.8,,비밸류평가,EPS없음,33.118556701030926,관망,현재 강한 매수 신호는 없습니다. 관망이 적절합니다.
567,567,2026-04-28,에이치브이엠,295310,KQ,비철금속,91300.0,87890.0,88525.0,66818.33333333333,51167.25,1,51.967149812483264,-9.94280900327621,0.9886135923236302,0,0.6615214994487362,24.21768707482994,1048.5596299283022,,1153.4155929211329,DART,TRAILING_DART,,1048.5596299283022,87.0718244285667,12582.715559139626,-86.21827430543306,5.0,0,3.0,61.57601575888388,33.288007879441935,제외,0.0,NEUTRAL,0.8,,비밸류평가,EPS없음,55.670103092783506,관망,현재 강한 매수 신호는 없습니다. 관망이 적절합니다.
568,568,2026-04-28,아이에스동서,010780,KS,건설,28950.0,28125.0,28730.0,24777.166666666668,22744.45,1,53.13545187546133,40.677009390012486,1.2676107459924617,0,3.392857142857153,12.865497076023402,-2379.0957638154946,1982.0,1982.0,DART,TRAILING_DART,,-2379.0957638154946,-12.168488734379988,-28549.149165785937,-198.61536844831065,5.0,1,3.0,61.460279849611254,33.23013992480563,제외,0.0,NEUTRAL,0.8,,비밸류평가,EPS없음,74.0979381443299,관망,현재 강한 매수 신호는 없습니다. 관망이 적절합니다.
569,569,2026-04-28,뉴로메카,348340,KQ,기계,67800.0,63245.0,72255.0,55959.16666666666,43351.75,1,52.8776496371799,1001.9640277767056,1.6803519426921,0,-2.7259684361549463,13.188647746243731,-1778.9097711231643,,-1956.8007482354808,DART,TRAILING_DART,,-1778.9097711231643,-38.113231542481536,-21346.917253477972,-131.4851286924454,5.0,1,3.0,61.382264705388494,33.19113235269425,제외,0.0,NEUTRAL,0.8,,비밸류평가,EPS없음,84.92268041237114,관망,현재 강한 매수 신호는 없습니다. 관망이 적절합니다.
570,570,2026-04-28,에치에프알,230240,KQ,통신장비,25200.0,29770.0,23431.0,18574.08333333333,17714.25,1,41.43297770676149,-871.348151507269,0.5148450487084192,0,-13.6986301369863,-8.695652173913048,-3.702004057404764,,-4.0722044631452405,DART,TRAILING_DART,,-3.702004057404764,-6807.123819757802,-44.42404868885717,-100.17628590749545,5.0,1,3.0,61.04899756388669,33.02449878194334,제외,0.0,NEUTRAL,0.8,,비밸류평가,EPS없음,11.855670103092782,관망,현재 강한 매수 신호는 없습니다. 관망이 적절합니다.
571,571,2026-04-28,오스코텍,039200,KQ,제약,53900.0,52207.5,52580.833333333336,51409.583333333336,45792.25,1,52.58776170502493,47.57203026010794,0.9021537585268634,0,2.471482889733845,6.521739130434789,1421.8366201253295,,1564.0202821378623,DART,TRAILING_DART,,1421.8366201253295,37.90871555639699,17062.039441503955,-68.34501031260862,5.0,0,3.0,61.02319699674749,33.01159849837374,제외,0.0,NEUTRAL,0.8,,비밸류평가,EPS없음,46.391752577319586,관망,현재 강한 매수 신호는 없습니다. 관망이 적절합니다.
572,572,2026-04-28,네오위즈,095660,KQ,게임엔터테인먼트,22900.0,23560.0,25559.166666666668,25525.83333333333,25240.0,0,38.97865002297209,42.22320252678912,1.5215056802125135,0,-3.1712473572938715,-5.371900826446286,2061.9860445364047,1992.0,1992.0,DART|DAILY_DISC,TRAILING_DART,,2061.9860445364047,11.105797762636456,24743.832534436857,8.051670456056147,45.23358579643649,0,3.0,20.523215391372275,32.87840059390439,제외,0.0,NEUTRAL,0.8,,비밸류평가,EPS없음,82.4742268041237,관망,현재 강한 매수 신호는 없습니다. 관망이 적절합니다.
573,573,2026-04-28,원익IPS,240810,KQ,반도체와반도체장비,121100.0,118665.0,118431.66666666669,93510.83333333331,72807.25,1,52.05146339663136,-162.26121398355872,0.9032277794270424,0,-2.259887005649719,12.0259019426457,1711.9372024648162,3131.0,3131.0,DART,TRAILING_DART,,1711.9372024648162,70.73857605620253,20543.246429577794,-83.03613011595557,5.0,0,3.0,60.7163002314726,32.8581501157363,제외,0.0,NEUTRAL,0.8,,비밸류평가,EPS없음,46.52061855670103,관망,현재 강한 매수 신호는 없습니다. 관망이 적절합니다.
574,574,2026-04-28,삼표시멘트,038500,KQ,건축자재,16190.0,16014.5,15581.333333333334,9798.625,7187.825,1,51.34360404146855,-70.2892807236723,0.2660996150244912,0,-0.8573178199632547,9.391891891891891,378.10375431123447,,415.91412974235794,DART,TRAILING_DART,,378.10375431123447,42.8189347907751,4537.245051734813,-71.97501512208268,5.0,0,3.0,60.639185450051016,32.81959272502551,제외,0.0,NEUTRAL,0.8,,비밸류평가,EPS없음,2.190721649484536,관망,현재 강한 매수 신호는 없습니다. 관망이 적절합니다.
575,575,2026-04-28,링크솔루션,474650,KQ,기계,62600.0,60120.0,65895.0,57394.583333333336,43397.6,1,51.93145347874576,543.0087192177402,1.887863581737892,0,5.033557046979875,10.99290780141844,-1216.6586586872531,,-1338.3245245559783,DART,TRAILING_DART,,-1216.6586586872531,-51.45239344907467,-14599.903904247038,-123.3225301984777,5.0,1,3.0,60.48942784351258,32.744713921756286,제외,0.0,NEUTRAL,0.8,,비밸류평가,EPS없음,86.98453608247422,관망,현재 강한 매수 신호는 없습니다. 관망이 적절합니다.
576,576,2026-04-28,켄코아에어로스페이스,274090,KQ,우주항공과국방,23200.0,21795.5,22860.166666666668,18794.08333333333,15768.1,1,54.16246212144362,158.25678872276018,0.8160568760865357,0,-2.5210084033613467,15.422885572139313,-1127.618654114495,,-1240.3805195259447,DART,TRAILING_DART,,-1127.618654114495,-20.57433150413663,-13531.42384937394,-158.32510279902561,5.0,1,3.0,60.2859836903565,32.64299184517825,제외,0.0,NEUTRAL,0.8,,비밸류평가,EPS없음,38.01546391752577,관망,현재 강한 매수 신호는 없습니다. 관망이 적절합니다.
577,577,2026-04-28,HLB제약,047920,KQ,제약,17690.0,17488.5,16409.666666666668,16397.5,15905.5,1,54.98942667252413,-94.1503995052226,0.522766864949401,0,-1.1179429849077716,11.187932118164667,139.38506673728594,,153.32357341101454,DART,TRAILING_DART,,139.38506673728594,126.91460006502884,1672.6208008474314,-90.54482305908745,5.0,0,3.0,60.134926887692046,32.56746344384602,제외,0.0,NEUTRAL,0.8,,비밸류평가,EPS없음,12.628865979381443,관망,현재 강한 매수 신호는 없습니다. 관망이 적절합니다.
578,578,2026-04-28,실리콘투,257720,KQ,인터넷과카탈로그소매,44650.0,44350.0,42334.16666666666,42755.833333333336,44405.0,1,51.92385744132952,-43.66524209728186,0.6860199550037939,0,-8.316221765913756,17.03800786369594,2755.916321197632,3359.0,3359.0,DART,TRAILING_DART,,2755.916321197632,16.20150788199424,33070.995854371584,-25.932820035002045,17.308782469373213,0,3.0,47.678164270857884,32.49347337011555,제외,0.0,NEUTRAL,0.8,,비밸류평가,EPS없음,24.871134020618555,관망,현재 강한 매수 신호는 없습니다. 관망이 적절합니다.
579,579,2026-04-28,케어젠,214370,KQ,건강관리업체및서비스,107000.0,97240.0,111908.33333333331,92000.83333333331,77170.25,1,54.74870737038707,2485.9215925121407,0.9868435686007732,0,15.55075593952484,17.84140969162995,374.1701557293121,,411.58717130224335,DART|DAILY_DISC,TRAILING_DART,,374.1701557293121,285.96615299646606,4490.041868751745,-95.80369918808248,5.0,0,3.0,59.70254950222709,32.35127475111355,제외,0.0,NEUTRAL,0.8,,비밸류평가,EPS없음,55.28350515463918,관망,현재 강한 매수 신호는 없습니다. 관망이 적절합니다.
580,580,2026-04-28,삼성에스디에스,018260,KS,IT서비스,172500.0,164820.0,166221.66666666666,169901.66666666666,167072.0,1,54.58379614703576,833.1031496717478,1.0648168739415296,0,-4.273029966703668,14.92338441039307,10114.90659483728,10437.0,10437.0,DART|DAILY_DISC,TRAILING_DART,,10114.90659483728,17.054037858149396,121378.87913804737,-29.635432383740657,14.068996664226926,0,3.0,50.483922583293435,32.27645962376018,제외,0.0,NEUTRAL,0.8,,비밸류평가,EPS없음,62.11340206185567,관망,현재 강한 매수 신호는 없습니다. 관망이 적절합니다.
581,581,2026-04-28,조광피혁,004700,KS,"섬유,의류,신발,호화품",70000.0,67785.0,69473.33333333333,69050.0,67795.0,1,56.72091619045038,282.1633843355024,1.346540027137042,1,1.449275362318847,7.0336391437308965,1735.7999430903676,,1909.3799373994043,DART,TRAILING_DART,,1735.7999430903676,40.32722796117509,20829.599317084412,-70.24342954702227,5.0,0,3.0,59.22207951060041,32.111039755300204,제외,0.0,NEUTRAL,0.8,,비밸류평가,EPS없음,76.5463917525773,관망,현재 강한 매수 신호는 없습니다. 관망이 적절합니다.
582,582,2026-04-28,제우스,079370,KQ,반도체와반도체장비,16860.0,15821.5,16965.0,15759.833333333334,14904.4,1,54.98338298563632,233.2105822096383,1.3602242498440982,0,2.93040293040292,16.597510373443992,-455.749736321932,,-501.3247099541253,DART,TRAILING_DART,,-455.749736321932,-36.99398739331459,-5468.996835863184,-132.43770365280656,5.0,1,3.0,58.97383727966617,31.986918639833085,제외,0.0,NEUTRAL,0.8,,비밸류평가,EPS없음,77.0618556701031,관망,현재 강한 매수 신호는 없습니다. 관망이 적절합니다.
583,583,2026-04-28,DXVX,180400,KQ,건강관리업체및서비스,4725.0,4843.0,4597.083333333333,3531.0666666666666,3012.93,1,49.43343312217345,-50.59892752251923,0.4110161636072563,0,-1.0471204188481686,-3.57142857142857,-300.566988936805,,-330.6236878304855,DART,TRAILING_DART,,-300.566988936805,-15.72028923307158,-3606.8038672416596,-176.33447338077585,5.0,1,3.0,58.76261341126073,31.881306705630365,제외,0.0,NEUTRAL,0.8,,비밸류평가,EPS없음,6.701030927835052,관망,현재 강한 매수 신호는 없습니다. 관망이 적절합니다.
584,584,2026-04-28,바이오플러스,099430,KQ,건강관리장비와용품,5780.0,5473.5,5273.916666666667,5387.541666666667,5904.375,0,61.01589960377662,27.521816911676467,0.9257663635672768,0,2.6642984014209503,18.32139201637666,324.4003735063324,,356.84041085696566,DART,TRAILING_DART,,324.4003735063324,17.81748873321557,3892.8044820759887,-32.650441486574586,11.430863699247237,0,3.0,51.78529460625488,31.60807915275106,제외,0.0,NEUTRAL,0.8,,비밸류평가,EPS없음,48.45360824742268,관망,현재 강한 매수 신호는 없습니다. 관망이 적절합니다.
585,585,2026-04-28,한화오션,042660,KS,조선,133900.0,127750.0,130671.66666666669,127327.5,119027.25,1,56.04978287937145,1166.5152963387216,0.7246552969043052,0,2.057926829268286,11.397670549084848,4066.145810218727,4475.0,4475.0,DART|DAILY_DISC,TRAILING_DART,,4066.145810218727,32.93044722191043,48793.74972262472,-63.55955957981724,5.0,0,3.0,58.13087299743335,31.565436498716675,제외,0.0,NEUTRAL,0.8,,비밸류평가,EPS없음,29.25257731958763,관망,현재 강한 매수 신호는 없습니다. 관망이 적절합니다.
586,586,2026-04-28,서울보증보험,031210,KS,손해보험,48750.0,48920.0,53220.0,51526.66666666666,49302.75,0,43.127900335277886,212.7504209166891,0.6140810780373261,0,-2.20661985957874,-6.609195402298851,3844.2397252781298,,4228.663697805943,DART,TRAILING_DART,,3844.2397252781298,12.681311126213116,46130.876703337555,-5.372560608538346,35.29900946752895,0,3.0,27.478681067758455,31.388845267643703,제외,0.0,NEUTRAL,0.8,,비밸류평가,EPS없음,19.201030927835053,관망,현재 강한 매수 신호는 없습니다. 관망이 적절합니다.
587,587,2026-04-28,인탑스,049070,KQ,핸드셋,18780.0,17566.5,18499.83333333333,17764.25,17035.85,1,58.57237046029929,229.40649286502483,1.1886466923862715,0,1.5135135135135205,17.521902377972467,474.48715441860463,,521.9358698604651,DART,TRAILING_DART,,474.48715441860463,39.57957517946167,5693.845853023256,-69.68133198603167,5.0,0,3.0,57.55084986970228,31.27542493485114,제외,0.0,NEUTRAL,0.8,,비밸류평가,EPS없음,70.23195876288659,관망,현재 강한 매수 신호는 없습니다. 관망이 적절합니다.
588,588,2026-04-28,이노스페이스,462350,KQ,우주항공과국방,16660.0,15746.75888671875,17674.91962890625,15895.18203125,13494.052614746091,1,52.92858545461552,212.752038650528,1.0272164126504408,0,7.003091891491819,16.830294530154276,-3621.942802697623,,-3984.1370829673856,DART,TRAILING_DART,,-3621.942802697623,-4.599741328767432,-43463.31363237147,-360.8842354884242,5.0,1,3.0,57.4484626292158,31.2242313146079,제외,0.0,NEUTRAL,0.8,,비밸류평가,EPS없음,59.40721649484536,관망,현재 강한 매수 신호는 없습니다. 관망이 적절합니다.
589,589,2026-04-28,대한조선,439260,KS,조선,91900.0,90460.0,88395.0,78519.16666666667,,0,52.303295949240486,396.2891434436316,0.9444348953948878,0,2.111111111111108,7.234539089848302,6457.269960176826,7809.0,7809.0,DART,TRAILING_DART,,6457.269960176826,14.232020740462184,77487.23952212192,-15.6830908355583,26.277295518886486,0,3.0,35.97920746169803,31.128251490292257,제외,0.0,NEUTRAL,0.8,,비밸류평가,EPS없음,51.41752577319587,관망,현재 강한 매수 신호는 없습니다. 관망이 적절합니다.
590,590,2026-04-28,신영증권,001720,KS,증권,202000.0,200700.0,201543.3333333333,173390.0,159095.5,1,50.359204815851655,-189.36503615351623,0.6394456867247585,0,0.0,9.544468546637752,6829.573249878345,,7512.53057486618,DART,TRAILING_DART,,6829.573249878345,29.57725067281447,81954.87899854014,-59.42827772349498,5.0,0,3.0,57.06327487442993,31.031637437214965,제외,0.0,NEUTRAL,0.8,,비밸류평가,EPS없음,20.876288659793815,관망,현재 강한 매수 신호는 없습니다. 관망이 적절합니다.
591,591,2026-04-28,오리엔탈정공,014940,KQ,조선,8180.0,7276.5,7433.0,7925.666666666667,8045.15,1,61.78671638610682,168.7208630406514,0.8730218775814407,0,-4.1031652989449,33.87888707037643,420.0342580553272,,462.03768386086,DART,TRAILING_DART,,420.0342580553272,19.474601995255647,5040.411096663926,-38.38128243687131,6.416377867737604,0,3.0,55.21283003326606,30.81460395050183,제외,0.0,NEUTRAL,0.8,,비밸류평가,EPS없음,42.78350515463917,관망,현재 강한 매수 신호는 없습니다. 관망이 적절합니다.
592,592,2026-04-28,SK오션플랜트,100090,KS,에너지장비및서비스,23450.0,25017.5,21701.5,20668.916666666668,21234.0,1,48.060648515547264,-353.63986514908294,0.2187752108709969,0,3.532008830022071,-12.662942271880818,600.3835848861607,813.0,813.0,DART,TRAILING_DART,,600.3835848861607,39.05836300378928,7204.6030186339285,-69.27674618919433,5.0,0,3.0,56.19794745367135,30.598973726835673,제외,0.0,NEUTRAL,0.8,,비밸류평가,EPS없음,1.4175257731958764,관망,현재 강한 매수 신호는 없습니다. 관망이 적절합니다.
593,593,2026-04-28,넥스틴,348210,KQ,반도체와반도체장비,75900.0,73390.0,77658.33333333333,73451.66666666667,63694.5,1,51.36203228234237,574.6984293261334,0.7099602436600575,0,-0.654450261780104,21.43999999999999,-252.5287112108852,2436.0,2436.0,DART,TRAILING_DART,,-252.5287112108852,-300.5598834130839,-3030.3445345306227,-103.99254879384799,5.0,1,3.0,55.87095124693773,30.435475623468864,제외,0.0,NEUTRAL,0.8,,비밸류평가,EPS없음,27.061855670103093,관망,현재 강한 매수 신호는 없습니다. 관망이 적절합니다.
594,594,2026-04-28,종근당,185750,KS,제약,88200.0,88445.0,88908.33333333333,87026.66666666667,85345.0,1,49.10116295167048,-60.77835751892361,0.6071889494214063,0,0.2272727272727204,-1.0101010101010055,5638.483010958662,5216.0,5216.0,DART,TRAILING_DART,,5638.483010958662,15.642505232095065,67661.79613150394,-23.285945429133847,19.624797749507884,0,3.0,41.11773851007418,30.371268129791034,제외,0.0,NEUTRAL,0.8,,비밸류평가,EPS없음,18.814432989690722,관망,현재 강한 매수 신호는 없습니다. 관망이 적절합니다.
595,595,2026-04-28,쓰리빌리언,394800,KQ,건강관리기술,12810.0,12183.0,13488.0,13942.416666666666,11192.1,1,50.7365007634975,221.70941289769007,1.257446452005644,0,7.196652719665275,2.8915662650602414,-170.3731293533084,,-187.41044228863925,DART,TRAILING_DART,,-170.3731293533084,-75.18791283944476,-2044.4775522397008,-115.96001211740594,5.0,1,3.0,55.71276269720083,30.356381348600415,제외,0.0,NEUTRAL,0.8,,비밸류평가,EPS없음,73.32474226804123,관망,현재 강한 매수 신호는 없습니다. 관망이 적절합니다.
596,596,2026-04-28,부국증권,001270,KS,증권,74000.0,74760.0,77635.0,69978.33333333333,66794.25,1,46.30453674864828,-9.294373481409764,1.1198554131769285,0,-2.1164021164021163,0.1353179972936491,4401.29596506654,,4841.4255615731945,DART,TRAILING_DART,,4401.29596506654,16.813229691287358,52815.55158079848,-28.627632998920973,14.950821125944149,0,3.0,45.563217545211685,30.257019335577915,제외,0.0,NEUTRAL,0.8,,비밸류평가,EPS없음,65.59278350515464,관망,현재 강한 매수 신호는 없습니다. 관망이 적절합니다.
597,597,2026-04-28,고려아연,010130,KS,비철금속,1627000.0,1603850.0,1667550.0,1491566.6666666667,1261960.0,1,50.3500324535724,5121.868756868049,0.8338852971655469,0,-2.574850299401199,14.416315049226448,36901.76213513276,65142.0,65142.0,DART,TRAILING_DART,,36901.76213513276,44.09003543088245,442821.1456215931,-72.78296584993281,5.0,0,3.0,55.47541920210712,30.23770960105356,제외,0.0,NEUTRAL,0.8,,비밸류평가,EPS없음,39.3041237113402,관망,현재 강한 매수 신호는 없습니다. 관망이 적절합니다.
598,598,2026-04-28,한올바이오파마,009420,KS,제약,51500.0,49265.0,53587.5,50066.25,42280.5,1,51.088241466818594,609.8898326620872,0.4516868988048897,0,5.2093973442288055,-6.871609403254975,-106.41452414880538,151.0,151.0,DART,TRAILING_DART,,-106.41452414880538,-483.9564938333481,-1276.9742897856645,-102.47956172773915,5.0,1,3.0,55.43068366138024,30.21534183069012,제외,0.0,NEUTRAL,0.8,,비밸류평가,EPS없음,8.118556701030927,관망,현재 강한 매수 신호는 없습니다. 관망이 적절합니다.
599,599,2026-04-28,현대힘스,460930,KQ,조선,20350.0,19191.0,18450.666666666668,18679.916666666668,20487.1,0,57.67179990823604,205.0411229851408,0.5782392011830496,0,0.7425742574257432,14.26165075800112,602.5866977562886,,662.8453675319175,DART,TRAILING_DART,,602.5866977562886,33.77107406415134,7231.040373075462,-64.46663207333924,5.0,0,3.0,55.232561830501126,30.116280915250563,제외,0.0,NEUTRAL,0.8,,비밸류평가,EPS없음,16.3659793814433,관망,현재 강한 매수 신호는 없습니다. 관망이 적절합니다.
600,600,2026-04-28,에코아이,448280,KQ,상업서비스와공급품,12200.0,11275.0,11233.666666666666,11173.666666666666,12138.05,1,59.68996882126296,157.4544301619871,0.9433123148416788,0,12.754158964879858,7.017543859649122,60.23443203935969,,66.25787524329566,DART,TRAILING_DART,,60.23443203935969,202.5419612494729,722.8131844723163,-94.07530176662036,5.0,0,3.0,55.10795790103974,30.05397895051987,제외,0.0,NEUTRAL,0.8,,비밸류평가,EPS없음,51.03092783505154,관망,현재 강한 매수 신호는 없습니다. 관망이 적절합니다.
601,601,2026-04-28,셀바스AI,108860,KQ,건강관리장비와용품,13660.0,13506.5,12515.0,12528.416666666666,12973.15,1,52.482739194225815,-76.8620266702485,0.4160398648748084,0,-3.3262561924982337,3.48484848484849,-161.3781731531251,,-177.51599046843762,DART,TRAILING_DART,,-161.3781731531251,-84.6458956195928,-1936.538077837501,-114.17670627992314,5.0,1,3.0,55.07401667565719,30.037008337828595,제외,0.0,NEUTRAL,0.8,,비밸류평가,EPS없음,6.958762886597938,관망,현재 강한 매수 신호는 없습니다. 관망이 적절합니다.
602,602,2026-04-28,KH바텍,060720,KQ,핸드셋,14070.0,13776.0,15166.833333333334,13701.583333333334,13189.35,1,49.427795174790106,119.09331217149548,1.2130115904108083,0,-0.7057163020465773,12.02229299363058,861.2391389661096,987.0,987.0,DART,TRAILING_DART,,861.2391389661096,16.336925905260866,10334.869667593315,-26.54676853167509,16.771577534784296,0,3.0,43.115007281460954,29.943292408122623,제외,0.0,NEUTRAL,0.8,,비밸류평가,EPS없음,71.00515463917526,관망,현재 강한 매수 신호는 없습니다. 관망이 적절합니다.
603,603,2026-04-28,에이직랜드,445090,KQ,반도체와반도체장비,30650.0,28727.5,29282.5,28995.416666666668,29753.25,1,57.20685480137659,343.7476802614213,1.2483478130287482,0,1.82724252491695,14.579439252336446,-2430.5919125420182,,-2673.6511037962205,DART,TRAILING_DART,,-2430.5919125420182,-12.61009708863258,-29167.102950504217,-195.16183670637594,5.0,1,3.0,54.56334749011466,29.78167374505733,제외,0.0,NEUTRAL,0.8,,비밸류평가,EPS없음,72.55154639175258,관망,현재 강한 매수 신호는 없습니다. 관망이 적절합니다.
604,604,2026-04-28,신성에스티,416180,KQ,전기제품,38800.0,35892.5,36225.833333333336,36237.083333333336,37689.5,1,60.63243836675213,461.33221139782177,0.870857394284218,0,-0.512820512820511,19.938176197836174,61.24965093169323,,67.37461602486256,DART,TRAILING_DART,,61.24965093169323,633.4729979648455,734.9958111803188,-98.1056808990198,5.0,0,3.0,54.47942104671234,29.73971052335617,제외,0.0,NEUTRAL,0.8,,비밸류평가,EPS없음,42.396907216494846,관망,현재 강한 매수 신호는 없습니다. 관망이 적절합니다.
605,605,2026-04-28,한국피아이엠,448900,KQ,자동차부품,97700.0,97095.0,100251.66666666669,77103.33333333333,52765.1,1,48.448112569594834,238.5134223965988,0.7023796655187856,0,-8.520599250936334,-9.11627906976744,-8.928861295750385,,-9.821747425325425,DART,TRAILING_DART,,-8.928861295750385,-10942.044765159411,-107.14633554900462,-100.10966871601741,5.0,1,3.0,54.2233546246235,29.61167731231175,제외,0.0,NEUTRAL,0.8,,비밸류평가,EPS없음,26.15979381443299,관망,현재 강한 매수 신호는 없습니다. 관망이 적절합니다.
606,606,2026-04-28,쿠콘,294570,KQ,IT서비스,30450.0,28750.0,30711.666666666668,30702.08333333333,33518.75,0,54.01980105331242,405.5320338305488,0.8497712164971085,0,1.162790697674421,12.777777777777777,2128.992216796879,,2341.891438476567,DART,TRAILING_DART,,2128.992216796879,14.30254171892313,25547.906601562547,-16.098828894704276,25.913524717133757,0,3.0,33.30221368276728,29.60786919995052,제외,0.0,NEUTRAL,0.8,,비밸류평가,EPS없음,40.72164948453608,관망,현재 강한 매수 신호는 없습니다. 관망이 적절합니다.
607,607,2026-04-28,한국가스공사,036460,KS,가스유틸리티,39050.0,36445.0,38162.5,39445.41666666666,40255.25,0,64.84327324411899,413.23783610006575,1.4821431753782546,1,5.3981106612685625,11.731044349070109,1432.636790051239,8295.0,8295.0,DART,TRAILING_DART,,1432.636790051239,27.257432079908654,17191.641480614868,-55.97530990879675,5.0,0,3.0,53.91260634379632,29.45630317189816,제외,0.0,NEUTRAL,0.8,,비밸류평가,EPS없음,81.18556701030928,관망,현재 강한 매수 신호는 없습니다. 관망이 적절합니다.
608,608,2026-04-28,퍼시스,016800,KS,가구,36300.0,37725.0,39504.16666666666,42543.75,43771.0,0,36.05395513281674,-87.72628322155288,1.5083486458416553,0,-2.8112449799196804,-2.4193548387096757,3093.9279331304347,,3403.320726443478,DART,TRAILING_DART,,3093.9279331304347,11.732658544270512,37127.135197565214,2.278609359683781,41.481096083794455,0,3.0,17.3329650861795,29.407030584986977,제외,0.0,NEUTRAL,0.8,,비밸류평가,EPS없음,82.08762886597938,관망,현재 강한 매수 신호는 없습니다. 관망이 적절합니다.
609,609,2026-04-28,SK아이이테크놀로지,361610,KS,전기제품,26950.0,24060.0,24155.83333333333,25952.5,27170.0,0,63.03392571981536,483.4512544185845,0.7191208928255809,0,1.1257035647279643,26.823529411764717,-2584.9789025408654,-2306.0,-2306.0,DART,TRAILING_DART,,-2584.9789025408654,-10.425617003492722,-31019.746830490385,-215.10110141183816,5.0,1,3.0,53.72668698101156,29.36334349050578,제외,0.0,NEUTRAL,0.8,,비밸류평가,EPS없음,28.350515463917525,관망,현재 강한 매수 신호는 없습니다. 관망이 적절합니다.
610,610,2026-04-28,한라캐스트,125490,KQ,자동차부품,17480.0,14661.0,16663.833333333332,16206.25,,0,62.322289448517736,457.39521672037097,3.0289649998126884,1,8.70646766169154,31.034482758620683,100.20487564746512,,110.22536321221163,DART,TRAILING_DART,,100.20487564746512,174.44260957417987,1202.4585077695815,-93.12094675189027,5.0,0,3.0,53.61393835483116,29.30696917741558,제외,0.0,NEUTRAL,0.8,,비밸류평가,EPS없음,95.23195876288659,관망,현재 강한 매수 신호는 없습니다. 관망이 적절합니다.
611,611,2026-04-28,유니슨,018000,KQ,에너지장비및서비스,1346.0,1419.4,1282.6166666666666,1232.9333333333334,1222.11,1,47.31931042282135,-14.220332378161595,0.3440542333611211,0,1.66163141993958,-7.68175582990398,-84.44266485730596,,-92.88693134303657,DART,TRAILING_DART,,-84.44266485730596,-15.93980960068605,-1013.3119782876715,-175.28320789655808,5.0,1,3.0,53.51039019160286,29.25519509580143,제외,0.0,NEUTRAL,0.8,,비밸류평가,EPS없음,4.381443298969072,관망,현재 강한 매수 신호는 없습니다. 관망이 적절합니다.
612,612,2026-04-28,엔젤로보틱스,455900,KQ,건강관리장비와용품,29900.0,27800.0,30028.33333333333,30722.916666666668,28159.0,1,58.949398432119736,380.6622529538513,1.518199777044176,0,3.6395147313691423,20.56451612903225,-637.1730700024812,,-700.8903770027293,DART,TRAILING_DART,,-637.1730700024812,-46.92602592241315,-7646.076840029774,-125.57216334458118,5.0,1,3.0,53.295569469770605,29.147784734885303,제외,0.0,NEUTRAL,0.8,,비밸류평가,EPS없음,82.21649484536083,관망,현재 강한 매수 신호는 없습니다. 관망이 적절합니다.
613,613,2026-04-28,농심,004370,KS,식품,379500.0,375425.0,395108.3333333333,412695.8333333333,414562.5,0,50.04922887909119,1659.876546167341,0.9560318598591154,0,0.1319261213720279,3.405994550408709,27957.33328477987,30570.0,30570.0,DART,TRAILING_DART,,27957.33328477987,13.574256032731205,335487.9994173584,-11.597365107415436,29.852305531011496,0,3.0,28.178168739745708,29.0152371353786,제외,0.0,NEUTRAL,0.8,,비밸류평가,EPS없음,53.350515463917525,관망,현재 강한 매수 신호는 없습니다. 관망이 적절합니다.
614,614,2026-04-28,토모큐브,475960,KQ,생명과학도구및서비스,53800.0,54125.0,55623.333333333336,51455.833333333336,45552.75,1,47.56352879848188,44.46230527299991,0.6697936678882748,0,-1.8248175182481785,0.3731343283582156,-359.40475947813667,,-395.3452354259504,DART,TRAILING_DART,,-359.40475947813667,-149.69195198783328,-4312.85711373764,-108.01646303668706,5.0,1,3.0,52.91541305063636,28.95770652531818,제외,0.0,NEUTRAL,0.8,,비밸류평가,EPS없음,23.711340206185564,관망,현재 강한 매수 신호는 없습니다. 관망이 적절합니다.
615,615,2026-04-28,HLB생명과학,067630,KQ,건강관리장비와용품,4300.0,4221.75,4041.1666666666665,4090.7916666666665,4072.025,1,54.09129678623688,-15.075528654883117,0.6237553863792636,0,-2.714932126696834,13.009198423127463,-819.7732725227014,,-901.7505997749716,DART,TRAILING_DART,,-819.7732725227014,-5.245352762926195,-9837.279270272416,-328.77393651796314,5.0,1,3.0,52.58799121118967,28.793995605594834,제외,0.0,NEUTRAL,0.8,,비밸류평가,EPS없음,19.84536082474227,관망,현재 강한 매수 신호는 없습니다. 관망이 적절합니다.
616,616,2026-04-28,한일시멘트,300720,KS,건축자재,17300.0,16937.0,17164.666666666668,17505.833333333332,18214.1,0,55.0893313322855,33.61003896180494,0.8891885468281093,0,0.8158508158508049,7.721046077210469,1103.2930256952563,,1213.622328264782,DART,TRAILING_DART,,1103.2930256952563,15.680331151461916,13239.516308343076,-23.471003998016904,19.462871501735208,0,3.0,37.935055746923204,28.698963624329206,제외,0.0,NEUTRAL,0.8,,비밸류평가,EPS없음,44.97422680412371,관망,현재 강한 매수 신호는 없습니다. 관망이 적절합니다.
617,617,2026-04-28,큐리옥스바이오시스템즈,445680,KQ,생명과학도구및서비스,94000.0,85970.0,103326.66666666669,99705.0,80450.25,1,50.93829498964308,1577.54588465064,0.6607643527839979,0,7.061503416856496,-7.297830374753456,-1587.4902189174393,,-1746.2392408091837,DART,TRAILING_DART,,-1587.4902189174393,-59.21296325472898,-19049.882627009272,-120.26583258192476,5.0,1,3.0,52.303997085879026,28.651998542939513,제외,0.0,NEUTRAL,0.8,,비밸류평가,EPS없음,22.68041237113402,관망,현재 강한 매수 신호는 없습니다. 관망이 적절합니다.
618,618,2026-04-28,하나투어,039130,KS,"호텔,레스토랑,레저",42400.0,41697.5,43884.16666666666,45531.66666666666,48234.75,0,51.2694267294485,190.24794114763088,1.3281861199936198,0,-0.7025761124121788,6.132665832290374,3104.705232405152,3711.0,3711.0,DART,TRAILING_DART,,3104.705232405152,13.656690998376543,37256.46278886183,-12.130983988533428,29.38538901003325,0,3.0,27.462401530621474,28.423895270327364,제외,0.0,NEUTRAL,0.8,,비밸류평가,EPS없음,76.15979381443299,관망,현재 강한 매수 신호는 없습니다. 관망이 적절합니다.
619,619,2026-04-28,로킷헬스케어,376900,KQ,건강관리장비와용품,82200.0,102615.0,90086.66666666669,76757.5,54201.4,1,37.28726473876277,-2955.046674879653,1.2263075686676843,0,-10.942578548212357,-34.13461538461539,-178.20640668861716,,-196.0270473574789,DART,TRAILING_DART,,-178.20640668861716,-461.26287784719966,-2138.476880263406,-102.60155338231559,5.0,1,3.0,51.7481324430511,28.37406622152555,제외,0.0,NEUTRAL,0.8,,비밸류평가,EPS없음,71.52061855670104,관망,현재 강한 매수 신호는 없습니다. 관망이 적절합니다.
620,620,2026-04-28,한화시스템,272210,KS,우주항공과국방,119900.0,130705.0,125926.66666666669,93178.33333333331,77951.25,1,40.77082643127234,-1266.5182083909544,1.0383488052549923,0,-8.751902587519023,5.083260297984227,1107.0609349578194,1603.0,1603.0,DART|DAILY_DISC,TRAILING_DART,,1107.0609349578194,108.30478812312924,13284.731219493833,-88.92015744829538,5.0,0,3.0,51.705019610934286,28.352509805467143,제외,0.0,NEUTRAL,0.8,,비밸류평가,EPS없음,60.4381443298969,관망,현재 강한 매수 신호는 없습니다. 관망이 적절합니다.
621,621,2026-04-28,애경산업,018250,KS,화장품,15340.0,14840.0,14603.833333333334,14009.333333333334,14758.25,1,55.91643746872988,60.97640215238576,0.4986657006771944,0,2.677376171352086,1.3879709187045508,572.7580544215652,,630.0338598637218,DART,TRAILING_DART,,572.7580544215652,26.78268752674641,6873.096653058783,-55.194937072628534,5.0,0,3.0,51.483724801130336,28.241862400565168,제외,0.0,NEUTRAL,0.8,,비밸류평가,EPS없음,10.95360824742268,관망,현재 강한 매수 신호는 없습니다. 관망이 적절합니다.
622,622,2026-04-28,CJ제일제당,097950,KS,식품,233000.0,233450.0,219088.3333333333,216577.5,226089.0,1,54.976414153539935,-1002.00831254695,0.5963009924722096,0,-1.89473684210526,7.621247113163965,-27696.974648778752,22916.0,22916.0,DART|DAILY_DISC,TRAILING_DART,,-27696.974648778752,-8.412471143676832,-332363.69578534504,-242.64536299800216,5.0,1,3.0,51.37230853038462,28.18615426519231,제외,0.0,NEUTRAL,0.8,,비밸류평가,EPS없음,17.783505154639176,관망,현재 강한 매수 신호는 없습니다. 관망이 적절합니다.
623,623,2026-04-28,삼미금속,012210,KQ,기계,14140.0,14102.0,15027.5,12681.583333333334,9613.775,1,48.563718359271206,86.13098294110327,0.2725186985974173,0,-4.523970290344359,7.610350076103511,76.16069683091375,,83.77676651400513,DART,TRAILING_DART,,76.16069683091375,185.66006599693492,913.9283619709649,-93.53657452637223,5.0,0,3.0,50.85789264885707,27.928946324428534,제외,0.0,NEUTRAL,0.8,,비밸류평가,EPS없음,2.448453608247423,관망,현재 강한 매수 신호는 없습니다. 관망이 적절합니다.
624,624,2026-04-28,엘앤씨바이오,290650,KQ,건강관리장비와용품,70100.0,69185.0,80106.66666666667,69891.66666666667,58478.0,1,47.28066877919797,599.5588924772144,1.0155445571958297,0,2.0378457059679667,4.16047548291234,-5563.905327040061,,-6120.295859744068,DART,TRAILING_DART,,-5563.905327040061,-12.599064124854989,-66766.86392448073,-195.24516964975854,5.0,1,3.0,50.77990747577807,27.889953737889034,제외,0.0,NEUTRAL,0.8,,비밸류평가,EPS없음,58.24742268041238,관망,현재 강한 매수 신호는 없습니다. 관망이 적절합니다.
625,625,2026-04-28,나우로보틱스,459510,KQ,기계,23850.0,21691.5,24180.5,23929.166666666668,22288.6,1,58.37200162123381,422.6460433006153,0.7812254498773935,0,4.605263157894735,36.05248146035367,-641.3466303426729,,-705.4812933769402,DART,TRAILING_DART,,-641.3466303426729,-37.18737866800188,-7696.159564112075,-132.26901284743008,5.0,1,3.0,50.712605496647534,27.856302748323767,제외,0.0,NEUTRAL,0.8,,비밸류평가,EPS없음,34.66494845360825,관망,현재 강한 매수 신호는 없습니다. 관망이 적절합니다.
626,626,2026-04-28,메디아나,041920,KQ,건강관리장비와용품,20050.0,19791.5,21170.0,15053.416666666666,11217.05,1,50.17780325798179,36.92924351480128,0.6623129151018445,0,-3.605769230769229,-0.7425742574257432,283.60217161607324,,311.9623887776806,DART,TRAILING_DART,,283.60217161607324,70.69762507722511,3403.2260593928786,-83.02630394317767,5.0,0,3.0,50.48208305373802,27.74104152686901,제외,0.0,NEUTRAL,0.8,,비밸류평가,EPS없음,22.938144329896907,관망,현재 강한 매수 신호는 없습니다. 관망이 적절합니다.
627,627,2026-04-28,SNT다이내믹스,003570,KS,자동차부품,55000.0,54037.5,52245.0,50119.16666666666,54030.75,1,53.06329693618281,152.04658396786726,0.8128002316930986,0,2.4208566108007368,13.871635610766052,1851.72758949447,,2036.9003484439168,DART,TRAILING_DART,,1851.72758949447,29.701993053424907,22220.73107393364,-59.59867077466612,5.0,0,3.0,50.40653249885701,27.703266249428506,제외,0.0,NEUTRAL,0.8,,비밸류평가,EPS없음,37.628865979381445,관망,현재 강한 매수 신호는 없습니다. 관망이 적절합니다.
628,628,2026-04-28,삼양사,145990,KS,식품,48200.0,46537.5,47662.5,48604.16666666666,49961.0,0,58.4127870839674,244.0628284771222,0.7358835720909492,1,1.9027484143763207,8.071748878923767,-29317.37433355224,,-32249.111766907467,DART,TRAILING_DART,,-29317.37433355224,-1.6440762890842362,-351808.4920026269,-829.8931369349106,5.0,1,3.0,50.25525629061183,27.627628145305916,제외,0.0,NEUTRAL,0.8,,비밸류평가,EPS없음,30.670103092783506,관망,현재 강한 매수 신호는 없습니다. 관망이 적절합니다.
629,629,2026-04-28,지아이이노베이션,358570,KQ,생물공학,15760.0,14074.5,14357.333333333334,15661.666666666666,16737.4,0,58.2551302989828,286.03941388321044,1.1119496848037058,0,7.356948228882842,24.78226444972289,-546.9519444342825,,-601.6471388777107,DART,TRAILING_DART,,-546.9519444342825,-28.81423159817215,-6563.42333321139,-141.64608713966618,5.0,1,3.0,50.121672039715435,27.560836019857717,제외,0.0,NEUTRAL,0.8,,비밸류평가,EPS없음,64.5618556701031,관망,현재 강한 매수 신호는 없습니다. 관망이 적절합니다.
630,630,2026-04-28,재영솔루텍,049630,KQ,핸드셋,14650.0,14631.25,20364.166666666668,15825.708333333334,11156.0,1,44.14785994412782,224.76268857846617,0.0,0,-1.180438448566612,-9.147286821705425,72.31973677637069,,79.55171045400776,DART,TRAILING_DART,,72.31973677637069,202.5726399599764,867.8368413164483,-94.0761990353826,5.0,0,3.0,50.05280712290279,27.526403561451396,제외,0.0,NEUTRAL,0.8,,비밸류평가,EPS없음,0.3221649484536082,관망,현재 강한 매수 신호는 없습니다. 관망이 적절합니다.
631,631,2026-04-28,씨메스,475400,KQ,기계,32900.0,30930.0,34620.833333333336,34245.416666666664,30583.5,1,53.2506044278104,482.4039822793676,1.3243840550053203,0,1.7001545595054068,12.671232876712324,-1427.0359132165177,,-1569.7395045381695,DART,TRAILING_DART,,-1427.0359132165177,-23.054780678815497,-17124.430958598212,-152.0499421233988,5.0,1,3.0,49.984969674717576,27.492484837358788,제외,0.0,NEUTRAL,0.8,,비밸류평가,EPS없음,75.77319587628865,관망,현재 강한 매수 신호는 없습니다. 관망이 적절합니다.
632,632,2026-04-28,HL홀딩스,060980,KS,자동차부품,43750.0,42115.0,44395.0,44649.16666666666,42884.75,1,55.1220224837929,325.17230639468687,1.3911534683150253,0,2.219626168224309,4.665071770334928,2368.0841704899312,,2604.8925875389245,DART,TRAILING_DART,,2368.0841704899312,18.47485006875773,28417.010045879175,-35.0468341808476,9.334020091758353,0,3.0,45.571676102112214,27.452848096935284,제외,0.0,NEUTRAL,0.8,,비밸류평가,EPS없음,77.9639175257732,관망,현재 강한 매수 신호는 없습니다. 관망이 적절합니다.
633,633,2026-04-28,에코앤드림,101360,KQ,화학,20200.0,18669.5,19092.0,19736.08333333333,20485.3,0,61.51035454604632,275.485555775645,1.0405636561625855,0,-0.9803921568627416,19.174041297935094,-483.3500891200855,,-531.6850980320941,DART,TRAILING_DART,,-483.3500891200855,-41.7916546509241,-5800.2010694410255,-128.7138666804011,5.0,1,3.0,49.60763242788572,27.30381621394286,제외,0.0,NEUTRAL,0.8,,비밸류평가,EPS없음,60.567010309278345,관망,현재 강한 매수 신호는 없습니다. 관망이 적절합니다.
634,634,2026-04-28,지씨셀,144510,KQ,건강관리업체및서비스,24500.0,24140.0,24778.33333333333,24832.5,23004.8,1,49.77268249500271,110.6992688202692,1.427003712922264,0,-3.1620553359683834,5.831533477321815,-17311.449380089445,,-19042.594318098392,DART,TRAILING_DART,,-17311.449380089445,-1.4152483401059637,-207737.39256107336,-947.907724739075,5.0,1,3.0,49.219060661859864,27.109530330929932,제외,0.0,NEUTRAL,0.8,,비밸류평가,EPS없음,79.5103092783505,관망,현재 강한 매수 신호는 없습니다. 관망이 적절합니다.
635,635,2026-04-28,덴티움,145720,KS,건강관리장비와용품,54500.0,52792.5,51310.0,50513.333333333336,54438.0,1,55.64637544473908,-8.97982451545613,0.8961422825137775,0,0.0,6.4453125,1893.298227215534,6556.0,6556.0,DART,TRAILING_DART,,1893.298227215534,28.7857450118426,22719.57872658641,-58.312699584245124,5.0,0,3.0,49.172669289608855,27.086334644804428,제외,0.0,NEUTRAL,0.8,,비밸류평가,EPS없음,46.134020618556704,관망,현재 강한 매수 신호는 없습니다. 관망이 적절합니다.
636,636,2026-04-28,KCC글라스,344820,KS,건축자재,28950.0,27315.0,27269.166666666668,26921.666666666668,28133.75,1,65.38635590565337,176.24561500843595,0.6071193095529133,0,0.6956521739130528,17.206477732793513,-5237.333611971864,,-5761.066973169051,DART,TRAILING_DART,,-5237.333611971864,-5.527621905510098,-62848.00334366237,-317.0915486827716,5.0,1,3.0,49.16256143185922,27.08128071592961,제외,0.0,NEUTRAL,0.8,,비밸류평가,EPS없음,18.685567010309278,관망,현재 강한 매수 신호는 없습니다. 관망이 적절합니다.
637,637,2026-04-28,삼양식품,003230,KS,식품,1285000.0,1285850.0,1188700.0,1235816.6666666667,1317450.0,0,52.45043014705465,-4317.655777652995,0.8943766326330767,0,-5.445180279617368,7.08333333333333,51596.03090196953,70582.0,70582.0,DART|DAILY_DISC,TRAILING_DART,,51596.03090196953,24.905016481625317,619152.3708236343,-51.81693612267437,5.0,0,3.0,49.102039196741316,27.051019598370658,제외,0.0,NEUTRAL,0.8,,비밸류평가,EPS없음,45.74742268041237,관망,현재 강한 매수 신호는 없습니다. 관망이 적절합니다.
638,638,2026-04-28,에스원,012750,KS,상업서비스와공급품,85700.0,89015.0,87376.66666666667,81316.66666666667,79510.5,1,42.079955244429534,-663.4751941022803,1.1131174521639933,0,-3.5995500562429728,0.0,4699.139455253479,5211.0,5211.0,DART|DAILY_DISC,TRAILING_DART,,4699.139455253479,18.237381719793454,56389.67346304175,-34.20108113997462,10.074054002522209,0,3.0,43.83752186295413,26.95578793273817,제외,0.0,NEUTRAL,0.8,,비밸류평가,EPS없음,64.69072164948454,관망,현재 강한 매수 신호는 없습니다. 관망이 적절합니다.
639,639,2026-04-28,앱클론,174900,KQ,생물공학,52000.0,52927.5,62094.16666666666,51794.583333333336,36483.2,1,44.48625441454294,442.4838681572446,0.7650331359318987,0,6.776180698151957,-8.289241622574961,-898.6951772878084,,-988.5646950165892,DART,TRAILING_DART,,-898.6951772878084,-57.86166579521649,-10784.342127453701,-120.7391194758725,5.0,1,3.0,48.445979805929376,26.722989902964688,제외,0.0,NEUTRAL,0.8,,비밸류평가,EPS없음,33.376288659793815,관망,현재 강한 매수 신호는 없습니다. 관망이 적절합니다.
640,640,2026-04-28,한국항공우주,047810,KS,우주항공과국방,168000.0,185850.0,179683.33333333334,151010.0,129150.5,1,38.046494706860415,-2889.7353943845383,0.8694650508159651,0,-7.945205479452055,2.0036429872495543,1921.6456556852,3750.0,3750.0,DART|DAILY_DISC,TRAILING_DART,,1921.6456556852,87.42506689668359,23059.7478682224,-86.27395960224857,5.0,0,3.0,48.41397954056994,26.70698977028497,제외,0.0,NEUTRAL,0.8,,비밸류평가,EPS없음,42.13917525773196,관망,현재 강한 매수 신호는 없습니다. 관망이 적절합니다.
641,641,2026-04-28,유진기업,023410,KQ,건축자재,4155.0,4073.5,4265.75,3902.5833333333335,3732.85,1,51.27345536138681,17.32853847335276,0.7359379407196648,0,0.3623188405797117,6.949806949806958,-316.7263316281956,,-348.3989647910152,DART,TRAILING_DART,,-316.7263316281956,-13.118580885398394,-3800.7159795383477,-191.4733087734861,5.0,1,3.0,48.40494517045413,26.702472585227063,제외,0.0,NEUTRAL,0.8,,비밸류평가,EPS없음,30.79896907216495,관망,현재 강한 매수 신호는 없습니다. 관망이 적절합니다.
642,642,2026-04-28,LG디스플레이,034220,KS,디스플레이패널,12750.0,12771.5,12284.666666666666,12426.5,12235.9,1,49.52432565467608,-66.22904629103681,0.936120047609429,0,-13.676371022342584,17.51152073732718,607.614,1442.0,1442.0,DART|DAILY_DISC,TRAILING_DART,,607.614,20.98371663589055,7291.368,-42.812799999999996,5.0,0,3.0,48.383059611010324,26.691529805505162,제외,0.0,NEUTRAL,0.8,,비밸류평가,EPS없음,49.61340206185567,관망,현재 강한 매수 신호는 없습니다. 관망이 적절합니다.
643,643,2026-04-28,클래시스,214150,KQ,건강관리장비와용품,57500.0,55450.0,58640.833333333336,57384.583333333336,56015.75,1,53.7065348383665,574.4409596586863,1.783630142247998,0,0.7005253940455258,13.861386138613852,2022.977194849829,2830.0,2830.0,DART,TRAILING_DART,,2022.977194849829,28.423454375257247,24275.726338197946,-57.78134549878617,5.0,0,3.0,48.23285632978572,26.61642816489286,제외,0.0,NEUTRAL,0.8,,비밸류평가,EPS없음,85.82474226804123,관망,현재 강한 매수 신호는 없습니다. 관망이 적절합니다.
644,644,2026-04-28,셀트리온,068270,KS,제약,207000.0,202100.0,211683.3333333333,201955.8333333333,191084.0,1,52.60768486940856,1070.7931487399885,1.0084274337507313,0,1.970443349753692,4.9695740365111485,4647.615893683153,6378.0,6378.0,DART,TRAILING_DART,,4647.615893683153,44.538964650961326,55771.390724197845,-73.05729916705418,5.0,0,3.0,47.98398679652884,26.49199339826442,제외,0.0,NEUTRAL,0.8,,비밸류평가,EPS없음,57.345360824742265,관망,현재 강한 매수 신호는 없습니다. 관망이 적절합니다.
645,645,2026-04-28,차바이오텍,085660,KQ,건강관리업체및서비스,17530.0,17728.0,19291.666666666668,16851.833333333332,14622.6,1,45.35090472806731,47.31295071704682,0.9427840249190496,0,0.805060379528455,1.037463976945241,-1578.0244578762006,,-1735.8269036638208,DART,TRAILING_DART,,-1578.0244578762006,-11.108826553672634,-18936.293494514408,-208.02221046499943,5.0,1,3.0,47.95816957675607,26.479084788378035,제외,0.0,NEUTRAL,0.8,,비밸류평가,EPS없음,50.9020618556701,관망,현재 강한 매수 신호는 없습니다. 관망이 적절합니다.
646,646,2026-04-28,제이앤티씨,204270,KQ,핸드셋,19650.0,17690.5,19391.0,20254.25,20192.4,0,57.23508819129885,411.9346174672403,1.6868945194485372,0,2.130977130977141,29.446640316205546,-1583.1111369314442,,-1741.4222506245887,DART,TRAILING_DART,,-1583.1111369314442,-12.412268186103306,-18997.33364317733,-196.67854271337063,5.0,1,3.0,47.490022251835256,26.245011125917628,제외,0.0,NEUTRAL,0.8,,비밸류평가,EPS없음,85.05154639175258,관망,현재 강한 매수 신호는 없습니다. 관망이 적절합니다.
647,647,2026-04-28,스피어,347700,KQ,우주항공과국방,39700.0,43797.5,42903.333333333336,27744.75,20999.75,1,42.06366948020421,-553.1522993950276,0.6897806541209043,0,-10.282485875706216,-8.10185185185185,3.399153147597664,,3.739068462357431,DART,TRAILING_DART,,3.399153147597664,11679.379620791076,40.78983777117197,-99.8972548166973,5.0,0,3.0,47.28282711652197,26.141413558260986,제외,0.0,NEUTRAL,0.8,,비밸류평가,EPS없음,25.128865979381445,관망,현재 강한 매수 신호는 없습니다. 관망이 적절합니다.
648,648,2026-04-28,한스바이오메드,042520,KQ,건강관리장비와용품,31100.0,33205.0,40842.5,34857.083333333336,26276.65,1,41.0391637716956,127.41930084587692,1.0542698242883626,0,-5.900151285930411,-7.71513353115727,-2249.091855430128,,-2474.001040973141,DART,TRAILING_DART,,-2249.091855430128,-13.827803397586123,-26989.102265161535,-186.78167930920105,5.0,1,3.0,46.97228575332921,25.986142876664605,제외,0.0,NEUTRAL,0.8,,비밸류평가,EPS없음,61.34020618556701,관망,현재 강한 매수 신호는 없습니다. 관망이 적절합니다.
649,649,2026-04-28,한미약품,128940,KS,제약,491500.0,506825.0,530625.0,489962.5,419832.5,1,44.105052486376806,-1581.03321106172,0.8654607667629483,0,-2.4801587301587324,-4.5631067961165,14607.420576519022,14682.0,14682.0,DART|DAILY_DISC,TRAILING_DART,,14607.420576519022,33.64728203897074,175289.04691822827,-64.33590093220178,5.0,0,3.0,46.091300665123036,25.545650332561518,제외,0.0,NEUTRAL,0.8,,비밸류평가,EPS없음,41.881443298969074,관망,현재 강한 매수 신호는 없습니다. 관망이 적절합니다.
650,650,2026-04-28,NAVER,035420,KS,양방향미디어와서비스,219500.0,207775.0,227550.0,239604.16666666663,239748.75,0,56.216975772350025,2359.36088439635,1.0411714517328032,1,2.5700934579439227,8.933002481389574,11595.25484050195,13899.0,13899.0,DART,TRAILING_DART,,11595.25484050195,18.930157466939985,139143.0580860234,-36.609085154431256,7.967050489872651,0,3.0,42.94498298071052,25.456016735291584,제외,0.0,NEUTRAL,0.8,,비밸류평가,EPS없음,60.69587628865979,관망,현재 강한 매수 신호는 없습니다. 관망이 적절합니다.
651,651,2026-04-28,파인엠텍,441270,KQ,핸드셋,10450.0,10346.0,10187.166666666666,9858.083333333334,10128.35,1,49.48138886587114,2.7915572124623798,0.643377570461862,0,-9.602076124567471,9.081419624217112,-370.4294987258498,,-407.4724485984348,DART,TRAILING_DART,,-370.4294987258498,-28.210496291317,-4445.153984710198,-142.53735870536076,5.0,1,3.0,45.445231260207734,25.222615630103867,제외,0.0,NEUTRAL,0.8,,비밸류평가,EPS없음,21.00515463917526,관망,현재 강한 매수 신호는 없습니다. 관망이 적절합니다.
652,652,2026-04-28,LG생활건강,051900,KS,화장품,255000.0,249175.0,253966.66666666663,263983.3333333333,278815.0,0,55.240556565579865,875.3008251356543,0.905546458610814,1,1.7964071856287456,3.238866396761142,-5605.568608875215,7409.0,7409.0,DART,TRAILING_DART,,-5605.568608875215,-45.49047880642513,-67266.82330650259,-126.37914639470691,5.0,1,3.0,44.487786566765145,24.743893283382572,제외,0.0,NEUTRAL,0.8,,비밸류평가,EPS없음,47.0360824742268,관망,현재 강한 매수 신호는 없습니다. 관망이 적절합니다.
653,653,2026-04-28,HEM파마,376270,KQ,건강관리업체및서비스,59500.0,63195.0,72965.0,59411.25,44673.1,1,40.17512372807286,-49.29223527888462,0.8102245161841867,0,-0.5016722408026753,-15.960451977401124,-3301.288154483038,,-3631.416969931342,DART,TRAILING_DART,,-3301.288154483038,-18.023267650599056,-39615.457853796455,-166.580601434952,5.0,1,3.0,43.40904121042531,24.204520605212654,제외,0.0,NEUTRAL,0.8,,비밸류평가,EPS없음,37.5,관망,현재 강한 매수 신호는 없습니다. 관망이 적절합니다.
654,654,2026-04-28,롯데지주,004990,KS,복합기업,29200.0,28362.5,30916.666666666668,29756.666666666668,29634.0,0,50.77915020992593,205.42156112380349,0.706349231087325,1,2.0979020979021046,6.959706959706957,-5970.105804369684,,-6567.116384806653,DART,TRAILING_DART,,-5970.105804369684,-4.891035595822728,-71641.26965243621,-345.3468138782062,5.0,1,3.0,43.36266289040662,24.18133144520331,제외,0.0,NEUTRAL,0.8,,비밸류평가,EPS없음,26.675257731958762,관망,현재 강한 매수 신호는 없습니다. 관망이 적절합니다.
655,655,2026-04-28,원텍,336570,KQ,건강관리장비와용품,7680.0,7320.0,7570.666666666667,7717.166666666667,8885.2,0,58.30743346824935,48.62528054469482,0.8016924845538562,1,2.8112449799196693,13.27433628318584,391.4794599182426,546.0,546.0,DART,TRAILING_DART,,391.4794599182426,19.61788749173177,4697.753519018911,-38.8313343877746,6.022582410697228,0,3.0,42.207848353313764,24.115215382005495,제외,0.0,NEUTRAL,0.8,,비밸류평가,EPS없음,36.98453608247423,관망,현재 강한 매수 신호는 없습니다. 관망이 적절합니다.
656,656,2026-04-28,휴젤,145020,KQ,생물공학,265500.0,256750.0,257475.0,245475.0,273472.5,0,54.7366008032322,1073.5112139057435,0.7737920099910446,0,1.724137931034475,10.395010395010384,11945.21272008942,13420.0,13420.0,DART,TRAILING_DART,,11945.21272008942,22.226477353013813,143342.55264107304,-46.01033798829641,5.0,0,3.0,42.47911678512863,23.739558392564316,제외,0.0,NEUTRAL,0.8,,비밸류평가,EPS없음,33.891752577319586,관망,현재 강한 매수 신호는 없습니다. 관망이 적절합니다.
657,657,2026-04-28,카카오뱅크,323410,KS,은행,24950.0,24812.5,25138.33333333333,23478.75,24405.25,1,50.957340453397904,1.6890867947735444,0.905494143445127,0,0.0,4.175365344467652,1006.62214978647,1229.0,1229.0,DART,TRAILING_DART,,1006.62214978647,24.78586429405763,12079.46579743764,-51.585307425099636,5.0,0,3.0,42.01906637140934,23.50953318570467,제외,0.0,NEUTRAL,0.8,,비밸류평가,EPS없음,46.90721649484536,관망,현재 강한 매수 신호는 없습니다. 관망이 적절합니다.
658,658,2026-04-28,티엠씨,217590,KS,조선,29350.0,26895.0,20118.5,,,0,58.07180651118024,-145.29205989915317,0.385477051688933,0,0.0,56.61686232657417,-24.293163942812026,,-26.72248033709323,DART,TRAILING_DART,,-24.293163942812026,-1208.1588083418098,-291.5179673137443,-100.99324690737221,5.0,1,3.0,41.99422452920185,23.497112264600926,제외,0.0,NEUTRAL,0.8,,비밸류평가,EPS없음,5.412371134020619,관망,현재 강한 매수 신호는 없습니다. 관망이 적절합니다.
659,659,2026-04-28,씨엠티엑스,388210,KQ,반도체와반도체장비,152200.0,138335.0,139606.66666666666,,,0,56.86455813172448,1487.6336454669597,1.1364676867709984,0,1.0624169986719778,22.6430298146656,-2248.159868155967,7139.0,7139.0,DART,TRAILING_DART,,-2248.159868155967,-67.69981181313439,-26977.918417871606,-117.72530776469883,5.0,1,3.0,41.93133542079922,23.46566771039961,제외,0.0,NEUTRAL,0.8,,비밸류평가,EPS없음,67.5257731958763,관망,현재 강한 매수 신호는 없습니다. 관망이 적절합니다.
660,660,2026-04-28,씨앤씨인터내셔널,352480,KQ,화장품,30300.0,27320.0,29223.33333333333,30772.5,35248.0,0,62.996666520805405,560.2538097205252,2.305655953892742,0,10.786106032906773,15.209125475285168,1048.186336349765,,1153.0049699847416,DART,TRAILING_DART,,1048.186336349765,28.90707400891869,12578.23603619718,-58.487669847534065,5.0,0,3.0,41.52279731476959,23.261398657384795,제외,0.0,NEUTRAL,0.8,,비밸류평가,EPS없음,91.62371134020619,관망,현재 강한 매수 신호는 없습니다. 관망이 적절합니다.
661,661,2026-04-28,GKL,114090,KS,"호텔,레스토랑,레저",11980.0,11821.0,12352.666666666666,13292.75,14530.95,0,50.3702489074618,33.7546801637336,1.2665116593976655,0,-1.073492981007429,4.17391304347825,761.0031827640053,868.0,868.0,DART,TRAILING_DART,,761.0031827640053,15.742378312384954,9132.038193168064,-23.77263611712801,19.19894339751299,0,3.0,26.88267202318788,23.040807710350435,제외,0.0,NEUTRAL,0.8,,비밸류평가,EPS없음,73.96907216494846,관망,현재 강한 매수 신호는 없습니다. 관망이 적절합니다.
662,662,2026-04-28,안트로젠,065660,KQ,제약,37400.0,38975.0,41651.66666666666,37820.0,32519.25,1,42.10462930332324,1.731261345940311,0.3977006383893837,0,0.1338688085676054,-12.922002328288706,-137.3005968359301,,-151.03065651952312,DART,TRAILING_DART,,-137.3005968359301,-272.3950285860143,-1647.6071620311611,-104.40536674339882,5.0,1,3.0,40.350400536703674,22.675200268351837,제외,0.0,NEUTRAL,0.8,,비밸류평가,EPS없음,5.927835051546391,관망,현재 강한 매수 신호는 없습니다. 관망이 적절합니다.
663,663,2026-04-28,신라젠,215600,KQ,제약,3585.0,3773.0,3726.5833333333335,3474.583333333333,3302.175,1,43.70373616698084,-34.48613592411867,0.6382712172356962,0,-4.907161803713533,-5.657894736842106,-175.12483006205844,,-192.6373130682643,DART,TRAILING_DART,,-175.12483006205844,-20.47111194186224,-2101.4979607447012,-158.6191899789317,5.0,1,3.0,40.21576353290824,22.60788176645412,제외,0.0,NEUTRAL,0.8,,비밸류평가,EPS없음,20.747422680412374,관망,현재 강한 매수 신호는 없습니다. 관망이 적절합니다.
664,664,2026-04-28,루닛,328130,KQ,건강관리기술,38450.0,35782.5,37802.5,38911.25,40509.25,0,57.42441222718841,340.31519129729486,0.9405458850142224,0,5.054644808743158,17.76416539050536,-1618.2511744949595,,-1780.0762919444555,DART,TRAILING_DART,,-1618.2511744949595,-23.760217576854146,-19419.014093939513,-150.50458802064895,5.0,1,3.0,39.49863112209177,22.249315561045886,제외,0.0,NEUTRAL,0.8,,비밸류평가,EPS없음,50.128865979381445,관망,현재 강한 매수 신호는 없습니다. 관망이 적절합니다.
665,665,2026-04-28,한샘,009240,KS,가구,41150.0,39425.0,43023.333333333336,44275.833333333336,44532.5,0,54.56176223005063,299.8070771896248,2.8279828627222705,0,4.707379134860057,-0.2424242424242439,1966.5686221611625,999.0,999.0,DART,TRAILING_DART,,1966.5686221611625,20.924771979112617,23598.82346593395,-42.651704821545685,5.0,0,3.0,38.94015784929844,21.97007892464922,제외,0.0,NEUTRAL,0.8,,비밸류평가,EPS없음,94.45876288659794,관망,현재 강한 매수 신호는 없습니다. 관망이 적절합니다.
666,666,2026-04-28,동서,026960,KS,식품,26550.0,27172.5,26909.166666666668,27050.83333333333,27590.25,0,43.96141005422117,-131.29917138336947,0.9851531074650896,0,-1.4842300556586308,-2.925045703839124,1469.0440861584757,,1615.9484947743233,DART,TRAILING_DART,,1469.0440861584757,18.072977012846348,17628.52903390171,-33.60252717927793,10.597788718131813,0,3.0,33.1576924918454,21.87774060498861,제외,0.0,NEUTRAL,0.8,,비밸류평가,EPS없음,55.02577319587629,관망,현재 강한 매수 신호는 없습니다. 관망이 적절합니다.
667,667,2026-04-28,위메이드,112040,KQ,게임엔터테인먼트,24350.0,21807.5,24165.83333333333,25544.166666666668,27124.75,0,58.28842675388135,376.95091071072113,1.5009030561084975,0,1.0373443983402453,17.9176755447942,-796.5140476232767,,-876.1654523856045,DART,TRAILING_DART,,-796.5140476232767,-30.570710049192627,-9558.16857147932,-139.25325902044895,5.0,1,3.0,38.746790319994176,21.873395159997088,제외,0.0,NEUTRAL,0.8,,비밸류평가,EPS없음,81.70103092783505,관망,현재 강한 매수 신호는 없습니다. 관망이 적절합니다.
668,668,2026-04-28,신도리코,029530,KS,사무용전자제품,51200.0,51232.5,54138.333333333336,50828.75,48973.0,1,45.91469156367099,100.47502723183452,1.128749640400659,0,-0.5825242718446644,3.7487335359675855,2065.599573228113,,2272.1595305509245,DART,TRAILING_DART,,2065.599573228113,24.786991953132905,24787.194878737355,-51.58751000246611,5.0,0,3.0,38.36856157857943,21.684280789289716,제외,0.0,NEUTRAL,0.8,,비밸류평가,EPS없음,66.75257731958763,관망,현재 강한 매수 신호는 없습니다. 관망이 적절합니다.
669,669,2026-04-28,삼천당제약,000250,KQ,제약,432000.0,512400.0,651850.0,448945.8333333333,348713.0,1,37.778993924823816,-7774.908872465749,0.2722322769598168,0,-9.148264984227128,-47.88902291917974,512.8364480622635,,564.1200928684899,DART,TRAILING_DART,,512.8364480622635,842.3738243104572,6154.037376747161,-98.57545431093816,5.0,0,3.0,37.778212116008504,21.389106058004252,제외,0.0,NEUTRAL,0.8,,비밸류평가,EPS없음,2.3195876288659796,관망,현재 강한 매수 신호는 없습니다. 관망이 적절합니다.
670,670,2026-04-28,GRT,900290,KQ,화학,4095.0,5157.75,5135.083333333333,4127.041666666667,3683.65,1,31.37837986219708,-160.66203587063154,1.432585994140266,0,-19.54813359528488,-21.09826589595376,6.134013271490415,,6.747414598639457,DART,TRAILING_DART,,6.134013271490415,667.5890349035739,73.60815925788498,-98.2024869534094,5.0,0,3.0,37.64222900895861,21.321114504479304,제외,0.0,NEUTRAL,0.8,,비밸류평가,EPS없음,79.76804123711341,관망,현재 강한 매수 신호는 없습니다. 관망이 적절합니다.
671,671,2026-04-28,씨젠,096530,KQ,생명과학도구및서비스,24800.0,24040.0,24565.0,24745.0,25833.75,0,54.15499216242925,93.64333253818393,0.5215972942665076,0,-0.4016064257028162,13.501144164759715,927.6098085371052,,1020.3707893908158,DART,TRAILING_DART,,927.6098085371052,26.735379220613297,11131.317702445263,-55.11565442562394,5.0,0,3.0,37.36520319306114,21.18260159653057,제외,0.0,NEUTRAL,0.8,,비밸류평가,EPS없음,12.5,관망,현재 강한 매수 신호는 없습니다. 관망이 적절합니다.
672,672,2026-04-28,율촌화학,008730,KS,포장재,26800.0,26180.0,25884.166666666668,27365.83333333333,29161.25,0,54.99697003157058,17.175647496759098,0.7764886889083419,0,-5.964912280701751,15.021459227467805,167.94407262096777,,184.73847988306457,DART,TRAILING_DART,,167.94407262096777,159.57693285481292,2015.3288714516134,-92.48011615129995,5.0,0,3.0,37.34818251087771,21.174091255438857,제외,0.0,NEUTRAL,0.8,,비밸류평가,EPS없음,34.02061855670103,관망,현재 강한 매수 신호는 없습니다. 관망이 적절합니다.
673,673,2026-04-28,아세아시멘트,183190,KS,건축자재,12010.0,11342.5,12069.166666666666,12068.833333333334,12438.35,0,56.27503833970535,113.0766930401944,0.4473932725375924,0,3.445305770887175,15.703275529865124,450.1711315059365,,495.1882446565302,DART,TRAILING_DART,,450.1711315059365,26.67874317001072,5402.053578071238,-55.02036987451092,5.0,0,3.0,37.19017635745985,21.095088178729924,제외,0.0,NEUTRAL,0.8,,비밸류평가,EPS없음,7.731958762886598,관망,현재 강한 매수 신호는 없습니다. 관망이 적절합니다.
674,674,2026-04-28,카프로,006380,KS,화학,3660.0,3660.0,3660.0,3660.0,3660.0,0,,0.0,,1,0.0,0.0,-191.4799804847333,,-210.62797853320663,DART,TRAILING_DART,,-191.4799804847333,-19.11426975673737,-2297.7597658167997,-162.78032147040435,5.0,1,3.0,37.103896103896105,21.051948051948052,제외,0.0,NEUTRAL,0.8,,비밸류평가,EPS없음,,관망,현재 강한 매수 신호는 없습니다. 관망이 적절합니다.
675,675,2026-04-28,금양,001570,KS,화학,9900.0,9900.0,9900.0,9900.0,9900.0,0,,0.0,,1,0.0,0.0,-1079.3320864650686,,-1187.2652951115756,DART,TRAILING_DART,,-1079.3320864650686,-9.172339193976518,-12951.985037580824,-230.82813169273558,5.0,1,3.0,37.103896103896105,21.051948051948052,제외,0.0,NEUTRAL,0.8,,비밸류평가,EPS없음,,관망,현재 강한 매수 신호는 없습니다. 관망이 적절합니다.
676,676,2026-04-28,SPC삼립,005610,KS,식품,49600.0,49735.0,50679.16666666666,51320.41666666666,52485.25,0,43.08865063927958,40.94370060025204,2.065250010717808,0,-0.6012024048096198,0.2020202020202033,1626.502234265835,,1789.1524576924187,DART,TRAILING_DART,,1626.502234265835,30.49488586923969,19518.026811190022,-60.649139493568505,5.0,0,3.0,36.54058532791054,20.77029266395527,제외,0.0,NEUTRAL,0.8,,비밸류평가,EPS없음,88.78865979381443,관망,현재 강한 매수 신호는 없습니다. 관망이 적절합니다.
677,677,2026-04-28,롯데칠성,005300,KS,음료,122300.0,118745.0,125885.0,126740.0,125225.0,0,53.57955529442971,940.500019885034,0.8057283520257021,0,-0.8914100486223653,7.280701754385954,5517.727491258647,10718.0,10718.0,DART|DAILY_DISC,TRAILING_DART,,5517.727491258647,22.16492209768449,66212.72989510377,-45.8604007398988,5.0,0,3.0,36.35516973151089,20.677584865755446,제외,0.0,NEUTRAL,0.8,,비밸류평가,EPS없음,37.371134020618555,관망,현재 강한 매수 신호는 없습니다. 관망이 적절합니다.
678,678,2026-04-28,위메이드맥스,101730,KQ,게임엔터테인먼트,5870.0,5348.75,5746.0,6117.916666666667,6569.7,0,55.07516206243163,106.61522885102376,1.1166180502851342,0,-16.262482168330962,18.10865191146882,-427.03465929725,,-469.7381252269751,DART,TRAILING_DART,,-427.03465929725,-13.74595684963832,-5124.415911567,-187.2983971306133,5.0,1,3.0,36.313608293233735,20.656804146616867,제외,0.0,NEUTRAL,0.8,,비밸류평가,EPS없음,65.33505154639175,관망,현재 강한 매수 신호는 없습니다. 관망이 적절합니다.
679,679,2026-04-28,드림텍,192650,KS,핸드셋,6780.0,6624.5,7170.166666666667,7139.583333333333,6791.8,0,50.29602769165086,51.163910420665445,0.942225957607034,0,0.7429420505200568,8.133971291866038,192.0530053708924,,211.25830590798168,DART,TRAILING_DART,,192.0530053708924,35.30275398141506,2304.636064450709,-66.00831763347037,5.0,0,3.0,36.002600149316805,20.501300074658403,제외,0.0,NEUTRAL,0.8,,비밸류평가,EPS없음,50.644329896907216,관망,현재 강한 매수 신호는 없습니다. 관망이 적절합니다.
680,680,2026-04-28,케이아이엔엑스,093320,KQ,IT서비스,106500.0,106665.0,112558.33333333331,111187.5,102194.0,1,47.74494918020324,143.90948922793825,0.5106032232641876,0,-1.29749768303985,6.499999999999995,4012.026929713115,,4413.229622684426,DART,TRAILING_DART,,4012.026929713115,26.545185729253173,48144.32315655738,-54.79406276379588,5.0,0,3.0,35.78576362934659,20.392881814673295,제외,0.0,NEUTRAL,0.8,,비밸류평가,EPS없음,11.597938144329897,관망,현재 강한 매수 신호는 없습니다. 관망이 적절합니다.
681,681,2026-04-28,시노펙스,025320,KQ,핸드셋,6150.0,6035.0,6366.0,6213.567472330729,6357.902390136719,0,52.30526233972861,30.050051565760825,1.1482828368531122,0,-1.757188498402551,6.585788561525141,77.71876216401493,,85.49063838041643,DART,TRAILING_DART,,77.71876216401493,79.13147133019511,932.6251459681791,-84.8353634801922,5.0,0,3.0,35.61289817146132,20.30644908573066,제외,0.0,NEUTRAL,0.8,,비밸류평가,EPS없음,68.04123711340206,관망,현재 강한 매수 신호는 없습니다. 관망이 적절합니다.
682,682,2026-04-28,아크릴,0007C0,KQ,IT서비스,40000.0,36657.5,39058.333333333336,,,0,55.19170311509511,255.24218242492876,1.8400500648445264,0,7.671601615074031,27.18600953895072,,,-525.8000000000001,SCRAPE,FORWARD_AUTO,,-525.8000000000001,-76.07455306200075,-8069.784984394803,-120.17446246098702,5.0,1,3.0,35.53803146145759,20.269015730728796,제외,0.0,NEUTRAL,0.8,,비밸류평가,EPS없음,86.72680412371135,관망,현재 강한 매수 신호는 없습니다. 관망이 적절합니다.
683,683,2026-04-28,동아에스티,170900,KS,제약,45350.0,44895.0,46983.333333333336,48857.142805989584,47102.8570703125,0,50.28250584923917,173.3718193696676,1.2414328021435623,0,1.0022271714922093,3.5388127853881235,-3866.3649482993055,,-4253.001443129237,DART|DAILY_DISC,TRAILING_DART,,-3866.3649482993055,-11.729363525279233,-46396.379379591664,-202.30734152059907,5.0,1,3.0,34.98629597787872,19.99314798893936,제외,0.0,NEUTRAL,0.8,,비밸류평가,EPS없음,72.29381443298969,관망,현재 강한 매수 신호는 없습니다. 관망이 적절합니다.
684,684,2026-04-28,넥슨게임즈,225570,KQ,게임엔터테인먼트,11920.0,11797.5,11761.5,12250.416666666666,12951.3,0,53.84153855010577,15.85947600047163,0.7124951488846764,0,-0.8319467554076532,2.936096718480141,-938.6532259389415,,-1032.518548532836,DART,TRAILING_DART,,-938.6532259389415,-12.6990454734509,-11263.838711267299,-194.49529120190687,5.0,1,3.0,34.91756194618312,19.95878097309156,제외,0.0,NEUTRAL,0.8,,비밸류평가,EPS없음,27.448453608247426,관망,현재 강한 매수 신호는 없습니다. 관망이 적절합니다.
685,685,2026-04-28,신대양제지,016590,KS,포장재,12840.0,13135.5,13298.166666666666,13378.666666666666,12656.4,1,46.65390005981941,-46.73344334629861,0.1911425094482844,0,-4.179104477611939,-2.579666160849769,552.6959035501176,,607.9654939051294,DART,TRAILING_DART,,552.6959035501176,23.23158163019692,6632.3508426014105,-48.34617723830677,5.0,0,3.0,34.82367001478059,19.911835007390295,제외,0.0,NEUTRAL,0.8,,비밸류평가,EPS없음,1.0309278350515463,관망,현재 강한 매수 신호는 없습니다. 관망이 적절합니다.
686,686,2026-04-28,에스디바이오센서,137310,KS,건강관리장비와용품,8500.0,8208.0,8306.666666666666,8697.166666666666,9257.1,0,54.31006049536528,23.897755147343105,0.5746060330568646,0,-2.1864211737629424,11.111111111111116,-4251.697128762084,,-4676.8668416382925,DART,TRAILING_DART,,-4251.697128762084,-1.9992016699634587,-51020.365545145,-700.2395946487648,5.0,1,3.0,34.470540552681996,19.735270276340998,제외,0.0,NEUTRAL,0.8,,비밸류평가,EPS없음,16.108247422680414,관망,현재 강한 매수 신호는 없습니다. 관망이 적절합니다.
687,687,2026-04-28,와이바이오로직스,338840,KQ,생물공학,23150.0,25460.0,26647.5,25509.58333333333,20634.65,1,40.48932244460031,-214.86420814666255,0.5619993765717914,0,-1.906779661016944,-24.715447154471548,-2768.7729762412,,-3045.6502738653203,DART,TRAILING_DART,,-2768.7729762412,-8.361104430969895,-33225.2757148944,-243.52170935159566,5.0,1,3.0,34.326185895014824,19.663092947507412,제외,0.0,NEUTRAL,0.8,,비밸류평가,EPS없음,15.721649484536082,관망,현재 강한 매수 신호는 없습니다. 관망이 적절합니다.
688,688,2026-04-28,컴투스,078340,KQ,게임엔터테인먼트,33350.0,33347.5,33830.0,32551.25,34906.5,0,50.20217635446801,16.10874947246458,0.8376487745794763,0,1.2139605462822445,6.0413354531001495,774.4168606006643,2913.0,2913.0,DART,TRAILING_DART,,774.4168606006643,43.06466154950784,9293.002327207972,-72.13492555559829,5.0,0,3.0,34.317742524930566,19.658871262465283,제외,0.0,NEUTRAL,0.8,,비밸류평가,EPS없음,40.07731958762887,관망,현재 강한 매수 신호는 없습니다. 관망이 적절합니다.
689,689,2026-04-28,셀트리온제약,068760,KQ,제약,57900.0,56750.0,62958.333333333336,62497.17307942709,58910.06857421875,0,48.76058765235912,465.0745519686168,1.2697492177929497,0,0.6956521739130528,5.65693430656935,872.7401740971623,,960.0141915068784,DART,TRAILING_DART,,872.7401740971623,66.34276926680585,10472.882089165947,-81.91212074410026,5.0,0,3.0,34.063733979105244,19.531866989552622,제외,0.0,NEUTRAL,0.8,,비밸류평가,EPS없음,74.22680412371135,관망,현재 강한 매수 신호는 없습니다. 관망이 적절합니다.
690,690,2026-04-28,인벤티지랩,389470,KQ,제약,62300.0,62560.0,74140.0,74770.41666666667,60549.25,1,43.521156941606655,822.0537754329621,0.5406713412990598,0,1.9639934533551615,-4.885496183206106,-1198.3313724198003,,-1318.1645096617806,DART,TRAILING_DART,,-1198.3313724198003,-51.98895850836075,-14379.976469037603,-123.08182418786133,5.0,1,3.0,33.99846636410908,19.49923318205454,제외,0.0,NEUTRAL,0.8,,비밸류평가,EPS없음,14.304123711340205,관망,현재 강한 매수 신호는 없습니다. 관망이 적절합니다.
691,691,2026-04-28,파마리서치,214450,KQ,건강관리장비와용품,325000.0,303750.0,330933.3333333333,382804.1666666667,469240.0,0,56.56468627445112,4932.782094463771,1.2647575358879777,0,7.438016528925617,8.695652173913038,16194.526982434823,18767.0,18767.0,DART|DAILY_DISC,TRAILING_DART,,16194.526982434823,20.0685083517726,194334.3237892179,-40.20482344947142,5.0,0,3.0,33.58185572980141,19.290927864900706,제외,0.0,NEUTRAL,0.8,,비밸류평가,EPS없음,73.71134020618557,관망,현재 강한 매수 신호는 없습니다. 관망이 적절합니다.
692,692,2026-04-28,신풍제약,019170,KS,제약,11780.0,11214.0,11556.666666666666,12748.0,12909.75,0,53.09435784717702,80.54949680525411,0.3264071297874533,0,-0.8417508417508435,13.816425120772946,160.04206116303698,,176.0462672793407,DART,TRAILING_DART,,160.04206116303698,73.60565037961838,1920.5047339564437,-83.69690378644785,5.0,0,3.0,33.535560409316815,19.267780204658408,제외,0.0,NEUTRAL,0.8,,비밸류평가,EPS없음,4.123711340206185,관망,현재 강한 매수 신호는 없습니다. 관망이 적절합니다.
693,693,2026-04-28,펩트론,087010,KQ,생물공학,270500.0,270500.0,281841.6666666667,277791.6666666667,280135.0,0,48.03458274007846,1397.2024843230192,0.9537087289299,0,6.286836935166984,-7.836456558773419,-592.8539311714238,,-652.1393242885663,DART,TRAILING_DART,,-592.8539311714238,-456.26753197961824,-7114.247174057085,-102.63003592386583,5.0,1,3.0,33.41503433553657,19.207517167768284,제외,0.0,NEUTRAL,0.8,,비밸류평가,EPS없음,52.9639175257732,관망,현재 강한 매수 신호는 없습니다. 관망이 적절합니다.
694,694,2026-04-28,알지노믹스,476830,KQ,생물공학,186800.0,192935.0,175655.0,,,0,48.16549811670341,-2012.131316748575,0.659816644028424,0,0.3761418592154841,-5.465587044534415,-7450.241896312589,,-8195.26608594385,DART,TRAILING_DART,,-7450.241896312589,-25.0730114001338,-89402.90275575107,-147.86022631464192,5.0,1,3.0,32.94670029108798,18.97335014554399,제외,0.0,NEUTRAL,0.8,,비밸류평가,EPS없음,22.551546391752577,관망,현재 강한 매수 신호는 없습니다. 관망이 적절합니다.
695,695,2026-04-28,카카오페이,377300,KS,IT서비스,55300.0,53305.0,58522.5,54647.91666666666,56726.25,0,50.75004834095522,464.6647862674295,0.6762360446570973,0,-2.982456140350876,13.203684749232348,411.7767402043429,673.0,673.0,DART|DAILY_DISC,TRAILING_DART,,411.7767402043429,134.2960750346354,4941.320882452115,-91.06451919990576,5.0,0,3.0,32.72255138949883,18.861275694749416,제외,0.0,NEUTRAL,0.8,,비밸류평가,EPS없음,24.0979381443299,관망,현재 강한 매수 신호는 없습니다. 관망이 적절합니다.
696,696,2026-04-28,SK바이오팜,326030,KS,제약,102600.0,100445.0,104126.66666666669,115410.0,110395.0,0,52.37648648031089,427.06920762256937,0.8877453611095222,0,0.588235294117645,8.227848101265822,3233.8569478217287,3458.0,3458.0,DART,TRAILING_DART,,3233.8569478217287,31.726820838228367,38806.283373860744,-62.17711172138329,5.0,0,3.0,32.68872882186424,18.84436441093212,제외,0.0,NEUTRAL,0.8,,비밸류평가,EPS없음,44.45876288659794,관망,현재 강한 매수 신호는 없습니다. 관망이 적절합니다.
697,697,2026-04-28,넷마블,251270,KS,게임엔터테인먼트,50600.0,50417.5,52364.16666666666,51832.91666666666,55122.5,0,48.70301144687286,58.57409777856071,0.7234257355298238,0,0.0,2.8455284552845628,2816.2225225896063,4052.0,4052.0,DART,TRAILING_DART,,2816.2225225896063,17.96733020708594,33794.67027107527,-33.21211408878405,10.939400172313958,0,3.0,26.739269673790492,18.839334923052224,제외,0.0,NEUTRAL,0.8,,비밸류평가,EPS없음,28.737113402061855,관망,현재 강한 매수 신호는 없습니다. 관망이 적절합니다.
698,698,2026-04-28,한진칼,180640,KS,항공사,114700.0,113815.0,122328.33333333331,117409.16666666669,114836.5,0,47.88152974877902,586.7550747190667,0.7506246844359797,0,-3.6134453781512583,6.400742115027835,2384.3059941078404,,2622.736593518625,DART,TRAILING_DART,,2384.3059941078404,48.10624151574909,28611.671929294083,-75.05521191866252,5.0,0,3.0,32.67278060312044,18.83639030156022,제외,0.0,NEUTRAL,0.8,,비밸류평가,EPS없음,31.958762886597935,관망,현재 강한 매수 신호는 없습니다. 관망이 적절합니다.
699,699,2026-04-28,다날,064260,KQ,IT서비스,7650.0,7500.5,7768.333333333333,7476.083333333333,7984.6,0,51.89624988903567,6.296427633401379,0.5055293365405612,0,-2.91878172588832,28.35570469798658,-903.7482866552052,,-994.1231153207258,DART,TRAILING_DART,,-903.7482866552052,-8.464746338068135,-10844.979439862462,-241.7644371223851,5.0,1,3.0,32.561360385170346,18.780680192585173,제외,0.0,NEUTRAL,0.8,,비밸류평가,EPS없음,11.211340206185568,관망,현재 강한 매수 신호는 없습니다. 관망이 적절합니다.
700,700,2026-04-28,하이트진로,000080,KS,음료,17130.0,17107.0,17208.333333333332,17881.333333333332,18610.7,0,50.60877902245414,1.1027130034462118,0.9304355937251462,0,-0.2329644729178848,2.45215311004785,586.2702345669895,1526.0,1526.0,DART,TRAILING_DART,,586.2702345669895,29.21860771705724,7035.242814803874,-58.930281291279194,5.0,0,3.0,32.54189926128798,18.77094963064399,제외,0.0,NEUTRAL,0.8,,비밸류평가,EPS없음,49.097938144329895,관망,현재 강한 매수 신호는 없습니다. 관망이 적절합니다.
701,701,2026-04-28,에이비엘바이오,298380,KQ,생물공학,139400.0,158295.0,177205.0,179285.0,142173.0,0,37.59944213669575,253.76909451636493,6.585303956206981,0,-10.58370750481078,-15.97347799879445,-676.5353762502151,-3830.0,-3830.0,DART,TRAILING_DART,,-676.5353762502151,-206.0498310859109,-8118.424515002582,-105.82383394189567,5.0,1,3.0,32.49182112414614,18.74591056207307,제외,0.0,NEUTRAL,0.8,,비밸류평가,EPS없음,99.0979381443299,관망,현재 강한 매수 신호는 없습니다. 관망이 적절합니다.
702,702,2026-04-28,알테오젠,196170,KQ,생물공학,376500.0,364825.0,373441.6666666667,428220.8333333333,438670.0,0,54.06115795649691,2122.92361718607,1.0924533903007931,0,2.0325203252032464,10.248901903367493,2711.798253116258,,2982.978078427884,DART,TRAILING_DART,,2711.798253116258,138.8377618310454,32541.579037395095,-91.35681831676094,5.0,0,3.0,32.45471918861146,18.72735959430573,제외,0.0,NEUTRAL,0.8,,비밸류평가,EPS없음,63.4020618556701,관망,현재 강한 매수 신호는 없습니다. 관망이 적절합니다.
703,703,2026-04-28,삼양컴텍,484590,KQ,우주항공과국방,12810.0,12448.0,12582.166666666666,12860.75,,0,52.46560728894279,110.94807886006784,0.6677780212022605,0,2.1531100478468845,10.335917312661502,550.0936418068718,,605.1030059875591,DART,TRAILING_DART,,550.0936418068718,23.28694430628843,6601.123701682462,-48.46897969022278,5.0,0,3.0,32.42142632810419,18.710713164052095,제외,0.0,NEUTRAL,0.8,,비밸류평가,EPS없음,23.45360824742268,관망,현재 강한 매수 신호는 없습니다. 관망이 적절합니다.
704,704,2026-04-28,카페24,042000,KQ,IT서비스,26400.0,26580.0,30163.33333333333,31417.5,35182.25,0,41.94601665999691,164.38117713997258,1.3946615908729854,0,-3.119266055045866,0.0,1610.647456811006,,1771.7122024921066,DART,TRAILING_DART,,1610.647456811006,16.39092396561477,19327.76948173207,-26.788751963136104,16.559842032255908,0,3.0,19.939487843134952,18.249664937695428,제외,0.0,NEUTRAL,0.8,,비밸류평가,EPS없음,78.09278350515464,관망,현재 강한 매수 신호는 없습니다. 관망이 적절합니다.
705,705,2026-04-28,SK케미칼,285130,KS,화학,57700.0,56175.0,59500.0,64790.0,64774.0,0,51.51188940506172,358.36786267904165,1.6936279024411385,0,-0.17301038062284,9.695817490494306,1577.992536519657,,1735.791790171623,DART,TRAILING_DART,,1577.992536519657,36.56544544073719,18935.910438235886,-67.18213095626363,5.0,0,3.0,31.051714231453627,18.025857115726815,제외,0.0,NEUTRAL,0.8,,비밸류평가,EPS없음,85.18041237113401,관망,현재 강한 매수 신호는 없습니다. 관망이 적절합니다.
706,706,2026-04-28,삼양홀딩스,000070,KS,화학,69000.0,67710.0,68220.0,71091.38932291667,82975.1791796875,0,52.12616875250081,190.46313297111843,0.846737404541674,0,1.3215859030837107,4.545454545454541,-38403.39315443869,,-42243.73246988256,DART,TRAILING_DART,,-38403.39315443869,-1.7967162360502236,-460840.71785326424,-767.8850983380642,5.0,1,3.0,30.654428015337196,17.827214007668598,제외,0.0,NEUTRAL,0.8,,비밸류평가,EPS없음,40.59278350515464,관망,현재 강한 매수 신호는 없습니다. 관망이 적절합니다.
707,707,2026-04-28,골프존,215000,KQ,"호텔,레스토랑,레저",51500.0,50205.0,52670.833333333336,55532.083333333336,59040.25,0,55.80500786051503,262.3538808495283,1.3783000042201472,0,0.0,5.749486652977409,2049.586797367186,,2254.545477103905,DART,TRAILING_DART,,2049.586797367186,25.12701587761726,24595.04156840623,-52.24263773125004,5.0,0,3.0,30.594361208342058,17.79718060417103,제외,0.0,NEUTRAL,0.8,,비밸류평가,EPS없음,77.83505154639175,관망,현재 강한 매수 신호는 없습니다. 관망이 적절합니다.
708,708,2026-04-28,대상,001680,KS,식품,20700.0,20582.5,21273.33333333333,21234.83333333333,21769.65,0,48.63980375324,42.14079645474645,0.4722033496475403,0,-0.240963855421683,4.020100502512558,-8747.655523799696,,-9622.421076179668,DART,TRAILING_DART,,-8747.655523799696,-2.3663483254092057,-104971.86628559636,-607.1104651478084,5.0,1,3.0,30.50465548627335,17.752327743136675,제외,0.0,NEUTRAL,0.8,,비밸류평가,EPS없음,9.536082474226804,관망,현재 강한 매수 신호는 없습니다. 관망이 적절합니다.
709,709,2026-04-28,바이오노트,377740,KS,건강관리장비와용품,5170.0,5058.25,5402.416666666667,5455.541666666667,5497.525,0,50.082814100086,32.73381952413355,0.9243034177914594,0,0.7797270955165692,2.1739130434782705,-860.1325936106355,,-946.1458529716992,DART,TRAILING_DART,,-860.1325936106355,-6.0107011853806736,-10321.591123327626,-299.6439288844802,5.0,1,3.0,30.339150661711994,17.669575330856,제외,0.0,NEUTRAL,0.8,,비밸류평가,EPS없음,48.1958762886598,관망,현재 강한 매수 신호는 없습니다. 관망이 적절합니다.
710,710,2026-04-28,솔트룩스,304100,KQ,IT서비스,24400.0,22855.0,24375.5,26619.0,29834.4,0,55.092708104191566,289.31546393274004,0.7396903863665929,0,1.6666666666666607,15.094339622641506,-952.7149054836664,,-1047.986396032033,DART,TRAILING_DART,,-952.7149054836664,-25.611019476611222,-11432.578865803996,-146.8548314172295,5.0,1,3.0,30.32648236448905,17.663241182244526,제외,0.0,NEUTRAL,0.8,,비밸류평가,EPS없음,31.056701030927837,관망,현재 강한 매수 신호는 없습니다. 관망이 적절합니다.
711,711,2026-04-28,오뚜기,007310,KS,식품,364000.0,363900.0,375033.3333333333,380750.0,388132.5,0,47.11554648579042,621.077103382233,0.9340345261232424,0,-0.2739726027397249,1.2517385257301727,17998.68295012513,,19798.551245137645,DART,TRAILING_DART,,17998.68295012513,20.22370197912005,215984.19540150155,-40.663682582005066,5.0,0,3.0,30.313248081352903,17.65662404067645,제외,0.0,NEUTRAL,0.8,,비밸류평가,EPS없음,49.355670103092784,관망,현재 강한 매수 신호는 없습니다. 관망이 적절합니다.
712,712,2026-04-28,신성델타테크,065350,KQ,가정용기기와용품,59200.0,57570.0,64098.333333333336,61167.5,61537.5,0,49.52547054190751,547.1987781492551,0.7130122118356009,0,-1.3333333333333308,8.226691042047541,880.7698909559864,,968.8468800515852,DART,TRAILING_DART,,880.7698909559864,67.21392341845882,10569.238691471837,-82.14655626440567,5.0,0,3.0,30.074768119295385,17.537384059647692,제외,0.0,NEUTRAL,0.8,,비밸류평가,EPS없음,27.577319587628867,관망,현재 강한 매수 신호는 없습니다. 관망이 적절합니다.
713,713,2026-04-28,네이처셀,007390,KQ,생물공학,20200.0,19410.0,20369.0,21577.33333333333,22581.1,0,54.95163650085168,98.88265985561712,0.8321877841363713,0,-2.1791767554479424,16.695551704217216,-44.04914025371531,,-48.45405427908684,DART,TRAILING_DART,,-44.04914025371531,-458.5787573526191,-528.5896830445837,-102.6167806091316,5.0,1,3.0,29.721996545781437,17.36099827289072,제외,0.0,NEUTRAL,0.8,,비밸류평가,EPS없음,39.175257731958766,관망,현재 강한 매수 신호는 없습니다. 관망이 적절합니다.
714,714,2026-04-28,한미사이언스,008930,KS,제약,38500.0,38745.0,40101.66666666666,39175.41666666666,40299.25,0,47.675475518459976,2.388670054556812,0.7061977902223312,0,-1.9108280254777064,3.773584905660377,1721.1074393547156,,1893.2181832901872,DART|DAILY_DISC,TRAILING_DART,,1721.1074393547156,22.36931821899194,20653.28927225659,-46.35509279933354,5.0,0,3.0,29.39592637455251,17.197963187276255,제외,0.0,NEUTRAL,0.8,,비밸류평가,EPS없음,26.54639175257732,관망,현재 강한 매수 신호는 없습니다. 관망이 적절합니다.
715,715,2026-04-28,SG,255220,KQ,건축자재,2575.0,2709.75,2817.083333333333,2619.0416666666665,2462.575,1,41.55906872420891,-18.25348443882706,0.3750674809162241,0,-5.67765567765568,-1.151631477927062,-22.471962206935725,,-24.7191584276293,DART,TRAILING_DART,,-22.471962206935725,-114.5872343628833,-269.6635464832287,-110.47237073721277,5.0,1,3.0,29.381355846663375,17.190677923331688,제외,0.0,NEUTRAL,0.8,,비밸류평가,EPS없음,4.639175257731959,관망,현재 강한 매수 신호는 없습니다. 관망이 적절합니다.
716,716,2026-04-28,스틱인베스트먼트,026890,KS,창업투자,9710.0,9509.0,10399.5,10346.833333333334,10366.8,0,50.16557368052046,71.8833658503311,1.0260640161858732,0,0.1030927835051542,13.833528722157084,356.43601815578535,,392.0796199713639,DART,TRAILING_DART,,356.43601815578535,27.241915814905408,4277.232217869424,-55.95023462544362,5.0,0,3.0,29.36767373294163,17.183836866470813,제외,0.0,NEUTRAL,0.8,,비밸류평가,EPS없음,59.02061855670103,관망,현재 강한 매수 신호는 없습니다. 관망이 적절합니다.
717,717,2026-04-28,풀무원,017810,KS,식품,12080.0,12189.5,12421.333333333334,12795.666666666666,13339.45,0,46.57453455561224,-10.77389054337683,1.4053095560894724,0,-2.0275750202757514,4.137931034482767,397.6842979567289,,437.4527277524018,DART,TRAILING_DART,,397.6842979567289,30.375853565418858,4772.211575480747,-60.49493728906666,5.0,0,3.0,29.25678774002345,17.128393870011728,제외,0.0,NEUTRAL,0.8,,비밸류평가,EPS없음,78.35051546391753,관망,현재 강한 매수 신호는 없습니다. 관망이 적절합니다.
718,718,2026-04-28,디어유,376300,KQ,양방향미디어와서비스,33150.0,31637.5,35718.333333333336,35270.416666666664,40469.5,0,51.23593720752913,309.0154732950732,1.922489845418399,0,0.454545454545463,9.046052631578938,784.8114327895479,1808.0,1808.0,DART,TRAILING_DART,,784.8114327895479,42.23944582735122,9417.737193474575,-71.59053636960913,5.0,0,3.0,29.18898528375084,17.09449264187542,제외,0.0,NEUTRAL,0.8,,비밸류평가,EPS없음,87.24226804123711,관망,현재 강한 매수 신호는 없습니다. 관망이 적절합니다.
719,719,2026-04-28,삼성에피스홀딩스,0126Z0,KS,제약,568000.0,548700.0,565683.3333333334,,,0,52.47301529282245,2771.239799927418,0.7570406009552851,0,-0.8726003490401424,14.97975708502024,,,-8583.300000000001,SCRAPE,FORWARD_AUTO,,-8583.300000000001,-66.17501427190008,-67394.85985172162,-111.86529222741576,5.0,1,3.0,29.042830052872844,17.021415026436422,제외,0.0,NEUTRAL,0.8,,비밸류평가,EPS없음,32.47422680412371,관망,현재 강한 매수 신호는 없습니다. 관망이 적절합니다.
720,720,2026-04-28,하이젠알앤엠,160190,KQ,기계,44850.0,38922.5,52734.16666666666,55432.083333333336,49269.25,0,55.45181300462501,1550.4056867909055,0.9640370311481072,0,9.257003654080398,28.14285714285713,-229.9128583268584,,-252.90414415954424,DART,TRAILING_DART,,-229.9128583268584,-195.0739089861536,-2758.954299922301,-106.1515146040631,5.0,1,3.0,29.036327024277327,17.018163512138663,제외,0.0,NEUTRAL,0.8,,비밸류평가,EPS없음,53.73711340206185,관망,현재 강한 매수 신호는 없습니다. 관망이 적절합니다.
721,721,2026-04-28,녹십자홀딩스,005250,KS,제약,14210.0,13992.0,14566.166666666666,15260.583333333334,15493.7,0,51.09273195092024,60.47582628608471,0.6613125722847857,0,-0.9065550906555142,6.601650412603144,-889.2431566287554,,-978.167472291631,DART,TRAILING_DART,,-889.2431566287554,-15.97988119905481,-10670.917879545064,-175.09442561256202,5.0,1,3.0,28.894038414655572,16.947019207327784,제외,0.0,NEUTRAL,0.8,,비밸류평가,EPS없음,22.809278350515463,관망,현재 강한 매수 신호는 없습니다. 관망이 적절합니다.
722,722,2026-04-28,노타,486990,KQ,IT서비스,35850.0,34077.5,37262.5,40394.16666666666,,0,51.19627186451912,510.9268464121282,0.899647655848822,0,6.537890044576522,13.4493670886076,-779.0428839659274,,-856.9471723625203,DART,TRAILING_DART,,-779.0428839659274,-46.01800586059644,-9348.514607591129,-126.07674925408962,5.0,1,3.0,28.081539150877983,16.540769575438993,제외,0.0,NEUTRAL,0.8,,비밸류평가,EPS없음,46.26288659793815,관망,현재 강한 매수 신호는 없습니다. 관망이 적절합니다.
723,723,2026-04-28,비츠로넥스텍,488900,KQ,우주항공과국방,19710.0,18872.0,19786.5,,,0,52.43951095051103,162.10351128559665,0.644260921986295,0,-3.618581907090468,17.461263408820017,-227.6582010773372,,-250.42402118507093,DART,TRAILING_DART,,-227.6582010773372,-86.57715780379186,-2731.898412928046,-113.860468863156,5.0,1,3.0,28.07580886710342,16.53790443355171,제외,0.0,NEUTRAL,0.8,,비밸류평가,EPS없음,21.262886597938145,관망,현재 강한 매수 신호는 없습니다. 관망이 적절합니다.
724,724,2026-04-28,웹젠,069080,KQ,게임엔터테인먼트,12230.0,12288.0,13062.166666666666,13170.833333333334,13483.25,0,46.24481351628686,22.38366135610613,0.8508294648331436,0,-2.1599999999999957,1.831806827643634,680.1698923067977,,748.1868815374776,DART|DAILY_DISC,TRAILING_DART,,680.1698923067977,17.980801764867785,8162.038707681572,-33.262152839889026,10.895616265097102,0,3.0,22.085837668907,16.49072696700205,제외,0.0,NEUTRAL,0.8,,비밸류평가,EPS없음,40.850515463917525,관망,현재 강한 매수 신호는 없습니다. 관망이 적절합니다.
725,725,2026-04-28,그린광학,0015G0,KQ,우주항공과국방,34050.0,31692.5,35529.166666666664,,,0,52.51411092357243,646.7108885915795,0.7811126833227698,0,3.025718608169448,14.64646464646464,,,228.8,SCRAPE,FORWARD_AUTO,,228.8,148.81993006993005,5720.0,-83.20117474302496,5.0,0,3.0,27.973583441757523,16.486791720878763,제외,0.0,NEUTRAL,0.8,,비밸류평가,EPS없음,34.5360824742268,관망,현재 강한 매수 신호는 없습니다. 관망이 적절합니다.
726,726,2026-04-28,CJ CGV,079160,KS,방송과엔터테인먼트,4895.0,4802.5,5189.333333333333,5462.083333333333,5285.025,0,50.19479789578431,38.83253469839809,0.6530459710632576,0,-0.3054989816700604,1.873048907388131,-865.8487901631604,-343.0,-343.0,DART,TRAILING_DART,,-865.8487901631604,-5.65341206872575,-10390.185481957924,-312.2611947284561,5.0,1,3.0,27.236027624878872,16.118013812439436,제외,0.0,NEUTRAL,0.8,,비밸류평가,EPS없음,22.164948453608247,관망,현재 강한 매수 신호는 없습니다. 관망이 적절합니다.
727,727,2026-04-28,아스테라시스,450950,KQ,건강관리장비와용품,11480.0,11198.5,12249.333333333334,12875.25,12383.7,0,49.26705872244753,96.43388319406117,0.7308546580742038,0,-3.367003367003363,5.03202195791399,244.77274657915925,444.0,444.0,DART,TRAILING_DART,,244.77274657915925,46.90064625428951,2937.272958949911,-74.41399861541889,5.0,0,3.0,27.168315902935564,16.08415795146778,제외,0.0,NEUTRAL,0.8,,비밸류평가,EPS없음,29.7680412371134,관망,현재 강한 매수 신호는 없습니다. 관망이 적절합니다.
728,728,2026-04-28,디앤디파마텍,347850,KQ,생물공학,78700.0,75760.0,80513.33333333333,98106.875,121972.625,0,50.90570195524664,835.8091708442176,0.7681365236161504,0,-1.3784461152882233,16.07669616519174,-547.4293430254446,,-602.1722773279891,DART,TRAILING_DART,,-547.4293430254446,-143.7628453839421,-6569.152116305335,-108.34708019860906,5.0,1,3.0,26.950634695808798,15.975317347904399,제외,0.0,NEUTRAL,0.8,,비밸류평가,EPS없음,33.50515463917525,관망,현재 강한 매수 신호는 없습니다. 관망이 적절합니다.
729,729,2026-04-28,리브스메드,491000,KQ,건강관리장비와용품,68200.0,62975.0,74853.33333333333,,,0,52.78758989746846,1189.2712902784533,1.1554681527641288,0,17.586206896551726,3.963414634146334,-916.6493733456908,,-1008.31431068026,DART,TRAILING_DART,,-916.6493733456908,-74.40140361529502,-10999.79248014829,-116.12872797675702,5.0,1,3.0,26.8197872025032,15.9098936012516,제외,0.0,NEUTRAL,0.8,,비밸류평가,EPS없음,68.55670103092784,관망,현재 강한 매수 신호는 없습니다. 관망이 적절합니다.
730,730,2026-04-28,유티아이,179900,KQ,핸드셋,19960.0,19506.0,20525.666666666668,22351.166666666668,23145.95,0,50.0217907449216,153.88569140794607,0.9222496173373004,0,-5.402843601895735,31.22945430637738,-1889.2869399586025,,-2078.215633954463,DART,TRAILING_DART,,-1889.2869399586025,-10.564832465542452,-22671.44327950323,-213.58438516785182,5.0,1,3.0,26.607042925791696,15.803521462895848,제외,0.0,NEUTRAL,0.8,,비밸류평가,EPS없음,48.06701030927835,관망,현재 강한 매수 신호는 없습니다. 관망이 적절합니다.
731,731,2026-04-28,지투지바이오,456160,KQ,제약,79000.0,72990.0,84435.0,80753.05556640626,,0,51.99523941979201,1869.092696822572,0.7820831492619573,0,2.5974025974025983,20.06079027355623,-730.5622296862824,,-803.6184526549107,DART,TRAILING_DART,,-730.5622296862824,-108.1358942330267,-8766.746756235389,-111.09714779270303,5.0,1,3.0,26.243158563938263,15.621579281969131,제외,0.0,NEUTRAL,0.8,,비밸류평가,EPS없음,34.79381443298969,관망,현재 강한 매수 신호는 없습니다. 관망이 적절합니다.
732,732,2026-04-28,엠앤씨솔루션,484870,KS,우주항공과국방,115100.0,112075.0,122026.66666666669,135746.66666666666,154978.0,0,49.638580328065,1199.1984151815484,1.1572548089812071,0,1.9486271036315284,20.52356020942408,4980.139806749036,,5478.15378742394,DART,TRAILING_DART,,4980.139806749036,23.111800966715357,59761.67768098843,-48.07847290965383,5.0,0,3.0,26.06213958856102,15.53106979428051,제외,0.0,NEUTRAL,0.8,,비밸류평가,EPS없음,68.68556701030928,관망,현재 강한 매수 신호는 없습니다. 관망이 적절합니다.
733,733,2026-04-28,녹십자,006280,KS,제약,140100.0,143785.0,153591.66666666666,150962.5,144537.5,0,41.23709653539207,-51.659716180613486,1.252392419187134,0,-2.708333333333335,-1.9594121763470973,-2540.115767817638,3616.0,3616.0,DART,TRAILING_DART,,-2540.115767817638,-55.15496646846459,-30481.389213811653,-121.75688023826669,5.0,1,3.0,26.058275101977102,15.529137550988551,제외,0.0,NEUTRAL,0.8,,비밸류평가,EPS없음,72.80927835051546,관망,현재 강한 매수 신호는 없습니다. 관망이 적절합니다.
734,734,2026-04-28,SK바이오사이언스,302440,KS,제약,43400.0,43035.0,45137.5,48406.25,48267.25,0,48.95360922380917,178.15858928991463,0.8773714017657279,0,-1.8099547511312264,4.076738609112707,-715.9785644928857,,-787.5764209421743,DART,TRAILING_DART,,-715.9785644928857,-60.61633986310668,-8591.742773914628,-119.79664233620882,5.0,1,3.0,25.93925514493216,15.46962757246608,제외,0.0,NEUTRAL,0.8,,비밸류평가,EPS없음,43.55670103092783,관망,현재 강한 매수 신호는 없습니다. 관망이 적절합니다.
735,735,2026-04-28,제주은행,006220,KS,은행,12920.0,12805.0,13991.5,13059.666666666666,13655.0,0,47.94271979546988,61.437268955255306,0.6340236024229382,0,-1.8982536066818545,9.49152542372882,368.5325871037881,,405.3858458141669,DART,TRAILING_DART,,368.5325871037881,35.057958107681266,4422.3910452454575,-65.77096714206303,5.0,0,3.0,25.703292171502078,15.351646085751039,제외,0.0,NEUTRAL,0.8,,비밸류평가,EPS없음,20.489690721649485,관망,현재 강한 매수 신호는 없습니다. 관망이 적절합니다.
736,736,2026-04-28,한글과컴퓨터,030520,KQ,소프트웨어,20900.0,20344.5,21414.0,22517.416666666668,23948.45,0,52.3591465008828,135.54497069261822,0.5606750510169679,0,-0.9478672985781976,9.653725078698836,1016.4595808375803,,1118.1055389213386,DART|DAILY_DISC,TRAILING_DART,,1016.4595808375803,20.561565254545624,12197.514970050965,-41.63868435382314,5.0,0,3.0,25.479474426144172,15.239737213072086,제외,0.0,NEUTRAL,0.8,,비밸류평가,EPS없음,15.592783505154639,관망,현재 강한 매수 신호는 없습니다. 관망이 적절합니다.
737,737,2026-04-28,메디톡스,086900,KQ,생물공학,107500.0,103680.0,115535.0,118990.0,124316.0,0,51.57482961927911,1233.927426141366,0.9290447806595062,0,3.3653846153846256,6.120434353405724,2145.508801606687,,2360.059681767356,DART,TRAILING_DART,,2145.508801606687,50.10466511230226,25746.105619280243,-76.05013430764629,5.0,0,3.0,25.10487617776643,15.052438088883216,제외,0.0,NEUTRAL,0.8,,비밸류평가,EPS없음,48.840206185567006,관망,현재 강한 매수 신호는 없습니다. 관망이 적절합니다.
738,738,2026-04-28,와이지엔터테인먼트,122870,KQ,방송과엔터테인먼트,54500.0,52760.0,61950.0,64256.66666666666,76235.0,0,47.26859840490075,730.9190512397972,0.8762605836097356,0,1.3011152416356977,3.024574669187152,2875.421160845493,3421.0,3421.0,DART,TRAILING_DART,,2875.421160845493,18.953745191182616,34505.053930145914,-36.68797444009924,7.898022364913166,0,3.0,21.985903140146988,14.941962752530078,제외,0.0,NEUTRAL,0.8,,비밸류평가,EPS없음,43.29896907216495,관망,현재 강한 매수 신호는 없습니다. 관망이 적절합니다.
739,739,2026-04-28,제주항공,089590,KS,항공사,5290.0,5266.0,5470.083333333333,5467.958333333333,5922.325,0,49.01819173376331,15.527101691972856,0.5052201416856937,0,-5.704099821746878,6.012024048096198,-1443.4417032604451,-182.0,-182.0,DART,TRAILING_DART,,-1443.4417032604451,-3.664851852382366,-17321.30043912534,-427.4347909097418,5.0,1,3.0,24.483631059925184,14.741815529962592,제외,0.0,NEUTRAL,0.8,,비밸류평가,EPS없음,11.082474226804123,관망,현재 강한 매수 신호는 없습니다. 관망이 적절합니다.
740,740,2026-04-28,풍산,103140,KS,비철금속,101800.0,100495.0,106281.66666666669,107222.5,116066.5,0,51.21058846229042,458.47964191803953,0.4495686696184223,0,1.9019019019018923,17.416378316032286,5251.319385213064,8676.0,8676.0,DART|DAILY_DISC,TRAILING_DART,,5251.319385213064,19.38560436576257,63015.83262255677,-38.09839624503264,6.663903285596441,0,3.0,22.716482050269946,14.690192667933193,제외,0.0,NEUTRAL,0.8,,비밸류평가,EPS없음,7.989690721649484,관망,현재 강한 매수 신호는 없습니다. 관망이 적절합니다.
741,741,2026-04-28,바이오다인,314930,KQ,건강관리장비와용품,12050.0,12172.0,12788.166666666666,13218.0,13743.95,0,44.97234247933868,24.65857008413573,1.499926752570182,0,-3.2905296950240803,1.2605042016806678,28.61143569487043,,31.47257926435748,DART,TRAILING_DART,,28.61143569487043,421.1602706172613,343.33722833844513,-97.15072839553157,5.0,0,3.0,23.628913704784832,14.314456852392416,제외,0.0,NEUTRAL,0.8,,비밸류평가,EPS없음,81.5721649484536,관망,현재 강한 매수 신호는 없습니다. 관망이 적절합니다.
742,742,2026-04-28,엔켐,348370,KQ,전기제품,47600.0,41665.0,57525.833333333336,63457.083333333336,67537.75,0,52.21079377176656,1921.9546054951336,0.704099687874573,0,-3.350253807106596,16.23931623931625,-3220.623633745108,,-3542.685997119619,DART,TRAILING_DART,,-3220.623633745108,-14.779746227176584,-38647.48360494129,-181.19219244735567,5.0,1,3.0,23.480319441136185,14.240159720568093,제외,0.0,NEUTRAL,0.8,,비밸류평가,EPS없음,26.288659793814436,관망,현재 강한 매수 신호는 없습니다. 관망이 적절합니다.
743,743,2026-04-28,일동제약,249420,KS,제약,27400.0,27780.0,32058.33333333333,33184.583333333336,28921.35,0,41.43695570267453,200.0039759649808,0.7341289038295665,0,-2.8368794326241176,-2.317290552584672,749.0210709491788,,823.9231780440967,DART,TRAILING_DART,,749.0210709491788,36.58108037638783,8988.252851390145,-67.19615747667831,5.0,0,3.0,23.450033926997186,14.225016963498593,제외,0.0,NEUTRAL,0.8,,비밸류평가,EPS없음,30.283505154639172,관망,현재 강한 매수 신호는 없습니다. 관망이 적절합니다.
744,744,2026-04-28,큐리오시스,494120,KQ,생명과학도구및서비스,55400.0,56155.0,65090.0,,,0,45.956294031765246,779.9545064251406,1.158211187443113,0,-3.1468531468531458,-5.782312925170063,-1032.533423830057,,-1135.7867662130627,DART,TRAILING_DART,,-1032.533423830057,-53.65443744619951,-12390.401085960684,-122.36534492050666,5.0,1,3.0,23.268070537641705,14.134035268820853,제외,0.0,NEUTRAL,0.8,,비밸류평가,EPS없음,68.81443298969072,관망,현재 강한 매수 신호는 없습니다. 관망이 적절합니다.
745,745,2026-04-28,아시아나항공,020560,KS,항공사,7050.0,7089.0,7261.166666666667,7681.916666666667,8387.4,0,45.34073485229116,4.332953104152885,0.7880534922497473,0,-2.219140083217752,1.2931034482758674,-1419.9696119841055,,-1561.9665731825162,DART,TRAILING_DART,,-1419.9696119841055,-4.964894981202537,-17039.635343809266,-341.6969552313371,5.0,1,3.0,23.14187236366629,14.070936181833146,제외,0.0,NEUTRAL,0.8,,비밸류평가,EPS없음,35.95360824742268,관망,현재 강한 매수 신호는 없습니다. 관망이 적절합니다.
746,746,2026-04-28,카카오,035720,KS,양방향미디어와서비스,48850.0,47907.5,52080.833333333336,56072.083333333336,57877.75,0,49.50242221300128,281.8281887502583,1.0020165401323788,0,-0.2042900919305368,6.659388646288211,1169.206374540987,1485.0,1485.0,DART,TRAILING_DART,,1169.206374540987,41.780476965991376,14030.476494491846,-71.27845139305661,5.0,0,3.0,22.97725423797939,13.988627118989696,제외,0.0,NEUTRAL,0.8,,비밸류평가,EPS없음,56.95876288659794,관망,현재 강한 매수 신호는 없습니다. 관망이 적절합니다.
747,747,2026-04-28,그래피,318060,KQ,건강관리장비와용품,37800.0,38850.0,46507.5,34504.083333333336,,0,43.80879039163735,513.5003096262349,1.2462398291643912,0,-4.6658259773013855,-11.7852975495916,-1048.7144380229763,,-1153.585881825274,DART,TRAILING_DART,,-1048.7144380229763,-36.04413044151475,-12584.573256275715,-133.29252184199925,5.0,1,3.0,22.766838823246676,13.883419411623338,제외,0.0,NEUTRAL,0.8,,비밸류평가,EPS없음,72.42268041237114,관망,현재 강한 매수 신호는 없습니다. 관망이 적절합니다.
748,748,2026-04-28,콜마비앤에이치,200130,KQ,건강관리업체및서비스,11620.0,11502.0,12512.833333333334,12758.833333333334,13684.5,0,48.263698421556334,87.32729892019482,1.0288719653300795,0,-0.428449014567267,1.7513134851138368,-769.6272657822775,,-846.5899923605053,DART,TRAILING_DART,,-769.6272657822775,-15.098217691376885,-9235.52718938733,-179.47957994309235,5.0,1,3.0,22.73925009639833,13.869625048199165,제외,0.0,NEUTRAL,0.8,,비밸류평가,EPS없음,59.5360824742268,관망,현재 강한 매수 신호는 없습니다. 관망이 적절합니다.
749,749,2026-04-28,CJ ENM,035760,KQ,방송과엔터테인먼트,55400.0,54320.0,63146.66666666666,63540.0,66558.5,0,44.62138638786189,583.6594373977182,1.4172323871561532,0,0.9107468123861652,-1.9469026548672552,775.8476348882406,3197.0,3197.0,DART,TRAILING_DART,,775.8476348882406,71.40577287186068,9310.171618658887,-83.19463606740273,5.0,0,3.0,22.73729436268462,13.86864718134231,제외,0.0,NEUTRAL,0.8,,비밸류평가,EPS없음,78.8659793814433,관망,현재 강한 매수 신호는 없습니다. 관망이 적절합니다.
750,750,2026-04-28,갤럭시아머니트리,094480,KQ,IT서비스,8700.0,8476.5,9263.833333333334,9413.083333333334,9859.5,0,50.54357312123455,58.12827170558082,0.6923868730054411,0,-2.2471910112359605,11.538461538461542,208.9705359986447,,229.8675895985092,DART,TRAILING_DART,,208.9705359986447,41.63266346819547,2507.6464319837364,-71.17647779329039,5.0,0,3.0,22.403938257519577,13.701969128759789,제외,0.0,NEUTRAL,0.8,,비밸류평가,EPS없음,25.386597938144327,관망,현재 강한 매수 신호는 없습니다. 관망이 적절합니다.
751,751,2026-04-28,스맥,099440,KQ,기계,4510.0,4500.75,5349.666666666667,5563.25,4901.225,0,43.5422526344076,50.63941754274933,0.6040805947768102,0,2.733485193621865,-2.696871628910469,-314.9671561323577,,-346.46387174559345,DART,TRAILING_DART,,-314.9671561323577,-14.318953300974584,-3779.605873588292,-183.80500828355414,5.0,1,3.0,22.367108376889195,13.683554188444598,제외,0.0,NEUTRAL,0.8,,비밸류평가,EPS없음,18.04123711340206,관망,현재 강한 매수 신호는 없습니다. 관망이 적절합니다.
752,752,2026-04-28,덕양에너젠,0001A0,KQ,석유와가스,17100.0,17013.5,,,,0,49.04361763184084,254.08742391158276,0.7077721114074259,0,-0.1751313485113814,4.587155963302747,,,276.1,SCRAPE,FORWARD_AUTO,,276.1,61.934081854400574,2116.2966565650877,-87.62399616043808,5.0,0,3.0,22.312079121974154,13.656039560987077,제외,0.0,NEUTRAL,0.8,,비밸류평가,EPS없음,26.932989690721648,관망,현재 강한 매수 신호는 없습니다. 관망이 적절합니다.
753,753,2026-04-28,지노믹트리,228760,KQ,건강관리장비와용품,17750.0,17510.0,19551.166666666668,22860.166666666668,20973.25,0,46.724253489388914,205.43685662827693,0.963448536617654,0,-1.11420612813371,3.197674418604657,-367.0689056712279,,-403.7757962383507,DART,TRAILING_DART,,-367.0689056712279,-48.35604358135994,-4404.826868054735,-124.81592601720979,5.0,1,3.0,22.052275658053645,13.526137829026823,제외,0.0,NEUTRAL,0.8,,비밸류평가,EPS없음,53.608247422680414,관망,현재 강한 매수 신호는 없습니다. 관망이 적절합니다.
754,754,2026-04-28,퓨쳐켐,220100,KQ,제약,19100.0,18945.0,20976.166666666668,24554.58333333333,22173.95,0,46.67049227583765,170.80136924236805,1.129859414072503,0,0.8980454305335339,2.5778732545649774,-615.9001552563782,,-677.4901707820161,DART,TRAILING_DART,,-615.9001552563782,-31.011520028030063,-7390.801863076538,-138.69529771244262,5.0,1,3.0,22.039283459873616,13.519641729936808,제외,0.0,NEUTRAL,0.8,,비밸류평가,EPS없음,66.88144329896907,관망,현재 강한 매수 신호는 없습니다. 관망이 적절합니다.
755,755,2026-04-28,에임드바이오,0009K0,KQ,생물공학,48850.0,48397.5,53599.16666666666,,,0,47.102855756512696,496.66472934737817,0.9251479540754584,0,1.4537902388369606,3.495762711864403,,,101.2,SCRAPE,FORWARD_AUTO,,101.2,482.7075098814229,506.0,-98.96417604912999,5.0,0,3.0,21.66323921520118,13.33161960760059,제외,0.0,NEUTRAL,0.8,,비밸류평가,EPS없음,48.324742268041234,관망,현재 강한 매수 신호는 없습니다. 관망이 적절합니다.
756,756,2026-04-28,엠로,058970,KQ,소프트웨어,29100.0,28087.5,33217.5,35647.916666666664,39255.25,0,48.25092494444164,468.60273409893455,0.6171947451034365,0,-4.276315789473683,8.178438661710041,205.0812151764952,,225.58933669414472,DART,TRAILING_DART,,205.0812151764952,141.89500474217598,2460.974582117942,-91.54304267313422,5.0,0,3.0,21.608686138596866,13.304343069298433,제외,0.0,NEUTRAL,0.8,,비밸류평가,EPS없음,19.45876288659794,관망,현재 강한 매수 신호는 없습니다. 관망이 적절합니다.
757,757,2026-04-28,나이벡,138610,KQ,건강관리장비와용품,27200.0,26600.0,29421.666666666668,34318.333333333336,31893.25,0,48.32657482630349,281.9304576848997,0.5133229540585149,0,2.2556390977443552,2.835538752362954,408.3453493567309,,449.179884292404,DART,TRAILING_DART,,408.3453493567309,66.61028475737103,4900.144192280771,-81.98476399896776,5.0,0,3.0,21.36092930928323,13.180464654641614,제외,0.0,NEUTRAL,0.8,,비밸류평가,EPS없음,11.72680412371134,관망,현재 강한 매수 신호는 없습니다. 관망이 적절합니다.
758,758,2026-04-28,프로티나,468530,KQ,생물공학,62000.0,61405.0,71566.66666666667,78373.33333333333,,0,44.858342868952334,846.1312597453766,0.7314442451050978,0,6.164383561643838,-6.906906906906906,-823.7989096373868,,-906.1788006011255,DART,TRAILING_DART,,-823.7989096373868,-75.26108528996556,-9885.586915648642,-115.94449502523973,5.0,1,3.0,20.457274194164434,12.728637097082217,제외,0.0,NEUTRAL,0.8,,비밸류평가,EPS없음,29.896907216494846,관망,현재 강한 매수 신호는 없습니다. 관망이 적절합니다.
759,759,2026-04-28,바이넥스,053030,KQ,제약,11570.0,11366.5,13058.0,13947.166666666666,14992.9,0,46.33916829883276,121.58852832129644,0.8407589858586654,0,0.7839721254355503,3.303571428571428,-100.63743777266242,,-110.70118154992868,DART,TRAILING_DART,,-100.63743777266242,-114.96715592199747,-1207.649253271949,-110.4377636410713,5.0,1,3.0,20.306149005395934,12.653074502697967,제외,0.0,NEUTRAL,0.8,,비밸류평가,EPS없음,40.20618556701031,관망,현재 강한 매수 신호는 없습니다. 관망이 적절합니다.
760,760,2026-04-28,바이오니아,064550,KQ,생물공학,10900.0,10770.5,11878.5,12611.166666666666,13334.8,0,46.89873589182047,70.266030314024,0.8205652953649281,0,-1.26811594202898,-0.7285974499089298,66.13643147223718,,72.7500746194609,DART,TRAILING_DART,,66.13643147223718,164.81082751759314,793.6371776668461,-92.71892497553353,5.0,0,3.0,19.976358111153797,12.488179055576898,제외,0.0,NEUTRAL,0.8,,비밸류평가,EPS없음,38.53092783505155,관망,현재 강한 매수 신호는 없습니다. 관망이 적절합니다.
761,761,2026-04-28,트리니티항공,091810,KS,항공사,951.0,940.15,1151.2166666666667,1466.4441416422526,1816.8664849853517,0,42.87580287769795,13.572262899627376,0.4075691538802108,0,-6.764705882352939,12.67772511848342,-819.0914263774235,,-901.000569015166,DART,TRAILING_DART,,-819.0914263774235,-1.1610425519968697,-9829.097116529083,-1133.5538503185155,5.0,1,3.0,19.30712895608886,12.15356447804443,제외,0.0,NEUTRAL,0.8,,비밸류평가,EPS없음,6.314432989690721,관망,현재 강한 매수 신호는 없습니다. 관망이 적절합니다.
762,762,2026-04-28,유한양행,000100,KS,제약,93700.0,94670.0,100671.66666666669,107757.5,111439.5,0,42.816636315969895,196.2777101412753,1.1137715809646676,0,-2.901554404145079,-1.1603375527426183,2326.7367031808026,2025.0,2025.0,DART,TRAILING_DART,,2326.7367031808026,40.27099408020938,27920.84043816963,-70.20187786748171,5.0,0,3.0,19.243227413377888,12.121613706688944,제외,0.0,NEUTRAL,0.8,,비밸류평가,EPS없음,64.81958762886599,관망,현재 강한 매수 신호는 없습니다. 관망이 적절합니다.
763,763,2026-04-28,카카오게임즈,293490,KQ,게임엔터테인먼트,12290.0,12198.5,13715.5,14669.416666666666,15387.0,0,44.08687618917999,94.08647922302976,0.9409057223938788,0,-1.7585931254995968,1.5702479338842943,-1593.6024024147573,-111.0,-111.0,DART,TRAILING_DART,,-1593.6024024147573,-7.712086767299787,-19123.228828977088,-255.5999091047769,5.0,1,3.0,18.887480359824462,11.943740179912231,제외,0.0,NEUTRAL,0.8,,비밸류평가,EPS없음,50.25773195876289,관망,현재 강한 매수 신호는 없습니다. 관망이 적절합니다.
764,764,2026-04-28,나라스페이스테크놀로지,478340,KQ,우주항공과국방,36750.0,36352.5,43955.833333333336,,,0,46.61632666113965,337.13716184116424,0.3153459847139105,0,-0.406504065040647,-12.707838479809974,-665.7992930389156,,-732.3792223428072,DART,TRAILING_DART,,-665.7992930389156,-55.196814391708855,-7989.591516466988,-121.74038507882175,5.0,1,3.0,18.603922507861867,11.801961253930934,제외,0.0,NEUTRAL,0.8,,비밸류평가,EPS없음,3.865979381443299,관망,현재 강한 매수 신호는 없습니다. 관망이 적절합니다.
765,765,2026-04-28,스튜디오드래곤,253450,KQ,방송과엔터테인먼트,35250.0,35010.0,40165.0,41002.083333333336,43005.5,0,42.51714672403793,318.12436811815587,0.8789986382531415,0,-0.4237288135593209,-2.083333333333337,343.31802111336367,1316.0,1316.0,DART,TRAILING_DART,,343.31802111336367,102.67448206093567,4119.8162533603645,-88.31257800465144,5.0,0,3.0,18.548745337565865,11.774372668782933,제외,0.0,NEUTRAL,0.8,,비밸류평가,EPS없음,43.68556701030928,관망,현재 강한 매수 신호는 없습니다. 관망이 적절합니다.
766,766,2026-04-28,펌텍코리아,251970,KQ,포장재,43250.0,44302.5,49771.66666666666,52022.5,55880.0,0,39.44407645817005,190.6822654022637,0.6470934605336078,0,-0.2306805074971163,-7.08915145005371,2329.722777580645,3568.0,3568.0,DART,TRAILING_DART,,2329.722777580645,18.56444054897981,27956.67333096774,-35.36029287637517,9.059743733171727,0,3.0,14.384280170508674,11.722011951840202,제외,0.0,NEUTRAL,0.8,,비밸류평가,EPS없음,21.52061855670103,관망,현재 강한 매수 신호는 없습니다. 관망이 적절합니다.
767,767,2026-04-28,삼성바이오로직스,207940,KS,제약,1504000.0,1565750.0,1625266.6666666667,1704458.0885416667,1672260.725,0,39.47741651085239,-5356.697909806146,0.777162893717253,0,-5.289672544080604,0.0,38546.45502083118,39968.0,39968.0,DART,TRAILING_DART,,38546.45502083118,39.01785518764857,462557.46024997416,-69.24484971742193,5.0,0,3.0,17.23163378791283,11.115816893956415,제외,0.0,NEUTRAL,0.8,,비밸류평가,EPS없음,34.27835051546392,관망,현재 강한 매수 신호는 없습니다. 관망이 적절합니다.
768,768,2026-04-28,아난티,025980,KQ,"호텔,레스토랑,레저",7080.0,7163.0,7722.666666666667,7636.333333333333,8342.0,0,45.4838513294494,12.09863032281936,0.6332332218158736,0,-3.934871099050208,6.466165413533842,-391.0018168879885,,-430.1019985767874,DART,TRAILING_DART,,-391.0018168879885,-18.107332739142308,-4692.021802655862,-166.27149438779466,5.0,1,3.0,16.532608484991904,10.766304242495952,제외,0.0,NEUTRAL,0.8,,비밸류평가,EPS없음,20.36082474226804,관망,현재 강한 매수 신호는 없습니다. 관망이 적절합니다.
769,769,2026-04-28,인투셀,287840,KQ,제약,39250.0,40737.5,45059.16666666666,51862.5,44669.25,0,42.08846710601774,-9.293134407993534,1.185285528633684,0,-6.880189798339265,-1.133501259445846,-705.8645347211682,,-776.4509881932851,DART,TRAILING_DART,,-705.8645347211682,-55.60557028907056,-8470.374416654018,-121.58057176217585,5.0,1,3.0,16.303052729177153,10.651526364588577,제외,0.0,NEUTRAL,0.8,,비밸류평가,EPS없음,69.84536082474226,관망,현재 강한 매수 신호는 없습니다. 관망이 적절합니다.
770,770,2026-04-28,프레스티지바이오파마,950210,KS,제약,9060.0,9368.5,10231.5,11398.333333333334,12656.6,0,39.95440594467303,12.234118299677846,1.1232167062935816,0,-4.329461457233363,-7.456588355464754,0.0494923344097471,,0.0544415678507218,DART,TRAILING_DART,,0.0494923344097471,183058.6515679832,0.5939080129169653,-99.99344472391924,5.0,0,3.0,15.8490547919026,10.4245273959513,제외,0.0,NEUTRAL,0.8,,비밸류평가,EPS없음,65.85051546391753,관망,현재 강한 매수 신호는 없습니다. 관망이 적절합니다.
771,771,2026-04-28,하이브,352820,KS,방송과엔터테인먼트,248500.0,257875.0,324016.6666666667,321150.0,304792.5,0,34.46606966034577,2570.82052366023,0.7070542654791723,0,-0.2008032128514081,-16.88963210702341,-5901.903587443894,9772.0,9772.0,DART,TRAILING_DART,,-5901.903587443894,-42.10505920982437,-70822.84304932674,-128.5001380480188,5.0,1,3.0,15.29661006920115,10.148305034600575,제외,0.0,NEUTRAL,0.8,,비밸류평가,EPS없음,26.804123711340207,관망,현재 강한 매수 신호는 없습니다. 관망이 적절합니다.
772,772,2026-04-28,이뮨온시아,424870,KQ,제약,7110.0,7457.0,8332.5,9402.833333333334,7903.425,0,39.295539163498766,13.527089973849227,0.4479435552996944,0,-2.735978112175108,-17.03617269544924,-367.9616951542396,,-404.7578646696636,DART,TRAILING_DART,,-367.9616951542396,-19.32266345555257,-4415.540341850875,-162.10323968847925,5.0,1,3.0,15.041851057370117,10.020925528685058,제외,0.0,NEUTRAL,0.8,,비밸류평가,EPS없음,7.860824742268041,관망,현재 강한 매수 신호는 없습니다. 관망이 적절합니다.
773,773,2026-04-28,케이뱅크,279570,KS,은행,6250.0,6238.0,,,,0,32.97185224680962,63.89217028427342,0.6985135890189804,0,-1.4195583596214534,4.690117252931314,277.57048543082044,,305.3275339739025,DART,TRAILING_DART,,277.57048543082044,22.516803219547285,3330.8458251698453,-46.706466797282474,5.0,0,3.0,14.668967274409614,9.834483637204807,제외,0.0,NEUTRAL,0.8,,비밸류평가,EPS없음,25.902061855670105,관망,현재 강한 매수 신호는 없습니다. 관망이 적절합니다.
774,774,2026-04-28,젬백스,082270,KQ,반도체와반도체장비,25000.0,26830.0,35890.833333333336,34085.833333333336,41238.75,0,36.60943937185301,169.96296478875274,0.5184454286085806,0,-0.1996007984031989,-26.36229749631811,-256.08408615352755,,-281.69249476888035,DART,TRAILING_DART,,-256.08408615352755,-97.6241842103847,-3073.0090338423306,-112.29203613536933,5.0,1,3.0,14.079921497996118,9.539960748998059,제외,0.0,NEUTRAL,0.8,,비밸류평가,EPS없음,11.984536082474227,관망,현재 강한 매수 신호는 없습니다. 관망이 적절합니다.
775,775,2026-04-28,넥스트바이오메디컬,389650,KQ,건강관리장비와용품,60700.0,64200.0,70768.33333333333,74860.0,69094.25,0,40.40923464910572,32.59440816794995,0.7714526976862247,0,-1.7799352750809017,-17.41496598639456,-37.919043121759614,-509.0,-509.0,DART,TRAILING_DART,,-37.919043121759614,-1600.7787908858827,-455.02851746111537,-100.7496351193758,5.0,1,3.0,13.83475659179952,9.41737829589976,제외,0.0,NEUTRAL,0.8,,비밸류평가,EPS없음,33.76288659793815,관망,현재 강한 매수 신호는 없습니다. 관망이 적절합니다.
776,776,2026-04-28,삼양바이오팜,0120G0,KS,건강관리장비와용품,78400.0,84045.0,95448.33333333331,,,0,41.78120286956334,-106.92194489528264,0.2893605870020964,0,-1.383647798742138,-34.721065778517904,,,2047.1,SCRAPE,FORWARD_AUTO,,2047.1,38.29808021103024,20254.96490571599,-74.16458557944388,5.0,0,3.0,12.66205232639873,8.831026163199365,제외,0.0,NEUTRAL,0.8,,비밸류평가,EPS없음,2.9639175257731956,관망,현재 강한 매수 신호는 없습니다. 관망이 적절합니다.
777,777,2026-04-28,메쥬,0088M0,KQ,건강관리장비와용품,47950.0,36185.0,,,,0,70.61447246833973,,0.5400618647593894,0,32.09366391184574,24.062095730918507,,,457.6,SCRAPE,FORWARD_AUTO,,457.6,104.78583916083916,4527.708436742532,-90.5574380881282,5.0,0,3.0,10.494831261307242,7.747415630653621,제외,0.0,NEUTRAL,0.8,,비밸류평가,EPS없음,14.175257731958762,관망,현재 강한 매수 신호는 없습니다. 관망이 적절합니다.
778,778,2026-04-28,카나프테라퓨틱스,0082N0,KQ,제약,38000.0,37590.0,,,,0,34.477161679990616,,0.670674863055918,0,4.252400548696844,2.42587601078168,,,-3982.000000000001,SCRAPE,FORWARD_AUTO,,-3982.000000000001,-9.542943244600702,-31266.101840732063,-182.27921537034754,5.0,1,3.0,6.970959277734564,5.985479638867282,제외,0.0,NEUTRAL,0.8,,비밸류평가,EPS없음,23.840206185567013,관망,현재 강한 매수 신호는 없습니다. 관망이 적절합니다.
779,779,2026-04-28,아이엠바이오로직스,493280,KQ,제약,53700.0,53560.0,,,,0,16.987876009259992,,0.6079213599652727,0,-2.5408348457350294,-2.893309222423146,59.345032488253,,65.2795357370783,DART,TRAILING_DART,,59.345032488253,904.8777589030658,712.140389859036,-98.67385402260888,5.0,0,3.0,0.3945042286882741,2.697252114344137,제외,0.0,NEUTRAL,0.8,,비밸류평가,EPS없음,18.943298969072163,관망,현재 강한 매수 신호는 없습니다. 관망이 적절합니다.
