기준일,추천순위,결합순위,종목명,종목코드,시장,섹터그룹,종가,20일이평,60일이평,120일이평,200일이평,200일선상단여부,RSI14,MACD히스토그램,거래량비율20일,20일돌파,5일수익률(%),20일수익률(%),상대강도20일,후행EPS(DART),컨센서스EPS(스크랩),자동선행EPS,원본EPS출처,EPS소스,수동선행EPS,모델EPS,현재PER,적정주가_기준,상승여력(%),밸류점수,적자여부,최대비중(%),기술점수,종합점수,결합액션,권장비중(%),마켓레짐,레짐비중배수,섹터PER상한,핵심요약,주의표시,volume_ratio_pct_rank
2026-04-25,1,1,일진홀딩스,015860,KS,전기장비,9580.0,7719.5,7798.166666666667,7519.0,6842.85,1,71.79215689038773,228.6006045304781,1.9926617419421524,1,16.686967113276484,35.31073446327684,35.31073446327684,1815.7691979751023,,1997.3461177726128,DART,TRAILING_DART,,1815.7691979751023,5.276000942566578,21789.230375701227,127.44499348331134,96.74449934833113,0,3.0,85.96918252671612,91.35684093752363,최종매수후보,3.0,BULL,1.0,30.0,상승여력 127% | 200일↑ | 20일돌파 | 거래량x2.0 | MACD+,,88.27319587628865
2026-04-25,2,2,KG케미칼,001390,KS,자동차,6000.0,5538.5,5534.083333333333,5407.583333333333,5179.325,1,62.71643592403613,38.863456672315166,1.702859830558405,1,2.2146507666098714,11.940298507462677,11.940298507462677,3628.948809580648,,3991.843690538713,DART,TRAILING_DART,,3628.948809580648,1.6533713521005398,43547.38571496777,625.7897619161296,100.0,0,3.0,80.45734903503933,90.22867451751966,최종매수후보,3.0,BULL,1.0,6.972710039133656,상승여력 626% | 200일↑ | 20일돌파 | 거래량x1.7 | RSI우호 | MACD+,,82.60309278350515
2026-04-25,3,3,KG에코솔루션,151860,KQ,자동차,7040.0,6468.5,6427.666666666667,6048.166666666667,6093.05,1,62.92553839170336,62.859183660615344,1.3316172096671457,1,2.0289855072463725,9.657320872274134,9.657320872274134,3859.0686867815607,,4244.975555459717,DART,TRAILING_DART,,3859.0686867815607,1.8242743447697782,46308.82424137873,557.7957988832206,100.0,0,3.0,80.25754042730337,90.12877021365168,최종매수후보,3.0,BULL,1.0,6.972710039133656,상승여력 558% | 200일↑ | 20일돌파 | RSI우호 | MACD+,,73.96907216494846
2026-04-25,4,4,LX홀딩스,383800,KS,무역회사와판매업체,9600.0,8309.5,8523.833333333334,8321.0,8333.15,1,74.99002995089624,134.16353116283292,7.609953322195834,1,13.207547169811317,15.523465703971118,15.523465703971118,1777.57962074019,,1955.337582814209,DART,TRAILING_DART,,1777.57962074019,5.400601969099156,21330.95544888228,122.19745259252375,96.21974525925238,0,3.0,83.21444366517179,89.71709446221209,최종매수후보,3.0,BULL,1.0,13.127190137223494,상승여력 122% | 200일↑ | 20일돌파 | 거래량x7.6 | MACD+,,98.96907216494846
2026-04-25,5,5,제이에스코퍼레이션,194370,KS,"섬유,의류,신발,호화품",14100.0,12400.0,12529.0,12137.916666666666,11681.3,1,68.60451116770383,205.57160180402775,0.7293546213163477,1,5.697151424287861,20.512820512820507,20.512820512820507,2955.336888945347,,3250.8705778398817,DART,TRAILING_DART,,2955.336888945347,4.771029676089409,35464.04266734416,151.51803310173167,99.15180331017316,0,3.0,80.27558451184495,89.71369391100906,최종매수후보,3.0,BULL,1.0,7.756921109950797,상승여력 152% | 200일↑ | 20일돌파 | RSI우호 | MACD+,,31.70103092783505
2026-04-25,6,6,솔브레인홀딩스,036830,KQ,전기제품,63100.0,53957.5,53184.166666666664,46574.583333333336,45151.25,1,61.686460934545416,1278.433692582285,1.1743363334587404,0,15.779816513761457,29.170931422722624,29.170931422722624,24168.868325570533,,26585.755158127587,DART,TRAILING_DART,,24168.868325570533,2.610796631021426,290026.41990684636,359.62982552590546,100.0,0,3.0,77.03056307619856,88.51528153809929,진입대기,3.0,BULL,1.0,5.0,상승여력 360% | 200일↑ | RSI우호 | MACD+,,67.13917525773195
2026-04-25,7,7,효성,004800,KS,복합기업,171000.0,149575.0,149391.66666666666,141222.5,119655.0,1,66.01910271424413,2232.8674097087437,1.58138435107421,1,7.14285714285714,22.492836676217777,22.492836676217777,25215.68690934456,17204.0,17204.0,DART|DAILY_DISC,TRAILING_DART,,25215.68690934456,6.781492830823099,302588.24291213474,76.9521888375057,90.0189227443787,0,3.0,85.89766857137353,87.9582956578761,최종매수후보,3.0,BULL,1.0,11.889597626439988,상승여력 77% | 200일↑ | 20일돌파 | 거래량x1.6 | RSI우호 | MACD+,EPS스크랩,80.6701030927835
2026-04-25,8,8,삼지전자,037460,KQ,통신장비,34050.0,29495.0,24905.5,19578.583333333332,16497.15,1,67.98843294340257,417.09230538630436,0.6205720166112743,0,8.26709062003179,33.0078125,33.0078125,7252.4396428794225,,7977.683607167365,DART,TRAILING_DART,,7252.4396428794225,4.6949718545304835,87029.27571455308,155.59258653319552,99.55925865331955,0,3.0,75.44073905703584,87.4999988551777,진입대기,3.0,BULL,1.0,5.0,상승여력 156% | 200일↑ | RSI우호 | MACD+,,21.90721649484536
2026-04-25,9,9,HD현대,267250,KS,조선,288000.0,253350.0,259250.0,235117.5,199642.5,1,66.23624452829168,4239.28793028545,0.9874756993570332,1,10.982658959537561,11.844660194174761,11.844660194174761,46529.16929374261,19327.0,19327.0,DART|DAILY_DISC,TRAILING_DART,,46529.16929374261,6.189665630646261,558350.0315249113,93.87153872392753,93.38715387239276,0,3.0,81.02520429443668,87.20617908341472,최종매수후보,3.0,BULL,1.0,22.008505802553593,상승여력 94% | 200일↑ | 20일돌파 | RSI우호 | MACD+,EPS스크랩,55.412371134020624
2026-04-25,10,10,KG스틸,016380,KS,철강,6160.0,5590.5,5687.166666666667,5523.083333333333,5622.075,1,65.75844029400847,71.55869552160401,1.5525121262124266,1,4.406779661016946,8.450704225352123,8.450704225352123,1355.2919371863486,,1490.8211309049836,DART,TRAILING_DART,,1355.2919371863486,4.545146201333166,16263.503246236183,164.01790984149648,100.0,0,3.0,73.015570014479,86.5077850072395,최종매수후보,3.0,BULL,1.0,21.676807840290483,상승여력 164% | 200일↑ | 20일돌파 | 거래량x1.6 | RSI우호 | MACD+,,80.41237113402062
2026-04-25,11,11,맵스리얼티,094800,KS,기타,7790.0,7127.5,6671.666666666667,5938.916666666667,5481.825,1,78.77459887415282,62.96959492159854,2.024852819114092,1,9.873060648801136,10.496453900709213,10.496453900709213,,,,EMPTY,FORWARD_AUTO,,,,,,,0,3.0,86.47906374502891,86.47906374502891,관찰,0.0,BULL,1.0,,200일↑ | 20일돌파 | 거래량x2.0 | MACD+ | 비밸류평가,"EPS스크랩,EPS없음",88.78865979381443
2026-04-25,12,12,대한해운,005880,KS,해운사,2765.0,2576.5,2343.6833333333334,2078.5416666666665,1955.375,1,57.06976401781062,-0.5031179203027278,0.8639057848820315,0,0.5454545454545379,17.409766454352436,17.409766454352436,536.828793253571,476.0,476.0,DART,TRAILING_DART,,536.828793253571,5.15061791533591,6441.9455190428525,132.98175475742684,97.29817547574268,0,3.0,74.98396689273348,86.14107118423809,진입대기,3.0,BULL,1.0,10.289371500551457,상승여력 133% | 200일↑ | RSI우호,,44.84536082474227
2026-04-25,13,13,현대지에프홀딩스,005440,KS,복합기업,14800.0,13974.5,13657.0,10970.833333333334,9911.6,1,55.37006166196602,127.16383387606523,0.8679118049240482,0,5.1136363636363535,3.064066852367686,3.064066852367686,3326.796532701173,1788.0,1788.0,DART,TRAILING_DART,,3326.796532701173,4.448724126805322,39921.558392414074,169.7402594082032,100.0,0,3.0,71.3785015102014,85.6892507551007,진입대기,3.0,BULL,1.0,11.889597626439988,상승여력 170% | 200일↑ | RSI우호 | MACD+,,45.103092783505154
2026-04-25,14,14,HDC,012630,KS,건설,27550.0,27287.5,24725.0,21128.0,21001.95,1,56.59730039172814,-163.8668233716421,0.6476296621440514,0,1.2867647058823595,-3.5026269702276736,-3.5026269702276736,6971.399814595231,,7668.539796054754,DART,TRAILING_DART,,6971.399814595231,3.9518605635444524,83656.79777514277,203.65443838527318,100.0,0,3.0,70.97894655015946,85.48947327507973,진입대기,3.0,BULL,1.0,10.126848544904743,상승여력 204% | 200일↑ | RSI우호,,24.22680412371134
2026-04-25,15,15,E1,017940,KS,가스유틸리티,102300.0,97560.0,98318.33333333333,90545.83333333333,86481.0,1,60.819960694469096,490.98926457297114,1.3189773897230876,1,4.815573770491799,0.7881773399014858,0.7881773399014858,16647.301354081632,,18312.0314894898,DART,TRAILING_DART,,16647.301354081632,6.145140153597196,199767.61624897958,95.27626221796635,93.52762622179664,0,3.0,77.01093595770159,85.26928108974911,최종매수후보,3.0,BULL,1.0,6.145140153597196,상승여력 95% | 200일↑ | 20일돌파 | RSI우호 | MACD+,,73.4536082474227
2026-04-25,16,16,한화,000880,KS,복합기업,131100.0,122090.0,121761.66666666667,106421.66666666667,99342.5,1,58.9465917677316,902.9787334459475,0.9926980640392853,0,-0.37993920972644313,17.578475336322864,17.578475336322864,26569.28508732171,10406.0,10406.0,DART,TRAILING_DART,,26569.28508732171,4.934269009088171,318831.4210478605,143.19711750408888,98.31971175040889,0,3.0,70.00945733357311,84.16458454199099,진입대기,3.0,BULL,1.0,11.889597626439988,상승여력 143% | 200일↑ | RSI우호 | MACD+,,55.79896907216495
2026-04-25,17,17,한화생명,088350,KS,생명보험,4965.0,4729.0,4630.166666666667,3883.7916666666665,3665.325,1,55.516916840985246,13.577031935291757,1.2126055445294488,0,1.3265306122449028,5.190677966101687,5.190677966101687,962.9131981624124,,1059.2045179786537,DART,TRAILING_DART,,962.9131981624124,5.156228006299031,11554.95837794895,132.72826541689727,97.27282654168972,0,3.0,69.99042983524616,83.63162818846794,진입대기,3.0,BULL,1.0,15.760579656509389,상승여력 133% | 200일↑ | RSI우호 | MACD+,,68.94329896907216
2026-04-25,18,18,더블유게임즈,192080,KS,게임엔터테인먼트,57500.0,50580.0,51696.666666666664,52152.5,52949.0,1,74.08383784875588,781.4155314309901,3.162220320311981,1,10.15325670498084,13.861386138613852,13.861386138613852,8492.266220913834,8230.0,8230.0,DART,TRAILING_DART,,8492.266220913834,6.7708663982289226,101907.194650966,77.22990374081044,90.19943743152679,0,3.0,76.50169623551291,83.35056683351985,최종매수후보,3.0,BULL,1.0,10.647409226280267,상승여력 77% | 200일↑ | 20일돌파 | 거래량x3.2 | MACD+,,95.10309278350515
2026-04-25,19,19,KCC,002380,KS,건축자재,557000.0,518375.0,529441.6666666666,475987.5,439025.0,1,56.53721907999161,5557.177120752261,0.5940928840724272,0,2.957486136783727,6.095238095238087,6.095238095238087,173127.92396137904,60152.0,60152.0,DART,TRAILING_DART,,173127.92396137904,3.2172741823222823,2077535.0875365485,272.9865507246945,100.0,0,3.0,65.6282072930593,82.81410364652965,진입대기,3.0,BULL,1.0,5.9791646509456715,상승여력 273% | 200일↑ | RSI우호 | MACD+,,18.943298969072163
2026-04-25,20,20,인화정공,101930,KQ,조선,10400.0,9993.5,9223.0,9732.833333333334,9415.45,1,58.72357915565992,-16.55308122494077,0.0,0,8.67293625914316,2.564102564102555,2.564102564102555,2769.102616062893,,3046.0128776691827,DART,TRAILING_DART,,2769.102616062893,3.7557293614444336,33229.231392754715,219.51184031494918,100.0,0,3.0,65.56167118189897,82.7808355909495,진입대기,3.0,BULL,1.0,22.008505802553593,상승여력 220% | 200일↑ | RSI우호,,0.3865979381443299
2026-04-25,21,21,농심홀딩스,072710,KS,식품,97500.0,94470.0,94403.33333333333,93201.66666666667,91456.5,1,58.07277919040969,293.7177924663806,1.1349489213418447,1,1.3513513513513598,1.4568158168574374,1.4568158168574374,24705.90139764845,,27176.49153741329,DART,TRAILING_DART,,24705.90139764845,3.9464255292980415,296470.8167717814,204.0726325864425,100.0,0,3.0,64.99345698859841,82.4967284942992,최종매수후보,3.0,BULL,1.0,7.681161075476895,상승여력 204% | 200일↑ | 20일돌파 | RSI우호 | MACD+,,64.5618556701031
2026-04-25,22,22,한화3우B,00088K,KS,복합기업,50200.0,47372.5,48172.5,44130.833333333336,41618.0,1,57.25726066764848,380.4806197974211,0.8880898178807948,0,-1.1811023622047223,10.087719298245613,10.087719298245613,,10406.0,10406.0,SCRAPE,CONSENSUS_SCRAPE,,10406.0,4.82413991927734,124872.0,148.74900398406376,98.87490039840638,0,3.0,66.07005786013775,82.47247912927207,진입대기,3.0,BULL,1.0,11.889597626439988,상승여력 149% | 200일↑ | RSI우호 | MACD+,EPS스크랩,46.77835051546392
2026-04-25,23,23,LF,093050,KS,"섬유,의류,신발,호화품",25600.0,25040.0,22570.166666666668,20301.333333333332,19674.6,1,60.89101292360595,-62.826324438583015,0.4752402893277095,0,-0.5825242718446644,8.245243128964063,8.245243128964063,4019.376897024624,,4421.314586727087,DART,TRAILING_DART,,4019.376897024624,6.36914642639027,48232.52276429549,88.40829204802927,92.84082920480293,0,3.0,71.98583406507359,82.41333163493826,진입대기,3.0,BULL,1.0,7.756921109950797,상승여력 88% | 200일↑ | RSI우호,,11.34020618556701
2026-04-25,24,24,성우하이텍,015750,KQ,자동차부품,8950.0,8718.5,8634.166666666666,7723.666666666667,7044.7,1,51.88673341267214,36.332631031169036,0.8965015561746169,0,-0.77605321507761,-0.11160714285713969,-0.11160714285713969,2223.1025526625,,2445.41280792875,DART,TRAILING_DART,,2223.1025526625,4.025905142918858,26677.23063195,198.06961599944134,100.0,0,3.0,64.29665257087544,82.14832628543772,진입대기,3.0,BULL,1.0,8.065670984801612,상승여력 198% | 200일↑ | RSI우호 | MACD+,,48.06701030927835
2026-04-25,25,25,오리온홀딩스,001800,KS,식품,24950.0,23950.0,23703.333333333332,21926.666666666668,21652.2,1,56.700128425598066,92.05329641799074,0.8857259467071614,0,1.2170385395537497,-0.9920634920634885,-0.9920634920634885,5391.900149862508,,5931.09016484876,DART,TRAILING_DART,,5391.900149862508,4.6273112087649135,64702.801798350105,159.32986692725493,99.93298669272549,0,3.0,64.17937495881449,82.05618082576999,진입대기,3.0,BULL,1.0,7.681161075476895,상승여력 159% | 200일↑ | RSI우호 | MACD+,,46.391752577319586
2026-04-25,26,26,화신,010690,KS,자동차부품,12160.0,11307.5,11441.166666666666,9939.0,9373.75,1,54.588497874957326,169.76116908629348,0.9157566098884935,0,6.760316066725203,8.47457627118644,8.47457627118644,1909.724814542556,,2100.697295996812,DART,TRAILING_DART,,1909.724814542556,6.367409538485121,22916.69777451067,88.45968564564697,92.8459685645647,0,3.0,69.5809046266963,81.2134365956305,진입대기,3.0,BULL,1.0,8.065670984801612,상승여력 88% | 200일↑ | RSI우호 | MACD+,,49.48453608247423
2026-04-25,27,27,DN오토모티브,007340,KS,자동차부품,42950.0,37905.0,32885.0,28793.75,27420.25,1,64.06793900839867,284.8165067639568,0.931038615413873,1,9.010152284263961,5.39877300613496,5.39877300613496,5554.27368916867,,6109.701058085538,DART,TRAILING_DART,,5554.27368916867,7.732784231312968,66651.28427002404,55.18343252624922,75.86923114206199,0,3.0,86.22772765372417,81.04847939789309,최종매수후보,3.0,BULL,1.0,8.065670984801612,상승여력 55% | 200일↑ | 20일돌파 | RSI우호 | MACD+,,50.644329896907216
2026-04-25,28,28,DB손해보험,005830,KS,손해보험,175000.0,167690.0,172943.33333333334,149870.0,143440.5,1,53.56166412438455,1050.3896411644932,0.9447108768834018,1,0.9809578765147098,1.2145748987854255,1.2145748987854255,25806.828663668857,,28387.511530035747,DART,TRAILING_DART,,25806.828663668857,6.781150922521796,309681.9439640263,76.96111083658646,90.0247220437812,0,3.0,71.37504536080385,80.69988370229252,최종매수후보,3.0,BULL,1.0,7.296791982808353,상승여력 77% | 200일↑ | 20일돌파 | RSI우호 | MACD+,,51.932989690721655
2026-04-25,29,29,케이프,064820,KQ,증권,16570.0,11667.5,11319.0,11215.666666666666,10655.4,1,83.10884023607046,649.4347234201875,4.455083903744535,1,36.942148760330575,57.659372026641286,57.659372026641286,2078.7595188204364,,2286.63547070248,DART,TRAILING_DART,,2078.7595188204364,7.971099999774106,24945.11422584524,50.54383962489582,72.85349575618228,0,3.0,87.517481269418,80.18548851280013,최종매수후보,3.0,BULL,1.0,10.699733683069372,상승여력 51% | 200일↑ | 20일돌파 | 거래량x4.5 | MACD+,,96.77835051546391
2026-04-25,30,30,GS,078930,KS,석유와가스,75700.0,69535.0,68461.66666666667,62669.166666666664,56639.0,1,62.71554726679754,552.8172413563148,0.6835125807954583,0,5.285118219749663,11.487481590574378,11.487481590574378,11172.929845907744,8318.0,8318.0,DART,TRAILING_DART,,11172.929845907744,6.775304333243109,134075.15815089294,77.11381525877535,90.12397991820397,0,3.0,70.10900057391562,80.1164902460598,진입대기,3.0,BULL,1.0,7.57314004680444,상승여력 77% | 200일↑ | RSI우호 | MACD+,,28.221649484536083
2026-04-25,31,31,iM금융지주,139130,KS,은행,19100.0,17838.0,17673.166666666668,16043.416666666666,15219.2,1,64.83186828832555,158.63457781866578,0.5321675461315825,0,2.1390374331550888,8.092812676853423,8.092812676853423,2848.1692618619904,3056.0,3056.0,DART,TRAILING_DART,,2848.1692618619904,6.706062120589483,34178.03114234388,78.94257142588421,91.31267142682474,0,3.0,67.15695156349925,79.23481149516199,진입대기,2.25,BULL,1.0,8.380623511050532,상승여력 79% | 200일↑ | RSI우호 | MACD+,,14.04639175257732
2026-04-25,32,32,INVENI,015360,KS,가스유틸리티,15980.0,15961.5,15754.5,14403.583333333334,13589.25,1,52.05380542106012,-42.72096715122072,0.9482694772466794,0,-0.806952203600253,1.5247776365946653,1.5247776365946653,3182.2162935779816,,3500.43792293578,DART,TRAILING_DART,,3182.2162935779816,5.0216574002996515,38186.59552293578,138.96492817857182,97.89649281785718,0,3.0,60.25126087115487,79.07387684450603,진입대기,2.25,BULL,1.0,6.145140153597196,상승여력 139% | 200일↑ | RSI우호,,52.57731958762887
2026-04-25,33,33,SK,034730,KS,석유와가스,398500.0,349550.0,347275.0,306566.6666666667,268354.5,1,66.5914641711417,5963.223303520335,1.4869740965798848,1,8.141112618724566,19.311377245508975,19.311377245508975,49036.04766294023,43752.0,43752.0,DART,TRAILING_DART,,49036.04766294023,8.126674538273864,588432.5719552828,47.66187502014625,70.98021876309507,0,3.0,86.33921738263157,78.65971807286331,최종매수후보,2.25,BULL,1.0,7.57314004680444,상승여력 48% | 200일↑ | 20일돌파 | RSI우호 | MACD+,,79.38144329896907
2026-04-25,34,34,DB증권,016610,KS,증권,13940.0,13108.5,13752.666666666666,12249.166666666666,11051.15,1,55.464507918226836,137.43983274514895,1.1340758023023916,0,1.5294974508375914,2.8782287822878283,2.8782287822878283,2248.926010667244,,2473.8186117339687,DART|DAILY_DISC,TRAILING_DART,,2248.926010667244,6.198514283653146,26987.112128006927,93.59477853663508,93.3594778536635,0,3.0,63.536116671223304,78.4477972624434,진입대기,2.25,BULL,1.0,10.699733683069372,상승여력 94% | 200일↑ | RSI우호 | MACD+,EPS스크랩,64.43298969072166
2026-04-25,35,35,미래에셋증권2우B,00680K,KS,증권,20000.0,20082.0,19632.172119140625,15229.622371419271,12725.1616015625,1,48.60693630770784,-22.2986971466145,1.090737963976984,0,-4.30622009569378,-2.4390243902439046,-2.4390243902439046,,3466.0,3466.0,SCRAPE,CONSENSUS_SCRAPE,,3466.0,5.770340450086555,41592.0,107.96000000000001,94.796,0,3.0,61.800168785595936,78.29808439279797,진입대기,2.25,BULL,1.0,10.699733683069372,상승여력 108% | 200일↑ | RSI우호,EPS스크랩,62.11340206185567
2026-04-25,36,36,한국금융지주,071050,KS,증권,259000.0,238700.0,233930.0,200945.83333333334,178946.5,1,61.39195609443405,2118.3796099910096,0.7642147627133016,0,0.7782101167315147,17.727272727272727,17.727272727272727,36326.89033153506,36407.0,36407.0,DART,TRAILING_DART,,36326.89033153506,7.129704679818529,435922.68397842074,68.30991659398484,84.40144578609014,0,3.0,71.79184423304807,78.0966450095691,진입대기,2.25,BULL,1.0,10.699733683069372,상승여력 68% | 200일↑ | RSI우호 | MACD+,,35.6958762886598
2026-04-25,37,37,한국캐피탈,023760,KQ,기타금융,975.0,949.8,966.35,882.4416666666667,848.48,1,52.496981200229676,4.127121144008688,0.4921819933314845,0,-1.0152284263959421,0.8273009307135482,0.8273009307135482,318.5000031811456,,350.3500034992602,DART,TRAILING_DART,,318.5000031811456,3.06122445922072,3822.0000381737473,292.0000039152561,100.0,0,3.0,56.13008357859219,78.06504178929609,진입대기,2.25,BULL,1.0,6.6952381083861985,상승여력 292% | 200일↑ | RSI우호 | MACD+,,12.11340206185567
2026-04-25,38,38,태영건설,009410,KS,건설,2025.0,1958.0,1821.7333333333333,1742.5666666666666,1856.685,1,54.5590491483828,-0.6025417659249399,0.3610577605778292,0,-2.877697841726623,10.234077299945564,10.234077299945564,322.0178640263672,,354.21965042900393,DART,TRAILING_DART,,322.0178640263672,6.288471001826752,3864.2143683164063,90.8254009045139,93.08254009045139,0,3.0,62.771851450337095,77.92719577039423,진입대기,2.25,BULL,1.0,10.126848544904743,상승여력 91% | 200일↑ | RSI우호,,5.798969072164948
2026-04-25,39,39,삼천리,004690,KS,가스유틸리티,144000.0,137085.0,142306.66666666666,134554.16666666666,135045.5,1,58.31633210768776,895.9857031122201,1.8186331656396606,0,4.347826086956519,-2.1739130434782594,-2.1739130434782594,32386.00962090246,,35624.61058299271,DART,TRAILING_DART,,32386.00962090246,4.446364392699373,388632.1154508295,169.8834135075205,100.0,0,3.0,55.71473185302554,77.85736592651277,진입대기,2.25,BULL,1.0,6.145140153597196,상승여력 170% | 200일↑ | 거래량x1.8 | RSI우호 | MACD+,,84.92268041237114
2026-04-25,40,40,유진투자증권,001200,KS,증권,5130.0,4849.25,4797.75,4169.666666666667,3942.675,1,56.955101397058726,25.222629409891255,0.9476916204574263,1,2.39520958083832,3.427419354838701,3.427419354838701,666.2604596053093,,732.8865055658403,DART|DAILY_DISC,TRAILING_DART,,666.2604596053093,7.6996915035885465,7995.125515263711,55.850399907674685,76.30275993998853,0,3.0,79.01575264898001,77.65925629448427,최종매수후보,2.25,BULL,1.0,10.699733683069372,상승여력 56% | 200일↑ | 20일돌파 | RSI우호 | MACD+,EPS스크랩,52.448453608247426
2026-04-25,41,41,다우기술,023590,KS,증권,48150.0,47072.5,49731.666666666664,44172.5,40756.0,1,50.14483350745765,210.08372712898836,0.9406681425091742,0,-2.923387096774188,-0.31055900621117516,-0.31055900621117516,26705.72355943469,,29376.29591537816,DART,TRAILING_DART,,26705.72355943469,1.8029842888488001,320468.6827132163,565.5632039734503,100.0,0,3.0,54.84895153371291,77.42447576685646,진입대기,2.25,BULL,1.0,10.699733683069372,상승여력 566% | 200일↑ | RSI우호 | MACD+,,51.546391752577314
2026-04-25,42,42,영원무역홀딩스,009970,KS,"섬유,의류,신발,호화품",211000.0,214050.0,220110.0,199969.16666666666,173936.5,1,46.533083289288705,229.38755331686025,1.1386245812475322,0,0.0,-5.1685393258426915,-5.1685393258426915,44925.16507132959,,49417.68157846255,DART,TRAILING_DART,,44925.16507132959,4.696699492700502,539101.980855955,155.49856912604506,99.54985691260451,0,3.0,54.48980751298127,77.01983221279289,진입대기,2.25,BULL,1.0,7.756921109950797,상승여력 155% | 200일↑ | RSI우호 | MACD+,,65.20618556701031
2026-04-25,43,43,현대그린푸드,453340,KS,식품,16380.0,15969.0,15860.333333333334,15809.583333333334,16001.5,1,62.236238207655575,46.09875938504793,0.9330619877894505,1,0.4907975460122671,1.8656716417910557,1.8656716417910557,2699.4712250194725,,2969.41834752142,DART,TRAILING_DART,,2699.4712250194725,6.067855011079751,32393.65470023367,97.76345970838626,93.77634597083863,0,3.0,58.55842831720387,76.16738714402125,최종매수후보,2.25,BULL,1.0,7.681161075476895,상승여력 98% | 200일↑ | 20일돌파 | RSI우호 | MACD+,,50.9020618556701
2026-04-25,44,44,다우데이타,032190,KQ,증권,23950.0,23642.5,24988.333333333332,21674.916666666668,19823.25,1,49.46512006803977,48.71725809035026,0.7097178310322642,0,-4.581673306772904,-0.8281573498964856,-0.8281573498964856,31323.3151437859,,34455.64665816449,DART,TRAILING_DART,,31323.3151437859,0.7646061692404017,375879.7817254308,1469.435414302425,100.0,0,3.0,51.76666268120157,75.88333134060079,진입대기,2.25,BULL,1.0,10.699733683069372,상승여력 1469% | 200일↑ | RSI우호 | MACD+,,30.025773195876287
2026-04-25,45,45,SNT홀딩스,036530,KS,자동차부품,63800.0,60965.0,60450.0,59114.166666666664,60990.0,1,57.25269961326831,171.4016093015191,0.5711296357371121,0,-0.31250000000000444,2.5723472668810254,2.5723472668810254,13473.50692534283,,14820.857617877116,DART,TRAILING_DART,,13473.50692534283,4.735218555459838,161682.08310411396,153.4201929531567,99.34201929531567,0,3.0,51.90594486160234,75.62398207845901,진입대기,2.25,BULL,1.0,8.065670984801612,상승여력 153% | 200일↑ | RSI우호 | MACD+,,17.010309278350515
2026-04-25,46,46,현대차3우B,005389,KS,자동차,238500.0,236575.0,249333.33333333334,231451.66666666666,205460.5,1,47.56555563996594,1544.1989023581918,1.4389762916867523,0,-2.4539877300613466,-2.6530612244897944,-2.6530612244897944,,40715.0,40715.0,SCRAPE,CONSENSUS_SCRAPE,,40715.0,5.857791968561955,488580.0,104.85534591194967,94.48553459119496,0,3.0,54.8461014147447,74.66581800296983,진입대기,2.25,BULL,1.0,6.972710039133656,상승여력 105% | 200일↑ | RSI우호 | MACD+,EPS스크랩,77.57731958762886
2026-04-25,47,47,금호타이어,073240,KS,자동차부품,6080.0,6042.5,6250.666666666667,5974.333333333333,5506.4,1,50.21094313575051,-0.7408196804235914,1.358048455775014,0,0.9966777408637828,-2.72,-2.72,1311.6083163872909,1498.0,1498.0,DART|DAILY_DISC,TRAILING_DART,,1311.6083163872909,4.635530229593864,15739.29979664749,158.87006244486005,99.887006244486,0,3.0,49.439636513354145,74.66332137892007,진입대기,2.25,BULL,1.0,8.065670984801612,상승여력 159% | 200일↑ | RSI우호,EPS스크랩,75.12886597938144
2026-04-25,48,48,한화손해보험,000370,KS,손해보험,6710.0,6554.0,6859.0,6157.416666666667,6057.35,1,50.93296474571976,27.674613897017778,0.8471517459738266,0,-0.2971768202080227,-0.8862629246676468,-0.8862629246676468,2504.159516987116,,2754.575468685828,DART,TRAILING_DART,,2504.159516987116,2.6795417602122837,30049.914203845394,347.83776756848573,100.0,0,3.0,48.64766459161583,74.32383229580792,진입대기,2.25,BULL,1.0,7.296791982808353,상승여력 348% | 200일↑ | RSI우호 | MACD+,,43.68556701030928
2026-04-25,49,49,KG이니시스,035600,KQ,IT서비스,11250.0,10811.5,10940.166666666666,10670.916666666666,10681.15,1,57.998063141657646,73.07721561267797,0.5989126696698099,0,-2.34375,9.223300970873783,9.223300970873783,2097.0631387674302,,2306.7694526441733,DART,TRAILING_DART,,2097.0631387674302,5.364645342348776,25164.757665209163,123.68673480185923,96.36867348018592,0,3.0,51.118133258619494,73.7434033694027,진입대기,2.25,BULL,1.0,15.002925450414125,상승여력 124% | 200일↑ | RSI우호 | MACD+,,19.716494845360824
2026-04-25,50,50,BNK금융지주,138930,KS,은행,19000.0,18342.0,18760.5,17032.25,16068.35,1,56.4421968563551,97.68966125354073,0.7860273263428295,0,-0.8350730688935326,1.7130620985010614,1.7130620985010614,2694.438949970562,2763.0,2763.0,DART,TRAILING_DART,,2694.438949970562,7.051560771197871,32333.267399646746,70.17509157708814,85.61380952510729,0,3.0,61.860281717838184,73.73704562147273,진입대기,2.25,BULL,1.0,8.380623511050532,상승여력 70% | 200일↑ | RSI우호 | MACD+,,37.371134020618555
2026-04-25,51,51,한국단자,025540,KS,자동차부품,85400.0,78410.0,76165.0,71390.0,68047.0,1,64.60884039160513,982.7854497071085,1.3144739266505905,0,-1.157407407407407,8.513341804320195,8.513341804320195,10494.880672268908,,11544.3687394958,DART,TRAILING_DART,,10494.880672268908,8.137300715162606,125938.5680672269,47.46904925904789,70.85488201838113,0,3.0,76.3944052610394,73.62464363971026,진입대기,2.25,BULL,1.0,8.065670984801612,상승여력 47% | 200일↑ | RSI우호 | MACD+,,73.19587628865979
2026-04-25,52,52,하림지주,003380,KQ,식품,13480.0,13594.5,14875.833333333334,12215.25,10780.45,1,45.53685051197082,27.180348087162315,0.871035724268845,0,-1.3177159590043952,-9.225589225589225,-9.225589225589225,4586.912651464162,,5045.603916610578,DART,TRAILING_DART,,4586.912651464162,2.9387958795546556,55042.95181756995,308.3305030976999,100.0,0,3.0,47.20244399298559,73.6012219964928,진입대기,2.25,BULL,1.0,7.681161075476895,상승여력 308% | 200일↑ | RSI우호 | MACD+,,45.2319587628866
2026-04-25,53,53,명신산업,009900,KS,자동차부품,12000.0,10191.0,9903.5,9413.5,9156.65,1,71.36739142008042,232.95518852321968,1.7078765008674623,1,14.068441064638781,22.44897959183674,22.44897959183674,1302.3581119758169,,1432.5939231733987,DART,TRAILING_DART,,1302.3581119758169,9.214055557879325,15628.297343709803,30.235811197581697,59.65327727842811,0,3.0,87.41615636328329,73.53471682085569,진입대기,2.25,BULL,1.0,8.065670984801612,상승여력 30% | 200일↑ | 20일돌파 | 거래량x1.7 | MACD+,,82.73195876288659
2026-04-25,54,54,현대차2우B,005387,KS,자동차,245000.0,243625.0,260558.33333333334,240168.33333333334,212222.5,1,46.781415618736695,1885.6060168420586,1.087168910672506,0,-2.1956087824351322,-4.669260700389099,-4.669260700389099,,40715.0,40715.0,SCRAPE,CONSENSUS_SCRAPE,,40715.0,6.017438290556306,488580.0,99.42040816326532,93.94204081632654,0,3.0,50.82776715424086,72.3849039852837,진입대기,2.25,BULL,1.0,6.972710039133656,상승여력 99% | 200일↑ | RSI우호 | MACD+,EPS스크랩,61.98453608247423
2026-04-25,55,55,수산인더스트리,126720,KS,에너지장비및서비스,33800.0,28555.0,27515.0,24706.666666666668,23949.5,1,70.61746406973066,361.1849401898587,3.449763490626555,1,13.99662731871838,25.884543761638735,25.884543761638735,3418.2857781744365,,3760.114355991881,DART,TRAILING_DART,,3418.2857781744365,9.887997140499811,41019.429338093236,21.359258396725544,53.883517957871604,0,3.0,90.75368117726335,72.31859956756747,진입대기,2.25,BULL,1.0,30.0,상승여력 21% | 200일↑ | 20일돌파 | 거래량x3.4 | MACD+,,95.74742268041237
2026-04-25,56,56,넥센타이어,002350,KS,자동차부품,7610.0,7382.0,7905.333333333333,7723.0,7054.05,1,53.122415442766275,59.32178851162718,0.871564558719783,0,2.147651006711415,3.256445047489831,3.256445047489831,1547.8373423024236,1587.0,1587.0,DART,TRAILING_DART,,1547.8373423024236,4.9165372820635325,18574.04810762908,144.07421954834535,98.40742195483453,0,3.0,45.9576720062256,72.18254698053006,진입대기,2.25,BULL,1.0,8.065670984801612,상승여력 144% | 200일↑ | RSI우호 | MACD+,,45.36082474226804
2026-04-25,57,57,현대해상,001450,KS,손해보험,30550.0,30287.5,31045.0,29990.0,29061.5,1,50.47655746684774,79.64455211469405,0.7203650320314853,0,0.49342105263157077,-2.861685214626386,-2.861685214626386,11407.383087058166,,12548.121395763985,DART,TRAILING_DART,,11407.383087058166,2.6780901252154314,136888.597044698,348.08051405793117,100.0,0,3.0,43.38516504338806,71.69258252169402,진입대기,2.25,BULL,1.0,7.296791982808353,상승여력 348% | 200일↑ | RSI우호 | MACD+,,30.927835051546392
2026-04-25,58,58,아모레퍼시픽홀딩스,002790,KS,화장품,30100.0,27775.0,29080.833333333332,28182.083333333332,28279.75,1,63.08849884057592,231.22271652004133,3.185500740471471,1,8.078994614003587,2.555366269165238,2.555366269165238,3821.118067040047,,4203.229873744052,DART,TRAILING_DART,,3821.118067040047,7.877275570109867,45853.41680448057,52.336932905251054,74.01900638841317,0,3.0,68.97798809109558,71.49849723975439,진입대기,2.25,BULL,1.0,15.880089461626476,상승여력 52% | 200일↑ | 20일돌파 | 거래량x3.2 | RSI우호 | MACD+,,95.23195876288659
2026-04-25,59,59,쿠쿠홈시스,284740,KS,가정용기기와용품,24800.0,23892.5,24420.833333333332,24302.083333333332,25420.5,0,56.878208971719346,129.68904114772434,0.8421670735853138,0,-0.9980039920159722,1.848049281314168,1.848049281314168,5986.431598946933,,6585.074758841627,DART,TRAILING_DART,,5986.431598946933,4.142701639548098,71837.1791873632,189.6660451103355,100.0,0,3.0,42.141927081571616,71.07096354078581,관찰,2.25,BULL,1.0,9.844247281500005,상승여력 190% | RSI우호 | MACD+,,43.170103092783506
2026-04-25,60,60,서부T&D,006730,KQ,"호텔,레스토랑,레저",14180.0,13413.5,15016.666666666666,13453.25,11929.2,1,54.31102265787685,154.77128061318916,1.118170791583243,1,3.5036496350364876,3.277494537509096,3.277494537509096,1789.664963901031,712.0,712.0,DART,TRAILING_DART,,1789.664963901031,7.9232707160401,21475.97956681237,51.452606253965925,73.44419406507785,0,3.0,67.7949987425216,70.61959640379973,진입대기,2.25,BULL,1.0,13.705004763700991,상승여력 51% | 200일↑ | 20일돌파 | RSI우호 | MACD+,,63.78865979381443
2026-04-25,61,61,하이록코리아,013030,KQ,기계,46000.0,39670.0,36950.0,34806.666666666664,34102.25,1,70.10768957617496,336.4326785256835,2.7692660605841093,1,12.058465286236286,24.156545209176784,24.156545209176784,4314.370512716364,,4745.807563988001,DART,TRAILING_DART,,4314.370512716364,10.662042090362336,51772.44615259637,12.548795983905148,48.15671738953834,0,3.0,92.14511174145908,70.15091456549871,진입대기,2.25,BULL,1.0,11.980468360394822,상승여력 13% | 200일↑ | 20일돌파 | 거래량x2.8 | MACD+,,93.29896907216495
2026-04-25,62,62,폰드그룹,472850,KQ,"섬유,의류,신발,호화품",5640.0,5336.0,5589.833333333333,5299.776875813802,5476.466184082031,1,58.00506252831448,43.13500117085996,1.224510557757142,1,2.5454545454545396,6.6162570888468775,6.6162570888468775,768.401487402168,,845.2416361423848,DART,TRAILING_DART,,768.401487402168,7.339912913323295,9220.817848826016,63.489678170674054,81.26829081093814,0,3.0,58.802672696918656,70.0354817539284,진입대기,2.25,BULL,1.0,7.756921109950797,상승여력 63% | 200일↑ | 20일돌파 | RSI우호 | MACD+,,69.45876288659794
2026-04-25,63,63,서희건설,035890,KQ,건설,1623.0,1623.0,1623.0,1623.0,1659.285,0,29.98230781162634,0.00018524101050729214,,1,0.0,0.0,0.0,524.790316019571,,577.2693476215281,DART,TRAILING_DART,,524.790316019571,3.092663775334363,6297.483792234852,288.015021086559,100.0,0,3.0,39.91083784719838,69.95541892359918,관찰,2.25,BULL,1.0,10.126848544904743,상승여력 288% | 20일돌파 | MACD+,,
2026-04-25,64,64,에스에이엠티,031330,KQ,전자장비와기기,7400.0,6067.0,5333.333333333333,4599.916666666667,4021.325,1,77.0595955306158,105.6547030128192,0.9908987839425348,1,8.34553440702781,41.221374045801525,41.221374045801525,758.33047861251,,834.1635264737611,DART,TRAILING_DART,,758.33047861251,9.758278492959315,9099.96574335012,22.9725100452719,54.932131529426734,0,3.0,84.96142864467879,69.94678008705276,진입대기,2.25,BULL,1.0,30.0,상승여력 23% | 200일↑ | 20일돌파 | MACD+,,55.670103092783506
2026-04-25,65,65,이노션,214320,KS,광고,19280.0,18358.5,19074.5,18665.333333333332,18792.15,1,63.75902135697208,174.3734994705105,0.5492300195164473,1,2.991452991452981,6.0506050605060535,6.0506050605060535,2724.29292705,2562.0,2562.0,DART,TRAILING_DART,,2724.29292705,7.077065688702333,32691.5151246,69.56180043879667,85.21517028521784,0,3.0,54.31418481892473,69.76467755207128,진입대기,2.25,BULL,1.0,8.984189262043634,상승여력 70% | 200일↑ | 20일돌파 | RSI우호 | MACD+,,15.335051546391753
2026-04-25,66,66,BGF,027410,KS,화학,5030.0,4905.0,4447.916666666667,4193.208333333333,4129.975,1,58.330126158952936,-16.36824758467992,0.3132415652958896,0,0.700700700700696,12.27678571428572,12.27678571428572,589.4039993045734,,648.3443992350308,DART,TRAILING_DART,,589.4039993045734,8.534044570336818,7072.84799165488,40.61328015218451,66.39863209891993,0,3.0,72.58044789304354,69.48953999598174,진입대기,2.25,BULL,1.0,14.584285703179969,상승여력 41% | 200일↑ | RSI우호,,3.7371134020618557
2026-04-25,67,67,세방전지,004490,KS,자동차부품,64300.0,61230.0,63031.666666666664,63225.0,64328.5,0,59.171326667474965,599.6430398744359,0.7840989420283828,0,4.723127035830621,6.2809917355372,6.2809917355372,10204.202214502164,,11224.62243595238,DART,TRAILING_DART,,10204.202214502164,6.301325537102464,122450.42657402597,90.43612219910726,93.04361221991073,0,3.0,45.670772181196156,69.35719220055344,관찰,2.25,BULL,1.0,8.065670984801612,상승여력 90% | RSI우호 | MACD+,,36.98453608247423
2026-04-25,68,68,쿠쿠홀딩스,192400,KS,가정용기기와용품,29100.0,28175.0,28237.5,28505.833333333332,29631.25,0,58.74978683970517,117.79768713150297,0.600273541572785,1,0.0,2.8268551236749095,2.8268551236749095,4083.512211102889,,4491.863432213178,DART,TRAILING_DART,,4083.512211102889,7.126218435414099,49002.14653323467,68.39225612795418,84.45496648317022,0,3.0,53.58837728221436,69.02167188269229,관찰,2.25,BULL,1.0,9.844247281500005,상승여력 68% | 20일돌파 | RSI우호 | MACD+,,20.103092783505154
2026-04-25,69,69,현대홈쇼핑,057050,KS,인터넷과카탈로그소매,85400.0,79920.0,76646.66666666667,65532.5,61422.0,1,59.265580269638114,691.19650890312,0.9200258871928473,0,7.017543859649122,5.1724137931034475,5.1724137931034475,9559.69225,,10515.661475,DART,TRAILING_DART,,9559.69225,8.933341970291982,114716.307,34.328228337236546,62.31334841920375,0,3.0,75.41080579059177,68.86207710489776,진입대기,2.25,BULL,1.0,13.320350544399282,상승여력 34% | 200일↑ | RSI우호 | MACD+,,49.871134020618555
2026-04-25,70,70,F&F홀딩스,007700,KS,"섬유,의류,신발,호화품",19190.0,18653.5,19458.666666666668,19500.916666666668,19360.85,0,53.018048597657184,97.31999994201793,0.5954378374575705,0,-1.5897435897435863,0.2612330198537016,0.2612330198537016,9405.895715224024,,10346.485286746429,DART,TRAILING_DART,,9405.895715224024,2.0402097345114933,112870.74858268828,488.1748232552803,100.0,0,3.0,37.57375069946329,68.78687534973164,관찰,2.25,BULL,1.0,7.756921109950797,상승여력 488% | RSI우호 | MACD+,,19.201030927835053
2026-04-25,71,71,이지홀딩스,035810,KQ,식품,5440.0,5697.0,6025.333333333333,5273.708333333333,4704.075,1,38.418990071214935,-15.573336078162967,0.7167909219761245,0,-8.7248322147651,-3.2028469750889688,-3.2028469750889688,1073.393331022285,,1180.7326641245138,DART,TRAILING_DART,,1073.393331022285,5.06803968571243,12880.719972267421,136.7779406666805,97.67779406666806,0,3.0,39.70883870171005,68.69331638418905,진입대기,2.25,BULL,1.0,7.681161075476895,상승여력 137% | 200일↑,,30.412371134020617
2026-04-25,72,72,유니드,014830,KS,화학,92900.0,84270.0,82601.66666666667,75230.0,76984.5,1,65.87508245649032,1020.4172062136158,5.027045498625405,0,5.929304446978345,10.595238095238102,10.595238095238102,9642.876812016077,12781.0,12781.0,DART|DAILY_DISC,TRAILING_DART,,9642.876812016077,9.634054422870618,115714.52174419293,24.558150424319614,55.96279777580775,0,3.0,81.30946697712088,68.63613237646432,진입대기,2.25,BULL,1.0,14.584285703179969,상승여력 25% | 200일↑ | 거래량x5.0 | RSI우호 | MACD+,EPS스크랩,97.29381443298969
2026-04-25,73,73,우리금융지주,316140,KS,은행,35050.0,33930.0,34024.166666666664,30688.75,28495.0,1,56.58805810795092,120.17359428194413,0.8878966235128469,0,-1.8207282913165312,4.315476190476186,4.315476190476186,4396.692703559761,4486.0,4486.0,DART|DAILY_DISC,TRAILING_DART,,4396.692703559761,7.971901236495773,52760.31244271713,50.52870882372933,72.84366073542407,0,3.0,64.34433245209371,68.59399659375889,진입대기,2.25,BULL,1.0,8.380623511050532,상승여력 51% | 200일↑ | RSI우호 | MACD+,EPS스크랩,46.649484536082475
2026-04-25,74,74,아이티센글로벌,124500,KQ,IT서비스,46250.0,48952.5,53079.166666666664,39522.166666666664,31081.2,1,41.37149159097594,-302.9127432838659,0.6695353044754279,0,-13.06390977443609,-1.3859275053304865,-1.3859275053304865,8545.071342544496,,9399.578476798946,DART,TRAILING_DART,,8545.071342544496,5.412476753673069,102540.85611053395,121.70995915791126,96.17099591579112,0,3.0,40.80743639562944,68.48921615571028,진입대기,2.25,BULL,1.0,15.002925450414125,상승여력 122% | 200일↑,,26.804123711340207
2026-04-25,75,75,신한지주,055550,KS,은행,100000.0,96250.0,94380.0,86315.0,79302.0,1,60.54946962921366,236.0514174811908,1.0545973866955038,1,0.40160642570281624,6.951871657754016,6.951871657754016,10712.045264448756,11394.0,11394.0,DART|DAILY_DISC,TRAILING_DART,,10712.045264448756,9.335285422278881,128544.54317338507,28.544543173385062,58.55395306270029,0,3.0,78.00543574338884,68.27969440304457,진입대기,2.25,BULL,1.0,8.380623511050532,상승여력 29% | 200일↑ | 20일돌파 | RSI우호 | MACD+,EPS스크랩,59.02061855670103
2026-04-25,76,76,에이스침대,003800,KQ,가구,34150.0,34040.0,34792.5,32578.333333333332,31128.25,1,49.65562940799568,19.66774913090982,0.43427476618236516,0,-0.7267441860465129,2.2455089820359264,2.2455089820359264,5047.208299909828,,5551.929129900812,DART,TRAILING_DART,,5047.208299909828,6.766116627405711,60566.499598917944,77.35431800561624,90.28030670365055,0,3.0,46.25759166236505,68.2689491830078,진입대기,2.25,BULL,1.0,11.829622664471096,상승여력 77% | 200일↑ | RSI우호 | MACD+,,9.02061855670103
2026-04-25,77,77,한국전력,015760,KS,전기유틸리티,46200.0,43670.0,50943.333333333336,50752.083333333336,45726.25,1,51.812558490773505,750.630992399414,0.6325096317272588,0,0.6535947712418277,5.239179954441919,5.239179954441919,13500.219576928132,14016.0,14016.0,DART,TRAILING_DART,,13500.219576928132,3.4221665608280754,162002.63492313758,250.65505394618523,100.0,0,3.0,36.46713306257564,68.23356653128782,진입대기,2.25,BULL,1.0,30.0,상승여력 251% | 200일↑ | RSI우호 | MACD+,,22.809278350515463
2026-04-25,78,78,하나금융지주,086790,KS,은행,123300.0,117065.0,115276.66666666667,104431.66666666667,97451.5,1,62.21069231544563,413.65892482421714,1.040280104455206,0,-0.16194331983805377,11.684782608695654,11.684782608695654,14712.50913937596,15539.0,15539.0,DART|DAILY_DISC,TRAILING_DART,,14712.50913937596,8.380623511050532,176550.10967251152,43.187436879571386,68.0718339717214,0,3.0,68.11290079864828,68.09236738518484,진입대기,2.25,BULL,1.0,8.380623511050532,상승여력 43% | 200일↑ | RSI우호 | MACD+,EPS스크랩,58.376288659793815
2026-04-25,79,79,케이씨,029460,KS,반도체와반도체장비,39700.0,33595.0,32670.833333333332,29445.416666666668,27443.5,1,71.58698717236975,693.8956998393896,1.0943163726962826,1,5.444887118193886,26.232114467408586,26.232114467408586,3919.13736649628,,4311.051103145908,DART,TRAILING_DART,,3919.13736649628,10.12978017545017,47029.64839795536,18.462590423061354,52.00068377498988,0,3.0,84.05539886248293,68.0280413187364,진입대기,2.25,BULL,1.0,30.0,상승여력 18% | 200일↑ | 20일돌파 | MACD+,,62.628865979381445
2026-04-25,80,80,유비쿼스홀딩스,078070,KQ,통신장비,15930.0,16577.0,13832.5,12235.25,11465.15,1,49.45905479506066,-268.13249579964236,0.29947782937921,0,-9.385665529010234,-2.5091799265605896,-2.5091799265605896,1911.1518220173484,,2102.2670042190834,DART,TRAILING_DART,,1911.1518220173484,8.335287556163289,22933.82186420818,43.96623894669291,68.5780553153504,0,3.0,66.94966242680738,67.7638588710789,진입대기,2.25,BULL,1.0,5.0,상승여력 44% | 200일↑ | RSI우호,,3.350515463917526
2026-04-25,81,81,메가스터디교육,215200,KQ,교육서비스,45300.0,45830.0,46033.333333333336,44178.333333333336,45481.25,0,49.14837693798831,-53.799924913033976,0.7582071752741246,0,1.5695067264573925,-5.130890052356019,-5.130890052356019,8966.069177333111,,9862.676095066425,DART,TRAILING_DART,,8966.069177333111,5.052381272556068,107592.83012799732,137.51176628696982,97.75117662869698,0,3.0,37.50002529589941,67.6256009622982,관찰,2.25,BULL,1.0,5.052381272556068,상승여력 138% | RSI우호,,34.5360824742268
2026-04-25,82,82,한국타이어앤테크놀로지,161390,KS,자동차부품,62700.0,59155.0,62500.0,60514.166666666664,53142.0,1,55.47614374486297,648.0502557798629,0.8376867152122455,0,5.378151260504205,8.103448275862068,8.103448275862068,7843.342059958813,11517.0,11517.0,DART,TRAILING_DART,,7843.342059958813,7.994041254440617,94120.10471950575,50.11180975997726,72.57267634398522,0,3.0,60.96889212388471,66.77078423393496,진입대기,2.25,BULL,1.0,8.065670984801612,상승여력 50% | 200일↑ | RSI우호 | MACD+,,42.13917525773196
2026-04-25,83,83,NICE,034310,KS,IT서비스,13750.0,13442.5,13906.166666666666,13723.0,13611.325,1,52.35044516127913,44.48606494981446,0.954831610995455,0,0.585223116313105,-2.34375,-2.34375,2083.1976860451964,,2291.5174546497165,DART,TRAILING_DART,,2083.1976860451964,6.6004297585907,24998.37223254236,81.80634350939897,92.1806343509399,0,3.0,41.11940097758143,66.65001766426066,진입대기,2.25,BULL,1.0,15.002925450414125,상승여력 82% | 200일↑ | RSI우호 | MACD+,,53.22164948453608
2026-04-25,84,84,F&F,383220,KS,"섬유,의류,신발,호화품",66500.0,64460.0,66480.0,68133.33333333333,68500.5,0,54.3229324915967,429.71586206678694,0.9995855663749101,0,-0.5979073243647215,2.3076923076922995,2.3076923076922995,10459.855496040876,10579.0,10579.0,DART|DAILY_DISC,TRAILING_DART,,10459.855496040876,6.3576404114923655,125518.26595249052,88.74927210900829,92.87492721090084,0,3.0,40.40822931116178,66.64157826103131,관찰,2.25,BULL,1.0,7.756921109950797,상승여력 89% | RSI우호 | MACD+,EPS스크랩,56.18556701030928
2026-04-25,85,85,미코,059090,KQ,반도체와반도체장비,21150.0,16568.5,15914.833333333334,14834.583333333334,14869.0,1,66.01756112440506,651.5064800862572,0.8076373851763077,0,2.9197080291970767,55.74374079528719,55.74374079528719,2242.863341642333,,2467.149675806567,DART,TRAILING_DART,,2242.863341642333,9.429910243444857,26914.360099708,27.254657681834505,57.715527493192425,0,3.0,75.44889892181223,66.58221320750232,진입대기,2.25,BULL,1.0,30.0,상승여력 27% | 200일↑ | RSI우호 | MACD+,,39.3041237113402
2026-04-25,86,86,코리안리,003690,KS,손해보험,12360.0,12222.0,12738.0,12038.666666666666,11571.95,1,48.652561081491555,51.17796522262654,0.5381806867232877,0,0.4061738424045558,-7.2768192048012,-7.2768192048012,1822.3155821957605,,2004.5471404153368,DART,TRAILING_DART,,1822.3155821957605,6.782579329704836,21867.786986349125,76.92384293162722,90.0004979055577,0,3.0,42.31499743323984,66.15774766939876,진입대기,2.25,BULL,1.0,7.296791982808353,상승여력 77% | 200일↑ | RSI우호 | MACD+,,14.432989690721648
2026-04-25,87,87,기업은행,024110,KS,은행,22350.0,22102.5,23336.666666666668,21946.25,20974.9,1,47.36067129211265,80.58799619605173,0.652143945524904,0,-0.8869179600886956,-5.095541401273884,-5.095541401273884,3409.5558041145014,3499.0,3499.0,DART|DAILY_DISC,TRAILING_DART,,3409.5558041145014,6.5551060853818575,40914.66964937402,83.06339887863095,92.30633988786309,0,3.0,39.91657291937465,66.11145640361887,진입대기,2.25,BULL,1.0,8.380623511050532,상승여력 83% | 200일↑ | RSI우호 | MACD+,EPS스크랩,24.742268041237114
2026-04-25,88,88,세아제강지주,003030,KS,철강,220000.0,223705.0,174791.66666666666,154437.5,166930.0,1,56.40022811010895,-4854.489980067194,1.24267510552709,0,2.088167053364276,14.822546972860117,14.822546972860117,23626.740122129864,,25989.414134342853,DART,TRAILING_DART,,23626.740122129864,9.311483465886102,283520.88146555837,28.873127938890164,58.7675331602786,0,3.0,72.81115345187322,65.78934330607592,진입대기,2.25,BULL,1.0,21.676807840290483,상승여력 29% | 200일↑ | RSI우호,,70.10309278350515
2026-04-25,89,89,IPARK현대산업개발,294870,KS,건설,24300.0,22287.5,22155.833333333332,21118.333333333332,21237.0,1,61.68442230809465,243.2455206569993,1.1493527505087233,1,3.8461538461538547,9.213483146067425,9.213483146067425,2399.5619063767263,5108.0,5108.0,DART,TRAILING_DART,,2399.5619063767263,10.126848544904743,28794.742876520715,18.496884265517345,52.022974772586274,0,3.0,79.1292321918363,65.57610348221128,진입대기,2.25,BULL,1.0,10.126848544904743,상승여력 18% | 200일↑ | 20일돌파 | RSI우호 | MACD+,,65.97938144329896
2026-04-25,90,90,하림,136480,KQ,식품,3390.0,3243.5,3182.5833333333335,3076.4166666666665,3060.65,1,69.9742213461146,12.366033102661433,1.681258916061275,1,3.039513677811545,5.2795031055900665,5.2795031055900665,364.7331201437699,,401.2064321581469,DART,TRAILING_DART,,364.7331201437699,9.29446713987404,4376.797441725239,29.109069077440687,58.92089490033645,0,3.0,71.54889245221143,65.23489367627394,진입대기,2.25,BULL,1.0,7.681161075476895,상승여력 29% | 200일↑ | 20일돌파 | 거래량x1.7 | RSI우호 | MACD+,,82.21649484536083
2026-04-25,91,91,유안타증권,003470,KS,증권,5190.0,4824.0,4857.0,4322.875,4082.4,1,59.77428228050242,38.97399843667142,1.6344710745566946,1,4.216867469879526,3.8000000000000034,3.8000000000000034,479.1241408870661,,527.0365549757728,DART|DAILY_DISC,TRAILING_DART,,479.1241408870661,10.83226570548306,5749.489690644794,10.780148181980609,47.007096318287395,0,3.0,82.107879174092,64.55748774618971,관찰,1.5,BULL,1.0,10.699733683069372,상승여력 11% | 200일↑ | 20일돌파 | 거래량x1.6 | RSI우호 | MACD+,EPS스크랩,81.05670103092784
2026-04-25,92,92,동원산업,006040,KS,식품,38800.0,38530.0,40310.833333333336,42134.166666666664,43647.5,0,48.20157804250851,120.02969821062595,1.73043746053915,0,-1.7721518987341756,-3.0000000000000027,-3.0000000000000027,8769.339989484459,6682.0,6682.0,DART,TRAILING_DART,,8769.339989484459,4.4245062965429645,105232.0798738135,171.2167007057049,100.0,0,3.0,28.97456562660004,64.48728281330003,관찰,1.5,BULL,1.0,7.681161075476895,상승여력 171% | 거래량x1.7 | RSI우호 | MACD+,,83.37628865979381
2026-04-25,93,93,인터플렉스,051370,KQ,전자장비와기기,14020.0,12658.0,12623.0,11469.666666666666,10492.4,1,60.66041763357919,187.72074991985002,1.093807819443192,0,5.731523378582204,5.41353383458647,5.41353383458647,1407.3379180564443,,1548.071709862089,DART,TRAILING_DART,,1407.3379180564443,9.962070814777618,16888.055016677332,20.45688314320493,53.2969740430832,0,3.0,74.85233532709599,64.0746546850896,관찰,1.5,BULL,1.0,30.0,상승여력 20% | 200일↑ | RSI우호 | MACD+,,62.5
2026-04-25,94,94,기아,000270,KS,자동차,153400.0,153415.0,160938.33333333334,143113.33333333334,127556.0,1,46.58364025742781,901.5849635823342,1.05655209105851,0,-3.643216080402012,-1.5404364569961526,-1.5404364569961526,19349.186729689773,21385.0,21385.0,DART|DAILY_DISC,TRAILING_DART,,19349.186729689773,7.927981787711006,232190.2407562773,51.36260805493955,73.3856952357107,0,3.0,54.24779166152806,63.81674344861938,관찰,1.5,BULL,1.0,6.972710039133656,상승여력 51% | 200일↑ | RSI우호 | MACD+,EPS스크랩,59.27835051546392
2026-04-25,95,95,SK디스커버리,006120,KS,석유와가스,58300.0,57105.0,57410.0,59178.333333333336,57534.75,1,50.100299102080456,6.562595926502922,0.36237492696661916,0,-8.188976377952761,7.763401109057311,7.763401109057311,8305.309969402917,,9135.84096634321,DART,TRAILING_DART,,8305.309969402917,7.019605555335015,99663.71963283501,70.94977638565183,86.11735465067369,0,3.0,41.33518092284539,63.726267786759536,관찰,1.5,BULL,1.0,7.57314004680444,상승여력 71% | 200일↑ | RSI우호 | MACD+,,6.056701030927835
2026-04-25,96,96,JB금융지주,175330,KS,은행,28700.0,30250.0,30187.5,27253.333333333332,25626.25,1,41.13780970748609,-150.99066832994015,1.298604359740477,0,-7.41935483870968,-7.717041800643088,-7.717041800643088,3877.960697948784,3953.0,3953.0,DART|DAILY_DISC,TRAILING_DART,,3877.960697948784,7.400797025916388,46535.52837538541,62.1446981720746,80.3940538118485,0,3.0,46.43688907624881,63.41547144404865,관찰,1.5,BULL,1.0,8.380623511050532,상승여력 62% | 200일↑,EPS스크랩,72.0360824742268
2026-04-25,97,97,비츠로테크,042370,KQ,전기제품,16840.0,13813.0,11760.0,10414.75,9691.8,1,68.35929150439102,334.953836070898,0.5119494958123918,0,-5.340078695896566,47.20279720279721,47.20279720279721,1629.306278257368,,1792.236906083105,DART,TRAILING_DART,,1629.306278257368,10.335687172341409,19551.675339088415,16.102585148981085,50.466680346837705,0,3.0,76.30025303414607,63.383466690491886,관찰,1.5,BULL,1.0,5.0,상승여력 16% | 200일↑ | RSI우호 | MACD+,,12.886597938144329
2026-04-25,98,98,삼성증권,016360,KS,증권,111600.0,103915.0,99408.33333333333,89313.33333333333,82540.25,1,62.219515288526104,570.1428334059046,0.6777060820594051,0,1.454545454545464,14.344262295081966,14.344262295081966,11279.13476087346,15228.0,15228.0,DART|DAILY_DISC,TRAILING_DART,,11279.13476087346,9.894375975286039,135349.61713048152,21.281018934123217,53.832662307180094,0,3.0,72.46945362997829,63.151057968579195,관찰,1.5,BULL,1.0,10.699733683069372,상승여력 21% | 200일↑ | RSI우호 | MACD+,EPS스크랩,27.577319587628867
2026-04-25,99,99,대웅,003090,KS,제약,23050.0,23007.5,24244.166666666668,23601.25,23545.25,0,48.086938036102865,69.67690173902429,0.7867221753296397,0,-3.3542976939203384,-7.243460764587528,-7.243460764587528,3919.831402439339,,4311.814542683273,DART,TRAILING_DART,,3919.831402439339,5.880354952423674,47037.97682927207,104.06931379293738,94.40693137929374,0,3.0,31.6501716094865,63.028551494390115,관찰,1.5,BULL,1.0,7.667116084725663,상승여력 104% | RSI우호 | MACD+,,37.5
2026-04-25,100,100,에스엘,005850,KS,자동차부품,60800.0,58450.0,59955.0,51080.833333333336,44265.75,1,51.76945273741852,594.5071558767894,0.8171399350258693,0,-0.6535947712418277,1.6722408026755842,1.6722408026755842,6906.362346356784,7950.0,7950.0,DART,TRAILING_DART,,6906.362346356784,8.803476700302724,82876.3481562814,36.30978315177862,63.60135904865611,0,3.0,62.10071026341075,62.85103465603343,관찰,1.5,BULL,1.0,8.065670984801612,상승여력 36% | 200일↑ | RSI우호 | MACD+,,40.33505154639175
2026-04-25,101,101,휴온스글로벌,084110,KQ,제약,66500.0,57970.0,59783.333333333336,56125.416666666664,52423.5,1,59.94860524689556,1367.7268317027092,1.3320807215865047,0,5.221518987341778,-5.539772727272729,-5.539772727272729,6462.7802546356925,,7109.058280099262,DART,TRAILING_DART,,6462.7802546356925,10.289689170895167,77553.36305562832,16.621598579892204,50.80403907692993,0,3.0,74.75470598980331,62.779372533366626,관찰,1.5,BULL,1.0,7.667116084725663,상승여력 17% | 200일↑ | RSI우호 | MACD+,,74.0979381443299
2026-04-25,102,102,세아홀딩스,058650,KS,철강,154800.0,156270.0,157970.0,143148.33333333334,137204.0,1,48.20783116817666,-298.5929073622833,0.7575008002793702,0,-4.326328800988877,-1.8389346861128697,-1.8389346861128697,19911.624296004207,,21902.78672560463,DART,TRAILING_DART,,19911.624296004207,7.774353196844152,238939.4915520505,54.353676713210916,75.32988986358708,0,3.0,49.35189294839271,62.34089140598989,관찰,1.5,BULL,1.0,21.676807840290483,상승여력 54% | 200일↑ | RSI우호,,34.40721649484536
2026-04-25,103,103,동아쏘시오홀딩스,000640,KS,제약,98900.0,95370.0,102337.29765625,105120.105078125,106933.713671875,0,53.502126856924875,768.4031693951538,1.1469632567316848,1,1.0214504596527174,0.5081300813008172,0.5081300813008172,13585.759087041166,12688.0,12688.0,DART|DAILY_DISC,TRAILING_DART,,13585.759087041166,7.279681567026769,163029.109044494,64.84237517137916,82.14754386139646,0,3.0,42.395467297550205,62.27150557947333,관찰,1.5,BULL,1.0,7.667116084725663,상승여력 65% | 20일돌파 | RSI우호 | MACD+,EPS스크랩,65.72164948453609
2026-04-25,104,104,슈프리마,236200,KQ,전자장비와기기,55700.0,48075.0,47618.333333333336,41732.916666666664,38321.75,1,66.75310605680951,934.3474814544544,1.0634931980725062,1,8.7890625,13.67346938775511,13.67346938775511,4642.320972781397,,5106.553070059537,DART,TRAILING_DART,,4642.320972781397,11.9983086750307,55707.85167337677,0.014096361538173952,40.00916263499981,0,3.0,84.28405313945714,62.14660788722848,관찰,1.5,BULL,1.0,30.0,200일↑ | 20일돌파 | RSI우호 | MACD+,,60.051546391752574
2026-04-25,105,105,HD한국조선해양,009540,KS,조선,476000.0,398275.0,407775.0,418525.0,404220.0,1,71.23721225285858,10691.454289444267,1.1664866902833457,1,13.468414779499405,29.70027247956404,29.70027247956404,41377.22670003678,47566.0,47566.0,DART|DAILY_DISC,TRAILING_DART,,41377.22670003678,11.503912609966605,496526.7204004413,4.312336218580115,42.803018542077076,0,3.0,80.63322114002266,61.71811984104987,관찰,1.5,BULL,1.0,22.008505802553593,200일↑ | 20일돌파 | MACD+,EPS스크랩,66.88144329896907
2026-04-25,106,106,팬오션,028670,KS,해운사,5630.0,5336.25,5185.833333333333,4568.166666666667,4335.5,1,58.584308882713366,35.35578619264436,0.5999872999883747,0,2.925045703839113,14.897959183673471,14.897959183673471,563.8312571780187,678.0,678.0,DART,TRAILING_DART,,563.8312571780187,9.985256986599516,6765.9750861362245,20.177177373645193,53.11516529286938,0,3.0,70.31875137601672,61.71695833444305,관찰,1.5,BULL,1.0,10.289371500551457,상승여력 20% | 200일↑ | RSI우호 | MACD+,,19.974226804123713
2026-04-25,107,107,롯데렌탈,089860,KS,도로와철도운송,34150.0,32070.0,32240.0,31699.583333333332,31275.25,1,66.71710871779622,263.3724846262105,1.2086876726714202,1,3.7993920972644313,4.754601226993871,4.754601226993871,3489.8676294957104,4267.0,4267.0,DART,TRAILING_DART,,3489.8676294957104,9.785471434896433,41878.41155394852,22.630780538648665,54.71000735012163,0,3.0,68.13359335507195,61.42180035259679,관찰,1.5,BULL,1.0,9.785471434896433,상승여력 23% | 200일↑ | 20일돌파 | RSI우호 | MACD+,,68.55670103092784
2026-04-25,108,108,풍산홀딩스,005810,KS,비철금속,44400.0,44130.0,40857.5,39324.583333333336,41044.25,1,53.191409955397255,-382.9367690410222,0.13641953443149976,0,-2.41758241758242,25.601131541725607,25.601131541725607,5157.935458267752,,5673.729004094528,DART,TRAILING_DART,,5157.935458267752,8.608095304649538,61895.22549921303,39.40366103426358,65.61237967227132,0,3.0,56.73850138066604,61.17544052646868,관찰,1.5,BULL,1.0,19.13804753201511,상승여력 39% | 200일↑ | RSI우호,,0.902061855670103
2026-04-25,109,109,우리기술투자,041190,KQ,창업투자,6800.0,6527.0,7125.666666666667,7574.75,8633.75,0,52.468300880608254,70.21297490723022,0.6190089282208303,0,-0.7299270072992692,4.454685099846389,4.454685099846389,1316.0070536071428,,1447.607758967857,DART,TRAILING_DART,,1316.0070536071428,5.167145556979629,15792.084643285714,132.23653887184872,97.22365388718487,0,3.0,24.956661111057592,61.09015749912123,관찰,1.5,BULL,1.0,27.354137919189263,상승여력 132% | RSI우호 | MACD+,,21.649484536082475
2026-04-25,110,110,한라IMS,092460,KQ,조선,19920.0,16221.5,15800.5,16262.5,15052.8,1,73.80055183431912,430.69441891230167,6.404295419865051,1,16.491228070175445,30.79448456992777,30.79448456992777,1489.7637145171625,,1638.740085968879,DART,TRAILING_DART,,1489.7637145171625,13.371247940789146,17877.164574205948,-10.25519792065287,31.02670181942874,0,3.0,90.54585480436515,60.78627831189694,관찰,1.5,BULL,1.0,22.008505802553593,200일↑ | 20일돌파 | 거래량x6.4 | MACD+,,98.58247422680412
2026-04-25,111,111,KT,030200,KS,다각화된통신서비스,61700.0,61750.0,60796.666666666664,56219.583333333336,55125.0,1,50.41094985655011,-104.42456127056857,0.8369229850830048,0,-3.4428794992175327,1.4802631578947345,1.4802631578947345,7288.142685023315,5829.0,5829.0,DART,TRAILING_DART,,7288.142685023315,8.46580571574013,87457.71222027978,41.746697277600944,67.13535323044061,0,3.0,54.02405199360706,60.57970261202384,관찰,1.5,BULL,1.0,8.46580571574013,상승여력 42% | 200일↑ | RSI우호,,42.01030927835052
2026-04-25,112,112,미스토홀딩스,081660,KS,"섬유,의류,신발,호화품",41400.0,41785.0,46130.0,44323.333333333336,42039.25,0,40.83282296514646,208.38651343152355,1.0586997568715797,0,-2.8169014084507005,2.9850746268656803,2.9850746268656803,6566.31588924023,4899.0,4899.0,DART,TRAILING_DART,,6566.31588924023,6.304905322608578,78795.79067088276,90.32799678957191,93.03279967895719,0,3.0,27.77586808639618,60.40433388267668,관찰,1.5,BULL,1.0,7.756921109950797,상승여력 90% | MACD+,,59.66494845360825
2026-04-25,113,113,지역난방공사,071320,KS,복합유틸리티,77700.0,75050.0,87251.66666666667,95540.83333333333,91581.0,0,46.50118616060742,1046.6433198088944,0.6801563478523766,0,1.436031331592691,-2.1410579345088165,-2.1410579345088165,29267.941324205804,15978.0,15978.0,DART|DAILY_DISC,TRAILING_DART,,29267.941324205804,2.6547818700093835,351215.2958904696,352.01453782557223,100.0,0,3.0,20.7032814851594,60.351640742579704,관찰,1.5,BULL,1.0,5.0,상승여력 352% | RSI우호 | MACD+,EPS스크랩,27.706185567010312
2026-04-25,114,114,LX세미콘,108320,KS,디스플레이장비및부품,64900.0,52720.0,53245.833333333336,52506.666666666664,54500.5,1,79.45322076849122,1283.3285167284143,6.8020360479858635,1,18.864468864468865,25.775193798449614,25.775193798449614,5080.641733366945,,5588.70590670364,DART|DAILY_DISC,TRAILING_DART,,5080.641733366945,12.77397687260084,60967.70080040334,-6.059012634201322,34.698363945073844,0,3.0,85.91845135991667,60.30840765249526,관찰,1.5,BULL,1.0,15.281955431289658,200일↑ | 20일돌파 | 거래량x6.8 | MACD+,EPS스크랩,98.71134020618557
2026-04-25,115,115,SK스퀘어,402340,KS,복합기업,725000.0,598550.0,576283.3333333334,456562.5,346778.0,1,68.84453971489127,15543.619700544994,0.6478263200232869,0,6.304985337243396,33.27205882352941,33.27205882352941,66829.3639178036,187971.0,187971.0,DART,TRAILING_DART,,66829.3639178036,10.848524622974262,801952.3670136431,10.61411958808871,46.89917773225766,0,3.0,73.42426766487314,60.1617226985654,관찰,1.5,BULL,1.0,11.889597626439988,상승여력 11% | 200일↑ | RSI우호 | MACD+,,24.355670103092784
2026-04-25,116,116,한국앤컴퍼니,000240,KS,자동차부품,24750.0,24532.5,26820.833333333332,26570.833333333332,25280.4,0,46.54152018311492,147.43568104086904,0.690196818705895,0,-1.0000000000000009,-7.99256505576208,-7.99256505576208,3657.538424182632,,4023.2922666008953,DART,TRAILING_DART,,3657.538424182632,6.766846203544945,43890.46109019158,77.33519632400639,90.26787761060416,0,3.0,29.221008487438667,59.74444304902141,관찰,1.5,BULL,1.0,8.065670984801612,상승여력 77% | RSI우호 | MACD+,,28.60824742268041
2026-04-25,117,117,휴온스,243070,KQ,제약,26850.0,26090.0,26807.5,27336.25,28282.25,0,54.85848919210356,126.94300726920575,1.7389870474651454,0,-1.8281535648994485,2.285714285714291,2.285714285714291,3526.296070883451,,3878.9256779717966,DART,TRAILING_DART,,3526.296070883451,7.61422168197953,42315.552850601416,57.599824397025756,77.43988585806675,0,3.0,41.99992527907761,59.71990556857217,관찰,1.5,BULL,1.0,7.667116084725663,상승여력 58% | 거래량x1.7 | RSI우호 | MACD+,,84.02061855670104
2026-04-25,118,118,에스엠,041510,KQ,방송과엔터테인먼트,93200.0,89160.0,100718.33333333333,105847.5,117388.0,0,50.98445619727281,1272.7003951860365,0.8123936215005142,0,-1.5839493136219684,2.417582417582409,2.417582417582409,15696.395697080852,6057.0,6057.0,DART|DAILY_DISC,TRAILING_DART,,15696.395697080852,5.937668863517051,188356.74836497023,102.09951541305817,94.20995154130581,0,3.0,24.803148840619166,59.506550190962486,관찰,1.5,BULL,1.0,13.565426316295,상승여력 102% | RSI우호 | MACD+,EPS스크랩,39.56185567010309
2026-04-25,119,119,DL이앤씨,375500,KS,건설,99000.0,88590.0,63259.166666666664,52311.666666666664,49213.0,1,68.58229390599865,-487.4151134335807,0.6728627170657031,0,1.3306038894575156,49.09638554216868,49.09638554216868,9567.184222811082,8020.0,8020.0,DART,TRAILING_DART,,9567.184222811082,10.347872236426037,114806.21067373297,15.965869367407048,50.377815088814586,0,3.0,68.6347433101715,59.506279199493044,관찰,1.5,BULL,1.0,10.126848544904743,상승여력 16% | 200일↑ | RSI우호,,27.190721649484534
2026-04-25,120,120,한국콜마,161890,KS,화장품,91600.0,81190.0,74833.33333333333,70287.5,76354.5,1,74.3446085041593,826.6164053890648,1.1643536586979242,1,5.5299539170506895,14.214463840398995,14.214463840398995,7126.452052285193,6209.0,6209.0,DART,TRAILING_DART,,7126.452052285193,12.853520844306702,85517.42462742231,-6.640366127268216,34.189679638640314,0,3.0,84.74260086029584,59.466140249468076,관찰,1.5,BULL,1.0,15.880089461626476,200일↑ | 20일돌파 | MACD+,,66.75257731958763
2026-04-25,121,121,교보증권,030610,KS,증권,13970.0,12738.0,12890.666666666666,11236.083333333334,10397.55,1,61.758524303793585,165.0903527178495,1.5848892690732872,0,6.07441154138193,7.131901840490795,7.131901840490795,1254.0110817232978,,1379.4121898956278,DART|DAILY_DISC,TRAILING_DART,,1254.0110817232978,11.140252429669143,15048.132980679573,7.717487334857354,45.01636676765728,0,3.0,73.5350998650596,59.27573331635844,관찰,1.5,BULL,1.0,10.699733683069372,200일↑ | 거래량x1.6 | RSI우호 | MACD+,EPS스크랩,80.79896907216495
2026-04-25,122,122,월덱스,101160,KQ,반도체와반도체장비,34000.0,30585.0,29352.5,26054.583333333332,25155.0,1,65.99488144586775,351.3379294852564,1.889177429618037,1,6.416275430359941,13.33333333333333,13.33333333333333,2481.526472756666,,2729.679120032333,DART,TRAILING_DART,,2481.526472756666,13.701244122626766,29778.31767307999,-12.416712726235325,29.13537636454409,0,3.0,89.34818904589974,59.241782705221915,관찰,1.5,BULL,1.0,30.0,200일↑ | 20일돌파 | 거래량x1.9 | RSI우호 | MACD+,,86.85567010309279
2026-04-25,123,123,한국정보통신,025770,KQ,IT서비스,11980.0,9621.0,8538.5,8221.333333333334,8513.1,1,61.906139280097726,381.1064446884377,0.8509508318186221,0,-2.1241830065359513,55.78673602080624,55.78673602080624,976.7076250462987,,1074.378387550929,DART,TRAILING_DART,,976.7076250462987,12.26569721868621,11720.491500555585,-2.1661811305877743,38.104591510735695,0,3.0,79.92574410878491,59.0151678097603,관찰,1.5,BULL,1.0,15.002925450414125,200일↑ | RSI우호 | MACD+,,44.20103092783505
2026-04-25,124,124,이마트,139480,KS,백화점과일반상점,105400.0,97275.0,98941.66666666667,90020.0,86794.0,1,63.58142420555991,1084.3863901815093,0.8779212522358035,1,3.6381514257620484,5.400000000000005,5.400000000000005,8926.67539046404,8079.0,8079.0,DART,TRAILING_DART,,8926.67539046404,11.807307355725515,107120.10468556848,1.6319778800460094,41.060785622029904,0,3.0,76.93589227829091,58.9983389501604,관찰,1.5,BULL,1.0,27.262360921866936,200일↑ | 20일돌파 | RSI우호 | MACD+,,45.876288659793815
2026-04-25,125,125,바텍,043150,KQ,건강관리장비와용품,23250.0,22577.5,22220.0,21142.083333333332,21665.75,1,54.42744189009992,55.255082278723336,0.8417938720831414,0,-0.4282655246252709,2.8761061946902755,2.8761061946902755,2631.159925478597,3575.0,3575.0,DART,TRAILING_DART,,2631.159925478597,8.836407006225942,31573.919105743164,35.801802605346936,63.27117169347551,0,3.0,54.673204724159675,58.97218820881759,관찰,1.5,BULL,1.0,9.791336353759029,상승여력 36% | 200일↑ | RSI우호 | MACD+,,42.78350515463917
2026-04-25,126,126,KB금융,105560,KS,은행,157400.0,154030.0,152450.0,139420.83333333334,129138.0,1,54.144505948313,191.71416700276177,1.0001305215267289,0,-3.019100431300059,3.41655716162943,3.41655716162943,15665.033853854356,16924.0,16924.0,DART|DAILY_DISC,TRAILING_DART,,15665.033853854356,10.04785571920561,187980.40624625227,19.428466484277163,52.62850321478015,0,3.0,64.27421667308957,58.45135994393486,관찰,1.5,BULL,1.0,8.380623511050532,상승여력 19% | 200일↑ | RSI우호 | MACD+,EPS스크랩,56.31443298969072
2026-04-25,127,127,동양생명,082640,KS,생명보험,8930.0,8639.0,8086.0,7336.583333333333,7553.95,1,58.501522157391555,-9.341054669667756,1.1601769665512889,0,5.430932703659974,-0.7777777777777772,-0.7777777777777772,771.5362650211639,,848.6898915232804,DART|DAILY_DISC,TRAILING_DART,,771.5362650211639,11.574310119764808,9258.435180253968,3.6778855571552915,42.39062561215094,0,3.0,74.45633249933077,58.423479055740856,관찰,1.5,BULL,1.0,15.760579656509389,200일↑ | RSI우호,EPS스크랩,66.62371134020619
2026-04-25,128,128,CJ프레시웨이,051500,KQ,식품과기본식료품소매,27700.0,28327.5,30648.333333333332,28511.25,28509.25,0,42.784721166921464,47.10556956538335,0.6113615663728246,0,-4.152249134948094,-10.35598705501618,-10.35598705501618,4220.7021444312495,5369.0,5369.0,DART|DAILY_DISC,TRAILING_DART,,4220.7021444312495,6.562889076772946,50648.425733175,82.84630228583032,92.28463022858303,0,3.0,23.726613732735103,58.005621980659065,관찰,1.5,BULL,1.0,6.562889076772946,상승여력 83% | MACD+,EPS스크랩,20.876288659793815
2026-04-25,129,129,JW중외제약,001060,KS,제약,32300.0,30575.0,32100.833333333332,29227.083333333332,26454.5,1,56.51194845358544,145.06765285309686,2.311524810418479,1,2.7027027027026973,0.7800312012480548,0.7800312012480548,2641.560496703374,,2905.716546373712,DART,TRAILING_DART,,2641.560496703374,12.227620772005748,31698.72596044049,-1.8615295342399696,38.37116165754003,0,3.0,77.40482607537716,57.887993866458594,관찰,1.5,BULL,1.0,7.667116084725663,200일↑ | 20일돌파 | 거래량x2.3 | RSI우호 | MACD+,,90.85051546391753
2026-04-25,130,130,코웨이,021240,KS,가정용기기와용품,85900.0,77990.0,78898.33333333333,82322.5,90202.0,0,66.52227978074656,675.3648974660932,2.2063506331316924,1,3.1212484993997647,16.870748299319736,16.870748299319736,8725.908395396493,9702.0,9702.0,DART,TRAILING_DART,,8725.908395396493,9.844247281500005,104710.9007447579,21.898603893781022,54.23409253095767,0,3.0,61.11861102558333,57.6763517782705,관찰,1.5,BULL,1.0,9.844247281500005,상승여력 22% | 20일돌파 | 거래량x2.2 | RSI우호 | MACD+,,89.69072164948454
2026-04-25,131,131,영원무역,111770,KS,"섬유,의류,신발,호화품",83400.0,82545.0,86403.33333333333,83887.5,74351.0,1,48.7610960532071,395.5601096439532,1.1202606745481993,0,-1.7667844522968212,1.9559902200489088,1.9559902200489088,9619.42136579632,13371.0,13371.0,DART,TRAILING_DART,,9619.42136579632,8.669960159614646,115433.05638955583,38.408940515054944,64.96581133478571,0,3.0,50.05072251933748,57.5082669270616,관찰,1.5,BULL,1.0,7.756921109950797,상승여력 38% | 200일↑ | RSI우호 | MACD+,,63.91752577319587
2026-04-25,132,132,현대차,005380,KS,자동차,513000.0,498850.0,511400.0,414225.0,336742.5,1,50.88752642892858,4167.859876081959,1.3042576430052135,0,-4.6468401486988835,3.6363636363636376,3.6363636363636376,50619.69175811383,40715.0,40715.0,DART|DAILY_DISC,TRAILING_DART,,50619.69175811383,10.134395966916792,607436.301097366,18.408635691494357,51.965613199471335,0,3.0,62.980566361848005,57.47308978065967,관찰,1.5,BULL,1.0,6.972710039133656,상승여력 18% | 200일↑ | RSI우호 | MACD+,EPS스크랩,72.42268041237114
2026-04-25,133,133,한양이엔지,045100,KQ,반도체와반도체장비,34500.0,31867.5,30712.5,26216.75,23402.35,1,59.16063000210368,174.10246399836046,1.9889214547733598,1,2.071005917159763,4.863221884498481,4.863221884498481,2381.660580057143,,2619.826638062857,DART,TRAILING_DART,,2381.660580057143,14.4856913234766,28579.926960685712,-17.159631998012426,24.985322001739128,0,3.0,89.88609846947435,57.435710235606734,관찰,1.5,BULL,1.0,30.0,200일↑ | 20일돌파 | 거래량x2.0 | RSI우호 | MACD+,,88.14432989690721
2026-04-25,134,134,진성티이씨,036890,KQ,기계,17750.0,16968.0,15991.666666666666,14569.833333333334,13619.2,1,58.375280972875466,5.0231844953220275,1.1257431524126356,0,0.6806579693704018,10.868207370393513,10.868207370393513,1481.578137519078,,1629.735951270986,DART,TRAILING_DART,,1481.578137519078,11.980468360394822,17778.937650228934,0.16302901537428305,40.10596885999328,0,3.0,74.70783949952387,57.40690417975858,관찰,1.5,BULL,1.0,11.980468360394822,200일↑ | RSI우호 | MACD+,,64.17525773195877
2026-04-25,135,135,현대모비스,012330,KS,자동차부품,422500.0,410275.0,425833.3333333333,390066.6666666667,355457.5,1,51.495063774332294,4756.572637281373,1.7274132621548914,0,-1.0538641686182681,6.022584692597244,6.022584692597244,40390.51770409755,47937.0,47937.0,DART|DAILY_DISC,TRAILING_DART,,40390.51770409755,10.460375950000218,484686.21244917053,14.718630165484159,49.5671096075647,0,3.0,65.07428095585053,57.320695281707614,관찰,1.5,BULL,1.0,8.065670984801612,상승여력 15% | 200일↑ | 거래량x1.7 | RSI우호 | MACD+,EPS스크랩,83.24742268041237
2026-04-25,136,136,케이엔제이,272110,KQ,반도체와반도체장비,39250.0,36377.5,34251.666666666664,29078.75,25711.3,1,56.88169097860128,227.0519605786369,1.0231526073392747,0,-2.241594022415938,10.098176718092567,10.098176718092567,3184.8465623187394,,3503.331218550614,DART,TRAILING_DART,,3184.8465623187394,12.323984603962801,38218.15874782487,-2.6288949100003345,37.69971695374971,0,3.0,76.86056440343866,57.28014067859418,관찰,1.5,BULL,1.0,30.0,200일↑ | RSI우호 | MACD+,,57.47422680412371
2026-04-25,137,137,네오팜,092730,KQ,화장품,20300.0,17954.0,18464.0,18468.75,18199.35,1,73.9324301524341,349.5168143726893,1.351290166658363,1,6.954689146469972,15.209988649262197,15.209988649262197,1735.893274945472,,1909.4826024400195,DART,TRAILING_DART,,1735.893274945472,11.694267322187573,20830.719299345663,2.6143807849539957,41.6993475102201,0,3.0,72.71717306938274,57.208260289801416,관찰,1.5,BULL,1.0,15.880089461626476,200일↑ | 20일돌파 | MACD+,,74.74226804123711
2026-04-25,138,138,경동나비엔,009450,KS,가정용기기와용품,71400.0,66370.0,63708.333333333336,61389.166666666664,68041.5,1,64.91447783084088,397.20013043209747,1.3091484526514927,1,2.586206896551735,14.975845410628018,14.975845410628018,6157.003532393522,,6772.7038856328745,DART,TRAILING_DART,,6157.003532393522,11.596550111486359,73884.04238872226,3.479050964596997,42.26138312698805,0,3.0,71.69399724596501,56.97769018647653,관찰,1.5,BULL,1.0,9.844247281500005,200일↑ | 20일돌파 | RSI우호 | MACD+,,72.9381443298969
2026-04-25,139,139,넥스틸,092790,KS,철강,15860.0,15140.0,12713.333333333334,11482.583333333334,12287.3,1,57.76021149091163,-128.83019871630313,0.1548155178956174,0,-1.1838006230529552,39.48988566402814,39.48988566402814,1385.961203522806,,1524.5573238750867,DART,TRAILING_DART,,1385.961203522806,11.443321760874255,16631.534442273674,4.864656004247636,43.162026402760965,0,3.0,70.66517590712482,56.913601154942896,관찰,1.5,BULL,1.0,21.676807840290483,200일↑ | RSI우호,,1.0309278350515463
2026-04-25,140,140,현대차증권,001500,KS,증권,11240.0,10686.5,10839.666666666666,9527.5,9139.9,1,55.25214465540942,75.4436962446618,0.7202263193665829,1,1.7194570135746545,3.119266055045866,3.119266055045866,933.7240456737017,,1027.0964502410718,DART|DAILY_DISC,TRAILING_DART,,933.7240456737017,12.03781786715164,11204.68854808442,-0.3141588248717131,39.72511102823725,0,3.0,73.9489265820783,56.837018805157776,관찰,1.5,BULL,1.0,10.699733683069372,200일↑ | 20일돌파 | RSI우호 | MACD+,EPS스크랩,30.79896907216495
2026-04-25,141,141,대신증권,003540,KS,증권,38800.0,37612.5,37972.5,32788.75,30471.25,1,52.91970068915415,170.7873834039282,0.8831447351462818,0,-0.7672634271099765,2.5099075297225992,2.5099075297225992,3793.7302339306266,,4173.10325732369,DART|DAILY_DISC,TRAILING_DART,,3793.7302339306266,10.227400897664753,45524.76280716752,17.33186290507094,51.26571088829611,0,3.0,62.34907589143702,56.80739338986656,관찰,1.5,BULL,1.0,10.699733683069372,상승여력 17% | 200일↑ | RSI우호 | MACD+,EPS스크랩,46.26288659793815
2026-04-25,142,142,선익시스템,171090,KQ,디스플레이장비및부품,112900.0,92730.0,98788.33333333333,75182.91666666667,61335.5,1,60.667275609779715,3372.8920086152903,1.1505681658245683,0,16.03288797533402,21.659482758620683,21.659482758620683,9554.342664768546,9313.0,9313.0,DART,TRAILING_DART,,9554.342664768546,11.816616167255185,114652.11197722255,1.551914948824229,41.00874471673575,0,3.0,71.94512875648618,56.476936736610966,관찰,1.5,BULL,1.0,15.281955431289658,200일↑ | RSI우호 | MACD+,,66.1082474226804
2026-04-25,143,143,원익머트리얼즈,104830,KQ,화학,54900.0,45540.0,44070.833333333336,38176.666666666664,33463.25,1,73.49602148010351,1094.6950294575995,1.480014986920403,1,6.3953488372092915,30.714285714285715,30.714285714285715,3862.7107169257615,,4248.981788618338,DART,TRAILING_DART,,3862.7107169257615,14.21281685926861,46352.52860310914,-15.569164657360401,26.376980924809647,0,3.0,85.76425621340023,56.07061856910494,관찰,1.5,BULL,1.0,14.584285703179969,200일↑ | 20일돌파 | MACD+,,79.12371134020619
2026-04-25,144,144,롯데정밀화학,004000,KS,화학,61500.0,51842.5,50315.0,47981.25,46324.0,1,76.27060133070859,827.0994019789218,5.261338228022273,1,13.051470588235304,18.72586872586872,18.72586872586872,4112.129535581395,5901.0,5901.0,DART|DAILY_DISC,TRAILING_DART,,4112.129535581395,14.955754547091326,49345.55442697674,-19.763326134997172,22.707089631877476,0,3.0,89.30848925447148,56.00778944317448,관찰,1.5,BULL,1.0,14.584285703179969,200일↑ | 20일돌파 | 거래량x5.3 | MACD+,EPS스크랩,97.68041237113401
2026-04-25,145,145,SOOP,067160,KQ,양방향미디어와서비스,60200.0,59405.0,64683.333333333336,66860.83333333333,72208.5,0,47.11769660907929,393.3991775867671,0.6073273907692613,0,0.16638935108153063,-1.6339869281045805,-1.6339869281045805,9025.3477408459,8439.0,8439.0,DART,TRAILING_DART,,9025.3477408459,6.670103106116747,108304.1728901508,79.90726393712757,91.93972155913292,0,3.0,19.858337700724675,55.8990296299288,관찰,1.5,BULL,1.0,29.742394737069002,상승여력 80% | RSI우호 | MACD+,,20.489690721649485
2026-04-25,146,146,NH투자증권,005940,KS,증권,35100.0,33307.5,32071.666666666668,26675.666666666668,24079.55,1,56.659135104161614,111.8741306430295,0.9005541834062175,0,-0.5665722379603388,2.481751824817513,2.481751824817513,2894.6746174064,3532.0,3532.0,DART|DAILY_DISC,TRAILING_DART,,2894.6746174064,12.125715197464665,34736.095408876805,-1.0367652168752017,39.0928304352342,0,3.0,71.67218745390515,55.38250894456968,관찰,1.5,BULL,1.0,10.699733683069372,200일↑ | RSI우호 | MACD+,EPS스크랩,48.58247422680412
2026-04-25,147,147,한섬,020000,KS,"섬유,의류,신발,호화품",25850.0,23877.5,22744.333333333332,19151.0,17787.55,1,60.94669283741077,183.4886511070913,0.7726807085925593,0,3.81526104417671,-0.5769230769230749,-0.5769230769230749,2061.029523151322,3201.0,3201.0,DART,TRAILING_DART,,2061.029523151322,12.54227545487813,24732.354277815863,-4.323581130306142,36.21686651098213,0,3.0,74.54016217151462,55.378514341248376,관찰,1.5,BULL,1.0,7.756921109950797,200일↑ | RSI우호 | MACD+,,36.08247422680412
2026-04-25,148,148,한일홀딩스,003300,KS,건축자재,17560.0,17159.5,17052.333333333332,16759.083333333332,17178.2,1,52.88329384766767,38.038714363390916,0.5619410836401894,0,0.4576659038901587,-3.7280701754385914,-3.7280701754385914,2008.9107962135488,,2209.801875834904,DART,TRAILING_DART,,2008.9107962135488,8.741055119569062,24106.929554562586,37.28319791892134,64.23407864729887,0,3.0,45.844316728853855,55.039197688076364,관찰,1.5,BULL,1.0,5.9791646509456715,상승여력 37% | 200일↑ | RSI우호 | MACD+,,16.3659793814433
2026-04-25,149,149,현대글로비스,086280,KS,항공화물운송과물류,222500.0,219375.0,236441.66666666666,213435.83333333334,193505.0,1,48.10426782127965,2102.8192785299098,1.5133656880750994,0,-2.197802197802201,-3.88768898488121,-3.88768898488121,23129.296707266665,24033.0,24033.0,DART|DAILY_DISC,TRAILING_DART,,23129.296707266665,9.619834222200794,277551.5604872,24.742274376269656,56.08247834457528,0,3.0,53.835330390334676,54.95890436745498,관찰,1.5,BULL,1.0,9.324018726073788,상승여력 25% | 200일↑ | 거래량x1.5 | RSI우호 | MACD+,EPS스크랩,79.89690721649485
2026-04-25,150,150,키움증권,039490,KS,증권,449500.0,440775.0,439975.0,367700.0,313719.5,1,52.163014119663885,-570.8325571934884,0.723615611356298,0,0.33482142857141906,3.3333333333333437,3.3333333333333437,42537.27849952937,55287.0,55287.0,DART|DAILY_DISC,TRAILING_DART,,42537.27849952937,10.567201660655682,510447.3419943524,13.558919242347578,48.813297507525924,0,3.0,59.767838422018876,54.2905679647724,관찰,1.5,BULL,1.0,10.699733683069372,상승여력 14% | 200일↑ | RSI우호,EPS스크랩,31.185567010309278
2026-04-25,151,151,브이티,018290,KQ,화장품,16950.0,15530.0,16777.166666666668,18201.0,24136.6,0,61.02429643329267,143.84436865566204,5.551238830813148,1,5.083694978301301,7.75588048315321,7.75588048315321,1837.4946825063985,,2021.2441507570384,DART,TRAILING_DART,,1837.4946825063985,9.224516490507437,22049.936190076784,30.088119115497246,59.55727742507321,0,3.0,48.83502193956178,54.1961496823175,관찰,1.5,BULL,1.0,15.880089461626476,상승여력 30% | 20일돌파 | 거래량x5.6 | RSI우호 | MACD+,,97.80927835051546
2026-04-25,152,152,SK가스,018670,KS,가스유틸리티,260000.0,250150.0,240358.33333333334,240912.5,245855.0,1,60.69845567492524,368.2100066357373,0.7953495654897048,0,6.995884773662553,5.476673427991896,5.476673427991896,25257.89698899586,27168.0,27168.0,DART,TRAILING_DART,,25257.89698899586,10.293810292807613,303094.7638679503,16.574909179980878,50.77369096698757,0,3.0,56.96972773581929,53.87170935140343,관찰,1.5,BULL,1.0,6.145140153597196,상승여력 17% | 200일↑ | RSI우호 | MACD+,,38.144329896907216
2026-04-25,153,153,제룡전기,033100,KQ,전기장비,55400.0,48792.5,50185.833333333336,43525.416666666664,40855.5,1,65.92545316406894,809.5783230803266,1.9521156372587964,1,8.414872798434448,17.7470775770457,17.7470775770457,3655.269824781576,,4020.796807259734,DART,TRAILING_DART,,3655.269824781576,15.156199858189806,43863.23789737892,-20.82448032964095,21.77857971156417,0,3.0,85.3358991945647,53.55723945306444,관찰,1.5,BULL,1.0,30.0,200일↑ | 20일돌파 | 거래량x2.0 | RSI우호 | MACD+,,87.62886597938144
2026-04-25,154,154,디아이티,110990,KQ,디스플레이장비및부품,25650.0,20909.5,21284.166666666668,18382.916666666668,16563.15,1,69.97019344214615,485.26538345907295,3.0981806146079047,1,10.56034482758621,29.807692307692314,29.807692307692314,1607.199672010582,,1767.9196392116403,DART,TRAILING_DART,,1607.199672010582,15.959435810431847,19286.396064126984,-24.809372069680368,18.291799439029678,0,3.0,88.75328308677567,53.52254126290267,관찰,1.5,BULL,1.0,15.281955431289658,200일↑ | 20일돌파 | 거래량x3.1 | RSI우호 | MACD+,,94.71649484536083
2026-04-25,155,155,AP시스템,265520,KQ,디스플레이장비및부품,24150.0,21130.0,21760.5,20586.916666666668,19765.45,1,66.74541781268343,386.2888146673737,1.8887119389291835,1,8.053691275167797,15.827338129496393,15.827338129496393,1580.2951466900045,,1738.324661359005,DART,TRAILING_DART,,1580.2951466900045,15.281955431289658,18963.54176028005,-21.476017555776185,21.208484638695836,0,3.0,85.18059978929377,53.1945422139948,관찰,1.5,BULL,1.0,15.281955431289658,200일↑ | 20일돌파 | 거래량x1.9 | RSI우호 | MACD+,,86.72680412371135
2026-04-25,156,156,LX인터내셔널,001120,KS,무역회사와판매업체,53600.0,50035.0,45518.333333333336,38943.75,35749.25,1,64.6581051778861,263.24264044972483,0.5300607708198307,0,8.173562058526752,11.203319502074693,11.203319502074693,4083.128182017544,7006.0,7006.0,DART|DAILY_DISC,TRAILING_DART,,4083.128182017544,13.127190137223494,48997.53818421053,-8.586682492144536,32.48665281937353,0,3.0,73.5866026104011,53.03662771488732,관찰,1.5,BULL,1.0,13.127190137223494,200일↑ | RSI우호 | MACD+,EPS스크랩,13.65979381443299
2026-04-25,157,157,티앤엘,340570,KQ,건강관리장비와용품,63400.0,56205.0,53275.0,49855.0,51631.75,1,66.28425575551216,694.4182126065316,0.8607171576247448,0,-3.2061068702290085,20.992366412213737,20.992366412213737,4684.409821235236,,5152.8508033587605,DART,TRAILING_DART,,4684.409821235236,13.53425563079406,56212.91785482284,-11.336091711635898,30.08091975231859,0,3.0,75.00883837812567,52.54487906522213,관찰,1.5,BULL,1.0,9.791336353759029,200일↑ | RSI우호 | MACD+,,44.71649484536083
2026-04-25,158,158,시프트업,462870,KS,게임엔터테인먼트,34750.0,33295.0,32638.333333333332,34664.166666666664,37451.0,0,61.35237323790001,176.40168400992889,1.5184895943506145,1,3.731343283582089,7.585139318885448,7.585139318885448,3263.704743706945,,3590.07521807764,DART|DAILY_DISC,TRAILING_DART,,3263.704743706945,10.647409226280267,39164.45692448334,12.703473163980838,48.25725755658755,0,3.0,56.40760840655031,52.33243298156893,관찰,1.5,BULL,1.0,10.647409226280267,상승여력 13% | 20일돌파 | 거래량x1.5 | RSI우호 | MACD+,EPS스크랩,80.0257731958763
2026-04-25,159,159,이녹스첨단소재,272290,KQ,디스플레이장비및부품,35900.0,32260.0,33641.666666666664,28889.583333333332,27236.75,1,59.35268472195882,507.0107004461513,1.1160684631842648,0,-2.578018995929443,11.490683229813659,11.490683229813659,2806.066114126895,2836.0,2836.0,DART,TRAILING_DART,,2806.066114126895,12.793711388076204,33672.79336952274,-6.203918190744451,34.5715715830986,0,3.0,69.62949094206466,52.10053126258163,관찰,1.5,BULL,1.0,15.281955431289658,200일↑ | RSI우호 | MACD+,,63.53092783505154
2026-04-25,160,160,에스엔시스,0008Z0,KQ,조선,44550.0,33957.5,32194.166666666668,32410.416666666668,,0,75.07317810083862,1530.4001646827714,2.364389614935222,0,31.415929203539818,56.315789473684205,56.315789473684205,,,2385.9,SCRAPE,FORWARD_AUTO,,2385.9,18.67219917012448,52510.09399431262,17.867775520342576,51.61405408822267,0,3.0,51.38668518053619,51.50036963437943,제외,0.0,BULL,1.0,22.008505802553593,상승여력 18% | 거래량x2.4 | MACD+,EPS스크랩,91.1082474226804
2026-04-25,161,161,글로벌텍스프리,204620,KQ,기타금융,5210.0,5041.5,4868.5,4974.75,5300.875,0,58.234126784303875,5.997309618223866,1.373968407922212,0,0.3853564547206201,2.964426877470361,2.964426877470361,504.392779098543,,554.8320570083973,DART,TRAILING_DART,,504.392779098543,10.329251757551678,6052.713349182515,16.17492032979875,50.513698214369185,0,3.0,52.16068710935023,51.3371926618597,관찰,1.5,BULL,1.0,6.6952381083861985,상승여력 16% | RSI우호 | MACD+,,76.03092783505154
2026-04-25,162,162,BGF리테일,282330,KS,백화점과일반상점,134500.0,134925.0,127943.33333333333,118607.5,116888.5,1,53.4285128476285,-470.4672476767787,0.6409571434081902,0,0.7490636704119868,3.223330775134303,3.223330775134303,11297.393339503236,12474.0,12474.0,DART,TRAILING_DART,,11297.393339503236,11.905401180438512,135568.72007403884,0.7945874156422672,40.51648182016747,0,3.0,61.746384069407895,51.13143294478768,관찰,1.5,BULL,1.0,27.262360921866936,200일↑ | RSI우호,,23.582474226804123
2026-04-25,163,163,한세실업,105630,KS,"섬유,의류,신발,호화품",11700.0,11410.5,12609.5,12870.666666666666,11890.8,0,48.3696056874138,103.70068116620277,0.5764530731618842,0,0.34305317324185847,-4.098360655737709,-4.098360655737709,1431.3801308,1579.0,1579.0,DART,TRAILING_DART,,1431.3801308,8.1739293065783,17176.5615696,46.80821854358974,70.42534205333332,0,3.0,31.401646924263133,50.91349448879823,관찰,1.5,BULL,1.0,7.756921109950797,상승여력 47% | RSI우호 | MACD+,,17.525773195876287
2026-04-25,164,164,휴메딕스,200670,KQ,제약,35600.0,33922.5,37700.0,40773.75,47635.75,0,53.381656415353,419.5141750522505,0.6589120400641809,0,0.14064697609001975,-0.5586592178770999,-0.5586592178770999,4611.392699242115,,5072.531969166326,DART,TRAILING_DART,,4611.392699242115,7.7200104874717965,55336.71239090538,55.44020334523982,76.03613217440588,0,3.0,25.394552968450554,50.715342571428216,관찰,1.5,BULL,1.0,7.667116084725663,상승여력 55% | RSI우호 | MACD+,,25.51546391752577
2026-04-25,165,165,대한전선,001440,KS,전기장비,42850.0,34322.5,31810.0,28048.333333333332,23357.6,1,70.12112429811573,942.3445056174905,2.768313424148032,1,9.03307888040712,51.681415929203546,51.681415929203546,482.0525579560551,562.0,562.0,DART|DAILY_DISC,TRAILING_DART,,482.0525579560551,88.89072216873558,5784.6306954726615,-86.5002784236344,5.0,0,3.0,95.59849818202878,50.29924909101439,관찰,1.5,BULL,1.0,30.0,200일↑ | 20일돌파 | 거래량x2.8 | MACD+,EPS스크랩,93.1701030927835
2026-04-25,166,166,엠씨넥스,097520,KS,핸드셋,23700.0,22480.0,25102.5,26777.916666666668,27779.0,0,53.723281641480334,317.9391532449693,0.8959211427358917,0,0.0,7.239819004524883,7.239819004524883,2962.654793897078,2797.0,2797.0,DART,TRAILING_DART,,2962.654793897078,7.999582013004291,35551.857526764936,50.00783766567483,72.50509448268863,0,3.0,27.40494222547408,49.95501835408136,제외,0.0,BULL,1.0,23.046435876701775,상승여력 50% | RSI우호 | MACD+,,47.93814432989691
2026-04-25,167,167,SNT에너지,100840,KS,에너지장비및서비스,57600.0,54635.0,48121.666666666664,44214.583333333336,46627.25,1,58.23747322566708,-451.12923019458685,0.9690365573633674,0,4.347826086956519,19.50207468879668,19.50207468879668,4079.7811126880447,,4487.759223956849,DART,TRAILING_DART,,4079.7811126880447,14.118404495002208,48957.37335225654,-15.004560152332402,26.871009866709148,0,3.0,72.72464392767255,49.797826897190845,제외,0.0,BULL,1.0,30.0,200일↑ | RSI우호,,54.38144329896907
2026-04-25,168,168,마이크로컨텍솔,098120,KQ,반도체와반도체장비,36550.0,31262.5,27825.833333333332,23698.416666666668,22739.35,1,69.00808391365324,454.8164615694561,1.1786114434620376,1,1.2465373961218829,34.12844036697247,34.12844036697247,2041.358993624986,,2245.4948929874845,DART,TRAILING_DART,,2041.358993624986,17.90473900678076,24496.30792349983,-32.97863769220293,11.143692019322437,0,3.0,88.09133638169571,49.61751420050908,제외,0.0,BULL,1.0,30.0,200일↑ | 20일돌파 | RSI우호 | MACD+,,67.26804123711341
2026-04-25,169,169,LS머트리얼즈,417200,KQ,전기제품,27200.0,21415.0,19095.0,15950.583333333334,13731.9,1,69.98722672455794,554.3317999290832,2.2068395917191306,1,23.076923076923084,42.25941422594141,42.25941422594141,-14.886340106750277,,-16.374974117425307,DART,TRAILING_DART,,-14.886340106750277,-1827.1784605852206,-178.63608128100333,-100.65675029882722,5.0,1,3.0,94.17589808110444,49.58794904055222,제외,0.0,BULL,1.0,5.0,200일↑ | 20일돌파 | 거래량x2.2 | RSI우호 | MACD+,적자,89.81958762886599
2026-04-25,170,170,삼성물산,028260,KS,복합기업,311500.0,290275.0,298250.0,272058.3333333333,235236.0,1,57.000893056822676,2859.449825642785,0.760727293471659,0,3.316749585406309,15.79925650557621,15.79925650557621,24090.01117695868,15388.0,15388.0,DART,TRAILING_DART,,24090.01117695868,12.930670629905714,289080.13412350416,-7.1973887243967365,33.70228486615285,0,3.0,65.38393309358266,49.54310897986775,제외,0.0,BULL,1.0,11.889597626439988,200일↑ | RSI우호 | MACD+,,35.051546391752574
2026-04-25,171,171,상아프론테크,089980,KQ,전자장비와기기,29250.0,24440.0,22294.833333333332,19446.5,18724.3,1,67.66424522906419,436.07182393862945,2.0114405596979448,1,16.999999999999993,15.612648221343871,15.612648221343871,422.4861748709444,,464.7347923580389,DART,TRAILING_DART,,422.4861748709444,69.23303468790407,5069.8340984513325,-82.66723385144843,5.0,0,3.0,93.94049374158973,49.47024687079487,제외,0.0,BULL,1.0,30.0,200일↑ | 20일돌파 | 거래량x2.0 | RSI우호 | MACD+,,88.65979381443299
2026-04-25,172,172,삼성E&A,028050,KS,건설,52500.0,46852.5,37825.833333333336,31623.75,29805.0,1,68.66470472543512,-102.19029344850424,0.7608092308603089,1,5.953582240161448,58.610271903323266,58.610271903323266,3307.693569505102,3544.0,3544.0,DART|DAILY_DISC,TRAILING_DART,,3307.693569505102,15.872086968399271,39692.322834061226,-24.395575554169092,18.653871390102047,0,3.0,80.25894854473357,49.45640996741781,제외,0.0,BULL,1.0,10.126848544904743,200일↑ | 20일돌파 | RSI우호,EPS스크랩,35.180412371134025
2026-04-25,173,173,대주전자재료,078600,KQ,전자장비와기기,182800.0,129795.0,109576.66666666667,89799.16666666667,82703.0,1,75.19395050592121,3884.658548155956,5.5758208937514615,1,37.65060240963856,40.39938556067588,40.39938556067588,1345.9090121956128,1950.0,1950.0,DART,TRAILING_DART,,1345.9090121956128,135.8189880174694,16150.908146347354,-91.1647110796787,5.0,0,3.0,93.85930339074243,49.42965169537121,제외,0.0,BULL,1.0,30.0,200일↑ | 20일돌파 | 거래량x5.6 | MACD+,,97.9381443298969
2026-04-25,174,174,원익QnC,074600,KQ,반도체와반도체장비,38950.0,33277.5,31858.333333333332,26813.416666666668,24185.45,1,68.1840542183392,569.6923393573397,2.922195482068785,1,9.103641456582622,22.291993720565138,22.291993720565138,36.44515398660986,1975.0,1975.0,DART,TRAILING_DART,,36.44515398660986,1068.7291927566127,437.34184783931835,-98.87717112236375,5.0,0,3.0,93.68092019491989,49.340460097459946,제외,0.0,BULL,1.0,30.0,200일↑ | 20일돌파 | 거래량x2.9 | RSI우호 | MACD+,,93.68556701030928
2026-04-25,175,175,나노신소재,121600,KQ,화학,88800.0,72255.0,68438.33333333333,62332.5,58837.75,1,71.39633967215784,1800.6037297050543,3.0785064543234664,1,15.324675324675319,30.78055964653903,30.78055964653903,133.89192765881722,,147.28112042469897,DART,TRAILING_DART,,133.89192765881722,663.2214619112792,1606.7031319058067,-98.1906496262322,5.0,0,3.0,93.48473342392163,49.24236671196081,제외,0.0,BULL,1.0,14.584285703179969,200일↑ | 20일돌파 | 거래량x3.1 | MACD+,,94.58762886597938
2026-04-25,176,176,세아제강,306200,KS,철강,154300.0,144775.0,134978.33333333334,127446.66666666667,132732.5,1,61.285177957031955,-91.70291722980846,1.2472907886815172,0,4.539295392953924,19.427244582043347,19.427244582043347,10576.864998413426,16782.0,16782.0,DART,TRAILING_DART,,10576.864998413426,14.588443742370318,126922.37998096112,-17.743110835410814,24.474778019015535,0,3.0,73.71460369769801,49.09469085835677,제외,0.0,BULL,1.0,21.676807840290483,200일↑ | RSI우호,,70.23195876288659
2026-04-25,177,177,대원전선,006340,KS,전기장비,9020.0,5968.5,5322.333333333333,4547.375,3929.825,1,77.21503899982721,296.49925613547447,8.711818033440828,1,45.718901453958004,65.80882352941177,65.80882352941177,164.72041939329114,,181.19246133262027,DART,TRAILING_DART,,164.72041939329114,54.75945261202615,1976.6450327194937,-78.08597524701226,5.0,0,3.0,93.13748607149029,49.06874303574514,제외,0.0,BULL,1.0,30.0,200일↑ | 20일돌파 | 거래량x8.7 | MACD+,,99.22680412371135
2026-04-25,178,178,펨트론,168360,KQ,전자장비와기기,25200.0,21617.5,21511.166666666668,19522.583333333332,17611.25,1,62.19063175203447,374.30113829712695,3.024198563712177,1,11.504424778761058,24.13793103448276,24.13793103448276,-177.9468308953413,,-195.74151398487544,DART,TRAILING_DART,,-177.9468308953413,-141.61533460981542,-2135.3619707440957,-108.47365861406387,5.0,1,3.0,93.08343150173252,49.04171575086626,제외,0.0,BULL,1.0,30.0,200일↑ | 20일돌파 | 거래량x3.0 | RSI우호 | MACD+,적자,94.3298969072165
2026-04-25,179,179,현대제철,004020,KS,철강,42500.0,37837.5,36111.666666666664,33610.0,33880.25,1,64.46502485079456,390.15959928703796,3.064244030745414,1,8.695652173913038,21.42857142857142,21.42857142857142,10.408811533462822,2060.0,2060.0,DART|DAILY_DISC,TRAILING_DART,,10.408811533462822,4083.0790204403884,124.90573840155386,-99.70610414493753,5.0,0,3.0,93.06255093075768,49.03127546537884,제외,0.0,BULL,1.0,21.676807840290483,200일↑ | 20일돌파 | 거래량x3.1 | RSI우호 | MACD+,EPS스크랩,94.45876288659794
2026-04-25,180,180,일진전기,103590,KS,전기장비,96500.0,80920.0,77238.33333333333,67692.5,56379.625,1,70.96340551155129,1417.8767034383445,2.8348885237855708,1,11.948955916473313,28.495339547270305,28.495339547270305,2178.643773281502,3108.0,3108.0,DART,TRAILING_DART,,2178.643773281502,44.29361109120213,26143.725279378024,-72.90805670530774,5.0,0,3.0,92.93787246659863,48.96893623329932,제외,0.0,BULL,1.0,30.0,200일↑ | 20일돌파 | 거래량x2.8 | MACD+,,93.55670103092784
2026-04-25,181,181,오픈엣지테크놀로지,394280,KQ,반도체와반도체장비,20250.0,16536.5,15952.5,14288.5,13621.15,1,69.25969455371148,391.56057845384044,2.586868986782362,1,16.71469740634006,14.926220204313289,14.926220204313289,-1146.7476199691323,,-1261.4223819660456,DART,TRAILING_DART,,-1146.7476199691323,-17.658637042163715,-13760.971439629588,-167.9554145166893,5.0,1,3.0,92.8793006611574,48.9396503305787,제외,0.0,BULL,1.0,30.0,200일↑ | 20일돌파 | 거래량x2.6 | RSI우호 | MACD+,적자,92.78350515463917
2026-04-25,182,182,와이지-원,019210,KQ,기계,16560.0,13694.0,11385.0,8379.083333333334,7228.85,1,68.34814382179326,100.87050485824477,2.593717753818794,1,15.642458100558665,31.74224343675418,31.74224343675418,681.0041533615561,,749.1045686977118,DART,TRAILING_DART,,681.0041533615561,24.317032309211232,8172.049840338673,-50.65187294481478,5.0,0,3.0,92.74071997395482,48.87035998697741,제외,0.0,BULL,1.0,11.980468360394822,200일↑ | 20일돌파 | 거래량x2.6 | RSI우호 | MACD+,,92.91237113402062
2026-04-25,183,183,오리온,271560,KS,식품,141800.0,133525.0,130608.33333333333,118053.33333333333,114384.5,1,62.05183859360318,948.1049140573291,1.1512688516672887,0,3.5792549306062904,5.427509293680299,5.427509293680299,9879.50877880517,11854.0,11854.0,DART,TRAILING_DART,,9879.50877880517,14.352940330819699,118554.10534566204,-16.39343769699433,25.655742015129963,0,3.0,71.67022643712156,48.66298422612576,제외,0.0,BULL,1.0,7.681161075476895,200일↑ | RSI우호 | MACD+,,66.23711340206185
2026-04-25,184,184,보성파워텍,006910,KQ,전기장비,12110.0,10079.0,10094.666666666666,7806.25,6296.9,1,63.37987383831957,210.29879128709902,2.5148704274975993,1,17.801556420233467,18.958742632612967,18.958742632612967,413.48451580042297,,454.8329673804653,DART,TRAILING_DART,,413.48451580042297,29.287674718743634,4961.814189605076,-59.02713303381441,5.0,0,3.0,92.25347544059487,48.626737720297434,제외,0.0,BULL,1.0,30.0,200일↑ | 20일돌파 | 거래량x2.5 | RSI우호 | MACD+,,92.39690721649485
2026-04-25,185,185,네패스아크,330860,KQ,반도체와반도체장비,39000.0,29772.5,23645.833333333332,20580.833333333332,18785.45,1,73.76911426162678,375.99962673383607,4.265879444493315,1,17.469879518072283,54.45544554455446,54.45544554455446,280.3844417843171,,308.42288596274886,DART,TRAILING_DART,,280.3844417843171,139.0947363263485,3364.6133014118054,-91.3727864066364,5.0,0,3.0,92.22457990602979,48.612289953014894,제외,0.0,BULL,1.0,30.0,200일↑ | 20일돌파 | 거래량x4.3 | MACD+,,96.52061855670104
2026-04-25,186,186,두산퓨얼셀,336260,KS,전기제품,50500.0,40402.5,38981.666666666664,36267.5,32599.5,1,66.6760709012535,1142.3623765818325,2.1965311167637385,1,9.663409337676443,32.37221494102227,32.37221494102227,-2027.740013997677,-532.0,-532.0,DART,TRAILING_DART,,-2027.740013997677,-24.904573392739614,-24332.880167972122,-148.18392112469726,5.0,1,3.0,92.19339559830793,48.596697799153965,제외,0.0,BULL,1.0,5.0,200일↑ | 20일돌파 | 거래량x2.2 | RSI우호 | MACD+,적자,89.5618556701031
2026-04-25,187,187,OCI홀딩스,010060,KS,화학,384000.0,239605.0,181648.33333333334,145826.66666666666,125139.5,1,79.94793330460773,13837.033815713039,2.9613968984634664,1,43.551401869158866,114.76510067114094,114.76510067114094,-7833.207428809669,13027.0,13027.0,DART|DAILY_DISC,TRAILING_DART,,-7833.207428809669,-49.02206452336377,-93998.48914571603,-124.47877321503023,5.0,1,3.0,92.16145239121153,48.58072619560576,제외,0.0,BULL,1.0,14.584285703179969,200일↑ | 20일돌파 | 거래량x3.0 | MACD+,"EPS스크랩,적자",93.94329896907216
2026-04-25,188,188,동국제강,460860,KS,철강,11810.0,10093.0,9305.5,8828.916666666666,9255.8,1,73.79249549655535,106.70110345104473,2.974493726595399,1,11.415094339622645,27.5377969762419,27.5377969762419,165.93795865696467,562.0,562.0,DART|DAILY_DISC,TRAILING_DART,,165.93795865696467,71.17117804500795,1991.255503883576,-83.13924213477073,5.0,0,3.0,91.97374694722546,48.48687347361273,제외,0.0,BULL,1.0,21.676807840290483,200일↑ | 20일돌파 | 거래량x3.0 | MACD+,EPS스크랩,94.20103092783505
2026-04-25,189,189,테크윙,089030,KQ,반도체와반도체장비,61800.0,52572.5,52332.5,50760.833333333336,46915.0,1,63.910174899586956,822.9449991581271,4.180622468145506,1,9.769094138543522,18.846153846153847,18.846153846153847,242.78654496743843,,267.0651994641823,DART,TRAILING_DART,,242.78654496743843,254.54458363122376,2913.438539609261,-95.28569815597207,5.0,0,3.0,91.82901811960917,48.41450905980459,제외,0.0,BULL,1.0,30.0,200일↑ | 20일돌파 | 거래량x4.2 | RSI우호 | MACD+,,96.26288659793815
2026-04-25,190,190,네패스,033640,KQ,반도체와반도체장비,34650.0,23771.0,19915.166666666668,18290.583333333332,16233.1,1,80.96255486372898,731.7106405123468,4.492562661915653,1,30.0187617260788,89.2408519934462,89.2408519934462,874.2202627827277,,961.6422890610004,DART,TRAILING_DART,,874.2202627827277,39.63532015341957,10490.643153392732,-69.72397358328216,5.0,0,3.0,91.79908754866821,48.399543774334106,제외,0.0,BULL,1.0,30.0,200일↑ | 20일돌파 | 거래량x4.5 | MACD+,,96.90721649484536
2026-04-25,191,191,성광벤드,014620,KQ,기계,47550.0,38820.0,35627.5,31672.083333333332,31768.0,1,74.67617592724456,443.5756308743703,6.209859293014944,1,23.18652849740932,43.43891402714932,43.43891402714932,1296.518863694454,1639.0,1639.0,DART,TRAILING_DART,,1296.518863694454,36.67513164020261,15558.226364333448,-67.28028104241126,5.0,0,3.0,91.7756687790207,48.38783438951035,제외,0.0,BULL,1.0,11.980468360394822,200일↑ | 20일돌파 | 거래량x6.2 | MACD+,,98.32474226804123
2026-04-25,192,192,CJ4우(전환),00104K,KS,복합기업,186700.0,174905.0,173823.33333333334,164400.83333333334,154792.0,1,60.70528778256611,1293.11776276225,0.9906842578143473,1,2.4698133918770626,3.1491712707182318,3.1491712707182318,,11404.0,11404.0,SCRAPE,CONSENSUS_SCRAPE,,11404.0,16.37144861452122,136848.0,-26.701660417782534,16.636047134440282,0,3.0,79.45975600182193,48.04790156813111,제외,0.0,BULL,1.0,11.889597626439988,200일↑ | 20일돌파 | RSI우호 | MACD+,EPS스크랩,55.54123711340206
2026-04-25,193,193,매커스,093520,KQ,반도체와반도체장비,26300.0,23580.0,24713.333333333332,23675.416666666668,23316.15,1,59.98201583874385,361.5218875172334,2.0432384277031987,1,8.902691511387161,12.875536480686689,12.875536480686689,1632.098264065502,,1795.3080904720523,DART,TRAILING_DART,,1632.098264065502,16.114225827608923,19585.179168786024,-25.531638141498004,17.659816626189247,0,3.0,78.38962128163067,48.024718953909954,제외,0.0,BULL,1.0,30.0,200일↑ | 20일돌파 | 거래량x2.0 | RSI우호 | MACD+,,89.0463917525773
2026-04-25,194,194,에이디테크놀로지,200710,KQ,반도체와반도체장비,60500.0,53130.0,46960.833333333336,37661.666666666664,32115.05,1,61.58877419053392,286.80689436341754,1.8146419328758607,1,11.009174311926607,4.671280276816603,4.671280276816603,265.81155907882084,,292.39271498670297,DART,TRAILING_DART,,265.81155907882084,227.6048498781048,3189.73870894585,-94.72770461331265,5.0,0,3.0,91.00739113992167,48.00369556996083,제외,0.0,BULL,1.0,30.0,200일↑ | 20일돌파 | 거래량x1.8 | RSI우호 | MACD+,,84.79381443298969
2026-04-25,195,195,효성중공업,298040,KS,전기장비,3552000.0,2881850.0,2663366.6666666665,2348208.3333333335,1923290.0,1,74.59699594396815,49015.0169890243,1.997279293412183,1,19.19463087248323,32.735426008968616,32.735426008968616,53926.22440948344,85605.0,85605.0,DART|DAILY_DISC,TRAILING_DART,,53926.22440948344,65.86776728569463,647114.6929138013,-81.78168094274207,5.0,0,3.0,90.94631211324307,47.973156056621534,제외,0.0,BULL,1.0,30.0,200일↑ | 20일돌파 | 거래량x2.0 | MACD+,EPS스크랩,88.4020618556701
2026-04-25,196,196,이엔에프테크놀로지,102710,KQ,반도체와반도체장비,62700.0,51665.0,55030.0,50872.083333333336,48491.75,1,67.06419853831369,1525.0667197496737,2.0268106137349493,1,13.586956521739136,23.913043478260864,23.913043478260864,3520.911929560222,,3873.003122516244,DART,TRAILING_DART,,3520.911929560222,17.807886494858028,42250.94315472266,-32.6141257500436,11.462639968711851,0,3.0,84.27231578228997,47.86747787550091,제외,0.0,BULL,1.0,30.0,200일↑ | 20일돌파 | 거래량x2.0 | RSI우호 | MACD+,,88.91752577319588
2026-04-25,197,197,OCI,456040,KS,화학,145500.0,100640.0,89313.33333333333,75427.5,68093.5,1,83.98313927091183,4849.10750288796,5.803616710340314,1,48.469387755102034,55.11727078891258,55.11727078891258,-7649.69452649792,,-8414.663979147714,DART,TRAILING_DART,,-7649.69452649792,-19.020367348787566,-91796.33431797504,-163.09026413606534,5.0,1,3.0,90.72030740324577,47.860153701622885,제외,0.0,BULL,1.0,14.584285703179969,200일↑ | 20일돌파 | 거래량x5.8 | MACD+,적자,98.06701030927834
2026-04-25,198,198,CJ대한통운,000120,KS,항공화물운송과물류,102400.0,104550.0,113525.0,103714.16666666667,96587.0,1,42.39651855931256,238.72499524895966,0.941236942814191,0,-4.119850187265916,-5.360443622920519,-5.360443622920519,11342.234705166642,12929.0,12929.0,DART,TRAILING_DART,,11342.234705166642,9.028203229946785,136106.8164619997,32.91681295117157,61.39592841826152,0,3.0,34.31087365476562,47.853401036513574,제외,0.0,BULL,1.0,9.324018726073788,상승여력 33% | 200일↑ | MACD+,,51.675257731958766
2026-04-25,199,199,아주IB투자,027360,KQ,창업투자,18720.0,10736.0,7311.583333333333,4953.55,3876.68,1,84.39564707429906,653.8378639696093,2.491482398656029,1,56.91533948030176,102.59740259740258,102.59740259740258,68.66347466778889,,75.52982213456778,DART,TRAILING_DART,,68.66347466778889,272.6340327309687,823.9616960134667,-95.59849521360327,5.0,0,3.0,90.5281537069926,47.7640768534963,제외,0.0,BULL,1.0,27.354137919189263,200일↑ | 20일돌파 | 거래량x2.5 | MACD+,,92.13917525773195
2026-04-25,200,200,호텔신라,008770,KS,백화점과일반상점,62300.0,49580.0,47055.0,46511.25,47873.0,1,79.48604384811544,1234.623445968385,5.124787436009563,1,17.76937618147447,31.296101159114855,31.296101159114855,-4403.995544321727,2252.0,2252.0,DART|DAILY_DISC,TRAILING_DART,,-4403.995544321727,-14.146245011606846,-52847.946531860725,-184.82816457762556,5.0,1,3.0,90.44502790599853,47.722513952999265,제외,0.0,BULL,1.0,27.262360921866936,200일↑ | 20일돌파 | 거래량x5.1 | MACD+,"EPS스크랩,적자",97.42268041237114
2026-04-25,201,201,감성코퍼레이션,036620,KQ,"섬유,의류,신발,호화품",6800.0,5589.5,5971.5,5879.166666666667,5882.5,1,72.34194336346039,160.59943704486116,4.699465618368758,1,18.055555555555557,17.647058823529417,17.647058823529417,391.3346343546282,517.0,517.0,DART,TRAILING_DART,,391.3346343546282,17.376432860879437,4696.015612255538,-30.94094687859503,12.926671481229349,0,3.0,82.47498744244092,47.700829461835134,제외,0.0,BULL,1.0,7.756921109950797,200일↑ | 20일돌파 | 거래량x4.7 | MACD+,,97.16494845360825
2026-04-25,202,202,HPSP,403870,KQ,반도체와반도체장비,53400.0,44525.0,44790.0,38325.833333333336,34652.75,1,67.056115083659,988.472195511486,2.4450299877605484,1,19.999999999999996,18.272425249169434,18.272425249169434,882.8945995868772,1271.0,1271.0,DART,TRAILING_DART,,882.8945995868772,60.48287080358952,10594.735195042527,-80.15967191939602,5.0,0,3.0,90.33946452918882,47.66973226459441,제외,0.0,BULL,1.0,30.0,200일↑ | 20일돌파 | 거래량x2.4 | RSI우호 | MACD+,,91.75257731958763
2026-04-25,203,203,롯데쇼핑,023530,KS,백화점과일반상점,133000.0,111445.0,104628.33333333333,88372.5,81154.5,1,71.27012247065551,1813.3316845421714,1.8540741230611848,1,9.645507007419617,16.25874125874125,16.25874125874125,2600.169485189433,9616.0,9616.0,DART,TRAILING_DART,,2600.169485189433,51.150511825312954,31202.033822273195,-76.53982419377955,5.0,0,3.0,90.25406476983319,47.627032384916596,제외,0.0,BULL,1.0,27.262360921866936,200일↑ | 20일돌파 | 거래량x1.9 | MACD+,,86.08247422680412
2026-04-25,204,204,롯데손해보험,000400,KS,손해보험,2145.0,2115.75,2050.0833333333335,1909.1583333333333,1875.255,1,52.65919232779891,-4.585845914383167,1.0917776789785265,0,-1.830663615560646,0.7042253521126751,0.7042253521126751,165.4044231754762,,181.94486549302383,DART,TRAILING_DART,,165.4044231754762,12.96821426428474,1984.8530781057145,-7.466056964768553,33.46720015582751,0,3.0,61.75873213177512,47.612966143801316,제외,0.0,BULL,1.0,7.296791982808353,200일↑ | RSI우호,,62.24226804123711
2026-04-25,205,205,보령,003850,KS,제약,10170.0,9673.0,9581.5,9249.833333333334,8951.8,1,59.3223751219315,27.791929991769564,1.372842712096166,0,-0.4892367906066508,5.388601036269436,5.388601036269436,749.5632139999616,,824.5195353999578,DART,TRAILING_DART,,749.5632139999616,13.567901692679014,8994.758567999539,-11.555962949857035,29.888532418875094,0,3.0,65.27061910772834,47.57957576330172,제외,0.0,BULL,1.0,7.667116084725663,200일↑ | RSI우호 | MACD+,,75.9020618556701
2026-04-25,206,206,대덕전자,353200,KS,전자장비와기기,115200.0,89795.0,73123.33333333333,60200.833333333336,46066.4,1,74.61632449665966,1531.3628791199963,1.8845526920254694,1,22.163308589607645,31.35689851767389,31.35689851767389,963.3405496193864,3113.0,3113.0,DART,TRAILING_DART,,963.3405496193864,119.58387928912082,11560.086595432636,-89.96520260813139,5.0,0,3.0,90.14363425545609,47.571817127728046,제외,0.0,BULL,1.0,30.0,200일↑ | 20일돌파 | 거래량x1.9 | MACD+,,86.5979381443299
2026-04-25,207,207,PS일렉트로닉스,332570,KQ,핸드셋,9130.0,6395.0,6009.416666666667,5895.375,5361.5,1,82.5171337566768,337.7290703232976,2.5486287039484106,1,25.240054869684503,71.939736346516,71.939736346516,346.8059110398712,,381.48650214385833,DART,TRAILING_DART,,346.8059110398712,26.32596420465957,4161.670932478454,-54.41762395971025,5.0,0,3.0,90.11267996757452,47.55633998378726,제외,0.0,BULL,1.0,23.046435876701775,200일↑ | 20일돌파 | 거래량x2.5 | MACD+,,92.5257731958763
2026-04-25,208,208,한솔아이원스,114810,KQ,반도체와반도체장비,18800.0,16428.0,15482.666666666666,14181.666666666666,12743.95,1,61.976382442055204,270.9714881546388,3.666254047036145,0,-0.2123142250530785,34.28571428571428,34.28571428571428,994.470417275116,,1093.9174590026278,DART|DAILY_DISC,TRAILING_DART,,994.470417275116,18.904534185654978,11933.645007301391,-36.523164854779836,8.042230752067644,0,3.0,86.99218041796118,47.51720558501441,제외,0.0,BULL,1.0,30.0,200일↑ | 거래량x3.7 | RSI우호 | MACD+,EPS스크랩,96.00515463917526
2026-04-25,209,209,HD현대마린솔루션,443060,KS,조선,253500.0,192655.0,181831.66666666666,191325.83333333334,197494.0,1,78.12028484046597,7086.5497191608865,2.2405257291473157,1,34.12698412698412,37.84665579119086,37.84665579119086,6012.725498478146,7713.0,7713.0,DART|DAILY_DISC,TRAILING_DART,,6012.725498478146,42.16058093191886,72152.70598173774,-71.53739409004429,5.0,0,3.0,89.9859526886214,47.4929763443107,제외,0.0,BULL,1.0,22.008505802553593,200일↑ | 20일돌파 | 거래량x2.2 | MACD+,EPS스크랩,90.4639175257732
2026-04-25,210,210,SNT모티브,064960,KS,자동차부품,35550.0,33937.5,34260.833333333336,34048.75,34192.25,1,59.510293719651706,212.44742528348033,1.6064810489991055,1,4.558823529411771,5.177514792899407,5.177514792899407,2618.968963920189,3801.0,3801.0,DART,TRAILING_DART,,2618.968963920189,13.574044018752778,31427.627567042266,-11.59598434024679,29.853513702284058,0,3.0,65.11455550131575,47.484034601799905,제외,0.0,BULL,1.0,8.065670984801612,200일↑ | 20일돌파 | 거래량x1.6 | RSI우호 | MACD+,,80.9278350515464
2026-04-25,211,211,덕산하이메탈,077360,KQ,반도체와반도체장비,17700.0,13350.5,12094.666666666666,9133.333333333334,7539.45,1,71.6305612309003,467.9628629761637,1.5188556947870797,1,7.078039927404722,59.60324616771866,59.60324616771866,-2546.4839025911083,,-2801.1322928502195,DART,TRAILING_DART,,-2546.4839025911083,-6.950760608378411,-30557.8068310933,-272.6429764468548,5.0,1,3.0,89.96802502167813,47.484012510839065,제외,0.0,BULL,1.0,30.0,200일↑ | 20일돌파 | 거래량x1.5 | MACD+,적자,80.15463917525774
2026-04-25,212,212,네오셈,253590,KQ,반도체와반도체장비,18820.0,16392.0,16990.666666666668,13875.166666666666,12088.3,1,60.84449565731278,269.7754090892755,3.1363030119109747,1,9.038238702201618,13.578756789378389,13.578756789378389,121.77560436300998,,133.953164799311,DART,TRAILING_DART,,121.77560436300998,154.5465538721373,1461.3072523561198,-92.23534934986122,5.0,0,3.0,89.64594810997143,47.322974054985714,제외,0.0,BULL,1.0,30.0,200일↑ | 20일돌파 | 거래량x3.1 | RSI우호 | MACD+,,94.84536082474226
2026-04-25,213,213,DI동일,001530,KS,"섬유,의류,신발,호화품",32150.0,23940.0,22561.833333333332,20599.90476074219,25754.609428710937,1,79.45644649333572,996.3864813605512,2.2378072030922,1,39.47939262472886,56.82926829268293,56.82926829268293,-505.2692008020566,,-555.7961208822624,DART,TRAILING_DART,,-505.2692008020566,-63.62944733018672,-6063.230409624679,-118.85919256492903,5.0,1,3.0,89.60587730727036,47.30293865363518,제외,0.0,BULL,1.0,7.756921109950797,200일↑ | 20일돌파 | 거래량x2.2 | MACD+,적자,90.33505154639175
2026-04-25,214,214,파트론,091700,KQ,핸드셋,8340.0,8110.5,7967.0,7499.75,7120.1,1,54.61081235881625,20.97786772227647,1.1355705026914034,0,-1.650943396226412,-0.7142857142857117,-0.7142857142857117,601.7301556,,661.90317116,DART,TRAILING_DART,,601.7301556,13.860033309588715,7220.7618672,-13.420121496402881,28.25739369064748,0,3.0,66.33028506002483,47.293839375336155,제외,0.0,BULL,1.0,23.046435876701775,200일↑ | RSI우호 | MACD+,,64.69072164948454
2026-04-25,215,215,예스티,122640,KQ,반도체와반도체장비,29700.0,24124.0,23440.833333333332,20590.083333333332,19715.25,1,65.31482664828334,382.1825756737021,1.8505859121718233,1,6.261180679785339,42.78846153846154,42.78846153846154,31.179537008764616,,34.29749070964108,DART,TRAILING_DART,,31.179537008764616,952.5478197976861,374.1544441051754,-98.74022072691861,5.0,0,3.0,89.48428306710667,47.24214153355334,제외,0.0,BULL,1.0,30.0,200일↑ | 20일돌파 | 거래량x1.9 | RSI우호 | MACD+,,85.9536082474227
2026-04-25,216,216,금호석유화학,011780,KS,화학,133400.0,129535.0,133345.0,128290.0,122413.75,1,52.347899253143865,751.9119467837147,1.0682787958801958,0,-3.0523255813953543,5.454545454545445,5.454545454545445,11564.61510311609,12452.0,12452.0,DART,TRAILING_DART,,11564.61510311609,11.535187190454382,138775.38123739307,4.02952116746107,42.619188758849695,0,3.0,51.766438419385594,47.19281358911765,제외,0.0,BULL,1.0,14.584285703179969,200일↑ | RSI우호 | MACD+,,60.4381443298969
2026-04-25,217,217,유니셈,036200,KQ,반도체와반도체장비,11820.0,10036.5,10204.333333333334,10001.75,9336.25,1,68.44392933346526,231.72902696506617,2.7802483133760014,1,5.3475935828877,25.07936507936508,25.07936507936508,292.3517659977884,,321.58694259756726,DART,TRAILING_DART,,292.3517659977884,40.430746021521955,3508.221191973461,-70.31961766519915,5.0,0,3.0,89.38093516893649,47.190467584468244,제외,0.0,BULL,1.0,30.0,200일↑ | 20일돌파 | 거래량x2.8 | RSI우호 | MACD+,,93.4278350515464
2026-04-25,218,218,세진중공업,075580,KS,조선,21550.0,17984.5,18028.833333333332,18485.083333333332,17789.0,1,71.34830707127628,445.9601228122873,2.9586445677120965,1,14.26299045599151,26.023391812865505,26.023391812865505,1052.6832157021872,,1157.951537272406,DART,TRAILING_DART,,1052.6832157021872,20.471495772472423,12632.198588426247,-41.38190910243041,5.0,0,3.0,89.34281719091123,47.17140859545562,제외,0.0,BULL,1.0,22.008505802553593,200일↑ | 20일돌파 | 거래량x3.0 | MACD+,,93.81443298969072
2026-04-25,219,219,DSC인베스트먼트,241520,KQ,창업투자,16040.0,14236.0,13634.5,10421.166666666666,9040.15,1,60.049097984682305,172.8512223857108,1.3971374066409128,1,4.8366013071895475,7.219251336898402,7.219251336898402,668.0718313909774,,734.8790145300752,DART,TRAILING_DART,,668.0718313909774,24.009394269181318,8016.861976691729,-50.01956373633585,5.0,0,3.0,89.2110028529366,47.1055014264683,제외,0.0,BULL,1.0,27.354137919189263,200일↑ | 20일돌파 | RSI우호 | MACD+,,76.93298969072166
2026-04-25,220,220,LS증권,078020,KQ,증권,7760.0,7246.5,7159.5,6066.458333333333,5747.425,1,58.49355436408529,56.27387717994716,1.7245552819337704,1,2.7814569536423805,10.070921985815605,10.070921985815605,413.6572371104513,,455.0229608214965,DART,TRAILING_DART,,413.6572371104513,18.75949289369737,4963.886845325416,-36.03238601384773,8.471662237883239,0,3.0,85.33375246404664,46.90270735096494,제외,0.0,BULL,1.0,10.699733683069372,200일↑ | 20일돌파 | 거래량x1.7 | RSI우호 | MACD+,,82.9896907216495
2026-04-25,221,221,셀비온,308430,KQ,제약,37400.0,32695.0,30107.5,25905.666666666668,24682.45,1,66.47446942868774,375.28536603384714,1.2754370711218717,1,5.799151343705788,20.64516129032259,20.64516129032259,-590.236775095059,,-649.260452604565,DART,TRAILING_DART,,-590.236775095059,-63.364401504763315,-7082.841301140708,-118.93807834529602,5.0,1,3.0,88.5420829590502,46.7710414795251,제외,0.0,BULL,1.0,7.667116084725663,200일↑ | 20일돌파 | RSI우호 | MACD+,적자,71.1340206185567
2026-04-25,222,222,하나마이크론,067310,KQ,반도체와반도체장비,40300.0,32917.5,33740.833333333336,29849.166666666668,24445.1,1,65.50541002569688,985.4184103593045,2.2128080892992696,1,11.789181692094308,29.581993569131825,29.581993569131825,986.6739431374708,,1085.341337451218,DART,TRAILING_DART,,986.6739431374708,40.84429337603892,11840.08731764965,-70.62013072543512,5.0,0,3.0,88.35069652244744,46.67534826122372,제외,0.0,BULL,1.0,30.0,200일↑ | 20일돌파 | 거래량x2.2 | RSI우호 | MACD+,,89.94845360824742
2026-04-25,223,223,LS ELECTRIC,010120,KS,전기장비,226500.0,174325.0,152255.0,124250.0,98349.0,1,79.88362317987756,4565.43313363472,1.738866389081509,1,21.447721179624658,41.38576779026217,41.38576779026217,1895.0448878133327,3040.0,3040.0,DART,TRAILING_DART,,1895.0448878133327,119.52223478007181,22740.53865375999,-89.96002708443267,5.0,0,3.0,88.17845391964566,46.58922695982283,제외,0.0,BULL,1.0,30.0,200일↑ | 20일돌파 | 거래량x1.7 | MACD+,,83.8917525773196
2026-04-25,224,224,로보티즈,108490,KQ,기계,292500.0,258700.0,267908.3333333333,259152.5,200785.5,1,60.12479753666053,4100.9343627733015,2.385489878351432,1,7.14285714285714,14.705882352941169,14.705882352941169,361.92159125590814,658.0,658.0,DART,TRAILING_DART,,361.92159125590814,808.1861018155687,4343.0590950708975,-98.51519347177063,5.0,0,3.0,88.15388489727901,46.57694244863951,제외,0.0,BULL,1.0,11.980468360394822,200일↑ | 20일돌파 | 거래량x2.4 | RSI우호 | MACD+,,91.3659793814433
2026-04-25,225,225,제주반도체,080220,KQ,반도체와반도체장비,54000.0,41967.5,42755.833333333336,32717.75,26515.85,1,71.4864308936285,1146.067181970114,12.451496198524051,1,24.711316397228632,34.49564134495642,34.49564134495642,1146.8013953439893,,1261.4815348783884,DART,TRAILING_DART,,1146.8013953439893,47.08749066685815,13761.61674412787,-74.51552454791135,5.0,0,3.0,88.15212968810022,46.57606484405011,제외,0.0,BULL,1.0,30.0,200일↑ | 20일돌파 | 거래량x12.5 | MACD+,,99.35567010309279
2026-04-25,226,226,한전기술,052690,KS,전기유틸리티,194800.0,171670.0,160493.33333333334,130279.16666666667,115325.75,1,64.96199893141798,1775.0213531990757,1.2885973691221047,1,6.448087431693983,24.076433121019104,24.076433121019104,2233.5882332548404,1633.0,1633.0,DART,TRAILING_DART,,2233.5882332548404,87.21392649715592,26803.058799058083,-86.24072956927203,5.0,0,3.0,88.04253655688976,46.52126827844488,제외,0.0,BULL,1.0,30.0,200일↑ | 20일돌파 | RSI우호 | MACD+,,71.77835051546391
2026-04-25,227,227,가온칩스,399720,KQ,반도체와반도체장비,71200.0,62965.0,65061.666666666664,58580.416666666664,54267.75,1,64.53363205296053,1075.7399887302315,3.148405092159281,1,12.302839116719234,11.250000000000004,11.250000000000004,-1238.674407047331,,-1362.541847752064,DART,TRAILING_DART,,-1238.674407047331,-57.480803345022515,-14864.092884567972,-120.87653495023591,5.0,1,3.0,87.90131894602357,46.45065947301178,제외,0.0,BULL,1.0,30.0,200일↑ | 20일돌파 | 거래량x3.1 | RSI우호 | MACD+,적자,94.9742268041237
2026-04-25,228,228,와이씨,232140,KQ,반도체와반도체장비,23300.0,19162.0,19929.5,17052.75,15032.05,1,68.31536487627147,435.16408937401366,5.212442938673139,1,15.920398009950244,24.332977588046955,24.332977588046955,353.2725159561145,,388.599767551726,DART,TRAILING_DART,,353.2725159561145,65.95474866461012,4239.270191473373,-81.8057073327323,5.0,0,3.0,87.85088751596427,46.42544375798214,제외,0.0,BULL,1.0,30.0,200일↑ | 20일돌파 | 거래량x5.2 | RSI우호 | MACD+,,97.55154639175258
2026-04-25,229,229,롯데에너지머티리얼즈,020150,KS,전자장비와기기,68100.0,48970.0,43815.833333333336,39161.666666666664,33405.75,1,81.82838024554135,2123.336835443807,1.7983356607563403,1,28.73345935727789,61.757719714964374,61.757719714964374,-3191.990340828267,-818.0,-818.0,DART,TRAILING_DART,,-3191.990340828267,-21.334651026020715,-38303.88408993921,-156.246525829573,5.0,1,3.0,87.79689399147536,46.39844699573768,제외,0.0,BULL,1.0,30.0,200일↑ | 20일돌파 | 거래량x1.8 | MACD+,적자,84.5360824742268
2026-04-25,230,230,주성엔지니어링,036930,KQ,반도체와반도체장비,123900.0,77040.0,63569.166666666664,46656.25,39781.0,1,79.86894528742295,6199.58382073512,1.6540143661984106,1,75.99431818181819,77.0,77.0,767.912131508188,1740.0,1740.0,DART,TRAILING_DART,,767.912131508188,161.34658500141026,9214.945578098257,-92.56259436795943,5.0,0,3.0,87.73710642997216,46.36855321498608,제외,0.0,BULL,1.0,30.0,200일↑ | 20일돌파 | 거래량x1.7 | MACD+,,81.44329896907216
2026-04-25,231,231,코스메카코리아,241710,KQ,화장품,86000.0,81125.0,83855.0,77021.66666666667,72348.0,1,60.024390692634356,656.2947149791776,1.0263353209659856,1,1.2956419316843437,1.6548463356973908,1.6548463356973908,5415.586619194756,6132.0,6132.0,DART,TRAILING_DART,,5415.586619194756,15.880089461626476,64987.03943033707,-24.433675081003404,18.620534304122025,0,3.0,74.09594241421537,46.358238359168695,제외,0.0,BULL,1.0,15.880089461626476,200일↑ | 20일돌파 | RSI우호 | MACD+,,57.60309278350515
2026-04-25,232,232,DB하이텍,000990,KS,반도체와반도체장비,152000.0,102430.0,95673.33333333333,82402.5,69426.0,1,83.18476806172463,5639.089401943887,1.988624078061613,1,42.188961646398496,95.1219512195122,95.1219512195122,5805.880538346898,,6386.468592181588,DART,TRAILING_DART,,5805.880538346898,26.180352660731597,69670.56646016278,-54.164101013050804,5.0,0,3.0,87.64414892071002,46.32207446035501,제외,0.0,BULL,1.0,30.0,200일↑ | 20일돌파 | 거래량x2.0 | MACD+,,88.01546391752578
2026-04-25,233,233,엑시콘,092870,KQ,반도체와반도체장비,35500.0,29265.0,28935.833333333332,22276.666666666668,18181.0,1,67.91201993406105,739.647729718816,1.7486741924979454,1,10.248447204968937,25.886524822695044,25.886524822695044,686.8236622636916,,755.5060284900609,DART,TRAILING_DART,,686.8236622636916,51.6872116534193,8241.8839471643,-76.78342550094564,5.0,0,3.0,87.60391403851193,46.301957019255966,제외,0.0,BULL,1.0,30.0,200일↑ | 20일돌파 | 거래량x1.7 | RSI우호 | MACD+,,84.14948453608247
2026-04-25,234,234,HD현대일렉트릭,267260,KS,전기장비,1248000.0,1000600.0,966550.0,902033.3333333334,759347.5,1,75.74963158735908,21830.41950220704,1.94530838920755,1,14.811407543698252,36.393442622950815,36.393442622950815,20301.646477729784,27050.0,27050.0,DART,TRAILING_DART,,20301.646477729784,61.47284661709648,243619.75773275743,-80.47918607910599,5.0,0,3.0,87.543444162116,46.271722081058,제외,0.0,BULL,1.0,30.0,200일↑ | 20일돌파 | 거래량x1.9 | MACD+,,87.5
2026-04-25,235,235,한화갤러리아,452260,KS,백화점과일반상점,3340.0,2489.0,2512.3333333333335,1900.7166666666667,1601.545,1,75.03915792810415,67.98023723043698,20.728366998700746,1,34.949494949494955,30.980392156862745,30.980392156862745,17.088213001150677,,18.797034301265747,DART,TRAILING_DART,,17.088213001150677,195.45636514333552,205.05855601380813,-93.86052227503569,5.0,0,3.0,87.53690681665114,46.26845340832557,제외,0.0,BULL,1.0,27.262360921866936,200일↑ | 20일돌파 | 거래량x20.7 | MACD+,,100.0
2026-04-25,236,236,아이센스,099190,KQ,건강관리장비와용품,22800.0,19904.0,20449.666666666668,18379.083333333332,18343.45,1,66.29677063421764,250.17941746760516,4.283181700383689,1,9.090909090909083,14.630467571644035,14.630467571644035,-233.56859590212247,,-256.9254554923347,DART,TRAILING_DART,,-233.56859590212247,-97.61586274875069,-2802.8231508254694,-112.29308399484854,5.0,1,3.0,87.46023262042408,46.23011631021204,제외,0.0,BULL,1.0,9.791336353759029,200일↑ | 20일돌파 | 거래량x4.3 | RSI우호 | MACD+,적자,96.64948453608247
2026-04-25,237,237,프로텍,053610,KQ,반도체와반도체장비,77900.0,60740.0,56428.333333333336,45336.25,38662.25,1,74.50787461846937,1990.6438171642958,1.2692305888495805,1,16.44245142002989,41.894353369763216,41.894353369763216,3216.056394181818,,3537.6620336,DART,TRAILING_DART,,3216.056394181818,24.222212067216617,38592.67673018182,-50.4586948264675,5.0,0,3.0,87.37013997220821,46.185069986104104,제외,0.0,BULL,1.0,30.0,200일↑ | 20일돌파 | MACD+,,71.00515463917526
2026-04-25,238,238,STX엔진,077970,KS,조선,57300.0,38490.0,35108.333333333336,35042.083333333336,34313.25,1,83.8316559953857,2314.5992763415425,1.8330594470715986,1,30.227272727272727,71.04477611940298,71.04477611940298,1717.3484929023848,,1889.083342192624,DART,TRAILING_DART,,1717.3484929023848,33.365388700554774,20608.181914828616,-64.03458653607572,5.0,0,3.0,87.26419513661126,46.13209756830563,제외,0.0,BULL,1.0,22.008505802553593,200일↑ | 20일돌파 | 거래량x1.8 | MACD+,,85.56701030927834
2026-04-25,239,239,기가비스,420770,KQ,반도체와반도체장비,100200.0,85800.0,72766.66666666667,54107.5,44321.25,1,70.45188258368121,734.2780135018957,1.4895165708064975,1,15.172413793103456,28.46153846153847,28.46153846153847,1219.0353690879867,,1340.9389059967857,DART,TRAILING_DART,,1219.0353690879867,82.19613847214619,14628.424429055842,-85.40077402289836,5.0,0,3.0,87.16581479429396,46.08290739714698,제외,0.0,BULL,1.0,30.0,200일↑ | 20일돌파 | MACD+,,79.5103092783505
2026-04-25,240,240,롯데케미칼,011170,KS,화학,96700.0,88065.0,82828.33333333333,78466.66666666667,73620.5,1,66.90989740469814,463.51737418953553,1.6681558201303153,1,9.01916572717023,16.928657799274482,16.928657799274482,-57887.83334302348,-13282.0,-13282.0,DART,TRAILING_DART,,-57887.83334302348,-1.6704719181142764,-694654.0001162817,-818.3598760251103,5.0,1,3.0,87.15876059555293,46.07938029777647,제외,0.0,BULL,1.0,14.584285703179969,200일↑ | 20일돌파 | 거래량x1.7 | RSI우호 | MACD+,적자,81.95876288659794
2026-04-25,241,241,티씨케이,064760,KQ,반도체와반도체장비,308000.0,256075.0,234908.33333333334,195173.33333333334,168414.5,1,68.05328563654807,4637.67863913715,0.7348642026029668,1,0.8183306055646433,28.870292887029294,28.870292887029294,6252.806457153039,8972.0,8972.0,DART,TRAILING_DART,,6252.806457153039,49.25788157854405,75033.67748583647,-75.63841640070244,5.0,0,3.0,87.11935243673717,46.05967621836859,제외,0.0,BULL,1.0,30.0,200일↑ | 20일돌파 | RSI우호 | MACD+,,32.603092783505154
2026-04-25,242,242,대덕,008060,KS,전자장비와기기,17300.0,14008.0,12715.0,11476.666666666666,10239.65,1,80.27767871939443,333.1280154139629,1.5312835507720517,1,14.34236615994713,17.367706919945736,17.367706919945736,199.001512636295,,218.9016638999245,DART,TRAILING_DART,,199.001512636295,86.93401256511218,2388.0181516355397,-86.19642686915873,5.0,0,3.0,86.94517854412933,45.97258927206467,제외,0.0,BULL,1.0,30.0,200일↑ | 20일돌파 | 거래량x1.5 | MACD+,,80.28350515463917
2026-04-25,243,243,에스티아이,039440,KQ,반도체와반도체장비,38700.0,31960.0,33506.666666666664,30592.083333333332,26366.8,1,69.37687307499009,869.2493800582458,2.5814026180688425,1,15.522388059701498,25.853658536585368,25.853658536585368,994.2565380758824,,1093.6821918834708,DART,TRAILING_DART,,994.2565380758824,38.923555961616806,11931.078456910589,-69.1703399046238,5.0,0,3.0,86.92540474710788,45.96270237355394,제외,0.0,BULL,1.0,30.0,200일↑ | 20일돌파 | 거래량x2.6 | RSI우호 | MACD+,,92.65463917525774
2026-04-25,244,244,솔루스첨단소재,336370,KS,전자장비와기기,16030.0,10655.5,9253.0,8760.666666666666,8603.0,1,85.94501552655194,645.9456518379604,1.911089907793756,1,49.39422180801492,73.11015118790496,73.11015118790496,-1970.9441760571287,-176.0,-176.0,DART,TRAILING_DART,,-1970.9441760571287,-8.133157800576571,-23651.330112685544,-247.54416788949186,5.0,1,3.0,86.92011051086024,45.96005525543012,제외,0.0,BULL,1.0,30.0,200일↑ | 20일돌파 | 거래량x1.9 | MACD+,적자,87.11340206185567
2026-04-25,245,245,LB세미콘,061970,KQ,반도체와반도체장비,6070.0,4482.25,4589.0,4476.25,4412.175,1,74.11633074231342,157.74641154309796,16.549307825114248,1,20.43650793650793,35.03893214682981,35.03893214682981,-2597.5847121789807,,-2857.343183396879,DART,TRAILING_DART,,-2597.5847121789807,-2.336786158133872,-31171.016546147766,-613.5258080090241,5.0,1,3.0,86.8682998337269,45.93414991686345,제외,0.0,BULL,1.0,30.0,200일↑ | 20일돌파 | 거래량x16.5 | MACD+,적자,99.74226804123711
2026-04-25,246,246,에이팩트,200470,KQ,반도체와반도체장비,9320.0,7164.0,7737.0,6896.791666666667,5481.275,1,66.81027280443988,262.5002998801523,4.044941883341838,1,29.986052998605306,22.30971128608923,22.30971128608923,123.3683012546146,,135.70513138007607,DART,TRAILING_DART,,123.3683012546146,75.54614844509246,1480.419615055375,-84.11566936635863,5.0,0,3.0,86.85347399841433,45.926736999207165,제외,0.0,BULL,1.0,30.0,200일↑ | 20일돌파 | 거래량x4.0 | RSI우호 | MACD+,,96.1340206185567
2026-04-25,247,247,두산,000150,KS,복합기업,1541000.0,1258700.0,1113400.0,990166.6666666666,835285.0,1,71.51481159357624,21916.737095702527,0.9652701025018823,1,15.864661654135336,28.096425602660013,28.096425602660013,15407.777095419337,19872.0,19872.0,DART,TRAILING_DART,,15407.777095419337,100.01442715952403,184893.32514503202,-88.00173100940741,5.0,0,3.0,86.78472065029231,45.89236032514616,제외,0.0,BULL,1.0,11.889597626439988,200일↑ | 20일돌파 | MACD+,,54.123711340206185
2026-04-25,248,248,LS,006260,KS,전기장비,398500.0,305825.0,270345.0,235234.16666666666,212569.5,1,77.95271438766869,8758.885601097412,1.33213161013534,1,20.94081942336874,48.69402985074627,48.69402985074627,15549.51923076923,14858.0,14858.0,DART,TRAILING_DART,,15549.51923076923,25.627801997341003,186594.23076923075,-53.175851751761414,5.0,0,3.0,86.72735483970281,45.863677419851406,제외,0.0,BULL,1.0,30.0,200일↑ | 20일돌파 | MACD+,,74.22680412371135
2026-04-25,249,249,해성디에스,195870,KS,반도체와반도체장비,81700.0,58467.5,58657.5,55820.833333333336,45045.0,1,76.94666137302958,2748.69338318898,2.369850758747544,1,35.041322314049594,50.73800738007379,50.73800738007379,1401.223774764706,4854.0,4854.0,DART,TRAILING_DART,,1401.223774764706,58.30617598086294,16814.68529717647,-79.41898984433723,5.0,0,3.0,86.6026861830655,45.80134309153275,제외,0.0,BULL,1.0,30.0,200일↑ | 20일돌파 | 거래량x2.4 | MACD+,,91.23711340206185
2026-04-25,250,250,유니테스트,086390,KQ,반도체와반도체장비,19470.0,17043.0,17965.5,16169.25,15816.15,1,59.73643555973167,360.3687714762375,2.290542440816133,1,6.568144499178974,13.263525305410129,13.263525305410129,-1061.8720867378192,,-1168.0592954116012,DART,TRAILING_DART,,-1061.8720867378192,-18.335541769267003,-12742.465040853831,-165.4466617403895,5.0,1,3.0,86.42339564593608,45.71169782296804,제외,0.0,BULL,1.0,30.0,200일↑ | 20일돌파 | 거래량x2.3 | RSI우호 | MACD+,적자,90.72164948453609
2026-04-25,251,251,HD현대마린엔진,071970,KS,조선,114600.0,83560.0,83175.0,85390.0,81985.5,1,80.94184010118877,3169.6115877769425,6.229043102935824,1,25.657894736842103,49.41329856584093,49.41329856584093,4867.168798279675,4170.0,4170.0,DART,TRAILING_DART,,4867.168798279675,23.545515832634763,58406.025579356094,-49.034881693406554,5.0,0,3.0,86.42282815742891,45.711414078714455,제외,0.0,BULL,1.0,22.008505802553593,200일↑ | 20일돌파 | 거래량x6.2 | MACD+,,98.4536082474227
2026-04-25,252,252,LG이노텍,011070,KS,전자장비와기기,542000.0,379550.0,304125.0,284158.3333333333,239519.5,1,83.28074112804026,16359.616875044521,1.635271091161287,1,37.56345177664975,69.11076443057722,69.11076443057722,14419.252847422376,26048.0,26048.0,DART,TRAILING_DART,,14419.252847422376,37.58863276309697,173031.0341690685,-68.07545495035636,5.0,0,3.0,86.41995909948112,45.70997954974056,제외,0.0,BULL,1.0,30.0,200일↑ | 20일돌파 | 거래량x1.6 | MACD+,,81.18556701030928
2026-04-25,253,253,이오테크닉스,039030,KQ,반도체와반도체장비,506000.0,446775.0,413800.0,345429.1666666667,295458.0,1,66.39765188710257,3751.063512487184,1.0696219092058785,1,7.545164718384689,21.34292565947242,21.34292565947242,4672.636037030574,9034.0,9034.0,DART,TRAILING_DART,,4672.636037030574,108.2900521226043,56071.632444366885,-88.918649714552,5.0,0,3.0,86.41553298351339,45.70776649175669,제외,0.0,BULL,1.0,30.0,200일↑ | 20일돌파 | RSI우호 | MACD+,,60.567010309278345
2026-04-25,254,254,LS마린솔루션,060370,KQ,건설,37900.0,31250.0,30499.166666666668,29684.166666666668,28082.5,1,73.0398892643226,853.0598528055941,1.667456854385542,1,17.15610510046368,33.450704225352126,33.450704225352126,159.96383638124988,251.0,251.0,DART,TRAILING_DART,,159.96383638124988,236.9285512112314,1919.5660365749986,-94.93518196154353,5.0,0,3.0,86.29095915934157,45.645479579670784,제외,0.0,BULL,1.0,10.126848544904743,200일↑ | 20일돌파 | 거래량x1.7 | MACD+,,81.8298969072165
2026-04-25,255,255,디케이티,290550,KQ,핸드셋,26700.0,20874.0,16290.666666666666,11790.0,10148.4,1,73.78934855860899,491.7235637721901,0.9524947144309612,1,7.444668008048283,41.569459172852596,41.569459172852596,1158.53054862126,,1274.3836034833862,DART,TRAILING_DART,,1158.53054862126,23.046435876701775,13902.366583455121,-47.931211297920896,5.0,0,3.0,86.21618228246426,45.60809114123213,제외,0.0,BULL,1.0,23.046435876701775,200일↑ | 20일돌파 | MACD+,,53.09278350515464
2026-04-25,256,256,KB발해인프라,415640,KS,기타,9930.0,9938.0,9974.833333333334,9973.083333333334,9449.45,1,47.43844947361167,1.2789584176657147,1.1070139588119217,0,0.20181634712410634,-0.3012048192771122,-0.3012048192771122,,,,EMPTY,FORWARD_AUTO,,,,,,,0,3.0,45.56719633813245,45.56719633813245,관찰,0.0,BULL,1.0,,200일↑ | RSI우호 | MACD+ | 비밸류평가,"EPS스크랩,EPS없음",63.01546391752577
2026-04-25,257,257,HMM,011200,KS,해운사,21100.0,20671.0,20926.5,20500.916666666668,21373.4,0,53.81638286063051,39.32951026984423,1.10683065763253,0,0.0,7.324516785350976,7.324516785350976,1991.7900463655,1280.0,1280.0,DART,TRAILING_DART,,1991.7900463655,10.593486014503398,23901.480556386,13.277159035004725,48.63015337275307,0,3.0,42.43689019324816,45.533521783000616,제외,0.0,BULL,1.0,10.289371500551457,상승여력 13% | RSI우호 | MACD+,,62.88659793814433
2026-04-25,258,258,SFA반도체,036540,KQ,반도체와반도체장비,9640.0,7021.5,7062.0,5821.375,4926.95,1,80.12159282427552,242.86602097375786,17.223207365292666,1,31.335149863760225,46.95121951219512,46.95121951219512,-116.32593052561748,,-127.95852357817924,DART,TRAILING_DART,,-116.32593052561748,-82.87060293815628,-1395.9111663074098,-114.48040628949596,5.0,1,3.0,85.9755083280215,45.48775416401075,제외,0.0,BULL,1.0,30.0,200일↑ | 20일돌파 | 거래량x17.2 | MACD+,적자,99.87113402061856
2026-04-25,259,259,삼성중공업,010140,KS,조선,34400.0,28490.0,28373.333333333332,27458.333333333332,24681.75,1,73.32126458281608,749.0190968930165,1.8981991427360376,1,18.41652323580034,30.550284629981018,30.550284629981018,608.811062740909,1358.0,1358.0,DART,TRAILING_DART,,608.811062740909,56.503572463234896,7305.732752890908,-78.76240478810783,5.0,0,3.0,85.94016415211627,45.470082076058134,제외,0.0,BULL,1.0,22.008505802553593,200일↑ | 20일돌파 | 거래량x1.9 | MACD+,,86.98453608247422
2026-04-25,260,260,두산에너빌리티,034020,KS,기계,127100.0,104130.0,100270.0,90715.83333333333,80985.0,1,73.95873658221323,2632.247434346921,1.4564637550854231,1,17.14285714285715,25.966303270564907,25.966303270564907,320.2863634192387,512.0,512.0,DART,TRAILING_DART,,320.2863634192387,396.83238038340244,3843.436361030864,-96.97605321712757,5.0,0,3.0,85.84358809736351,45.421794048681754,제외,0.0,BULL,1.0,11.980468360394822,200일↑ | 20일돌파 | MACD+,,77.9639175257732
2026-04-25,261,261,리노공업,058470,KQ,반도체와반도체장비,124400.0,111745.0,106831.66666666667,84387.5,70660.5,1,64.46559358364563,1138.4427238934104,1.1390574415065557,1,7.892454466608845,18.589132507149664,18.589132507149664,1993.9244409629207,2413.0,2413.0,DART,TRAILING_DART,,1993.9244409629207,62.389525623109286,23927.093291555047,-80.76600217720656,5.0,0,3.0,85.75940262284719,45.379701311423595,제외,0.0,BULL,1.0,30.0,200일↑ | 20일돌파 | RSI우호 | MACD+,,65.33505154639175
2026-04-25,262,262,NC,036570,KS,게임엔터테인먼트,270500.0,241150.0,227693.33333333334,221373.33333333334,215814.0,1,65.59321817631154,3509.6987285582254,0.72415647700473,0,3.0476190476190546,17.60869565217391,17.60869565217391,16126.123259064623,17084.0,17084.0,DART,TRAILING_DART,,16126.123259064623,16.77402532862012,193513.47910877547,-28.460821031875984,15.096781597108514,0,3.0,75.63867410396053,45.36772785053452,제외,0.0,BULL,1.0,10.647409226280267,200일↑ | RSI우호 | MACD+,,31.314432989690722
2026-04-25,263,263,달바글로벌,483650,KS,화장품,241000.0,180280.0,166183.33333333334,153949.16666666666,164878.5,1,81.53895747132063,6290.825325574024,1.3690712970059025,1,21.840242669362997,55.987055016181216,55.987055016181216,6378.543724798113,9622.0,9622.0,DART,TRAILING_DART,,6378.543724798113,37.78291886015533,76542.52469757735,-68.2396163080592,5.0,0,3.0,85.64097314298047,45.320486571490235,제외,0.0,BULL,1.0,15.880089461626476,200일↑ | 20일돌파 | MACD+,,75.51546391752578
2026-04-25,264,264,에프에스티,036810,KQ,반도체와반도체장비,45850.0,40942.5,41543.333333333336,36350.89936523438,32113.064365234375,1,61.7545240292651,545.5642864798633,1.7322535147361642,1,5.040091638029787,17.71501925545571,17.71501925545571,-668.1659410264162,,-734.982535129058,DART,TRAILING_DART,,-668.1659410264162,-68.62067816501784,-8017.991292316995,-117.48744011410469,5.0,1,3.0,85.51691799196186,45.25845899598093,제외,0.0,BULL,1.0,30.0,200일↑ | 20일돌파 | 거래량x1.7 | RSI우호 | MACD+,적자,83.50515463917526
2026-04-25,265,265,케이씨텍,281820,KS,반도체와반도체장비,59500.0,50410.0,47985.0,43848.75,39651.25,1,71.10276401673634,921.2279330900346,1.0287964844998867,1,9.174311926605494,21.926229508196716,21.926229508196716,2580.537244971961,,2838.5909694691577,DART,TRAILING_DART,,2580.537244971961,23.057214196746266,30966.446939663532,-47.95555136191003,5.0,0,3.0,85.47273831300853,45.23636915650427,제외,0.0,BULL,1.0,30.0,200일↑ | 20일돌파 | MACD+,,57.86082474226804
2026-04-25,266,266,현대백화점,069960,KS,백화점과일반상점,98500.0,84110.0,91791.66666666667,91441.66666666667,86076.0,1,68.07156730417623,2185.920668589686,0.9076425503593007,1,9.201773835920179,16.568047337278102,16.568047337278102,6254.349664739375,11377.0,11377.0,DART,TRAILING_DART,,6254.349664739375,15.749039513303993,75052.19597687249,-23.804877180840112,19.170732466764903,0,3.0,71.25699562087763,45.21386404382127,제외,0.0,BULL,1.0,27.262360921866936,200일↑ | 20일돌파 | RSI우호 | MACD+,,49.097938144329895
2026-04-25,267,267,코리아써키트,007810,KS,전자장비와기기,97900.0,81995.0,67025.0,52807.166666666664,37395.4,1,67.4756062889829,822.6174846136528,0.8655887979243629,1,9.630459126539748,16.547619047619055,16.547619047619055,2243.0731565191795,3753.0,3753.0,DART,TRAILING_DART,,2243.0731565191795,43.645477953078476,26916.877878230152,-72.50574271886603,5.0,0,3.0,85.37474270644897,45.187371353224485,제외,0.0,BULL,1.0,30.0,200일↑ | 20일돌파 | RSI우호 | MACD+,,44.97422680412371
2026-04-25,268,268,태웅,044490,KQ,에너지장비및서비스,53300.0,48420.0,41422.5,34215.416666666664,34673.75,1,60.366781057431155,133.82050761289065,0.8252552552583463,1,8.113590263691695,13.52502662406816,13.52502662406816,270.6256578509701,,297.6882236360671,DART,TRAILING_DART,,270.6256578509701,196.9510223947487,3247.5078942116406,-93.9071146450063,5.0,0,3.0,85.34455650898495,45.172278254492475,제외,0.0,BULL,1.0,30.0,200일↑ | 20일돌파 | RSI우호 | MACD+,,41.23711340206185
2026-04-25,269,269,삼양엔씨켐,482630,KQ,반도체와반도체장비,20600.0,17693.5,18002.0,14398.833333333334,12353.9,1,62.862632931871346,370.64377400600233,1.3514079642270866,1,1.7283950617283939,25.91687041564792,25.91687041564792,680.7407903224922,,748.8148693547415,DART,TRAILING_DART,,680.7407903224922,30.261151223567804,8168.889483869907,-60.34519668024316,5.0,0,3.0,85.2797680848881,45.13988404244405,제외,0.0,BULL,1.0,30.0,200일↑ | 20일돌파 | RSI우호 | MACD+,,74.87113402061856
2026-04-25,270,270,한미반도체,042700,KS,반도체와반도체장비,295500.0,277875.0,261056.66666666666,200161.66666666666,159667.0,1,57.0490394845589,967.5209079041106,0.8401718607014018,1,3.141361256544495,6.294964028776984,6.294964028776984,2245.3321653576354,,2469.865381893399,DART,TRAILING_DART,,2245.3321653576354,131.60636299570976,26943.985984291627,-90.88189983611113,5.0,0,3.0,85.12154031259192,45.06077015629596,제외,0.0,BULL,1.0,30.0,200일↑ | 20일돌파 | RSI우호 | MACD+,,42.52577319587629
2026-04-25,271,271,켐트로닉스,089010,KQ,전자장비와기기,35850.0,30467.5,31249.166666666668,31470.416666666668,29423.75,1,69.11431283760574,721.1358513805046,1.8305936688013482,1,6.222222222222218,27.127659574468076,27.127659574468076,802.918637757709,,883.2105015334799,DART,TRAILING_DART,,802.918637757709,44.64960497132986,9635.023653092509,-73.12406233447,5.0,0,3.0,85.00641131449555,45.003205657247776,제외,0.0,BULL,1.0,30.0,200일↑ | 20일돌파 | 거래량x1.8 | RSI우호 | MACD+,,85.30927835051546
2026-04-25,272,272,큐로셀,372320,KQ,생물공학,63900.0,56050.0,52171.666666666664,48175.416666666664,43790.75,1,67.71398348864186,538.2662532674017,0.8775297531332404,1,3.398058252427183,25.294117647058822,25.294117647058822,-3073.94594894222,,-3381.340543836442,DART,TRAILING_DART,,-3073.94594894222,-20.787613400290503,-36887.35138730664,-157.72668448717783,5.0,1,3.0,84.9563978295002,44.9781989147501,제외,0.0,BULL,1.0,5.0,200일↑ | 20일돌파 | RSI우호 | MACD+,적자,45.74742268041237
2026-04-25,273,273,엠케이전자,033160,KQ,반도체와반도체장비,28650.0,21501.5,15065.666666666666,11853.166666666666,10569.45,1,73.19113209701077,590.8182781823471,0.6645233307354415,1,22.17484008528785,83.77164849262348,83.77164849262348,588.177879271442,,646.9956671985861,DART,TRAILING_DART,,588.177879271442,48.70975432719075,7058.134551257303,-75.36427730800244,5.0,0,3.0,84.91419215719397,44.95709607859698,제외,0.0,BULL,1.0,30.0,200일↑ | 20일돌파 | MACD+,,25.902061855670105
2026-04-25,274,274,한화엔진,082740,KS,조선,76000.0,51202.5,51745.833333333336,48712.5,45037.0,1,82.28444261452202,3237.1051970583785,2.758095230530282,1,35.47237076648842,62.915326902465175,62.915326902465175,2082.1974541800364,,2290.41719959804,DART|DAILY_DISC,TRAILING_DART,,2082.1974541800364,36.49990054854264,24986.369450160437,-67.12319809189415,5.0,0,3.0,84.86269619046425,44.931348095232124,제외,0.0,BULL,1.0,22.008505802553593,200일↑ | 20일돌파 | 거래량x2.8 | MACD+,EPS스크랩,93.04123711340206
2026-04-25,275,275,동성화인텍,033500,KQ,화학,29700.0,26095.0,27104.166666666668,27225.0,27570.0,1,65.82648429654034,501.03522971128905,1.4696493310819434,1,9.79667282809611,27.467811158798284,27.467811158798284,1863.4268085016704,2461.0,2461.0,DART,TRAILING_DART,,1863.4268085016704,15.938377544262629,22361.121702020046,-24.71002793932645,18.378725553089353,0,3.0,71.48206308909248,44.930394321090915,제외,0.0,BULL,1.0,14.584285703179969,200일↑ | 20일돌파 | RSI우호 | MACD+,,78.35051546391753
2026-04-25,276,276,심텍,222800,KQ,전자장비와기기,88900.0,67062.5,59013.333333333336,55866.666666666664,46347.75,1,75.62747204285581,2215.4352307001645,0.8196398754903576,1,16.666666666666675,58.185053380782925,58.185053380782925,-4407.353560867756,2366.0,2366.0,DART,TRAILING_DART,,-4407.353560867756,-20.170834668071567,-52888.24273041307,-159.4918365921407,5.0,1,3.0,84.86047361509473,44.93023680754737,제외,0.0,BULL,1.0,30.0,200일↑ | 20일돌파 | MACD+,적자,40.4639175257732
2026-04-25,277,277,고영,098460,KQ,전자장비와기기,42300.0,29230.0,30368.333333333332,27079.166666666668,22342.1,1,77.28460527026665,1267.0074243333174,14.433005629394033,1,28.181818181818173,54.94505494505495,54.94505494505495,214.93176354645792,547.0,547.0,DART|DAILY_DISC,TRAILING_DART,,214.93176354645792,196.80664831495125,2579.181162557495,-93.90264500577425,5.0,0,3.0,84.72091086757179,44.860455433785894,제외,0.0,BULL,1.0,30.0,200일↑ | 20일돌파 | 거래량x14.4 | MACD+,EPS스크랩,99.61340206185567
2026-04-25,278,278,남해화학,025860,KS,화학,9080.0,8540.0,7943.0,7265.166666666667,7231.7,1,58.15863006315903,21.066344234062342,0.38669967538275585,0,2.714932126696823,7.582938388625582,7.582938388625582,541.9961683487677,,596.1957851836445,DART,TRAILING_DART,,541.9961683487677,16.752885961653394,6503.954020185212,-28.370550438488852,15.175768366322254,0,3.0,74.52570195563521,44.850735160978736,제외,0.0,BULL,1.0,14.584285703179969,200일↑ | RSI우호 | MACD+,,6.829896907216495
2026-04-25,279,279,코나아이,052400,KQ,IT서비스,58900.0,58725.0,60673.333333333336,53833.75,53396.5,1,48.190585245148625,135.7014716579822,0.8508233130564508,0,-12.481426448736999,4.804270462633453,4.804270462633453,5118.52637092811,,5630.379008020921,DART,TRAILING_DART,,5118.52637092811,11.507218236587894,61422.31645113732,4.2823708847832265,42.7835410751091,0,3.0,46.86259167981343,44.82306637746126,제외,0.0,BULL,1.0,15.002925450414125,200일↑ | RSI우호 | MACD+,,44.072164948453604
2026-04-25,280,280,유진테크,084370,KQ,반도체와반도체장비,135500.0,126270.0,121961.66666666667,102701.66666666667,84163.25,1,57.61318197945337,703.3730275203866,1.0569998175376165,1,2.187028657616885,16.01027397260273,16.01027397260273,1941.0855408625976,,2135.1940949488576,DART,TRAILING_DART,,1941.0855408625976,69.8063002106467,23293.02649035117,-82.8095745458663,5.0,0,3.0,84.53913389496951,44.769566947484755,제외,0.0,BULL,1.0,30.0,200일↑ | 20일돌파 | RSI우호 | MACD+,,59.40721649484536
2026-04-25,281,281,한전산업,130660,KS,전기유틸리티,21000.0,19081.5,19611.833333333332,15472.416666666666,14281.45,1,58.90753718459003,255.9561531627481,1.919748873181189,1,5.15773660490737,9.717868338557988,9.717868338557988,124.54195653374234,,136.9961521871166,DART,TRAILING_DART,,124.54195653374234,168.61787452576624,1494.503478404908,-92.88331676950044,5.0,0,3.0,84.49569416549568,44.74784708274784,제외,0.0,BULL,1.0,30.0,200일↑ | 20일돌파 | 거래량x1.9 | RSI우호 | MACD+,,87.24226804123711
2026-04-25,282,282,LS에코에너지,229640,KS,전기장비,63300.0,49405.0,45401.666666666664,41444.583333333336,40416.25,1,77.82864068830784,1746.697113031982,0.881992432300784,1,9.705372616984409,41.92825112107623,41.92825112107623,1582.8891834642025,1518.0,1518.0,DART,TRAILING_DART,,1582.8891834642025,39.99016523788859,18994.67020157043,-69.9926221144227,5.0,0,3.0,84.40251330763854,44.70125665381927,제외,0.0,BULL,1.0,30.0,200일↑ | 20일돌파 | MACD+,,46.134020618556704
2026-04-25,283,283,피에스케이,319660,KQ,반도체와반도체장비,93000.0,83310.0,70835.83333333333,53403.333333333336,42219.1,1,64.1222591934098,36.26383442658016,1.0467787991948045,1,9.799291617473438,13.276492082825818,13.276492082825818,2711.583487826752,3854.0,3854.0,DART,TRAILING_DART,,2711.583487826752,34.29730281863331,32539.00185392102,-65.01182596352578,5.0,0,3.0,84.32091970508432,44.66045985254216,제외,0.0,BULL,1.0,30.0,200일↑ | 20일돌파 | RSI우호 | MACD+,,58.634020618556704
2026-04-25,284,284,티에스이,131290,KQ,반도체와반도체장비,169400.0,132770.0,109048.33333333333,83457.5,67273.0,1,74.13592622233546,3796.3137802880847,0.5303577401915014,1,3.6085626911315005,53.58114233907525,53.58114233907525,3620.138852584056,,3982.152737842462,DART,TRAILING_DART,,3620.138852584056,46.79378523812208,43441.666231008676,-74.35556893092759,5.0,0,3.0,84.23716920630876,44.61858460315438,제외,0.0,BULL,1.0,30.0,200일↑ | 20일돌파 | MACD+,,13.788659793814434
2026-04-25,285,285,두산밥캣,241560,KS,기계,76000.0,66875.0,63286.666666666664,61114.166666666664,59084.0,1,73.75047703146534,816.7139637956079,1.199111418919808,1,6.442577030812324,27.516778523489926,27.516778523489926,2.951289519343403,5316.0,5316.0,DART,TRAILING_DART,,2.951289519343403,25751.455254348726,35.415474232120836,-99.95340069179984,5.0,0,3.0,84.1622331324834,44.5811165662417,제외,0.0,BULL,1.0,11.980468360394822,200일↑ | 20일돌파 | MACD+,,68.4278350515464
2026-04-25,286,286,SGC에너지,005090,KS,에너지장비및서비스,63400.0,55975.0,48129.166666666664,35362.083333333336,30834.0,1,58.671734770310216,881.6895608570842,1.5092754139622375,0,23.34630350194553,-4.6616541353383445,-4.6616541353383445,-6579.734319694048,1254.0,1254.0,DART,TRAILING_DART,,-6579.734319694048,-9.635647416679895,-78956.81183632858,-224.53755810146464,5.0,1,3.0,84.10846496151085,44.554232480755424,제외,0.0,BULL,1.0,30.0,200일↑ | 거래량x1.5 | RSI우호 | MACD+,적자,79.76804123711341
2026-04-25,287,287,신세계,004170,KS,백화점과일반상점,407000.0,345300.0,340458.3333333333,289777.5,245069.0,1,71.13875464164741,6504.539992896611,1.2600094853206423,1,7.387862796833766,20.771513353115733,20.771513353115733,6839.837304758903,26485.0,26485.0,DART,TRAILING_DART,,6839.837304758903,59.50433933813376,82078.04765710683,-79.83340352405237,5.0,0,3.0,84.0828235882685,44.54141179413425,제외,0.0,BULL,1.0,27.262360921866936,200일↑ | 20일돌파 | MACD+,,70.74742268041237
2026-04-25,288,288,인카금융서비스,211050,KQ,손해보험,11250.0,11629.5,13001.166666666666,13192.0,12861.35,0,40.44964211729728,0.07908452297721169,0.8783373926595013,0,-7.178217821782173,-8.163265306122447,-8.163265306122447,1440.2756782753663,,1584.3032461029031,DART,TRAILING_DART,,1440.2756782753663,7.81100463591187,17283.308139304398,53.62940568270575,74.85911369375874,0,3.0,14.19976058161851,44.529437137688625,제외,0.0,BULL,1.0,7.296791982808353,상승여력 54% | MACD+,,46.00515463917525
2026-04-25,289,289,산일전기,062040,KS,전기장비,222000.0,169540.0,157050.0,150130.0,135176.5,1,74.92221596764487,5842.940313942265,0.6120307820015536,1,12.064613831398274,48.693904889484266,48.693904889484266,4864.205152886495,6661.0,6661.0,DART,TRAILING_DART,,4864.205152886495,45.63952239314202,58370.46183463794,-73.70699917358652,5.0,0,3.0,83.98601509397687,44.49300754698844,제외,0.0,BULL,1.0,30.0,200일↑ | 20일돌파 | MACD+,,21.00515463917526
2026-04-25,290,290,코세스,089890,KQ,반도체와반도체장비,44100.0,27383.5,25676.166666666668,25707.25,20948.15,1,82.60943599082475,1987.5060383941664,1.3002931230835735,1,37.81250000000001,98.20224719101122,98.20224719101122,796.1186498950073,,875.730514884508,DART,TRAILING_DART,,796.1186498950073,55.393753187186284,9553.423798740087,-78.33690748585013,5.0,0,3.0,83.93201676711652,44.46600838355826,제외,0.0,BULL,1.0,30.0,200일↑ | 20일돌파 | MACD+,,72.29381443298969
2026-04-25,291,291,DL,000210,KS,화학,68600.0,63910.0,53365.833333333336,45895.833333333336,44587.25,1,64.29304131129786,-318.73143903795744,1.3573388630302383,1,6.19195046439629,9.584664536741204,9.584664536741204,-4595.286706874308,,-5054.815377561739,DART,TRAILING_DART,,-4595.286706874308,-14.928339486930815,-55143.4404824917,-180.38402402695584,5.0,1,3.0,83.8799869060072,44.4399934530036,제외,0.0,BULL,1.0,14.584285703179969,200일↑ | 20일돌파 | RSI우호,적자,75.0
2026-04-25,292,292,에이피알,278470,KS,화장품,450000.0,379900.0,327091.6666666667,284770.8333333333,254460.0,1,72.72110498374363,5365.356154995698,0.6559415037057115,1,7.270560190703224,37.61467889908256,37.61467889908256,7736.888030059174,13387.0,13387.0,DART,TRAILING_DART,,7736.888030059174,58.16292005928879,92842.65636071008,-79.36829858650887,5.0,0,3.0,83.80609694378529,44.403048471892646,제외,0.0,BULL,1.0,15.880089461626476,200일↑ | 20일돌파 | MACD+,,25.128865979381445
2026-04-25,293,293,LG전자,066570,KS,전자제품,127500.0,118060.0,116046.66666666667,104310.83333333333,93843.0,1,59.19032233767782,1422.8709274888324,1.0601119639313268,0,2.657004830917864,13.83928571428572,13.83928571428572,7492.412487484298,9479.0,9479.0,DART,TRAILING_DART,,7492.412487484298,17.017215778360093,89908.94984981159,-29.483176588383063,14.202220485164819,0,3.0,74.53283816570124,44.367529325433026,제외,0.0,BULL,1.0,17.017215778360093,200일↑ | RSI우호 | MACD+,,59.92268041237113
2026-04-25,294,294,쓰리빌리언,394800,KQ,건강관리기술,13930.0,12170.5,13551.666666666666,13876.666666666666,11138.3,1,58.86371846852249,249.74353035156452,5.953413945393029,1,9.340659340659329,3.4149962880475115,3.4149962880475115,-170.3731293533084,,-187.41044228863925,DART,TRAILING_DART,,-170.3731293533084,-81.76171942650004,-2044.4775522397008,-114.67679506274013,5.0,1,3.0,83.4132003877132,44.2066001938566,제외,0.0,BULL,1.0,5.0,200일↑ | 20일돌파 | 거래량x6.0 | RSI우호 | MACD+,적자,98.19587628865979
2026-04-25,295,295,동운아나텍,094170,KQ,반도체와반도체장비,44800.0,33985.0,30693.333333333332,28416.583333333332,24171.35,1,77.37512250998651,1483.767599486594,0.5674096694366952,1,6.921241050119331,46.16639477977162,46.16639477977162,48.82936470967677,,53.712301180644445,DART,TRAILING_DART,,48.82936470967677,917.4807058491538,585.9523765161211,-98.69207058813366,5.0,0,3.0,83.08031338929052,44.04015669464526,제외,0.0,BULL,1.0,30.0,200일↑ | 20일돌파 | MACD+,,16.881443298969074
2026-04-25,296,296,제이브이엠,054950,KQ,건강관리장비와용품,25200.0,24530.0,25185.833333333332,25601.666666666668,27031.0,0,53.56574837936724,116.94711351492701,1.8499576956263142,0,-0.1980198019801982,1.4084507042253502,1.4084507042253502,2345.0006449189123,2852.0,2852.0,DART|DAILY_DISC,TRAILING_DART,,2345.0006449189123,10.746265701292117,28140.007739026947,11.666697377091051,47.583353295109184,0,3.0,40.359926288655316,43.971639791882254,제외,0.0,BULL,1.0,9.791336353759029,상승여력 12% | 거래량x1.8 | RSI우호 | MACD+,EPS스크랩,85.82474226804123
2026-04-25,297,297,HD건설기계,267270,KS,기계,194700.0,158585.0,139321.66666666666,120339.16666666667,108914.0,1,81.06501686631516,3085.2210274657045,0.8168180134485288,1,19.52117863720073,49.65411222136817,49.65411222136817,1814.20521373629,9801.0,9801.0,DART,TRAILING_DART,,1814.20521373629,107.31972244695648,21770.46256483548,-88.81845785062379,5.0,0,3.0,82.9036414155188,43.9518207077594,제외,0.0,BULL,1.0,11.980468360394822,200일↑ | 20일돌파 | MACD+,,40.20618556701031
2026-04-25,298,298,실리콘투,257720,KQ,인터넷과카탈로그소매,48800.0,43637.5,42544.166666666664,42762.916666666664,44500.0,1,67.42344665074583,556.1486465211901,1.189203870282286,1,3.6093418259023347,25.773195876288657,25.773195876288657,2755.916321197632,3359.0,3359.0,DART,TRAILING_DART,,2755.916321197632,17.70735911850658,33070.995854371584,-32.231565872189385,11.797379861834287,0,3.0,76.07841483903852,43.9378973504364,제외,0.0,BULL,1.0,13.320350544399282,200일↑ | 20일돌파 | RSI우호 | MACD+,,67.5257731958763
2026-04-25,299,299,자화전자,033240,KS,통신장비,47100.0,37490.0,37964.166666666664,29943.25,25660.1,1,69.79024515159736,1377.0406159206673,1.2996796599894387,1,14.459295261239369,29.931034482758623,29.931034482758623,2181.4326902471416,,2399.575959271856,DART,TRAILING_DART,,2181.4326902471416,21.591314832026235,26177.192282965698,-44.4220970637671,5.0,0,3.0,82.86530498048458,43.93265249024229,제외,0.0,BULL,1.0,5.0,200일↑ | 20일돌파 | RSI우호 | MACD+,,72.16494845360825
2026-04-25,300,300,동국제약,086450,KQ,제약,25900.0,26420.0,21470.5,19643.5,19076.4,1,55.46849832162463,-453.5291714461807,0.57678615215128,0,0.19342359767891004,16.143497757847534,16.143497757847534,1634.5809739551391,1786.0,1786.0,DART,TRAILING_DART,,1634.5809739551391,15.845039439882054,19614.97168746167,-24.266518581229068,18.766796241424565,0,3.0,69.09589225772308,43.931344249573826,제외,0.0,BULL,1.0,7.667116084725663,200일↑ | RSI우호,,17.912371134020617
2026-04-25,301,301,큐라클,365270,KQ,제약,16590.0,14940.0,15102.333333333334,10847.166666666666,8606.325,1,58.27825559375562,191.0617140513372,1.0324233654679176,1,4.668769716088339,4.734848484848486,4.734848484848486,-826.1434075365505,,-908.7577482902057,DART,TRAILING_DART,,-826.1434075365505,-20.081259317276608,-9913.720890438606,-159.75720850173963,5.0,1,3.0,82.83562657559212,43.91781328779606,제외,0.0,BULL,1.0,7.667116084725663,200일↑ | 20일돌파 | RSI우호 | MACD+,적자,57.98969072164949
2026-04-25,302,302,피노,033790,KQ,전기제품,13390.0,10020.0,7103.75,6039.5,5296.975,1,78.30077667280487,232.57050283268177,0.2736481481718794,1,34.16833667334669,84.68965517241381,84.68965517241381,-86.01643352477092,,-94.618076877248,DART,TRAILING_DART,,-86.01643352477092,-155.66792822378486,-1032.197202297251,-107.70871697010642,5.0,1,3.0,82.7497226168554,43.8748613084277,제외,0.0,BULL,1.0,5.0,200일↑ | 20일돌파 | MACD+,적자,2.5773195876288657
2026-04-25,303,303,인바디,041830,KQ,건강관리장비와용품,30500.0,29002.5,30766.666666666668,30539.583333333332,29108.75,1,56.727351224866155,207.34991766156722,1.3908190800972766,1,3.5653650254668934,5.536332179930792,5.536332179930792,2224.452701611067,,2446.8979717721736,DART,TRAILING_DART,,2224.452701611067,13.711237814996146,26693.432419332803,-12.480549444810485,29.079519235790823,0,3.0,58.62373170145832,43.85162546862457,제외,0.0,BULL,1.0,9.791336353759029,200일↑ | 20일돌파 | RSI우호 | MACD+,,76.67525773195877
2026-04-25,304,304,KT&G,033780,KS,담배,176200.0,164715.0,161840.0,152069.16666666666,145657.5,1,70.31035495120592,1036.260345369537,1.0732187766779722,1,2.860478692352597,11.518987341772146,11.518987341772146,9612.384457183936,11414.0,11414.0,DART,TRAILING_DART,,9612.384457183936,18.330519423649843,115348.61348620724,-34.53540664800951,9.781519182991676,0,3.0,77.86906580928601,43.82529249613884,제외,0.0,BULL,1.0,18.330519423649843,200일↑ | 20일돌파 | MACD+,,60.953608247422686
2026-04-25,305,305,대웅제약,069620,KS,제약,152400.0,153900.0,163663.33333333334,166332.5,157390.5,0,46.020116381860184,321.4697922039909,0.7689569465026385,0,-1.10317975340688,-8.742514970059878,-8.742514970059878,16649.347980572344,13861.0,13861.0,DART,TRAILING_DART,,16649.347980572344,9.15351160765162,199792.1757668681,31.09722819348302,60.21319832576396,0,3.0,27.434237792613924,43.82371805918894,제외,0.0,BULL,1.0,7.667116084725663,상승여력 31% | RSI우호 | MACD+,,35.824742268041234
2026-04-25,306,306,영풍,000670,KS,핸드셋,68200.0,61365.0,59681.666666666664,57187.661881510416,50970.84953125,1,65.42270510316888,748.2958635974799,0.7073447135690735,1,4.601226993865026,14.237855946398659,14.237855946398659,1658.77930097711,,1824.6572310748213,DART,TRAILING_DART,,1658.77930097711,41.11457139586113,19905.35161172532,-70.81326743148779,5.0,0,3.0,82.60320952797213,43.80160476398606,제외,0.0,BULL,1.0,23.046435876701775,200일↑ | 20일돌파 | RSI우호 | MACD+,,29.7680412371134
2026-04-25,307,307,동진쎄미켐,005290,KQ,반도체와반도체장비,63200.0,51335.0,51165.833333333336,44572.5,40639.5,1,69.00583723291925,1385.4822044821096,0.9751405546896877,1,14.28571428571428,35.913978494623656,35.913978494623656,1830.0719996388568,,2013.0791996027424,DART,TRAILING_DART,,1830.0719996388568,34.53416041143287,21960.86399566628,-65.25179747521157,5.0,0,3.0,82.56564230120009,43.78282115060004,제외,0.0,BULL,1.0,30.0,200일↑ | 20일돌파 | RSI우호 | MACD+,,55.154639175257735
2026-04-25,308,308,SAMG엔터,419530,KQ,방송과엔터테인먼트,39450.0,34847.5,35586.666666666664,38849.583333333336,49077.75,0,62.55298610857142,561.6436872884084,1.4717092105948277,1,3.0026109660574507,16.200294550810025,16.200294550810025,3016.4277619843742,,3318.070538182812,DART,TRAILING_DART,,3016.4277619843742,13.078383807887908,36197.13314381249,-8.245543361692043,32.785149558519464,0,3.0,54.67878155237537,43.73196555544742,제외,0.0,BULL,1.0,13.565426316295,20일돌파 | RSI우호 | MACD+,,78.47938144329896
2026-04-25,309,309,두산2우B,000157,KS,복합기업,525000.0,444725.0,448500.0,457304.1666666667,429562.5,1,66.61831539612986,9915.837786515225,0.9504569504569504,1,11.46496815286624,16.407982261640797,16.407982261640797,,19872.0,19872.0,SCRAPE,CONSENSUS_SCRAPE,,19872.0,26.419082125603865,238464.0,-54.57828571428571,5.0,0,3.0,82.45104438312602,43.72552219156301,제외,0.0,BULL,1.0,11.889597626439988,200일↑ | 20일돌파 | RSI우호 | MACD+,EPS스크랩,52.70618556701031
2026-04-25,310,310,디아이,003160,KS,반도체와반도체장비,34650.0,30610.0,33265.0,28742.833333333332,23555.45,1,58.30463299633351,458.6244522365877,2.217560448069711,1,9.305993690851743,0.43478260869564966,0.43478260869564966,477.64271056537103,,525.4069816219081,DART,TRAILING_DART,,477.64271056537103,72.54376385015037,5731.712526784452,-83.45826110596117,5.0,0,3.0,82.35600036516918,43.67800018258459,제외,0.0,BULL,1.0,30.0,200일↑ | 20일돌파 | 거래량x2.2 | RSI우호 | MACD+,,90.07731958762886
2026-04-25,311,311,미래에셋벤처투자,100790,KQ,창업투자,62400.0,37200.0,27268.166666666668,19169.083333333332,14303.65,1,84.69806825536075,2874.0661477487283,0.9519817159753313,1,34.773218142548586,91.70506912442396,91.70506912442396,582.2234962597578,,640.4458458857337,DART,TRAILING_DART,,582.2234962597578,107.175337994536,6986.681955117094,-88.80339430269697,5.0,0,3.0,82.31751097032404,43.65875548516202,제외,0.0,BULL,1.0,27.354137919189263,200일↑ | 20일돌파 | MACD+,,52.9639175257732
2026-04-25,312,312,태광,023160,KQ,기계,47000.0,42560.0,33774.166666666664,28998.75,27085.3,1,67.81973562550897,-244.39707477289903,2.4662631919569913,0,5.7367829021372385,35.642135642135656,35.642135642135656,2532.717922304976,2054.0,2054.0,DART,TRAILING_DART,,2532.717922304976,18.557139579612656,30392.615067659714,-35.33486155817083,9.081996136600525,0,3.0,78.23541431027324,43.65870522343688,제외,0.0,BULL,1.0,11.980468360394822,200일↑ | 거래량x2.5 | RSI우호,,91.88144329896907
2026-04-25,313,313,휴림로봇,090710,KQ,기계,13250.0,11226.5,12955.166666666666,10090.875,7336.175,1,61.0376674373843,210.42956389309666,8.538878360846587,1,14.224137931034475,2.554179566563475,2.554179566563475,-251.7984731049733,,-276.97832041547065,DART,TRAILING_DART,,-251.7984731049733,-52.62144697150786,-3021.58167725968,-122.80439001705419,5.0,1,3.0,82.28498056846377,43.64249028423188,제외,0.0,BULL,1.0,11.980468360394822,200일↑ | 20일돌파 | 거래량x8.5 | RSI우호 | MACD+,적자,99.0979381443299
2026-04-25,314,314,신세계인터내셔날,031430,KS,"섬유,의류,신발,호화품",14790.0,12987.0,12556.666666666666,11625.333333333334,11359.65,1,74.55310074682598,229.08025564496336,0.8756587474292176,1,5.869720830350755,19.17808219178083,19.17808219178083,117.74988149545533,1074.0,1074.0,DART,TRAILING_DART,,117.74988149545533,125.60522195150433,1412.998577945464,-90.44625707947624,5.0,0,3.0,82.27267834781007,43.636339173905036,제외,0.0,BULL,1.0,7.756921109950797,200일↑ | 20일돌파 | MACD+,,45.618556701030926
2026-04-25,315,315,한화솔루션,009830,KS,에너지장비및서비스,49350.0,41353.75,43517.916666666664,35711.875,33940.5,1,62.90299871014439,1093.0222401755916,1.220407400140291,1,12.031782065834285,34.10326086956521,34.10326086956521,-3579.457341882489,235.0,235.0,DART,TRAILING_DART,,-3579.457341882489,-13.787006042107521,-42953.488102589865,-187.0384763983584,5.0,1,3.0,82.24776863838348,43.62388431919174,제외,0.0,BULL,1.0,30.0,200일↑ | 20일돌파 | RSI우호 | MACD+,적자,69.0721649484536
2026-04-25,316,316,싸이맥스,160980,KQ,반도체와반도체장비,31850.0,27905.0,23202.833333333332,19528.0,17396.4,1,72.99688234228964,244.31091988333037,0.6666116088694083,1,6.343906510851416,24.4140625,24.4140625,1367.544243843715,,1504.2986682280866,DART,TRAILING_DART,,1367.544243843715,23.28992289893318,16410.530926124582,-48.47557009066066,5.0,0,3.0,82.06282701666534,43.53141350833267,제외,0.0,BULL,1.0,30.0,200일↑ | 20일돌파 | MACD+,,26.288659793814436
2026-04-25,317,317,한텍,098070,KQ,에너지장비및서비스,46500.0,45530.0,41339.166666666664,38059.583333333336,39397.75,1,55.603378001257646,-336.11086900517535,0.9167579008831472,0,4.966139954853266,1.3071895424836555,1.3071895424836555,2766.720677581554,,3043.3927453397096,DART,TRAILING_DART,,2766.720677581554,16.80690081105209,33200.64813097865,-28.600756707572806,14.974337880873795,0,3.0,71.91993412611352,43.447136003493654,제외,0.0,BULL,1.0,30.0,200일↑ | RSI우호,,49.74226804123711
2026-04-25,318,318,SK증권,001510,KS,증권,3726.0,2542.95,1894.1166666666666,1281.325,1040.675,1,81.18654728063825,155.8985801500026,0.0,1,0.0,78.27751196172248,78.27751196172248,62.04812265887941,,68.25293492476736,DART|DAILY_DISC,TRAILING_DART,,62.04812265887941,60.05016494188467,744.5774719065529,-80.01670767829971,5.0,0,3.0,81.71909025691491,43.359545128457455,제외,0.0,BULL,1.0,10.699733683069372,200일↑ | 20일돌파 | MACD+,EPS스크랩,0.3865979381443299
2026-04-25,319,319,인텍플러스,064290,KQ,반도체와반도체장비,29450.0,24221.5,19123.333333333332,16346.833333333334,14878.0,1,68.11747535452844,431.01495015049613,1.6390592228130227,0,6.12612612612613,54.43104352385946,54.43104352385946,-258.0008163892275,,-283.8008980281503,DART,TRAILING_DART,,-258.0008163892275,-114.14692562666498,-3096.00979667073,-110.51276671195494,5.0,1,3.0,81.7095415677728,43.3547707838864,제외,0.0,BULL,1.0,30.0,200일↑ | 거래량x1.6 | RSI우호 | MACD+,적자,81.31443298969072
2026-04-25,320,320,한화투자증권,003530,KS,증권,7720.0,7181.0,7220.166666666667,6082.833333333333,6011.15,1,57.0874969208793,70.70011055310994,0.9264261650300443,0,2.251655629139071,7.371349095966617,7.371349095966617,475.46519650460135,,523.0117161550615,DART|DAILY_DISC,TRAILING_DART,,475.46519650460135,16.23672995784727,5705.582358055216,-26.093492771305492,17.168193825107693,0,3.0,69.49182953231607,43.330011678711884,제외,0.0,BULL,1.0,10.699733683069372,200일↑ | RSI우호 | MACD+,EPS스크랩,50.0
2026-04-25,321,321,SK네트웍스,001740,KS,복합기업,5680.0,5350.0,5332.833333333333,4949.666666666667,4796.175,1,58.4222157880825,25.583068701742597,1.5803737677067664,1,4.604051565377532,5.970149253731338,5.970149253731338,225.87433967988363,296.0,296.0,DART,TRAILING_DART,,225.87433967988363,25.146725422860687,2710.4920761586036,-52.28006908171472,5.0,0,3.0,81.58314986169799,43.291574930848995,제외,0.0,BULL,1.0,11.889597626439988,200일↑ | 20일돌파 | 거래량x1.6 | RSI우호 | MACD+,,80.54123711340206
2026-04-25,322,322,엘앤에프,066970,KS,전기제품,198500.0,176395.0,138088.33333333334,128360.0,107331.5,1,69.17136300262003,321.17698167414164,0.746229195028636,1,6.9504310344827624,37.370242214532865,37.370242214532865,-13259.76952440398,-71.0,-71.0,DART,TRAILING_DART,,-13259.76952440398,-14.97009428668199,-159117.23429284777,-180.15981576465882,5.0,1,3.0,81.42706286484497,43.213531432422485,제외,0.0,BULL,1.0,5.0,200일↑ | 20일돌파 | RSI우호 | MACD+,적자,33.634020618556704
2026-04-25,323,323,삼성카드,029780,KS,카드,53800.0,53705.0,57611.666666666664,55593.75,53908.0,0,43.13444620694196,232.25643087346089,0.8014823681447832,0,-1.1029411764705843,-2.1818181818181848,-2.1818181818181848,5575.083572999158,5697.0,5697.0,DART|DAILY_DISC,TRAILING_DART,,5575.083572999158,9.650079554064494,66901.00287598989,24.35130646094774,55.82834919961603,0,3.0,30.584958921723832,43.20665406066993,제외,0.0,BULL,1.0,9.650079554064494,상승여력 24% | MACD+,EPS스크랩,39.04639175257732
2026-04-25,324,324,코스맥스,192820,KS,화장품,227000.0,199760.0,192430.0,182770.83333333334,200318.5,1,70.60812729561607,2998.17538858654,1.2284659143381529,1,6.323185011709609,10.73170731707318,10.73170731707318,11549.061129252375,12485.0,12485.0,DART,TRAILING_DART,,11549.061129252375,19.655277382248542,138588.7335510285,-38.94769447091255,5.920767337951517,0,3.0,80.41403506523328,43.1674012015924,제외,0.0,BULL,1.0,15.880089461626476,200일↑ | 20일돌파 | MACD+,,69.58762886597938
2026-04-25,325,325,샘씨엔에스,252990,KQ,반도체와반도체장비,13820.0,10783.0,10623.833333333334,8837.333333333334,7515.85,1,73.72845833646987,431.2176749946509,0.8486258594499211,1,12.449145646867365,47.17784877529287,47.17784877529287,250.1409859120103,,275.15508450321136,DART,TRAILING_DART,,250.1409859120103,55.24884276606045,3001.6918309441235,-78.2800880539499,5.0,0,3.0,81.04711040935358,43.02355520467679,제외,0.0,BULL,1.0,30.0,200일↑ | 20일돌파 | MACD+,,43.81443298969072
2026-04-25,326,326,솔브레인,357780,KQ,반도체와반도체장비,469000.0,413600.0,421366.6666666667,347645.8333333333,303892.0,1,63.121168284474585,7009.860966838813,0.6678484634420498,1,9.579439252336442,18.434343434343425,18.434343434343425,10797.519150959188,20725.0,20725.0,DART,TRAILING_DART,,10797.519150959188,43.43590351107058,129570.22981151025,-72.3730853280362,5.0,0,3.0,81.00159017548245,43.000795087741224,제외,0.0,BULL,1.0,30.0,200일↑ | 20일돌파 | RSI우호 | MACD+,,26.417525773195877
2026-04-25,327,327,에스에프에이,056190,KQ,기계,32800.0,28667.5,30180.833333333332,26974.166666666668,25777.25,1,66.78887027450381,570.3573399335642,1.6720391293259211,1,11.186440677966104,18.19819819819819,18.19819819819819,1450.9773826219564,,1596.075120884152,DART,TRAILING_DART,,1450.9773826219564,22.605452292253855,17411.728591463478,-46.91546161139184,5.0,0,3.0,80.94272471189358,42.97136235594679,제외,0.0,BULL,1.0,11.980468360394822,200일↑ | 20일돌파 | 거래량x1.7 | RSI우호 | MACD+,,82.08762886597938
2026-04-25,328,328,현대엘리베이터,017800,KS,기계,96300.0,92820.0,93803.33333333333,89683.33333333333,86552.0,1,54.782013877313446,547.9862932578799,1.0845943900050696,0,-5.402750491159136,11.072664359861584,11.072664359861584,6888.3638595087,,7577.200245459571,DART,TRAILING_DART,,6888.3638595087,13.980097736426545,82660.36631410441,-14.16369022419065,27.606771053833178,0,3.0,58.10981375490956,42.85829240437137,제외,0.0,BULL,1.0,11.980468360394822,200일↑ | RSI우호 | MACD+,,61.5979381443299
2026-04-25,329,329,서진시스템,178320,KQ,전기장비,53800.0,47922.5,43312.5,34686.25,29621.3,1,62.70991867587984,597.437693743374,1.3175890773502925,0,7.17131474103585,24.106113033448672,24.106113033448672,-1728.8987235389534,,-1901.788595892849,DART,TRAILING_DART,,-1728.8987235389534,-31.1180749152701,-20746.78468246744,-138.5627968075603,5.0,1,3.0,80.53658674343134,42.76829337171567,제외,0.0,BULL,1.0,30.0,200일↑ | RSI우호 | MACD+,적자,73.32474226804123
2026-04-25,330,330,모베이스전자,012860,KQ,자동차부품,3740.0,3662.0,3890.5833333333335,2860.7166666666667,2281.82,1,50.34547629903038,24.123229045535805,0.5309606508972484,0,-4.225352112676061,10.650887573964507,10.650887573964507,283.9373374795075,,312.33107122745827,DART,TRAILING_DART,,283.9373374795075,13.171920372289627,3407.24804975409,-8.897110969141975,32.21502790200077,0,3.0,53.11457370928916,42.664800805644965,제외,0.0,BULL,1.0,8.065670984801612,200일↑ | RSI우호 | MACD+,,13.917525773195877
2026-04-25,331,331,GST,083450,KQ,반도체와반도체장비,44400.0,34750.0,31175.833333333332,29029.583333333332,25858.55,1,76.27122189264296,1168.746205654279,0.7584003292729503,0,4.470588235294115,64.14048059149722,64.14048059149722,2473.371574009767,,2720.708731410744,DART,TRAILING_DART,,2473.371574009767,17.95120493279538,29680.458888117202,-33.152119621357656,10.991895331312051,0,3.0,74.30824955331221,42.65007244231213,제외,0.0,BULL,1.0,30.0,200일↑ | MACD+,,34.66494845360825
2026-04-25,332,332,우주일렉트로,065680,KQ,핸드셋,38750.0,29300.0,30269.166666666668,33312.916666666664,35800.25,1,76.9270364230832,1412.406320170829,1.3848064081403977,1,20.90483619344774,33.85146804835924,33.85146804835924,2328.345465182457,,2561.180011700703,DART,TRAILING_DART,,2328.345465182457,16.64271929550773,27940.14558218948,-27.896398497575536,15.590651314621406,0,3.0,69.60906603405637,42.59985867433889,제외,0.0,BULL,1.0,23.046435876701775,200일↑ | 20일돌파 | MACD+,,76.28865979381443
2026-04-25,333,333,LG,003550,KS,복합기업,96000.0,90970.0,92723.33333333333,87775.0,83459.0,1,57.42855222817057,782.9700544679944,0.6744241338672853,0,1.2658227848101333,7.86516853932584,7.86516853932584,6484.961232890973,7820.0,7820.0,DART|DAILY_DISC,TRAILING_DART,,6484.961232890973,14.803480938806404,77819.53479469169,-18.93798458886282,23.429263484745032,0,3.0,61.63918058205439,42.53422203339971,제외,0.0,BULL,1.0,11.889597626439988,200일↑ | RSI우호 | MACD+,EPS스크랩,27.31958762886598
2026-04-25,334,334,태광산업,003240,KS,화학,1229000.0,1186000.0,1136516.6666666667,959991.6666666666,954890.0,1,54.45675136496543,426.8093682185972,0.7857319996693395,0,-2.692003167062551,4.418011894647411,4.418011894647411,74675.45160499371,,82142.99676549308,DART,TRAILING_DART,,74675.45160499371,16.4578850691251,896105.4192599244,-27.086621703830392,16.299206009148406,0,3.0,68.61311471433056,42.456160361739485,제외,0.0,BULL,1.0,14.584285703179969,200일↑ | RSI우호 | MACD+,,37.24226804123711
2026-04-25,335,335,한국카본,017960,KS,조선,50800.0,46902.5,42429.166666666664,37038.75,34611.5,1,59.359751781104386,257.8127648958002,1.387645768859661,0,-2.49520153550864,25.43209876543211,25.43209876543211,1996.151009165024,2421.0,2421.0,DART,TRAILING_DART,,1996.151009165024,25.44897643853572,23953.81210998029,-52.84682655515691,5.0,0,3.0,79.68990018135416,42.34495009067708,제외,0.0,BULL,1.0,22.008505802553593,200일↑ | RSI우호 | MACD+,,76.41752577319588
2026-04-25,336,336,가비아,079940,KQ,IT서비스,30500.0,28195.0,29697.5,30176.25,28434.25,1,59.37662627638982,398.80858079497864,0.20374980366486403,0,1.1608623548922115,13.594040968342647,13.594040968342647,2318.759658449599,,2550.6356242945594,DART,TRAILING_DART,,2318.759658449599,13.153584024483731,27825.11590139519,-8.770111798704294,32.326152176133746,0,3.0,52.33614772426772,42.33114995020073,제외,0.0,BULL,1.0,15.002925450414125,200일↑ | RSI우호 | MACD+,,1.675257731958763
2026-04-25,337,337,롯데웰푸드,280360,KS,식품,121400.0,113785.0,117543.33333333333,117538.33333333333,117442.0,1,61.88439776573089,959.1228943830367,2.227819347942277,1,4.475043029259895,4.475043029259895,4.475043029259895,7672.584649979676,11712.0,11712.0,DART,TRAILING_DART,,7672.584649979676,15.822568995745335,92071.01579975612,-24.158965568569922,18.86090512750132,0,3.0,65.76769004401758,42.31429758575945,제외,0.0,BULL,1.0,7.681161075476895,200일↑ | 20일돌파 | 거래량x2.2 | RSI우호 | MACD+,,90.20618556701031
2026-04-25,338,338,엑스게이트,356680,KQ,소프트웨어,12930.0,10246.0,8273.166666666666,8126.666666666667,7988.8,1,59.31701190783871,380.9215240937483,0.5970371697318859,0,-13.742494996664444,80.08356545961001,80.08356545961001,135.72801022383666,,149.30081124622035,DART,TRAILING_DART,,135.72801022383666,95.26405035096597,1628.7361226860398,-87.40343292586202,5.0,0,3.0,79.52963860434332,42.26481930217166,제외,0.0,BULL,1.0,30.0,200일↑ | RSI우호 | MACD+,,19.45876288659794
2026-04-25,339,339,LIG아큐버,073490,KQ,통신장비,51500.0,45800.0,39219.166666666664,31350.416666666668,27080.1,1,59.20290255200653,755.4439986130569,0.5486346279651921,0,7.628004179728309,20.186697782963826,20.186697782963826,-157.62488601163147,,-173.38737461279464,DART,TRAILING_DART,,-157.62488601163147,-326.7250578452422,-1891.4986321395777,-103.67281287794093,5.0,1,3.0,79.43791814853182,42.21895907426591,제외,0.0,BULL,1.0,5.0,200일↑ | RSI우호 | MACD+,적자,15.206185567010309
2026-04-25,340,340,아이씨티케이,456010,KQ,통신장비,22200.0,18345.5,16789.333333333332,16270.833333333334,15218.0,1,59.684709036751094,637.3808415546819,0.2945197621174578,0,-13.953488372093027,44.62540716612378,44.62540716612378,-480.5109405551231,,-528.5620346106355,DART,TRAILING_DART,,-480.5109405551231,-46.20082109754433,-5766.131286661477,-125.97356435433097,5.0,1,3.0,79.39831820116032,42.19915910058016,제외,0.0,BULL,1.0,5.0,200일↑ | RSI우호 | MACD+,적자,3.0927835051546393
2026-04-25,341,341,비에이치아이,083650,KQ,에너지장비및서비스,98300.0,94880.0,90563.33333333333,71125.83333333333,61171.25,1,54.10073955345453,397.42507342028784,2.4213389542551673,0,-0.4052684903748771,3.691983122362874,3.691983122362874,2106.8902526226493,,2317.5792778849145,DART,TRAILING_DART,,2106.8902526226493,46.65644063692284,25282.68303147179,-74.28007829962178,5.0,0,3.0,79.14375880245049,42.071879401225246,제외,0.0,BULL,1.0,30.0,200일↑ | 거래량x2.4 | RSI우호 | MACD+,,91.62371134020619
2026-04-25,342,342,한전KPS,051600,KS,전기유틸리티,63500.0,58495.0,58891.666666666664,55746.666666666664,54052.75,1,63.95204785157622,588.9260984539442,1.1899666396364852,1,6.365159128978215,7.6271186440677985,7.6271186440677985,2761.145848377778,3456.0,3456.0,DART,TRAILING_DART,,2761.145848377778,22.997698595786737,33133.75018053333,-47.82086585742783,5.0,0,3.0,79.12504499551976,42.06252249775988,제외,0.0,BULL,1.0,30.0,200일↑ | 20일돌파 | RSI우호 | MACD+,,67.65463917525774
2026-04-25,343,343,칩스앤미디어,094360,KQ,반도체와반도체장비,18700.0,16670.5,17386.666666666668,17068.5,16922.9,1,62.91878840207697,294.9309774381687,2.9671409624889087,1,5.649717514124286,11.04513064133017,11.04513064133017,277.6083204346229,,305.3691524780852,DART,TRAILING_DART,,277.6083204346229,67.36109339490736,3331.2998452154748,-82.18556232505094,5.0,0,3.0,79.05639484079153,42.02819742039576,제외,0.0,BULL,1.0,30.0,200일↑ | 20일돌파 | 거래량x3.0 | RSI우호 | MACD+,,94.0721649484536
2026-04-25,344,344,덕산테코피아,317330,KQ,반도체와반도체장비,23200.0,20466.5,18757.166666666668,18685.166666666668,18377.25,1,62.20093305026452,435.8729257244181,0.7040243010010355,0,-9.551656920077978,46.095717884130984,46.095717884130984,-5154.690951283671,,-5670.160046412038,DART,TRAILING_DART,,-5154.690951283671,-4.50075479194781,-61856.29141540405,-366.6219457560519,5.0,1,3.0,79.04716308882075,42.023581544410376,제외,0.0,BULL,1.0,30.0,200일↑ | RSI우호 | MACD+,적자,29.381443298969074
2026-04-25,345,345,국도화학,007690,KS,화학,41600.0,38520.0,37754.166666666664,35220.416666666664,35991.0,1,60.64572589594255,285.9424027735138,1.3464718696182754,0,-2.117647058823524,12.890094979647216,12.890094979647216,2364.6661338851627,,2601.13274727368,DART|DAILY_DISC,TRAILING_DART,,2364.6661338851627,17.592335511504498,28375.993606621952,-31.78847690715877,12.185082706236077,0,3.0,71.81595113342222,42.000516919829145,제외,0.0,BULL,1.0,14.584285703179969,200일↑ | RSI우호 | MACD+,EPS스크랩,74.61340206185567
2026-04-25,346,346,태성,323280,KQ,전자장비와기기,76500.0,58295.0,66511.66666666667,54284.166666666664,43774.0,1,68.8428517906512,2987.663506230342,1.1358023549434388,1,32.12435233160622,31.89655172413792,31.89655172413792,-83.08275491699189,,-91.39103040869108,DART,TRAILING_DART,,-83.08275491699189,-920.7686971433635,-996.9930590039027,-101.3032589006587,5.0,1,3.0,78.94756532634943,41.97378266317472,제외,0.0,BULL,1.0,30.0,200일↑ | 20일돌파 | RSI우호 | MACD+,적자,64.81958762886599
2026-04-25,347,347,서울반도체,046890,KQ,디스플레이장비및부품,11190.0,10243.0,9473.5,7864.666666666667,7428.8,1,59.507872940086244,31.001026421797064,1.4243613263162103,0,6.774809160305351,17.789473684210535,17.789473684210535,-1029.1724466687476,,-1132.0896913356223,DART,TRAILING_DART,,-1029.1724466687476,-10.872813430071982,-12350.069360024972,-210.36701840951716,5.0,1,3.0,78.90838672431423,41.95419336215711,제외,0.0,BULL,1.0,15.281955431289658,200일↑ | RSI우호 | MACD+,적자,77.19072164948454
2026-04-25,348,348,현대로템,064350,KS,우주항공과국방,233000.0,209845.0,208798.33333333334,202890.0,202518.5,1,64.38481650235852,3408.4878326280186,2.474494995185314,0,7.870370370370372,26.492942453854496,26.492942453854496,7059.519988278054,8562.0,8562.0,DART|DAILY_DISC,TRAILING_DART,,7059.519988278054,33.00507688722232,84714.23985933665,-63.641957141915604,5.0,0,3.0,78.85303055475887,41.92651527737944,제외,0.0,BULL,1.0,30.0,200일↑ | 거래량x2.5 | RSI우호 | MACD+,EPS스크랩,92.0103092783505
2026-04-25,349,349,동원시스템즈,014820,KS,포장재,28100.0,25660.0,26368.333333333332,26457.916666666668,27792.5,1,65.07474556076586,331.6136112084474,1.3688378063850464,1,8.4942084942085,7.047619047619058,7.047619047619058,1853.1409104985423,,2038.4550015483967,DART,TRAILING_DART,,1853.1409104985423,15.163444852361703,22237.690925982508,-20.86230987194837,21.745478862045175,0,3.0,62.00947074905316,41.87747480554917,제외,0.0,BULL,1.0,21.482478727116607,200일↑ | 20일돌파 | RSI우호 | MACD+,,75.38659793814433
2026-04-25,350,350,KG모빌리티,003620,KS,자동차,4180.0,3803.0,3776.0833333333335,3644.625,3571.85,1,63.13943799630314,39.21982599703129,1.4723749623926043,0,-4.128440366972475,21.511627906976738,21.511627906976738,230.1248183569315,,253.13730019262468,DART|DAILY_DISC,TRAILING_DART,,230.1248183569315,18.164055619227806,2761.497820283178,-33.93545884490005,10.306473510712458,0,3.0,73.44148201312433,41.8739777619184,제외,0.0,BULL,1.0,6.972710039133656,200일↑ | RSI우호 | MACD+,EPS스크랩,78.6082474226804
2026-04-25,351,351,상신이디피,091580,KQ,전기제품,26800.0,22998.0,18497.0,15849.666666666666,13514.4,1,63.55841934857935,484.89330572075914,0.7392188625546003,0,17.802197802197806,44.16352877891339,44.16352877891339,150.92915865202994,,166.02207451723294,DART,TRAILING_DART,,150.92915865202994,177.5667487936371,1811.1499038243592,-93.24197797080464,5.0,0,3.0,78.74758108820076,41.87379054410038,제외,0.0,BULL,1.0,5.0,200일↑ | RSI우호 | MACD+,,33.118556701030926
2026-04-25,352,352,애경케미칼,161000,KS,화학,16400.0,14327.5,11430.166666666666,10770.666666666666,10951.8,1,61.67659560848061,317.97726498187603,0.34073164851522697,0,12.947658402203865,76.34408602150538,76.34408602150538,-101.38283422896176,,-111.52111765185794,DART,TRAILING_DART,,-101.38283422896176,-161.76308469501296,-1216.594010747541,-107.41825616309477,5.0,1,3.0,78.68693013982835,41.843465069914174,제외,0.0,BULL,1.0,14.584285703179969,200일↑ | RSI우호 | MACD+,적자,4.639175257731959
2026-04-25,353,353,엘티씨,170920,KQ,반도체와반도체장비,46250.0,32920.0,28858.0,24069.333333333332,20196.6,1,73.01451891422037,1689.6967715216942,1.3323033317440818,0,33.09352517985611,36.229749631811494,36.229749631811494,1721.8318352128704,,1894.0150187341576,DART,TRAILING_DART,,1721.8318352128704,26.86092744607786,20661.982022554446,-55.325444275557956,5.0,0,3.0,78.49189987816082,41.74594993908041,제외,0.0,BULL,1.0,30.0,200일↑ | MACD+,,74.35567010309279
2026-04-25,354,354,유바이오로직스,206650,KQ,생물공학,13610.0,13437.0,13788.5,12940.5,13045.6,1,50.29071874440994,38.36232366950824,1.012701140049302,0,-2.2972002871500363,-4.424157303370791,-4.424157303370791,1123.646185786046,,1236.0108043646508,DART,TRAILING_DART,,1123.646185786046,12.112353668053553,13483.754229432554,-0.9275956691215725,39.18835378951862,0,3.0,44.27300204249936,41.730677916008986,제외,0.0,BULL,1.0,5.0,200일↑ | RSI우호 | MACD+,,57.087628865979376
2026-04-25,355,355,두산테스나,131970,KQ,반도체와반도체장비,122400.0,101790.0,82148.33333333333,64860.0,53663.25,1,70.24905272996341,2235.847661935559,1.122496937901731,0,9.48121645796065,13.01939058171746,13.01939058171746,78.13030501305981,2230.0,2230.0,DART,TRAILING_DART,,78.13030501305981,1566.613620406836,937.5636601567178,-99.23401661751902,5.0,0,3.0,78.37532219442068,41.68766109721034,제외,0.0,BULL,1.0,30.0,200일↑ | MACD+,,64.0463917525773
2026-04-25,356,356,한선엔지니어링,452280,KQ,기계,18290.0,15175.5,12846.0,11106.166666666666,10156.3,1,67.99905597818724,316.92490407806054,0.9618390862080952,0,6.399069226294363,34.287812041116,34.287812041116,464.2653236809755,,510.69185604907307,DART,TRAILING_DART,,464.2653236809755,39.39557633765505,5571.183884171705,-69.53972725985946,5.0,0,3.0,78.33332482241934,41.66666241120967,제외,0.0,BULL,1.0,11.980468360394822,200일↑ | RSI우호 | MACD+,,53.865979381443296
2026-04-25,357,357,에이치엠넥스,036170,KQ,디스플레이장비및부품,6940.0,5823.0,4096.85,2552.4416666666666,1894.29,1,59.79582010701957,86.15951246607665,0.5061083373650094,0,-9.870129870129873,5.631659056316596,5.631659056316596,177.79225089303253,,195.5714759823358,DART,TRAILING_DART,,177.79225089303253,39.03432216612974,2133.50701071639,-69.25782405307795,5.0,0,3.0,78.32460181243773,41.66230090621887,제외,0.0,BULL,1.0,15.281955431289658,200일↑ | RSI우호 | MACD+,,12.5
2026-04-25,358,358,아모텍,052710,KQ,핸드셋,23600.0,19887.5,14551.166666666666,12134.833333333334,11928.8,1,61.674954046784116,306.5484830668961,0.6487175167109882,0,-8.880308880308885,71.26269956458636,71.26269956458636,541.9121904598865,,596.1034095058751,DART,TRAILING_DART,,541.9121904598865,43.54949088702393,6502.9462855186375,-72.44514285797187,5.0,0,3.0,78.13966139568606,41.56983069784303,제외,0.0,BULL,1.0,23.046435876701775,200일↑ | RSI우호 | MACD+,,24.484536082474225
2026-04-25,359,359,에코프로머티,450080,KS,전기제품,82900.0,73955.0,69071.66666666667,63977.5,59525.75,1,63.060437303239986,871.6618372515645,1.0267208383136417,0,12.483039348711,12.94277929155314,12.94277929155314,341.6123018697297,,375.7735320567027,DART,TRAILING_DART,,341.6123018697297,242.67275957647757,4099.347622436757,-95.0550692129834,5.0,0,3.0,77.98012697912921,41.490063489564605,제외,0.0,BULL,1.0,5.0,200일↑ | RSI우호 | MACD+,,57.73195876288659
2026-04-25,360,360,원익홀딩스,030530,KQ,반도체와반도체장비,31850.0,29037.5,32964.166666666664,33226.25,24263.25,1,54.31910621750366,453.4671974329094,3.213242746290071,1,0.4731861198738141,8.149405772495765,8.149405772495765,652.8789639775799,,718.1668603753379,DART,TRAILING_DART,,652.8789639775799,48.78392743113981,7834.547567730959,-75.40173448122148,5.0,0,3.0,77.89411273656665,41.44705636828333,제외,0.0,BULL,1.0,30.0,200일↑ | 20일돌파 | 거래량x3.2 | RSI우호 | MACD+,,95.36082474226805
2026-04-25,361,361,네오티스,085910,KQ,자동차부품,27000.0,23577.5,18608.0,13034.0,9214.05,1,62.90918287947668,254.4889534442541,0.9393137569100852,0,4.651162790697683,22.44897959183674,22.44897959183674,449.9109430779792,,494.90203738577713,DART,TRAILING_DART,,449.9109430779792,60.01187660670063,5398.93131693575,-80.00395808542315,5.0,0,3.0,77.8027889963537,41.40139449817685,제외,0.0,BULL,1.0,8.065670984801612,200일↑ | RSI우호 | MACD+,,51.41752577319587
2026-04-25,362,362,툴젠,199800,KQ,생물공학,96200.0,73400.0,58878.333333333336,58862.083333333336,50431.25,1,72.3386522020876,2411.720490287891,1.146326303729348,0,2.777777777777768,71.4795008912656,71.4795008912656,-4087.722839738225,,-4496.495123712048,DART,TRAILING_DART,,-4087.722839738225,-23.533885190259273,-49052.674076858704,-150.9903056932003,5.0,1,3.0,77.75445438354423,41.377227191772114,제외,0.0,BULL,1.0,5.0,200일↑ | MACD+,적자,65.59278350515464
2026-04-25,363,363,맥쿼리인프라,088980,KS,기타,11390.0,11335.0,11361.166666666666,11377.25,11422.75,0,52.44444279147979,9.851581159187782,0.8081873677558924,0,0.2640845070422504,-0.17528483786152238,-0.17528483786152238,,,,EMPTY,FORWARD_AUTO,,,,,,,0,3.0,41.283281637329,41.283281637329,관찰,0.0,BULL,1.0,,RSI우호 | MACD+ | 비밸류평가,"EPS스크랩,EPS없음",39.43298969072165
2026-04-25,364,364,HJ중공업,097230,KS,건설,32050.0,26360.0,25509.833333333332,24328.25,22003.35,1,66.90959004354173,700.1641617305127,1.3714174669758943,0,12.259194395796857,30.549898167006106,30.549898167006106,569.7303728085914,,626.7034100894506,DART,TRAILING_DART,,569.7303728085914,56.254680335899224,6836.764473703097,-78.66844157970952,5.0,0,3.0,77.54431103632935,41.27215551816467,제외,0.0,BULL,1.0,10.126848544904743,200일↑ | RSI우호 | MACD+,,75.64432989690721
2026-04-25,365,365,천보,278280,KQ,전기제품,67600.0,58717.5,53804.166666666664,55416.25,51714.0,1,67.50687530792297,992.7931307255276,0.7398532367231595,0,2.4242424242424176,30.000000000000004,30.000000000000004,-4990.732255801526,,-5489.805481381679,DART,TRAILING_DART,,-4990.732255801526,-13.545106516467142,-59888.78706961831,-188.59288028050045,5.0,1,3.0,77.21527262341475,41.107636311707374,제외,0.0,BULL,1.0,5.0,200일↑ | RSI우호 | MACD+,적자,33.24742268041237
2026-04-25,366,366,CJ,001040,KS,복합기업,218000.0,201795.0,203551.66666666666,190693.33333333334,181267.0,1,60.85243566160361,1820.8391771486013,0.7049280641081127,1,1.631701631701632,7.389162561576357,7.389162561576357,4888.489795968729,11404.0,11404.0,DART,TRAILING_DART,,4888.489795968729,44.594549461834355,58661.87755162474,-73.09088185705286,5.0,0,3.0,77.2016017732229,41.10080088661145,제외,0.0,BULL,1.0,11.889597626439988,200일↑ | 20일돌파 | RSI우호 | MACD+,,29.510309278350515
2026-04-25,367,367,파두,440110,KQ,반도체와반도체장비,68100.0,56305.0,52865.0,38097.5,29337.0,1,65.50446647787646,1376.3531574359872,0.7636962270077366,0,15.423728813559311,33.0078125,33.0078125,-1522.0686285060565,,-1674.2754913566623,DART,TRAILING_DART,,-1522.0686285060565,-44.7417407629258,-18264.823542072678,-126.82059257279394,5.0,1,3.0,77.11506451199931,41.057532255999654,제외,0.0,BULL,1.0,30.0,200일↑ | RSI우호 | MACD+,적자,35.56701030927835
2026-04-25,368,368,코미팜,041960,KQ,제약,9850.0,8761.0,8452.333333333334,7616.75,6937.5,1,60.66825820529609,106.41560222429354,1.1397878730141449,0,-4.461687681862269,11.299435028248595,11.299435028248595,-108.65071266406667,,-119.51578393047336,DART,TRAILING_DART,,-108.65071266406667,-90.65748174570074,-1303.8085519688002,-113.23663504536854,5.0,1,3.0,77.10366490742847,41.05183245371423,제외,0.0,BULL,1.0,7.667116084725663,200일↑ | RSI우호 | MACD+,적자,65.4639175257732
2026-04-25,369,369,후성,093370,KS,화학,13090.0,10686.0,8685.666666666666,8393.916666666666,7337.45,1,66.15824904821581,276.4612110178732,0.4346381901886625,0,-5.282199710564395,77.61194029850746,77.61194029850746,65.5276775429249,,72.08044529721741,DART,TRAILING_DART,,65.5276775429249,199.7629168441869,786.3321305150989,-93.99287906405578,5.0,0,3.0,77.08633962563721,41.043169812818604,제외,0.0,BULL,1.0,14.584285703179969,200일↑ | RSI우호 | MACD+,,9.407216494845361
2026-04-25,370,370,코스모신소재,005070,KS,화학,63200.0,55740.0,53138.333333333336,50998.333333333336,47881.75,1,65.15388388208902,1009.2655104936227,0.9465354508459273,0,10.683012259194392,22.24371373307543,22.24371373307543,-15.741605634466874,,-17.31576619791356,DART,TRAILING_DART,,-15.741605634466874,-4014.8382234669302,-188.8992676136025,-100.29889124622406,5.0,1,3.0,77.0517880470451,41.02589402352255,제외,0.0,BULL,1.0,14.584285703179969,200일↑ | RSI우호 | MACD+,적자,52.31958762886598
2026-04-25,371,371,테스,095610,KQ,반도체와반도체장비,89700.0,76425.0,70535.0,57367.5,47913.75,1,65.39883519299025,1270.8489992729474,0.4118004781604216,0,1.931818181818179,47.290640394088676,47.290640394088676,2939.9688314049586,4008.0,4008.0,DART,TRAILING_DART,,2939.9688314049586,30.510527540910687,35279.625976859505,-60.669313292241355,5.0,0,3.0,77.02466699464276,41.01233349732138,제외,0.0,BULL,1.0,30.0,200일↑ | RSI우호 | MACD+,,7.603092783505154
2026-04-25,372,372,에스바이오메딕스,304360,KQ,생물공학,34300.0,29695.0,33164.166666666664,31565.833333333332,27663.2,1,60.51561173061208,739.7440253709366,1.313531368150942,1,6.687402799377917,2.235469448584193,2.235469448584193,-469.98942142543865,,-516.9883635679826,DART,TRAILING_DART,,-469.98942142543865,-72.98036601753921,-5639.873057105264,-116.44277859214363,5.0,1,3.0,77.01032363280521,41.005161816402605,제외,0.0,BULL,1.0,5.0,200일↑ | 20일돌파 | RSI우호 | MACD+,적자,73.06701030927834
2026-04-25,373,373,브이엠,089970,KQ,반도체와반도체장비,55800.0,47050.0,40693.333333333336,33689.166666666664,26021.95,1,68.83856423874039,901.7852451336257,0.7427694378480468,0,1.2704174228675091,24.83221476510067,24.83221476510067,1070.455589380418,2812.0,2812.0,DART,TRAILING_DART,,1070.455589380418,52.12733769954638,12845.467072565014,-76.9794496907437,5.0,0,3.0,76.88050229438694,40.94025114719347,제외,0.0,BULL,1.0,30.0,200일↑ | RSI우호 | MACD+,,33.376288659793815
2026-04-25,374,374,SK하이닉스,000660,KS,반도체와반도체장비,1222000.0,1038250.0,964733.3333333334,791716.6666666666,603405.0,1,67.92198705740064,19963.294045799666,0.7213951719343416,0,8.333333333333325,30.9753483386924,30.9753483386924,60260.64190203718,224066.0,224066.0,DART|DAILY_DISC,TRAILING_DART,,60260.64190203718,20.278575890156404,723127.7028244461,-40.8242469047098,5.0,0,3.0,76.82422175153012,40.91211087576506,제외,0.0,BULL,1.0,30.0,200일↑ | RSI우호 | MACD+,EPS스크랩,31.056701030927837
2026-04-25,375,375,자람테크놀로지,389020,KQ,통신장비,56000.0,52380.0,49355.0,43341.666666666664,41800.0,1,54.87152896381641,120.64916977281291,1.433781750835761,0,-1.5817223198594021,5.065666041275807,5.065666041275807,-1030.3971874758656,,-1133.4369062234523,DART,TRAILING_DART,,-1030.3971874758656,-54.347974432249366,-12364.766249710388,-122.0799397316257,5.0,1,3.0,76.79641151677917,40.89820575838959,제외,0.0,BULL,1.0,5.0,200일↑ | RSI우호 | MACD+,적자,77.44845360824742
2026-04-25,376,376,씨에스윈드,112610,KS,에너지장비및서비스,73200.0,66470.0,55717.5,49063.333333333336,47447.5,1,62.89574410887109,-2.45435349908621,1.460993400128369,0,12.615384615384606,21.594684385382056,21.594684385382056,951.6662022603326,4496.0,4496.0,DART,TRAILING_DART,,951.6662022603326,76.91772580148412,11419.994427123991,-84.39891471704372,5.0,0,3.0,76.76965240456484,40.88482620228242,제외,0.0,BULL,1.0,30.0,200일↑ | RSI우호,,78.22164948453609
2026-04-25,377,377,퍼스텍,010820,KS,우주항공과국방,14930.0,10969.5,7937.75,6004.708333333333,5374.55,1,67.21550824837345,448.47818763518035,0.36701643420970753,0,10.756676557863498,106.50069156293225,106.50069156293225,301.9529084122103,,332.14819925343136,DART,TRAILING_DART,,301.9529084122103,49.44479613893417,3623.434900946524,-75.73050970564954,5.0,0,3.0,76.70874705415234,40.85437352707617,제외,0.0,BULL,1.0,30.0,200일↑ | RSI우호 | MACD+,,6.314432989690721
2026-04-25,378,378,에프앤가이드,064850,KQ,IT서비스,29150.0,24059.0,19198.0,13976.083333333334,11704.05,1,66.01366097227526,398.0678207296992,0.42271997962710833,0,7.564575645756455,39.14081145584725,39.14081145584725,880.3930903149882,,968.432399346487,DART,TRAILING_DART,,880.3930903149882,33.110209883145124,10564.717083779859,-63.757402800069094,5.0,0,3.0,76.6003153868591,40.80015769342955,제외,0.0,BULL,1.0,15.002925450414125,200일↑ | RSI우호 | MACD+,,8.24742268041237
2026-04-25,379,379,티에프이,425420,KQ,반도체와반도체장비,63800.0,59785.0,52224.166666666664,45577.916666666664,41953.75,1,57.236471521451406,-76.7287114657388,1.2224898763434675,0,1.7543859649122862,-7.536231884057976,-7.536231884057976,1513.8339041745849,,1665.2172945920436,DART,TRAILING_DART,,1513.8339041745849,42.14464996725439,18166.00685009502,-71.52663503119902,5.0,0,3.0,76.5225160125958,40.7612580062979,제외,0.0,BULL,1.0,30.0,200일↑ | RSI우호,,69.20103092783505
2026-04-25,380,380,그린리소스,402490,KQ,반도체와반도체장비,22650.0,17737.0,13292.5,10660.083333333334,9797.625,1,67.84599059716115,467.8604109824555,0.3616118564657418,0,10.48780487804879,46.98247890979883,46.98247890979883,635.3949078432242,,698.9343986275467,DART,TRAILING_DART,,635.3949078432242,35.64712231780838,7624.738894118691,-66.33669362420004,5.0,0,3.0,76.48357478672816,40.74178739336408,제외,0.0,BULL,1.0,30.0,200일↑ | RSI우호 | MACD+,,5.927835051546391
2026-04-25,381,381,빛과전자,069540,KQ,통신장비,5240.0,4278.0,2372.65,1625.6,1382.355,1,59.18316925154819,34.117532128699054,0.6502503398539244,0,-10.580204778156999,73.50993377483444,73.50993377483444,-200.7228771653937,,-220.7951648819331,DART,TRAILING_DART,,-200.7228771653937,-26.105644129853175,-2408.6745259847244,-145.96707110657871,5.0,1,3.0,76.44630679148345,40.723153395741726,제외,0.0,BULL,1.0,5.0,200일↑ | RSI우호 | MACD+,적자,24.613402061855673
2026-04-25,382,382,일진하이솔루스,271940,KS,자동차부품,17460.0,16311.5,15871.333333333334,15359.916666666666,16246.55,1,61.66134060506725,114.44563055213979,1.8824910651081683,1,3.313609467455625,9.94962216624684,9.94962216624684,-55.053591794056096,,-60.55895097346171,DART,TRAILING_DART,,-55.053591794056096,-317.14552004734196,-660.6431015286731,-103.78375201333718,5.0,1,3.0,76.44281965577746,40.72140982788873,제외,0.0,BULL,1.0,8.065670984801612,200일↑ | 20일돌파 | 거래량x1.9 | RSI우호 | MACD+,적자,86.34020618556701
2026-04-25,383,383,에스비비테크,389500,KQ,기계,64700.0,55807.5,57286.666666666664,48052.5,37824.75,1,63.39130332465981,1251.9720953497103,1.7105968195097403,0,1.4106583072100332,30.181086519114686,30.181086519114686,-1420.421876547135,,-1562.4640642018487,DART,TRAILING_DART,,-1420.421876547135,-45.54984759688261,-17045.06251856562,-126.34476432544919,5.0,1,3.0,76.36117842838064,40.68058921419032,제외,0.0,BULL,1.0,11.980468360394822,200일↑ | 거래량x1.7 | RSI우호 | MACD+,적자,82.86082474226805
2026-04-25,384,384,HD현대중공업,329180,KS,조선,671000.0,508100.0,546041.6666666666,554220.8333333334,524530.0,1,75.87153978097056,24954.06163536068,1.115419184155051,1,30.544747081712064,34.60381143430291,34.60381143430291,13485.785488879346,25210.0,25210.0,DART|DAILY_DISC,TRAILING_DART,,13485.785488879346,49.75609322522001,161829.42586655216,-75.88235083956003,5.0,0,3.0,76.33003976926642,40.66501988463321,제외,0.0,BULL,1.0,22.008505802553593,200일↑ | 20일돌파 | MACD+,EPS스크랩,63.4020618556701
2026-04-25,385,385,석경에이티,357550,KQ,화학,59000.0,53345.0,55115.0,56549.166666666664,54737.0,1,62.417022488846,808.8524441864055,3.4273367140196984,1,9.869646182495352,10.486891385767795,10.486891385767795,696.2832445462878,,765.9115690009166,DART,TRAILING_DART,,696.2832445462878,84.7356308831553,8355.398934555455,-85.83830689058398,5.0,0,3.0,76.31044576962142,40.65522288481071,제외,0.0,BULL,1.0,14.584285703179969,200일↑ | 20일돌파 | 거래량x3.4 | RSI우호 | MACD+,,95.61855670103093
2026-04-25,386,386,더블유씨피,393890,KQ,전기제품,18630.0,16084.0,12340.833333333334,9749.666666666666,8834.3,1,65.16512284047809,218.65457657272214,0.3560885365447751,0,12.772397094430987,38.10229799851741,38.10229799851741,-4788.733741079139,-1881.0,-1881.0,DART,TRAILING_DART,,-4788.733741079139,-3.890381258867347,-57464.804892949665,-408.45305900670786,5.0,1,3.0,76.13570445601069,40.56785222800534,제외,0.0,BULL,1.0,5.0,200일↑ | RSI우호 | MACD+,적자,5.412371134020619
2026-04-25,387,387,피엔티,137400,KQ,전기제품,58300.0,51635.0,50768.333333333336,45654.166666666664,42131.0,1,64.10131469338276,906.0369066592295,1.05037009343209,0,7.962962962962972,14.990138067061153,14.990138067061153,2934.368050530148,,3227.804855583164,DART,TRAILING_DART,,2934.368050530148,19.86799167523209,35212.416606361774,-39.60134372836745,5.348824237678478,0,3.0,75.69640001023265,40.52261212395557,제외,0.0,BULL,1.0,5.0,200일↑ | RSI우호 | MACD+,,58.76288659793815
2026-04-25,388,388,알멕,354320,KQ,자동차부품,89800.0,72267.5,62319.166666666664,43617.0,35345.7,1,69.09248857475751,1662.6417799347,0.41310868430894604,0,0.22321428571427937,93.32615715823466,93.32615715823466,-958.65933794277,,-1054.525271737047,DART,TRAILING_DART,,-958.65933794277,-93.67248244064032,-11503.91205531324,-112.81059248921297,5.0,1,3.0,76.0383969375866,40.5191984687933,제외,0.0,BULL,1.0,8.065670984801612,200일↑ | RSI우호 | MACD+,적자,7.731958762886598
2026-04-25,389,389,한국쉘석유,002960,KS,화학,492500.0,492525.0,483841.6666666667,467575.0,454602.5,1,48.970769688532215,-345.205411757614,0.5872207292126269,0,-2.4752475247524774,2.604166666666674,2.604166666666674,37098.43268384616,,40808.275952230775,DART,TRAILING_DART,,37098.43268384616,13.275493447313483,445181.1922061539,-9.607879755095661,31.5931052142913,0,3.0,49.4372196829221,40.5151624486067,제외,0.0,BULL,1.0,14.584285703179969,200일↑ | RSI우호,,18.556701030927837
2026-04-25,390,390,피에스케이홀딩스,031980,KQ,반도체와반도체장비,113500.0,106715.0,96018.33333333333,72277.91666666667,59140.0,1,55.89973063371342,30.85649422366987,1.086004751525698,0,-4.541631623212783,13.841524573721165,13.841524573721165,4252.075763522558,4859.0,4859.0,DART,TRAILING_DART,,4252.075763522558,26.69284516839674,51024.9091622707,-55.0441328966778,5.0,0,3.0,75.91656889671913,40.458284448359564,제외,0.0,BULL,1.0,30.0,200일↑ | RSI우호 | MACD+,,61.72680412371135
2026-04-25,391,391,신흥에스이씨,243840,KQ,전기제품,10300.0,8485.5,6933.5,6128.25,5536.475,1,71.26234137992515,173.62291230075152,0.7194115429470329,0,11.956521739130444,37.700534759358284,37.700534759358284,-150.7493897736761,,-165.82432875104374,DART,TRAILING_DART,,-150.7493897736761,-68.32531803587166,-1808.9926772841134,-117.5630357017875,5.0,1,3.0,75.89193131215397,40.445965656076986,제외,0.0,BULL,1.0,5.0,200일↑ | MACD+,적자,30.670103092783506
2026-04-25,392,392,제우스,079370,KQ,반도체와반도체장비,17030.0,15572.0,17062.833333333332,15730.416666666666,14860.05,1,58.41312350474888,232.8900645118839,2.172784812771773,1,4.735547355473546,7.10691823899372,7.10691823899372,-455.749736321932,,-501.3247099541253,DART,TRAILING_DART,,-455.749736321932,-37.36699912859712,-5468.996835863184,-132.11389803795174,5.0,1,3.0,75.88994138985002,40.44497069492501,제외,0.0,BULL,1.0,30.0,200일↑ | 20일돌파 | 거래량x2.2 | RSI우호 | MACD+,적자,89.43298969072166
2026-04-25,393,393,이수스페셜티케미컬,457190,KS,화학,121600.0,103335.0,100610.0,80177.91666666667,67015.0,1,64.81527511543689,2826.09204110047,0.972897270174211,0,9.058295964125552,28.81355932203389,28.81355932203389,25.4649809562713,,28.01147905189844,DART,TRAILING_DART,,25.4649809562713,4775.185192905215,305.5797714752556,-99.74870084582626,5.0,0,3.0,75.7489320148421,40.37446600742105,제외,0.0,BULL,1.0,14.584285703179969,200일↑ | RSI우호 | MACD+,,55.02577319587629
2026-04-25,394,394,삼성전자,005930,KS,반도체와반도체장비,219500.0,202742.5,189330.83333333334,152524.58333333334,121805.5,1,60.777532992401625,1410.762578284006,0.7528965133746168,0,1.620370370370372,21.87673514714048,21.87673514714048,7732.577940801414,36464.0,36464.0,DART,TRAILING_DART,,7732.577940801414,28.386393474522254,92790.93528961697,-57.726225380584516,5.0,0,3.0,75.72912266589285,40.36456133294642,제외,0.0,BULL,1.0,30.0,200일↑ | RSI우호 | MACD+,,34.149484536082475
2026-04-25,395,395,한양디지텍,078350,KQ,반도체와반도체장비,33050.0,28547.5,27209.5,24597.083333333332,19682.95,1,62.125125570794594,352.89120150828984,0.8138621025455938,0,22.181146025877997,-5.164992826398851,-5.164992826398851,982.4153838443566,,1080.6569222287924,DART,TRAILING_DART,,982.4153838443566,33.64157416862691,11788.984606132279,-64.32984990580249,5.0,0,3.0,75.72147176174698,40.36073588087349,제외,0.0,BULL,1.0,30.0,200일↑ | RSI우호 | MACD+,,39.819587628865975
2026-04-25,396,396,LG에너지솔루션,373220,KS,전기제품,481000.0,422850.0,401275.0,410837.5,393800.0,1,68.33605782948264,7600.556767809803,0.8269635142016987,0,15.071770334928235,21.92648922686946,21.92648922686946,345.3119658119658,-416.0,-416.0,DART,TRAILING_DART,,345.3119658119658,1392.9433313119562,4143.74358974359,-99.13851484620714,5.0,0,3.0,75.6292470504109,40.31462352520545,제외,0.0,BULL,1.0,5.0,200일↑ | RSI우호 | MACD+,,41.365979381443296
2026-04-25,397,397,이수페타시스,007660,KS,전자장비와기기,153400.0,121055.0,116511.66666666667,119887.5,99202.5,1,66.75090263894313,4323.66854258177,0.916612261594828,0,27.51454696591853,33.39130434782609,33.39130434782609,2186.136344768904,3578.0,3578.0,DART,TRAILING_DART,,2186.136344768904,70.16945689003487,26233.63613722685,-82.89854228342448,5.0,0,3.0,75.61210540597259,40.30605270298629,제외,0.0,BULL,1.0,30.0,200일↑ | RSI우호 | MACD+,,49.61340206185567
2026-04-25,398,398,티엘비,356860,KQ,반도체와반도체장비,82800.0,75010.0,66567.5,64742.916666666664,53960.0,1,58.697998524684316,117.40478739160017,0.8368373655094896,0,1.595092024539868,13.26949384404925,13.26949384404925,1927.5419507293573,3663.0,3663.0,DART,TRAILING_DART,,1927.5419507293573,42.95626352965731,23130.503408752287,-72.06460940971947,5.0,0,3.0,75.56440014861245,40.282200074306225,제외,0.0,BULL,1.0,30.0,200일↑ | RSI우호 | MACD+,,41.881443298969074
2026-04-25,399,399,미원에스씨,268280,KS,화학,121400.0,122415.0,128590.0,133495.83333333334,137350.0,0,44.430751511717595,86.17069223761882,2.1371479132871256,0,-3.497615262321141,-3.497615262321141,-3.497615262321141,12260.5502104,,13486.605231440002,DART,TRAILING_DART,,12260.5502104,9.901676345407612,147126.6025248,21.191600102800656,53.77454006682043,0,3.0,26.776854721942797,40.27569739438161,제외,0.0,BULL,1.0,14.584285703179969,상승여력 21% | 거래량x2.1 | MACD+,,89.30412371134021
2026-04-25,400,400,티로보틱스,117730,KQ,기계,20250.0,18532.5,21009.166666666668,20106.5,16820.85,1,57.108760171718956,332.94511273863475,1.8254363807501857,1,2.3244062657908016,10.595303113052967,10.595303113052967,-1942.163665663327,,-2136.38003222966,DART,TRAILING_DART,,-1942.163665663327,-10.426515724710466,-23305.963987959924,-215.0911801874564,5.0,1,3.0,75.4857956485628,40.2428978242814,제외,0.0,BULL,1.0,11.980468360394822,200일↑ | 20일돌파 | 거래량x1.8 | RSI우호 | MACD+,적자,85.18041237113401
2026-04-25,401,401,제이오,418550,KQ,건설,12930.0,9588.5,8749.333333333334,8150.416666666667,8315.45,1,71.79502429268905,540.6843051128487,0.6614441360819542,0,39.331896551724135,61.021170610211705,61.021170610211705,-232.49689245061623,,-255.74658169567783,DART,TRAILING_DART,,-232.49689245061623,-55.61364654689486,-2789.962709407395,-121.57743781444235,5.0,1,3.0,75.39659579965894,40.19829789982947,제외,0.0,BULL,1.0,10.126848544904743,200일↑ | MACD+,적자,25.644329896907216
2026-04-25,402,402,한중엔시에스,107640,KQ,전기장비,67500.0,54740.0,52565.833333333336,50157.916666666664,44128.0,1,65.96196752721386,1937.3271423850342,0.7890169216199923,0,20.320855614973254,31.32295719844358,31.32295719844358,538.916831606057,,592.8085147666628,DART,TRAILING_DART,,538.916831606057,125.25123737337981,6467.001979272684,-90.41925632700342,5.0,0,3.0,75.39132558931937,40.19566279465968,제외,0.0,BULL,1.0,30.0,200일↑ | RSI우호 | MACD+,,37.628865979381445
2026-04-25,403,403,코미코,183300,KQ,반도체와반도체장비,149800.0,130960.0,118125.0,106081.66666666667,97727.5,1,68.21328717943119,1848.7717652096999,0.6171601432915591,0,-3.2924467398321444,39.34883720930233,39.34883720930233,7383.571095733319,,8121.928205306652,DART,TRAILING_DART,,7383.571095733319,20.288285716726374,88602.85314879983,-40.85256799145539,5.0,0,3.0,75.37935420708645,40.189677103543225,제외,0.0,BULL,1.0,30.0,200일↑ | RSI우호 | MACD+,,21.52061855670103
2026-04-25,404,404,효성티앤씨,298020,KS,"섬유,의류,신발,호화품",530000.0,457625.0,404658.3333333333,320691.6666666667,284422.5,1,70.98252402630435,5903.091759137984,0.891561900253262,0,8.717948717948708,32.00498132004981,32.00498132004981,8825.910448595807,37914.0,37914.0,DART|DAILY_DISC,TRAILING_DART,,8825.910448595807,60.050461999002316,105910.92538314968,-80.0168065314812,5.0,0,3.0,75.35308418524455,40.17654209262228,제외,0.0,BULL,1.0,7.756921109950797,200일↑ | MACD+,EPS스크랩,47.16494845360825
2026-04-25,405,405,LG화학,051910,KS,화학,391500.0,346000.0,331733.3333333333,347575.0,326207.5,1,68.46415597665883,5879.159845539183,0.9286425686012999,0,8.749999999999991,25.079872204472853,25.079872204472853,-13840.920395573214,-3822.0,-3822.0,DART,TRAILING_DART,,-13840.920395573214,-28.285691183168332,-166091.04474687856,-142.4242770745539,5.0,1,3.0,75.35010137125717,40.175050685628584,제외,0.0,BULL,1.0,14.584285703179969,200일↑ | RSI우호 | MACD+,적자,50.128865979381445
2026-04-25,406,406,부광약품,003000,KS,제약,7660.0,7806.5,6168.083333333333,5006.791666666667,4409.95,1,53.148118452177464,-163.22751826260168,1.9423831681056771,0,-5.080545229244116,-17.899249732047164,-17.899249732047164,126.01349225600724,,138.61484148160798,DART,TRAILING_DART,,126.01349225600724,60.787141621613436,1512.161907072087,-80.25898293639573,5.0,0,3.0,75.33235973046921,40.166179865234604,제외,0.0,BULL,1.0,7.667116084725663,200일↑ | 거래량x1.9 | RSI우호,,87.37113402061856
2026-04-25,407,407,씨아이에스,222080,KQ,전기제품,16490.0,12958.5,13038.166666666666,10137.916666666666,8957.95,1,69.59396757282177,543.4860104411811,1.657076916876139,0,29.4348508634223,34.94271685761048,34.94271685761048,369.3951190293502,,406.3346309322853,DART,TRAILING_DART,,369.3951190293502,44.64054653274883,4432.741428352203,-73.11860868191509,5.0,0,3.0,75.27212672911564,40.13606336455782,제외,0.0,BULL,1.0,5.0,200일↑ | 거래량x1.7 | RSI우호 | MACD+,,81.70103092783505
2026-04-25,408,408,동화기업,025900,KQ,건축자재,12160.0,11219.5,10431.166666666666,9747.166666666666,9608.9,1,63.790750125058274,102.08806890727033,0.652921038754218,0,3.93162393162394,15.919923736892283,15.919923736892283,-1105.4299272004023,,-1215.9729199204426,DART,TRAILING_DART,,-1105.4299272004023,-11.00024497328045,-13265.159126404827,-209.08847965793447,5.0,1,3.0,75.2524811767173,40.12624058835865,제외,0.0,BULL,1.0,5.9791646509456715,200일↑ | RSI우호 | MACD+,적자,24.871134020618555
2026-04-25,409,409,가온전선,000500,KS,전기장비,201500.0,127525.0,107708.33333333333,94672.5,81294.5,1,81.90174834208119,9752.310533651551,1.3058807450217798,0,37.26158038147138,84.35498627630376,84.35498627630376,3106.828732073736,,3417.51160528111,DART,TRAILING_DART,,3106.828732073736,64.85713162099651,37281.94478488483,-81.49779415142191,5.0,0,3.0,75.17882312230368,40.08941156115184,제외,0.0,BULL,1.0,30.0,200일↑ | MACD+,,72.68041237113401
2026-04-25,410,410,에스앤에스텍,101490,KQ,반도체와반도체장비,104800.0,92980.0,89898.33333333333,71446.66666666667,63617.0,1,61.69341104696574,902.6055123223123,1.0193671394756516,0,-0.2854424357754515,25.508982035928152,25.508982035928152,2722.9030879434563,,2995.1933967378022,DART,TRAILING_DART,,2722.9030879434563,38.48833271519514,32674.837055321477,-68.82172036705965,5.0,0,3.0,75.06742672140098,40.03371336070049,제외,0.0,BULL,1.0,30.0,200일↑ | RSI우호 | MACD+,,57.21649484536082
2026-04-25,411,411,성일하이텍,365340,KQ,전기제품,79900.0,68585.0,63564.166666666664,53413.75,47230.75,1,72.23291650857698,1481.3267625676617,0.5819190139661236,0,0.5031446540880502,33.3889816360601,33.3889816360601,-6563.038083629675,-318.0,-318.0,DART,TRAILING_DART,,-6563.038083629675,-12.174239884314591,-78756.4570035561,-198.5687822322354,5.0,1,3.0,74.84456008774072,39.92228004387036,제외,0.0,BULL,1.0,5.0,200일↑ | MACD+,적자,18.427835051546392
2026-04-25,412,412,삼아알미늄,006110,KS,비철금속,70000.0,49632.5,37053.333333333336,30694.166666666668,27534.45,1,72.68602327420481,1917.2426153335182,0.4213447503983393,0,32.0754716981132,142.63431542461004,142.63431542461004,-1645.694032415212,,-1810.2634356567328,DART,TRAILING_DART,,-1645.694032415212,-42.535245690396266,-19748.328388982543,-128.2118976985465,5.0,1,3.0,74.754991687784,39.877495843892,제외,0.0,BULL,1.0,19.13804753201511,200일↑ | MACD+,적자,8.118556701030927
2026-04-25,413,413,파미셀,005690,KS,화학,18280.0,16863.5,15967.0,15937.666666666666,14537.0,1,57.55774508585295,84.77556818243647,0.7383135982244889,0,-2.193686463349387,8.037825059101644,8.037825059101644,671.293309621593,958.0,958.0,DART,TRAILING_DART,,671.293309621593,27.231017705664915,8055.519715459117,-55.93260549530024,5.0,0,3.0,74.72128147112721,39.86064073556361,제외,0.0,BULL,1.0,14.584285703179969,200일↑ | RSI우호 | MACD+,,32.98969072164948
2026-04-25,414,414,필에너지,378340,KQ,전기제품,21100.0,16375.0,15606.166666666666,14513.0,13988.2,1,74.87372852259927,679.7926455331242,1.1576702152134184,0,32.7879169288861,45.51724137931035,45.51724137931035,-732.874184742725,,-806.1616032169976,DART,TRAILING_DART,,-732.874184742725,-28.7907535007624,-8794.4902169127,-141.6800484213872,5.0,1,3.0,74.71339719028575,39.85669859514287,제외,0.0,BULL,1.0,5.0,200일↑ | MACD+,적자,66.3659793814433
2026-04-25,415,415,삼성화재,000810,KS,손해보험,456000.0,463125.0,492775.0,490475.0,475025.0,0,43.03266944550999,339.1470902087103,1.268406824620404,0,-5.000000000000004,2.934537246049662,2.934537246049662,45249.75315523456,44013.0,44013.0,DART,TRAILING_DART,,45249.75315523456,10.077403039871594,542997.0378628147,19.078297776933063,52.40089355500649,0,3.0,27.194783715273925,39.79783863514021,제외,0.0,BULL,1.0,7.296791982808353,상승여력 19% | MACD+,,70.87628865979381
2026-04-25,416,416,오르비텍,046120,KQ,에너지장비및서비스,12480.0,11244.5,8490.166666666666,6282.291666666667,5290.625,1,61.80394182349661,-18.6477406006386,1.0815161213233297,0,10.63829787234043,7.586206896551717,7.586206896551717,24.091722690394988,,26.50089495943449,DART,TRAILING_DART,,24.091722690394988,518.0202412414282,289.10067228473986,-97.68348820284663,5.0,0,3.0,74.57806073052694,39.78903036526347,제외,0.0,BULL,1.0,30.0,200일↑ | RSI우호,,61.46907216494846
2026-04-25,417,417,비에이치,090460,KS,전자장비와기기,34000.0,25907.5,21437.333333333332,19260.333333333332,18082.4,1,73.23801862563771,1029.1449485259309,0.49736404122355454,0,8.280254777070063,56.682027649769594,56.682027649769594,1205.7601516430368,2657.0,2657.0,DART,TRAILING_DART,,1205.7601516430368,28.197979468528366,14469.121819716442,-57.44375935377517,5.0,0,3.0,74.55785049084368,39.77892524542184,제외,0.0,BULL,1.0,30.0,200일↑ | MACD+,,12.242268041237113
2026-04-25,418,418,올릭스,226950,KQ,생명과학도구및서비스,182300.0,170895.0,165766.66666666666,149156.66666666666,116791.0,1,55.193185314772556,825.0439267543668,1.4781311190422053,0,5.072046109510087,-9.07730673316708,-9.07730673316708,-775.4778005636587,,-853.0255806200246,DART,TRAILING_DART,,-775.4778005636587,-235.08087512949388,-9305.733606763904,-105.10462622422594,5.0,1,3.0,74.54365267249153,39.771826336245766,제외,0.0,BULL,1.0,5.0,200일↑ | RSI우호 | MACD+,적자,78.99484536082474
2026-04-25,419,419,PI첨단소재,178920,KS,화학,26100.0,23617.5,21153.5,18819.916666666668,18489.3,1,64.9147678617739,195.29727269621162,0.4253275483425946,0,1.3592233009708687,8.074534161490687,8.074534161490687,1034.6942918830623,1406.0,1406.0,DART|DAILY_DISC,TRAILING_DART,,1034.6942918830623,25.22484196998908,12416.331502596748,-52.42784864905461,5.0,0,3.0,74.52350169988311,39.761750849941556,제외,0.0,BULL,1.0,14.584285703179969,200일↑ | RSI우호 | MACD+,EPS스크랩,8.762886597938143
2026-04-25,420,420,메디포스트,078160,KQ,생물공학,26450.0,22714.5,22740.666666666668,19874.083333333332,16783.55,1,62.85037280966018,483.125053560889,0.9622097619252536,0,6.653225806451624,8.401639344262302,8.401639344262302,-2193.4025596943297,,-2412.742815663763,DART,TRAILING_DART,,-2193.4025596943297,-12.058889911975868,-26320.830716331955,-199.51164732072573,5.0,1,3.0,74.37761579215898,39.68880789607949,제외,0.0,BULL,1.0,5.0,200일↑ | RSI우호 | MACD+,적자,53.99484536082474
2026-04-25,421,421,한솔케미칼,014680,KS,화학,293000.0,275175.0,286241.6666666667,259954.16666666666,230132.0,1,56.755473198213046,2865.3502184562462,0.9586579771726637,1,1.736111111111116,7.326007326007322,7.326007326007322,13028.345038761428,15688.0,15688.0,DART,TRAILING_DART,,13028.345038761428,22.48942587322317,156340.14046513714,-46.64159028493613,5.0,0,3.0,74.30708009776265,39.653540048881325,제외,0.0,BULL,1.0,14.584285703179969,200일↑ | 20일돌파 | RSI우호 | MACD+,,53.608247422680414
2026-04-25,422,422,GS건설,006360,KS,건설,40750.0,34915.0,26499.833333333332,22795.416666666668,21413.45,1,65.09550127919285,277.80654616719767,0.431678839597553,0,4.487179487179493,55.23809523809524,55.23809523809524,1091.6262383372853,3140.0,3140.0,DART|DAILY_DISC,TRAILING_DART,,1091.6262383372853,37.32962672468236,13099.514860047424,-67.85395126368729,5.0,0,3.0,74.19282782278837,39.59641391139419,제외,0.0,BULL,1.0,10.126848544904743,200일↑ | RSI우호 | MACD+,EPS스크랩,8.891752577319588
2026-04-25,423,423,오로스테크놀로지,322310,KQ,반도체와반도체장비,33350.0,32800.0,29796.666666666668,27032.5,25399.5,1,52.16616493037641,-130.5770982655322,1.3295392215384552,0,-6.451612903225811,6.719999999999993,6.719999999999993,-685.5361083097689,,-754.0897191407458,DART,TRAILING_DART,,-685.5361083097689,-48.6480574775652,-8226.433299717228,-124.6669664159437,5.0,1,3.0,74.13907408250418,39.56953704125209,제외,0.0,BULL,1.0,30.0,200일↑ | RSI우호,적자,73.84020618556701
2026-04-25,424,424,포스코인터내셔널,047050,KS,무역회사와판매업체,81300.0,76540.0,72536.66666666667,63147.083333333336,58129.0,1,60.30801620544643,427.9171890942723,0.710505244198822,0,8.689839572192515,3.9641943734015417,3.9641943734015417,3619.7835041131793,4563.0,4563.0,DART|DAILY_DISC,TRAILING_DART,,3619.7835041131793,22.459906761721626,43437.40204935815,-46.57146119390142,5.0,0,3.0,74.09057998331768,39.54528999165884,제외,0.0,BULL,1.0,13.127190137223494,200일↑ | RSI우호 | MACD+,EPS스크랩,30.15463917525773
2026-04-25,425,425,메카로,241770,KQ,반도체와반도체장비,40200.0,38527.5,31681.666666666668,27590.833333333332,22757.9,1,60.572590129232225,-74.49577178569189,0.9311136011952403,0,4.551365409622887,8.64864864864865,8.64864864864865,1237.5476691024112,,1361.3024360126524,DART,TRAILING_DART,,1237.5476691024112,32.483597200871394,14850.572029228933,-63.05827853425639,5.0,0,3.0,74.08266951461981,39.541334757309905,제외,0.0,BULL,1.0,30.0,200일↑ | RSI우호,,50.77319587628865
2026-04-25,426,426,삼성생명,032830,KS,생명보험,244500.0,237575.0,220068.33333333334,189219.16666666666,170644.5,1,54.37731146569621,222.40364375675563,0.8878240780906166,0,-3.5502958579881616,9.641255605381161,9.641255605381161,12257.575,12321.0,12321.0,DART,TRAILING_DART,,12257.575,19.946849193253968,147090.90000000002,-39.84012269938649,5.13989263803682,0,3.0,73.94045703849092,39.54017483826387,제외,0.0,BULL,1.0,15.760579656509389,200일↑ | RSI우호 | MACD+,,46.52061855670103
2026-04-25,427,427,에스티큐브,052020,KQ,판매업체,18210.0,16331.5,12914.5,10372.666666666666,9237.2,1,65.34253377124594,-9.596905429078788,1.1369741951586958,0,10.497572815533985,-6.663249615581757,-6.663249615581757,-320.66229746070985,,-352.7285272067809,DART,TRAILING_DART,,-320.66229746070985,-56.78871555590734,-3847.947569528518,-121.13095864650477,5.0,1,3.0,73.99304131336473,39.496520656682364,제외,0.0,BULL,1.0,5.0,200일↑ | RSI우호,적자,65.07731958762886
2026-04-25,428,428,포스코퓨처엠,003670,KS,화학,252000.0,223975.0,219140.0,211254.16666666666,187697.5,1,66.55667453411576,4104.542271582635,0.8035135843938753,0,7.462686567164178,20.574162679425847,20.574162679425847,410.6064444784725,313.0,313.0,DART,TRAILING_DART,,410.6064444784725,613.7263635013697,4927.27733374167,-98.04473121676918,5.0,0,3.0,73.8768490116889,39.43842450584445,제외,0.0,BULL,1.0,14.584285703179969,200일↑ | RSI우호 | MACD+,,39.175257731958766
2026-04-25,429,429,덕산네오룩스,213420,KQ,디스플레이장비및부품,53100.0,49915.0,45135.0,41866.25,42183.5,1,57.1592080743376,14.228211666902553,0.5971907360274699,0,-4.8387096774193505,0.18867924528302993,0.18867924528302993,2172.965939394179,2949.0,2949.0,DART,TRAILING_DART,,2172.965939394179,24.436646261838895,26075.591272730147,-50.89342509843664,5.0,0,3.0,73.80689767160517,39.403448835802585,제외,0.0,BULL,1.0,15.281955431289658,200일↑ | RSI우호 | MACD+,,19.587628865979383
2026-04-25,430,430,아이티엠반도체,084850,KQ,전자장비와기기,18400.0,15291.5,12046.166666666666,11262.833333333334,11859.05,1,68.02314270793086,152.36470326249105,0.3446221712133366,0,3.603603603603611,47.55412991178829,47.55412991178829,-4124.637957461764,,-4537.10175320794,DART,TRAILING_DART,,-4124.637957461764,-4.460997592943421,-49495.65548954117,-368.99812766054987,5.0,1,3.0,73.7325823336192,39.3662911668096,제외,0.0,BULL,1.0,30.0,200일↑ | RSI우호 | MACD+,적자,4.896907216494846
2026-04-25,431,431,LIG디펜스앤에어로스페이스,079550,KS,우주항공과국방,989000.0,867150.0,683725.0,564125.0,548087.5,1,64.87047622461743,4489.606360767881,0.6702948274266889,0,12.899543378995437,34.55782312925171,34.55782312925171,10794.524381636364,17024.0,17024.0,DART,TRAILING_DART,,10794.524381636364,91.6205258364589,129534.29257963636,-86.90249822248369,5.0,0,3.0,73.7320477932322,39.3660238966161,제외,0.0,BULL,1.0,30.0,200일↑ | RSI우호 | MACD+,,27.061855670103093
2026-04-25,432,432,한국기업평가,034950,KQ,상업서비스와공급품,104800.0,101785.0,101881.66666666667,100306.66666666667,99571.0,1,64.00806855347545,389.43777063334755,1.1327736534147415,1,1.747572815533971,4.486540378863402,4.486540378863402,6470.528156503867,,7117.580972154254,DART,TRAILING_DART,,6470.528156503867,16.196514019440595,77646.3378780464,-25.909982940795416,17.328764926804013,0,3.0,61.385412928404214,39.35708892760411,제외,0.0,BULL,1.0,18.620430577385388,200일↑ | 20일돌파 | RSI우호 | MACD+,,64.30412371134021
2026-04-25,433,433,하나머티리얼즈,166090,KQ,반도체와반도체장비,71200.0,64415.0,62720.0,53726.25,44726.0,1,60.97065946523391,765.870236900359,0.6473370065142843,0,-1.2482662968099856,12.302839116719234,12.302839116719234,1940.3515812830165,3248.0,3248.0,DART,TRAILING_DART,,1940.3515812830165,36.694380898187795,23284.218975396197,-67.29744525927501,5.0,0,3.0,73.70689642866012,39.35344821433006,제외,0.0,BULL,1.0,30.0,200일↑ | RSI우호 | MACD+,,24.0979381443299
2026-04-25,434,434,RFHIC,218410,KQ,통신장비,100200.0,91615.0,72725.83333333333,52705.833333333336,42813.25,1,61.24797072456739,207.1434436028294,0.45209553640166367,0,7.395498392282951,21.601941747572816,21.601941747572816,1337.1457800084825,1657.0,1657.0,DART,TRAILING_DART,,1337.1457800084825,74.93573363359405,16045.749360101789,-83.98627808373075,5.0,0,3.0,73.66693039005388,39.33346519502694,제외,0.0,BULL,1.0,5.0,200일↑ | RSI우호 | MACD+,,9.793814432989691
2026-04-25,435,435,삼성SDI,006400,KS,전기제품,641000.0,500000.0,430033.3333333333,366804.1666666667,304226.5,1,78.97324763299157,17920.09419152014,0.7964759630405535,0,24.951267056530213,61.664564943253474,61.664564943253474,-7257.821081948583,1135.0,1135.0,DART,TRAILING_DART,,-7257.821081948583,-88.31851774278019,-87093.852983383,-113.58718455278986,5.0,1,3.0,73.54363843279162,39.27181921639581,제외,0.0,BULL,1.0,5.0,200일↑ | MACD+,적자,38.402061855670105
2026-04-25,436,436,한화비전,489790,KS,통신장비,81800.0,76855.0,73841.66666666667,59872.083333333336,58222.25,1,54.73057452355424,456.7770645420637,0.9958753430017865,0,3.1525851197982346,1.6149068322981464,1.6149068322981464,844.1495923122128,3417.0,3417.0,DART,TRAILING_DART,,844.1495923122128,96.9022561225687,10129.795107746553,-87.61638739884285,5.0,0,3.0,73.51662642634184,39.25831321317092,제외,0.0,BULL,1.0,5.0,200일↑ | RSI우호 | MACD+,,55.927835051546396
2026-04-25,437,437,SK텔레콤,017670,KS,무선통신서비스,100000.0,90300.0,81281.66666666667,67790.83333333333,62755.0,1,68.7822304229351,584.961977947135,0.7761595093442641,0,1.729399796541209,25.0,25.0,1746.281984482773,5734.0,5734.0,DART,TRAILING_DART,,1746.281984482773,57.264520214138706,20955.383813793276,-79.04461618620672,5.0,0,3.0,73.41620664450708,39.20810332225354,제외,0.0,BULL,1.0,30.0,200일↑ | RSI우호 | MACD+,,36.46907216494845
2026-04-25,438,438,전진건설로봇,079900,KS,기계,66800.0,63470.0,58450.833333333336,52855.0,51622.75,1,57.27423108797467,-54.49640432247088,0.2673628355824564,0,-2.7656477438136817,24.626865671641784,24.626865671641784,2004.201589921429,,2204.621748913572,DART,TRAILING_DART,,2004.201589921429,33.329980544830704,24050.41907905715,-63.99637862416594,5.0,0,3.0,73.41447104274776,39.20723552137388,제외,0.0,BULL,1.0,11.980468360394822,200일↑ | RSI우호,,2.448453608247423
2026-04-25,439,439,와이엠티,251370,KQ,화학,17480.0,16559.0,14208.5,12965.75,12383.45,1,59.07219089334297,-54.092750654142264,0.7635253823333725,0,0.7492795389048901,5.61933534743202,5.61933534743202,83.17366070314051,,91.49102677345458,DART,TRAILING_DART,,83.17366070314051,210.16268674753644,998.0839284376862,-94.29013770916656,5.0,0,3.0,73.23991420686504,39.11995710343252,제외,0.0,BULL,1.0,14.584285703179969,200일↑ | RSI우호,,35.43814432989691
2026-04-25,440,440,에스오에스랩,464080,KQ,전자장비와기기,16910.0,15356.0,17396.666666666668,15424.25,13589.55,1,55.6245636141005,293.86984618556755,1.3932013667610303,1,5.886036318096433,8.39743589743589,8.39743589743589,-986.348088445758,,-1084.9828972903338,DART,TRAILING_DART,,-986.348088445758,-17.14404904119194,-11836.177061349095,-169.99513342016024,5.0,1,3.0,73.23718927514297,39.11859463757148,제외,0.0,BULL,1.0,30.0,200일↑ | 20일돌파 | RSI우호 | MACD+,적자,76.80412371134021
2026-04-25,441,441,HD현대에너지솔루션,322000,KS,에너지장비및서비스,191000.0,164490.0,118481.66666666667,87627.5,71405.5,1,69.57797515804954,293.5093795294015,1.1179117791310895,0,19.077306733167077,48.52255054432349,48.52255054432349,3721.132036517857,6027.0,6027.0,DART,TRAILING_DART,,3721.132036517857,51.32846621017325,44653.58443821428,-76.62115997999253,5.0,0,3.0,73.20553967009354,39.10276983504677,제외,0.0,BULL,1.0,30.0,200일↑ | RSI우호 | MACD+,,63.65979381443299
2026-04-25,442,442,삼성전기,009150,KS,전자장비와기기,788000.0,578875.0,446233.3333333333,350000.0,278307.0,1,79.48496281813058,22920.57874141776,0.7593034846757027,0,16.05301914580266,72.4288840262582,72.4288840262582,9786.495465668211,14602.0,14602.0,DART,TRAILING_DART,,9786.495465668211,80.51911971597652,117437.94558801854,-85.096707412688,5.0,0,3.0,73.1652383865548,39.0826191932774,제외,0.0,BULL,1.0,30.0,200일↑ | MACD+,,34.92268041237113
2026-04-25,443,443,LG유플러스,032640,KS,무선통신서비스,16600.0,16526.5,16162.0,15665.333333333334,15335.95,1,51.24343972758049,-30.598634161034397,0.5351943167669316,0,-5.681818181818176,3.105590062111796,3.105590062111796,1184.7194213141197,1712.0,1712.0,DART,TRAILING_DART,,1184.7194213141197,14.011756455876172,14216.633055769436,-14.357632194160018,27.437071830109982,0,3.0,50.65461032020436,39.04584107515717,제외,0.0,BULL,1.0,30.0,200일↑ | RSI우호,,14.304123711340205
2026-04-25,444,444,비나텍,126340,KQ,전기장비,133000.0,120320.0,120686.66666666667,94698.98854166667,72503.37374023437,1,55.50636867450639,2231.274055500886,0.8162993871430434,0,6.485188150520416,9.826589595375722,9.826589595375722,-979.5357154056092,,-1077.48928694617,DART,TRAILING_DART,,-979.5357154056092,-135.77861216109608,-11754.42858486731,-108.83791622922354,5.0,1,3.0,73.09112515845821,39.045562579229106,제외,0.0,BULL,1.0,30.0,200일↑ | RSI우호 | MACD+,적자,40.07731958762887
2026-04-25,445,445,오킨스전자,080580,KQ,반도체와반도체장비,22450.0,21049.5,18108.833333333332,13898.0,11389.6,1,55.94546918219048,-17.10684602805486,0.44520666072710047,0,-10.55776892430279,8.45410628019323,8.45410628019323,378.52465038926834,,416.3771154281952,DART,TRAILING_DART,,378.52465038926834,59.30921533620809,4542.29580467122,-79.76705654934868,5.0,0,3.0,72.96143995527768,38.98071997763884,제외,0.0,BULL,1.0,30.0,200일↑ | RSI우호,,9.536082474226804
2026-04-25,446,446,코오롱인더,120110,KS,화학,87400.0,84900.0,71109.16666666667,56927.083333333336,49726.75,1,58.25947247355035,-563.7704035781753,0.8980422934623633,0,1.157407407407418,9.250000000000004,9.250000000000004,1722.2155002038332,4528.0,4528.0,DART|DAILY_DISC,TRAILING_DART,,1722.2155002038332,50.74858517395515,20666.586002445998,-76.35402059216705,5.0,0,3.0,72.89578999584695,38.94789499792348,제외,0.0,BULL,1.0,14.584285703179969,200일↑ | RSI우호,EPS스크랩,48.45360824742268
2026-04-25,447,447,파이버프로,368770,KQ,전자장비와기기,24200.0,22902.5,18502.833333333332,14009.0,10819.75,1,57.78914195217701,-62.95471343469012,0.220546722585569,0,-8.679245283018865,14.691943127962093,14.691943127962093,283.3454834499977,,311.6800317949975,DART,TRAILING_DART,,283.3454834499977,85.4081021703337,3400.1458013999722,-85.94981073801664,5.0,0,3.0,72.88411977856893,38.942059889284465,제외,0.0,BULL,1.0,30.0,200일↑ | RSI우호,,1.804123711340206
2026-04-25,448,448,뉴로메카,348340,KQ,기계,69900.0,62670.0,73085.0,55306.25,42925.25,1,56.20122156158805,1404.4680392751927,1.4831330313666433,1,5.58912386706949,5.429864253393668,5.429864253393668,-1778.9097711231643,,-1956.8007482354808,DART,TRAILING_DART,,-1778.9097711231643,-39.2937298645938,-21346.917253477972,-130.5392235385951,5.0,1,3.0,72.85250722506505,38.92625361253253,제외,0.0,BULL,1.0,11.980468360394822,200일↑ | 20일돌파 | RSI우호 | MACD+,적자,79.25257731958763
2026-04-25,449,449,명인제약,317450,KS,제약,57400.0,55920.0,59566.666666666664,64761.666666666664,,0,50.9845515364875,313.1476534362014,1.364473991400355,0,-0.5199306759098743,0.5253940455341555,0.5253940455341555,5577.754563972603,,6135.530020369864,DART,TRAILING_DART,,5577.754563972603,10.290879482355427,66933.05476767124,16.608109351343625,50.79527107837336,0,3.0,27.038392887363944,38.91683198286865,제외,0.0,BULL,1.0,7.667116084725663,상승여력 17% | RSI우호 | MACD+,,75.25773195876289
2026-04-25,450,450,크래프톤,259960,KS,게임엔터테인먼트,274500.0,250050.0,245791.66666666666,248137.5,277900.0,0,66.1618854494044,3076.1954129344795,1.4448557505920605,1,4.174573055028463,7.8585461689587355,7.8585461689587355,15476.990995967164,21054.0,21054.0,DART,TRAILING_DART,,15476.990995967164,17.736005666187076,185723.89195160597,-32.34102296844955,11.701604902606643,0,3.0,66.09579807656964,38.89870148958814,제외,0.0,BULL,1.0,10.647409226280267,20일돌파 | RSI우호 | MACD+,,77.83505154639175
2026-04-25,451,451,우진,105840,KS,기계,28750.0,24522.5,25313.333333333332,21519.333333333332,17827.85,1,63.67924073792909,615.7814006408464,1.0871090680006485,0,12.745098039215685,17.827868852459016,17.827868852459016,547.0984810624195,,601.8083291686615,DART,TRAILING_DART,,547.0984810624195,52.5499539756899,6565.181772749034,-77.16458513826423,5.0,0,3.0,72.58959097199387,38.794795485996936,제외,0.0,BULL,1.0,11.980468360394822,200일↑ | RSI우호 | MACD+,,61.855670103092784
2026-04-25,452,452,대우건설,047040,KS,건설,32800.0,24148.5,14431.166666666666,9101.25,6994.975,1,78.7957654412635,675.3131672844593,0.32884662853896285,0,14.28571428571428,106.28930817610063,106.28930817610063,-2229.4049795492,698.0,698.0,DART|DAILY_DISC,TRAILING_DART,,-2229.4049795492,-14.71244583235495,-26752.8597545904,-181.56359681277561,5.0,1,3.0,72.57294091383446,38.78647045691723,제외,0.0,BULL,1.0,10.126848544904743,200일↑ | MACD+,"EPS스크랩,적자",3.994845360824742
2026-04-25,453,453,SK이노베이션,096770,KS,석유와가스,132900.0,123255.0,118600.0,115679.16666666667,113606.5,1,64.74392765617819,1237.1831824053115,0.8221742543424441,0,2.7047913446677008,19.299820466786354,19.299820466786354,-32158.24770071228,995.0,995.0,DART,TRAILING_DART,,-32158.24770071228,-4.132687863992551,-385898.97240854736,-390.36792506286486,5.0,1,3.0,72.5564426695074,38.7782213347537,제외,0.0,BULL,1.0,7.57314004680444,200일↑ | RSI우호 | MACD+,적자,40.850515463917525
2026-04-25,454,454,비츠로셀,082920,KQ,전기제품,57200.0,46255.0,31228.333333333332,24124.583333333332,20358.125,1,71.9646792203802,505.06484105698837,0.5631112001069096,0,1.5985790408525657,64.60431654676259,64.60431654676259,1255.5231602914166,1673.0,1673.0,DART,TRAILING_DART,,1255.5231602914166,45.55869760835271,15066.277923497,-73.66035328059965,5.0,0,3.0,72.54453652958341,38.772268264791705,제외,0.0,BULL,1.0,5.0,200일↑ | MACD+,,16.623711340206185
2026-04-25,455,455,에스피지,058610,KQ,전기제품,118900.0,110605.0,125620.0,96207.08333333333,68602.5,1,54.86394328671884,1600.9577088665997,1.7373462645227926,1,3.752181500872598,6.828391734052119,6.828391734052119,411.831043235083,,453.0141475585913,DART,TRAILING_DART,,411.831043235083,288.71063013122364,4941.972518820996,-95.8435891347174,5.0,0,3.0,72.4227273260655,38.71136366303275,제외,0.0,BULL,1.0,5.0,200일↑ | 20일돌파 | 거래량x1.7 | RSI우호 | MACD+,,83.76288659793815
2026-04-25,456,456,신성이엔지,011930,KS,반도체와반도체장비,3995.0,3585.0,2730.116666666667,2187.0666666666666,1972.625,1,61.746971284347886,-3.796886839455965,0.0,0,-4.196642685851315,55.750487329434705,55.750487329434705,-39.80866134668366,,-43.789527481352025,DART,TRAILING_DART,,-39.80866134668366,-100.35504497899454,-477.70393616020385,-111.95754533567468,5.0,1,3.0,72.28163208106915,38.640816040534574,제외,0.0,BULL,1.0,30.0,200일↑ | RSI우호,적자,0.3865979381443299
2026-04-25,457,457,POSCO홀딩스,005490,KS,철강,415000.0,370150.0,363441.6666666667,340137.5,323260.0,1,69.19528576197659,6361.217760581836,0.7266590471856831,0,7.792207792207795,21.16788321167884,21.16788321167884,6365.393138701126,22435.0,22435.0,DART,TRAILING_DART,,6365.393138701126,65.19628732384655,76384.71766441352,-81.5940439362859,5.0,0,3.0,72.27243874057433,38.636219370287165,제외,0.0,BULL,1.0,21.676807840290483,200일↑ | RSI우호 | MACD+,,31.572164948453608
2026-04-25,458,458,삼화콘덴서,001820,KS,전기제품,63600.0,60450.0,50570.0,40744.166666666664,36156.75,1,57.1953137905692,-236.5011907744274,0.455343507884792,0,-1.851851851851849,13.36898395721926,13.36898395721926,1212.931936026936,,1334.2251296296297,DART,TRAILING_DART,,1212.931936026936,52.434929043361926,14555.183232323232,-77.11449177307668,5.0,0,3.0,72.22518319526529,38.612591597632644,제외,0.0,BULL,1.0,5.0,200일↑ | RSI우호,,10.18041237113402
2026-04-25,459,459,현대힘스,460930,KQ,조선,21200.0,18909.5,18374.333333333332,18709.083333333332,20469.45,1,65.63574735404183,305.48950889098097,1.1965111221665643,1,8.717948717948708,12.407211028632027,12.407211028632027,602.5866977562886,,662.8453675319175,DART,TRAILING_DART,,602.5866977562886,35.181659467322284,7231.040373075462,-65.89131899492706,5.0,0,3.0,72.11153643869102,38.55576821934551,제외,0.0,BULL,1.0,22.008505802553593,200일↑ | 20일돌파 | RSI우호 | MACD+,,68.1701030927835
2026-04-25,460,460,NHN,181710,KS,IT서비스,41050.0,39220.0,37265.0,34120.416666666664,31535.5,1,55.326086837305425,225.20410142903415,0.29712717773887226,0,4.187817258883242,-1.9115890083632014,-1.9115890083632014,1584.8642941368155,3160.0,3160.0,DART|DAILY_DISC,TRAILING_DART,,1584.8642941368155,25.901271264589614,19018.371529641787,-53.67022769880199,5.0,0,3.0,72.01587291968592,38.50793645984296,제외,0.0,BULL,1.0,15.002925450414125,200일↑ | RSI우호 | MACD+,EPS스크랩,3.221649484536082
2026-04-25,461,461,두산로보틱스,454910,KS,기계,94100.0,88355.0,95255.0,89370.83333333333,79316.5,1,56.942220718635944,890.569735419163,1.2869060096202332,1,0.6417112299465177,10.187353629976581,10.187353629976581,-856.14561342043,,-941.7601747624732,DART,TRAILING_DART,,-856.14561342043,-109.9112096411455,-10273.74736104516,-110.91790367805012,5.0,1,3.0,72.0146012165272,38.5073006082636,제외,0.0,BULL,1.0,11.980468360394822,200일↑ | 20일돌파 | RSI우호 | MACD+,적자,71.64948453608247
2026-04-25,462,462,RF머트리얼즈,327260,KQ,우주항공과국방,92300.0,86145.0,61471.666666666664,41262.916666666664,28775.85,1,56.68530227503423,-585.5853870124538,0.7805094063998333,0,-8.52329038652131,35.735294117647065,35.735294117647065,1221.5327405626867,,1343.6860146189556,DART,TRAILING_DART,,1221.5327405626867,75.56080728338311,14658.39288675224,-84.11875093526301,5.0,0,3.0,71.94276644952708,38.47138322476354,제외,0.0,BULL,1.0,30.0,200일↑ | RSI우호,,36.72680412371135
2026-04-25,463,463,제일기획,030000,KS,광고,19750.0,19460.0,20553.333333333332,21179.166666666668,20848.3,0,48.08232123525436,106.94983544393591,0.8465124382678938,0,-0.5037783375314908,-0.4034291477559293,-0.4034291477559293,1813.371840338105,1989.0,1989.0,DART|DAILY_DISC,TRAILING_DART,,1813.371840338105,10.891312835384934,21760.46208405726,10.17955485598614,46.61671065639099,0,3.0,30.29277321318971,38.45474193479035,제외,0.0,BULL,1.0,8.984189262043634,상승여력 10% | RSI우호 | MACD+,EPS스크랩,43.55670103092783
2026-04-25,464,464,SNT다이내믹스,003570,KS,자동차부품,58300.0,53375.0,52136.666666666664,50104.166666666664,54012.25,1,62.94066049024304,457.1884966891662,0.7313786852943003,1,6.193078324225865,17.303822937625757,17.303822937625757,1851.72758949447,,2036.9003484439168,DART,TRAILING_DART,,1851.72758949447,31.484112636630403,22220.73107393364,-61.885538466666134,5.0,0,3.0,71.86277600802248,38.43138800401124,제외,0.0,BULL,1.0,8.065670984801612,200일↑ | 20일돌파 | RSI우호 | MACD+,,31.958762886597935
2026-04-25,465,465,큐렉소,060280,KQ,건강관리장비와용품,16920.0,15343.5,16495.166666666668,14602.75,12369.75,1,59.109647129240294,191.1311805386228,6.972801576016052,0,5.816135084427776,-3.0927835051546393,-3.0927835051546393,67.17165906564236,,73.8888249722066,DART,TRAILING_DART,,67.17165906564236,251.8919472193655,806.0599087877083,-95.236052548536,5.0,0,3.0,71.69637092980267,38.348185464901334,제외,0.0,BULL,1.0,9.791336353759029,200일↑ | 거래량x7.0 | RSI우호 | MACD+,,98.84020618556701
2026-04-25,466,466,HLB,028300,KQ,건강관리장비와용품,60200.0,57605.0,54275.0,51974.166666666664,48471.75,1,56.54575163834824,38.39787389428011,0.33133314054771773,0,-3.987240829346095,12.945590994371493,12.945590994371493,-1768.2770862102916,,-1945.104794831321,DART,TRAILING_DART,,-1768.2770862102916,-34.044438210200695,-21219.3250345235,-135.24804823010547,5.0,1,3.0,71.66525661388374,38.33262830694187,제외,0.0,BULL,1.0,9.791336353759029,200일↑ | RSI우호 | MACD+,적자,4.123711340206185
2026-04-25,467,467,KH바텍,060720,KQ,핸드셋,14480.0,13630.0,15176.333333333334,13672.166666666666,13153.7,1,54.32092883626738,159.46113534705754,1.3260722036625432,1,1.7568517217146917,5.5393586005831,5.5393586005831,861.2391389661096,987.0,987.0,DART,TRAILING_DART,,861.2391389661096,16.812984158363708,10334.869667593315,-28.626590693416333,14.951733143260709,0,3.0,61.68538299081281,38.31855806703676,제외,0.0,BULL,1.0,23.046435876701775,200일↑ | 20일돌파 | RSI우호 | MACD+,,73.71134020618557
2026-04-25,468,468,오이솔루션,138080,KQ,통신장비,41900.0,42382.5,29846.0,21765.666666666668,17283.95,1,53.59515896945066,-443.46724931413064,1.208810326556927,0,-6.053811659192821,5.40880503144654,5.40880503144654,-2203.752961522277,,-2424.1282576745048,DART,TRAILING_DART,,-2203.752961522277,-19.013020393654703,-26445.035538267322,-163.11464328942083,5.0,1,3.0,71.63110736570493,38.31555368285247,제외,0.0,BULL,1.0,5.0,200일↑ | RSI우호,적자,68.68556701030928
2026-04-25,469,469,이노스페이스,462350,KQ,우주항공과국방,16740.0,15545.25888671875,17799.752962239585,15795.098697916666,13427.639436035157,1,53.38604166496315,152.68490679723755,2.085041111969575,1,5.490675126388123,6.488549618320616,6.488549618320616,-3621.942802697623,,-3984.1370829673856,DART,TRAILING_DART,,-3621.942802697623,-4.621828922182882,-43463.31363237147,-359.63747689588695,5.0,1,3.0,71.57535462570482,38.28767731285241,제외,0.0,BULL,1.0,30.0,200일↑ | 20일돌파 | 거래량x2.1 | RSI우호 | MACD+,적자,89.17525773195877
2026-04-25,470,470,안랩,053800,KQ,소프트웨어,65000.0,62660.0,63140.0,62040.0,62237.0,1,55.66680440954165,338.2988286297484,0.3846974684127445,0,-3.9881831610044327,5.0080775444264924,5.0080775444264924,4628.169832110817,,5090.9868153219,DART|DAILY_DISC,TRAILING_DART,,4628.169832110817,14.04442843670557,55538.03798532981,-14.556864637954147,27.262743441790118,0,3.0,49.257444878504835,38.260094160147474,제외,0.0,BULL,1.0,30.0,200일↑ | RSI우호 | MACD+,EPS스크랩,6.701030927835052
2026-04-25,471,471,우리기술,032820,KQ,우주항공과국방,22900.0,21825.0,18674.666666666668,11528.25,8513.725,1,54.213682084974565,-71.30916128554009,0.5094656610222471,0,1.55210643015522,-2.1367521367521403,-2.1367521367521403,-23.99035962686787,,-26.38939558955466,DART,TRAILING_DART,,-23.99035962686787,-954.5500924610263,-287.88431552241445,-101.25713674900618,5.0,1,3.0,71.4021687321602,38.2010843660801,제외,0.0,BULL,1.0,30.0,200일↑ | RSI우호,적자,12.757731958762886
2026-04-25,472,472,대한유화,006650,KS,화학,159400.0,147715.0,148710.0,146696.66666666666,132034.0,1,59.32471742864813,1100.3006277210065,0.6818851615998867,0,2.7724049000644735,19.490254872563728,19.490254872563728,8599.392465846155,12419.0,12419.0,DART,TRAILING_DART,,8599.392465846155,18.536193182609384,103192.70959015386,-35.261788211948655,9.145935314544927,0,3.0,67.2461849410811,38.19606012781301,제외,0.0,BULL,1.0,14.584285703179969,200일↑ | RSI우호 | MACD+,,27.963917525773198
2026-04-25,473,473,NICE평가정보,030190,KS,상업서비스와공급품,16090.0,15719.0,16533.166666666668,16525.75,16040.2,1,51.86206707927362,75.06503431497043,0.7251323615657322,0,0.8777429467084596,-4.68009478672986,-4.68009478672986,1325.2974399390462,,1457.827183932951,DART,TRAILING_DART,,1325.2974399390462,12.140670852529542,15903.569279268555,-1.1586744607299249,38.98615984686131,0,3.0,37.40191326404222,38.19403655545177,제외,0.0,BULL,1.0,18.620430577385388,200일↑ | RSI우호 | MACD+,,31.443298969072163
2026-04-25,474,474,HS효성첨단소재,298050,KS,화학,238000.0,218825.0,230645.0,213397.5,205548.5,1,63.6333168909586,2992.933380777498,0.9725607647013343,1,7.44920993227991,5.3097345132743445,5.3097345132743445,3494.08801396802,13489.0,13489.0,DART,TRAILING_DART,,3494.08801396802,68.11505578811054,41929.05616761624,-82.38274950940495,5.0,0,3.0,71.38443822697926,38.19221911348963,제외,0.0,BULL,1.0,14.584285703179969,200일↑ | 20일돌파 | RSI우호 | MACD+,,54.89690721649485
2026-04-25,475,475,강스템바이오텍,217730,KQ,생물공학,4110.0,3787.0,2814.383333333333,2288.475,1936.76,1,61.812279541492764,-13.014860642735243,0.1643897892433908,0,-3.8596491228070184,14.644351464435147,14.644351464435147,-111.2908460316833,,-122.41993063485164,DART,TRAILING_DART,,-111.2908460316833,-36.93026108211926,-1335.4901523801996,-132.49367767348417,5.0,1,3.0,71.37181848840817,38.18590924420408,제외,0.0,BULL,1.0,5.0,200일↑ | RSI우호,적자,1.2886597938144329
2026-04-25,476,476,레이크머티리얼즈,281740,KQ,화학,24100.0,21201.5,22024.666666666668,18426.75,16176.25,1,61.97937142388674,490.814276672976,1.136345395126022,0,7.1111111111111125,17.560975609756092,17.560975609756092,118.71230515224065,,130.58353566746473,DART,TRAILING_DART,,118.71230515224065,203.01181052034454,1424.5476618268876,-94.08901385134072,5.0,0,3.0,71.26055151962272,38.13027575981136,제외,0.0,BULL,1.0,14.584285703179969,200일↑ | RSI우호 | MACD+,,64.94845360824742
2026-04-25,477,477,미래에셋생명,085620,KS,생명보험,17220.0,16994.5,14306.5,11737.0,10057.125,1,54.2203201632089,-78.14562497060854,0.6775367077510757,0,-1.318051575931234,-3.8525963149078746,-3.8525963149078746,783.0164987179776,,861.3181485897754,DART,TRAILING_DART,,783.0164987179776,21.991873770468533,9396.19798461573,-45.43439033324198,5.0,0,3.0,71.2429728957812,38.1214864478906,제외,0.0,BULL,1.0,15.760579656509389,200일↑ | RSI우호,,27.448453608247426
2026-04-25,478,478,케이엠더블유,032500,KQ,통신장비,29550.0,28690.0,24115.166666666668,19805.833333333332,17125.5,1,53.24899819464034,-97.94797965995463,0.6447547939457765,0,-4.058441558441562,0.339558573853993,0.339558573853993,-651.524399344982,,-716.6768392794803,DART,TRAILING_DART,,-651.524399344982,-45.35517016662531,-7818.292792139784,-126.4578436282226,5.0,1,3.0,71.21290421124152,38.10645210562076,제외,0.0,BULL,1.0,5.0,200일↑ | RSI우호,적자,23.840206185567013
2026-04-25,479,479,에코아이,448280,KQ,상업서비스와공급품,12330.0,11176.5,11190.833333333334,11153.666666666666,12160.7,1,62.935178628081836,71.55220869558991,12.904394496173293,1,11.281588447653434,3.439597315436238,3.439597315436238,60.23443203935969,,66.25787524329566,DART,TRAILING_DART,,60.23443203935969,204.70019526278696,722.8131844723163,-94.13776817135185,5.0,0,3.0,70.90381751306208,37.95190875653104,제외,0.0,BULL,1.0,18.620430577385388,200일↑ | 20일돌파 | 거래량x12.9 | RSI우호 | MACD+,,99.48453608247422
2026-04-25,480,480,빙그레,005180,KS,식품,75400.0,73340.0,76565.0,75728.33333333333,76499.5,0,53.567479388121015,441.36963424085394,1.0560065612559288,0,-0.6587615283267456,1.6172506738544534,1.6172506738544534,5994.740426696167,,6594.214469365784,DART,TRAILING_DART,,5994.740426696167,12.577692215700255,71936.885120354,-4.592990556559684,35.98113326301028,0,3.0,39.77901568874785,37.88007447587906,제외,0.0,BULL,1.0,7.681161075476895,RSI우호 | MACD+,,59.149484536082475
2026-04-25,481,481,미원상사,002840,KS,화학,142800.0,136770.0,140186.66666666666,144525.83333333334,149709.5,0,58.90551691621322,1061.2937821940184,1.7816717205620238,1,2.0729092208720434,5.154639175257736,5.154639175257736,9162.47011136842,,10078.717122505264,DART,TRAILING_DART,,9162.47011136842,15.585316870264009,109949.64133642105,-23.00445284564353,19.87110376006191,0,3.0,55.88751864106879,37.87931120056535,제외,0.0,BULL,1.0,14.584285703179969,20일돌파 | 거래량x1.8 | RSI우호 | MACD+,,84.40721649484536
2026-04-25,482,482,인텔리안테크,189300,KQ,통신장비,130400.0,123805.0,120708.33333333333,86962.5,71633.25,1,53.672947934383465,947.1100222034875,0.9722329607014802,0,-7.386363636363635,1.0069713400464808,1.0069713400464808,695.1279118401617,3010.0,3010.0,DART,TRAILING_DART,,695.1279118401617,187.59137387362497,8341.53494208194,-93.60311737570403,5.0,0,3.0,70.72963929799978,37.86481964899989,제외,0.0,BULL,1.0,5.0,200일↑ | RSI우호 | MACD+,,54.76804123711341
2026-04-25,483,483,제이에스링크,127120,KQ,생명과학도구및서비스,44000.0,42387.5,36743.333333333336,27847.5,23732.6,1,56.2326879837624,-299.33398388983323,0.47223552156879983,0,-5.1724137931034475,16.248348745046236,16.248348745046236,-476.6943354093664,,-524.3637689503031,DART,TRAILING_DART,,-476.6943354093664,-92.30233449746058,-5720.332024912396,-113.00075460207361,5.0,1,3.0,70.64759910169589,37.823799550847944,제외,0.0,BULL,1.0,5.0,200일↑ | RSI우호,적자,11.211340206185568
2026-04-25,484,484,대한조선,439260,KS,조선,95300.0,89600.0,87736.66666666667,78235.83333333333,,0,59.18867934847227,736.2816443079503,0.9461045321555176,1,5.420353982300874,11.201866977829633,11.201866977829633,6457.269960176826,7809.0,7809.0,DART,TRAILING_DART,,6457.269960176826,14.7585590485968,77487.23952212192,-18.69124918979862,23.645156958926208,0,3.0,51.985939040746715,37.81554799983646,제외,0.0,BULL,1.0,22.008505802553593,20일돌파 | RSI우호 | MACD+,,52.19072164948454
2026-04-25,485,485,제넥신,095700,KQ,생물공학,5680.0,5331.25,4922.166666666667,4876.666666666667,5044.65,1,54.20193415399898,41.20344931641205,0.6894359920035432,0,-19.999999999999996,13.827655310621246,13.827655310621246,-597.602050737526,,-657.3622558112787,DART,TRAILING_DART,,-597.602050737526,-9.504652791920762,-7171.2246088503125,-226.25395438116746,5.0,1,3.0,70.61044585944263,37.80522292972132,제외,0.0,BULL,1.0,5.0,200일↑ | RSI우호 | MACD+,적자,28.47938144329897
2026-04-25,486,486,컨텍,451760,KQ,우주항공과국방,21450.0,19907.0,19351.0,14968.916666666666,12523.4,1,57.28596044764211,-0.2533221494322788,0.8400337286575752,0,-2.7210884353741527,7.357357357357364,7.357357357357364,-655.1799222299069,,-720.6979144528976,DART,TRAILING_DART,,-655.1799222299069,-32.7390984860996,-7862.159066758883,-136.65342222265213,5.0,1,3.0,70.55547659322686,37.77773829661343,제외,0.0,BULL,1.0,30.0,200일↑ | RSI우호,적자,42.396907216494846
2026-04-25,487,487,고려제강,002240,KS,철강,24350.0,22660.0,22258.333333333332,20893.5,19691.075,1,59.180293212048284,178.07830638233463,0.639924461138013,0,-2.7944111776447067,13.785046728971961,13.785046728971961,170.46703603703705,,187.5137396407408,DART,TRAILING_DART,,170.46703603703705,142.84286608180085,2045.6044324444447,-91.5991604417066,5.0,0,3.0,70.51398131893728,37.75699065946864,제외,0.0,BULL,1.0,21.676807840290483,200일↑ | RSI우호 | MACD+,,23.067010309278352
2026-04-25,488,488,현대건설,000720,KS,건설,173000.0,168220.0,147326.66666666666,110845.83333333333,92016.0,1,55.2417307691057,-1136.6669963599807,0.5440385570202054,0,-2.259887005649719,13.517060367454059,13.517060367454059,5020.557310167103,4318.0,4318.0,DART,TRAILING_DART,,5020.557310167103,34.45832590132148,60246.68772200524,-65.17532501618194,5.0,0,3.0,70.3867720626179,37.69338603130895,제외,0.0,BULL,1.0,10.126848544904743,200일↑ | RSI우호,,14.81958762886598
2026-04-25,489,489,한화에어로스페이스,012450,KS,우주항공과국방,1463000.0,1440350.0,1349100.0,1172066.6666666667,1078270.0,1,54.134005782848284,-9999.765408634736,1.2859027690555933,0,2.8109627547435068,6.866325785244709,6.866325785244709,42704.38030261037,46112.0,46112.0,DART,TRAILING_DART,,42704.38030261037,34.258780706638,512452.56363132445,-64.97248368890469,5.0,0,3.0,70.186780597908,37.593390298954,제외,0.0,BULL,1.0,30.0,200일↑ | RSI우호,,71.52061855670104
2026-04-25,490,490,NHN KCP,060250,KQ,IT서비스,20050.0,17860.5,19748.166666666668,17698.0,16723.75,1,57.720738326155335,416.8966431657308,0.41166130571137066,0,-1.715686274509809,17.59530791788857,17.59530791788857,1139.871283532016,1343.0,1343.0,DART,TRAILING_DART,,1139.871283532016,17.58970533749467,13678.455402384192,-31.77827729484194,12.194007367013302,0,3.0,62.76054454252206,37.477275954767684,제외,0.0,BULL,1.0,15.002925450414125,200일↑ | RSI우호 | MACD+,,7.474226804123711
2026-04-25,491,491,HLB이노베이션,024850,KQ,반도체와반도체장비,23100.0,21445.0,16210.833333333334,12723.125,11169.0,1,58.37799432564649,-243.3713194414986,0.0,0,-4.446742502585311,58.21917808219179,58.21917808219179,-213.83190144529908,,-235.215091589829,DART,TRAILING_DART,,-213.83190144529908,-108.02878262722307,-2565.982817343589,-111.10815072443113,5.0,1,3.0,69.86500202655483,37.43250101327742,제외,0.0,BULL,1.0,30.0,200일↑ | RSI우호,적자,0.3865979381443299
2026-04-25,492,492,GS피앤엘,499790,KS,"호텔,레스토랑,레저",51100.0,45757.5,49894.166666666664,47136.25,46533.25,1,60.141224257978244,732.8929313057697,1.6551199061043032,1,4.1794087665647295,6.458333333333344,6.458333333333344,1509.967729961629,2777.0,2777.0,DART,TRAILING_DART,,1509.967729961629,33.84178283154339,18119.61275953955,-64.54087522595,5.0,0,3.0,69.80540877955018,37.40270438977509,제외,0.0,BULL,1.0,13.705004763700991,200일↑ | 20일돌파 | 거래량x1.7 | RSI우호 | MACD+,,81.5721649484536
2026-04-25,493,493,파라다이스,034230,KS,"호텔,레스토랑,레저",15860.0,15509.5,17492.5,17225.75,18227.1,0,48.53425943507825,125.77332948805065,1.2831817021142298,0,0.9548058561425821,-11.048794167134046,-11.048794167134046,1563.0187047669172,1033.0,1033.0,DART,TRAILING_DART,,1563.0187047669172,10.147031479297043,18756.224457203007,18.26118825474783,51.86977236558609,0,3.0,22.84222571258004,37.35599903908306,제외,0.0,BULL,1.0,13.705004763700991,상승여력 18% | RSI우호 | MACD+,,71.26288659793815
2026-04-25,494,494,쏠리드,050890,KQ,통신장비,16430.0,15881.0,12021.166666666666,9849.083333333334,8586.95,1,57.112384939954346,-199.0256000063955,0.15910301772738808,0,-2.6081802015411992,16.773276474769006,16.773276474769006,599.8231769606871,,659.8054946567559,DART,TRAILING_DART,,599.8231769606871,27.39140571935058,7197.878123528245,-56.19063832301738,5.0,0,3.0,69.68299462141226,37.34149731070613,제외,0.0,BULL,1.0,5.0,200일↑ | RSI우호,,1.1597938144329898
2026-04-25,495,495,인탑스,049070,KQ,핸드셋,18750.0,17293.0,18601.0,17712.333333333332,17011.55,1,59.67754031965625,236.87703582501828,1.831545382667141,1,3.419746276889124,10.68476977567887,10.68476977567887,474.48715441860463,,521.9358698604651,DART,TRAILING_DART,,474.48715441860463,39.51634902102803,5693.845853023256,-69.6328221172093,5.0,0,3.0,69.51964656634753,37.259823283173766,제외,0.0,BULL,1.0,23.046435876701775,200일↑ | 20일돌파 | 거래량x1.8 | RSI우호 | MACD+,,85.4381443298969
2026-04-25,496,496,GS리테일,007070,KS,백화점과일반상점,23300.0,22570.0,21519.666666666668,21279.25,19497.1,1,59.917241519712825,55.74146821339036,0.5194519903931114,0,-0.42735042735042583,9.64705882352941,9.64705882352941,600.8920694534091,2294.0,2294.0,DART,TRAILING_DART,,600.8920694534091,38.77568233042988,7210.70483344091,-69.05276895518922,5.0,0,3.0,69.50311022136671,37.251555110683356,제외,0.0,BULL,1.0,27.262360921866936,200일↑ | RSI우호 | MACD+,,13.402061855670103
2026-04-25,497,497,솔루엠,248070,KS,전자장비와기기,19740.0,18029.5,17527.5,17188.0,17074.8,1,67.93242254493924,199.01925875089182,0.7778047978229028,0,1.4910025706940777,16.049382716049386,16.049382716049386,296.6923694914004,1085.0,1085.0,DART,TRAILING_DART,,296.6923694914004,66.53356145909294,3560.308433896805,-81.9639896965714,5.0,0,3.0,69.36177939245115,37.18088969622558,제외,0.0,BULL,1.0,30.0,200일↑ | RSI우호 | MACD+,,36.597938144329895
2026-04-25,498,498,에이직랜드,445090,KQ,반도체와반도체장비,30750.0,28332.5,29344.166666666668,29004.583333333332,29766.0,1,59.29318512652251,361.6856788366615,2.2882578237681286,1,4.7700170357751315,13.051470588235304,13.051470588235304,-2430.5919125420182,,-2673.6511037962205,DART,TRAILING_DART,,-2430.5919125420182,-12.65123933035732,-29167.102950504217,-194.85236731871288,5.0,1,3.0,69.342171436716,37.171085718358,제외,0.0,BULL,1.0,30.0,200일↑ | 20일돌파 | 거래량x2.3 | RSI우호 | MACD+,적자,90.59278350515464
2026-04-25,499,499,광전자,017900,KS,전자장비와기기,10170.0,9408.25,4527.3,3178.008333333333,2680.145,1,55.46993814209336,-301.82538442006717,0.33245536548028387,0,-26.357711803041273,220.31496062992125,220.31496062992125,72.94191680302158,,80.23610848332375,DART,TRAILING_DART,,72.94191680302158,139.4260042200963,875.3030016362591,-91.39328415303581,5.0,0,3.0,69.09640647931906,37.04820323965953,제외,0.0,BULL,1.0,30.0,200일↑ | RSI우호,,4.510309278350515
2026-04-25,500,500,TKG휴켐스,069260,KS,화학,18170.0,17787.0,18789.166666666668,18675.25,18287.1,0,51.86089781640974,94.49888498040323,1.044569743946283,0,0.5534034311012626,-0.16483516483516425,-0.16483516483516425,1448.385116628784,,1593.2236282916626,DART,TRAILING_DART,,1448.385116628784,12.545006014900183,17380.62139954541,-4.344406166508485,36.19864460430507,0,3.0,37.63454467223394,36.91659463826951,제외,0.0,BULL,1.0,14.584285703179969,RSI우호 | MACD+,,58.50515463917526
2026-04-25,501,501,헬릭스미스,084990,KQ,생물공학,8470.0,8641.5,7047.333333333333,6534.125,5885.15,1,54.3091334841711,-143.0064452269387,0.2316305178308259,0,3.926380368098159,5.742821473158544,5.742821473158544,-9.982485224318236,,-10.98073374675006,DART,TRAILING_DART,,-9.982485224318236,-848.4861043787288,-119.78982269181883,-101.41428362091875,5.0,1,3.0,68.68183338720397,36.84091669360198,제외,0.0,BULL,1.0,5.0,200일↑ | RSI우호,적자,1.9329896907216495
2026-04-25,502,502,우리로,046970,KQ,컴퓨터와주변기기,8730.0,9075.0,4117.666666666667,2713.1,2145.89,1,54.19388264220903,-273.0020800420966,0.2785708536999659,0,-32.690824980724756,90.81967213114754,90.81967213114754,-17.99597898450608,,-19.79557688295669,DART,TRAILING_DART,,-17.99597898450608,-485.10836823693944,-215.95174781407297,-102.47367408721732,5.0,1,3.0,68.64067237221751,36.820336186108754,제외,0.0,BULL,1.0,5.0,200일↑ | RSI우호,적자,2.7061855670103094
2026-04-25,503,503,SK이터닉스,475150,KS,에너지장비및서비스,54500.0,56805.0,40176.5,30177.666666666668,27271.6,1,53.76565379896487,-1458.7840756343544,0.39275312347574853,0,1.1131725417439675,4.007633587786263,4.007633587786263,901.8046132850426,1208.0,1208.0,DART,TRAILING_DART,,901.8046132850426,60.43437702261302,10821.65535942051,-80.1437516340908,5.0,0,3.0,68.48773349963031,36.743866749815155,제외,0.0,BULL,1.0,30.0,200일↑ | RSI우호,,7.087628865979381
2026-04-25,504,504,성호전자,043260,KQ,전기제품,45200.0,46610.0,36589.333333333336,21526.425,13384.415,1,49.42738131104482,-595.7567297450355,0.8935369534088625,0,-13.904761904761909,-1.95227765726681,-1.95227765726681,1283.6949236919122,,1412.0644160611037,DART,TRAILING_DART,,1283.6949236919122,35.21085825439319,15404.339084302947,-65.91960379578994,5.0,0,3.0,68.48328180196116,36.74164090098058,제외,0.0,BULL,1.0,5.0,200일↑ | RSI우호,,47.551546391752574
2026-04-25,505,505,씨어스,458870,KQ,건강관리기술,51900.0,46502.5,50320.27779947917,44924.30558268229,33406.83334472656,1,56.611870371540434,654.3735685782135,1.7328519855595668,0,11.01604278074866,-7.155635062611809,-7.155635062611809,421.5892841884889,1141.0,1141.0,DART,TRAILING_DART,,421.5892841884889,123.10559576935538,5059.071410261867,-90.25227088581529,5.0,0,3.0,68.46859750438688,36.73429875219344,제외,0.0,BULL,1.0,5.0,200일↑ | 거래량x1.7 | RSI우호 | MACD+,,83.6340206185567
2026-04-25,506,506,포스코엠텍,009520,KQ,철강,20050.0,18559.0,18754.666666666668,17444.333333333332,15947.2,1,61.27504240676087,250.5436511270031,0.6954529001645855,0,2.7151639344262346,15.762124711316394,15.762124711316394,33.89543829563609,,37.2849821251997,DART,TRAILING_DART,,33.89543829563609,591.5250254362801,406.74525954763305,-97.97134533891455,5.0,0,3.0,68.39891849575274,36.69945924787637,제외,0.0,BULL,1.0,21.676807840290483,200일↑ | RSI우호 | MACD+,,29.12371134020619
2026-04-25,507,507,지엔씨에너지,119850,KQ,전기장비,34900.0,32962.5,35393.333333333336,34525.416666666664,34157.5,1,53.58877878189124,372.13193546487275,1.7246673469262055,0,-2.103786816269282,5.12048192771084,5.12048192771084,2432.7951909150934,,2676.074710006603,DART,TRAILING_DART,,2432.7951909150934,14.345638354732362,29193.54229098112,-16.350881687733178,25.69297852323347,0,3.0,47.65056515925888,36.671771841246176,제외,0.0,BULL,1.0,30.0,200일↑ | 거래량x1.7 | RSI우호 | MACD+,,83.11855670103093
2026-04-25,508,508,보로노이,310210,KQ,제약,306500.0,297600.0,285058.3333333333,250197.5,206642.0,1,51.63018549061191,1543.6753499563501,0.5791815493003306,0,-0.16286644951140072,-2.2328548644338087,-2.2328548644338087,-2320.7225704510624,,-2552.794827496169,DART,TRAILING_DART,,-2320.7225704510624,-132.07093510553818,-27848.67084541275,-109.08602637696991,5.0,1,3.0,68.11471407209206,36.55735703604603,제외,0.0,BULL,1.0,7.667116084725663,200일↑ | RSI우호 | MACD+,적자,18.298969072164947
2026-04-25,509,509,ISC,095340,KQ,반도체와반도체장비,235000.0,238425.0,204290.0,151842.5,117885.5,1,52.228039852666775,-2757.726459498638,0.42407161142383376,0,2.6200873362445476,-6.000000000000005,-6.000000000000005,2658.0703091438445,4009.0,4009.0,DART,TRAILING_DART,,2658.0703091438445,88.41000149303527,31896.843709726134,-86.42687501713782,5.0,0,3.0,67.9385856616667,36.46929283083335,제외,0.0,BULL,1.0,30.0,200일↑ | RSI우호,,8.505154639175258
2026-04-25,510,510,한국토지신탁,034830,KS,부동산,1587.0,1551.95,1484.6833333333334,1386.25,1348.83,1,55.17219633360594,-1.6408316524819364,0.8931309149066582,0,2.453195610071024,-7.192982456140351,-7.192982456140351,76.94603899738614,,84.64064289712476,DART,TRAILING_DART,,76.94603899738614,20.624843340589766,923.3524679686336,-41.817739888554904,5.0,0,3.0,67.81567467411708,36.40783733705854,제외,0.0,BULL,1.0,20.624843340589766,200일↑ | RSI우호,,47.42268041237113
2026-04-25,511,511,코스모화학,005420,KS,화학,18160.0,16224.0,15937.5,16133.416666666666,16341.85,1,64.97710279011187,279.8227359880327,0.8975390426799813,0,9.06906906906908,17.922077922077918,17.922077922077918,-806.1065914574345,,-886.7172506031781,DART,TRAILING_DART,,-806.1065914574345,-22.528038093779706,-9673.279097489214,-153.26695538264988,5.0,1,3.0,67.76964977468279,36.384824887341395,제외,0.0,BULL,1.0,14.584285703179969,200일↑ | RSI우호 | MACD+,적자,48.1958762886598
2026-04-25,512,512,대한항공,003490,KS,항공사,24850.0,24402.5,24667.5,23525.833333333332,23621.5,1,51.19731043293435,78.73442711093182,0.5718934061970113,0,-0.7984031936127733,-1.7786561264822143,-1.7786561264822143,1757.8396566047118,498.0,498.0,DART,TRAILING_DART,,1757.8396566047118,14.136670490184565,21094.07587925654,-15.11438277965176,26.774915067804713,0,3.0,45.87957724548255,36.32724615664363,제외,0.0,BULL,1.0,5.0,200일↑ | RSI우호 | MACD+,,17.13917525773196
2026-04-25,513,513,대한광통신,010170,KQ,통신장비,13360.0,14241.0,8172.916666666667,5341.0,3714.57,1,51.30937470662531,-574.6211874025053,0.4664147353751335,0,-14.249037227214378,43.655913978494624,43.655913978494624,-179.90680153398068,,-197.8974816873788,DART,TRAILING_DART,,-179.90680153398068,-74.26067211514831,-2158.881618407768,-116.15929355095635,5.0,1,3.0,67.6104909666519,36.30524548332595,제외,0.0,BULL,1.0,5.0,200일↑ | RSI우호,적자,10.95360824742268
2026-04-25,514,514,KISCO홀딩스,001940,KS,철강,27500.0,26247.5,25248.333333333332,25623.75,25713.25,1,63.50145159528975,108.40568981969847,0.2856870214999303,1,0.36496350364962904,4.166666666666674,4.166666666666674,-1636.0787873914214,,-1799.6866661305637,DART,TRAILING_DART,,-1636.0787873914214,-16.80848148141218,-19632.945448697057,-171.39252890435293,5.0,1,3.0,67.57184697870983,36.285923489354914,제외,0.0,BULL,1.0,21.676807840290483,200일↑ | 20일돌파 | RSI우호 | MACD+,적자,2.8350515463917527
2026-04-25,515,515,더존비즈온,012510,KS,소프트웨어,119000.0,119250.0,111170.0,101122.5,92750.5,1,60.86614262893928,-455.1727356032393,0.048872733535953033,0,-0.335008375209378,-0.25146689019278634,-0.25146689019278634,3036.3447477892614,3590.0,3590.0,DART,TRAILING_DART,,3036.3447477892614,39.19186057072174,36436.13697347113,-69.38139750128475,5.0,0,3.0,67.54404309566756,36.27202154783378,제외,0.0,BULL,1.0,30.0,200일↑ | RSI우호,,0.7731958762886598
2026-04-25,516,516,에이스테크,088800,KQ,통신장비,4770.0,4917.75,3727.1666666666665,3479.7083333333335,3023.475,1,50.87774088624526,-113.3797028605876,0.4570257869137358,0,-14.054054054054054,21.683673469387756,21.683673469387756,-385.5924464794616,,-424.1516911274078,DART,TRAILING_DART,,-385.5924464794616,-12.370574277455592,-4627.109357753539,-197.0043890514369,5.0,1,3.0,67.45633603080188,36.22816801540094,제외,0.0,BULL,1.0,5.0,200일↑ | RSI우호,적자,10.309278350515463
2026-04-25,517,517,TCC스틸,002710,KS,철강,18190.0,15906.5,15272.333333333334,15471.25,16372.0,1,66.26422594968966,280.87920008078765,0.5766736206552758,0,7.2523584905660465,34.144542772861364,34.144542772861364,-289.9552255448745,,-318.950748099362,DART,TRAILING_DART,,-289.9552255448745,-62.733823699220935,-3479.462706538494,-119.12843708927154,5.0,1,3.0,67.4045215109996,36.2022607554998,제외,0.0,BULL,1.0,21.676807840290483,200일↑ | RSI우호 | MACD+,적자,17.783505154639176
2026-04-25,518,518,흥아해운,003280,KS,해운사,3160.0,3420.0,2661.6833333333334,2144.9583333333335,1976.665,1,49.622229432954136,-75.57044660910857,0.2558784472009544,0,2.931596091205213,-1.404056162246492,-1.404056162246492,126.1283023519124,,138.74113258710364,DART,TRAILING_DART,,126.1283023519124,25.05385342603945,1513.5396282229487,-52.10317632205859,5.0,0,3.0,67.00793908319791,36.003969541598956,제외,0.0,BULL,1.0,10.289371500551457,200일↑ | RSI우호,,2.3195876288659796
2026-04-25,519,519,에치에프알,230240,KQ,통신장비,28000.0,29960.0,23037.666666666668,18433.666666666668,17632.6,1,49.31857625615169,-654.8323408815181,0.29158536964019854,0,-9.090909090909093,-11.251980982567355,-11.251980982567355,-3.702004057404764,,-4.0722044631452405,DART,TRAILING_DART,,-3.702004057404764,-7563.470910842002,-44.42404868885717,-100.15865731674592,5.0,1,3.0,66.89949152005417,35.949745760027085,제외,0.0,BULL,1.0,5.0,200일↑ | RSI우호,적자,2.9639175257731956
2026-04-25,520,520,헥토파이낸셜,234340,KQ,IT서비스,31300.0,27892.5,29064.166666666668,22461.416666666668,20309.350014648437,1,54.646815052559646,436.27565655531737,0.3314904941975314,0,-5.00758725341427,17.890772128060274,17.890772128060274,631.6666824378183,,694.8333506816001,DART,TRAILING_DART,,631.6666824378183,49.55144995015816,7580.000189253819,-75.78274699918907,5.0,0,3.0,66.84728663874662,35.92364331937331,제외,0.0,BULL,1.0,15.002925450414125,200일↑ | RSI우호 | MACD+,,4.381443298969072
2026-04-25,521,521,현대바이오,048410,KQ,화장품,14630.0,13782.0,13740.0,9495.583333333334,7975.925,1,54.30410077610321,61.02165116368205,0.930191837079686,0,1.4563106796116498,4.350927246790293,4.350927246790293,-229.2960626874477,,-252.2256689561925,DART,TRAILING_DART,,-229.2960626874477,-63.80397390400061,-2751.552752249372,-118.80760596205997,5.0,1,3.0,66.82495741863977,35.912478709319885,제외,0.0,BULL,1.0,15.880089461626476,200일↑ | RSI우호 | MACD+,적자,50.51546391752577
2026-04-25,522,522,큐리언트,115180,KQ,제약,39400.0,36902.5,37702.5,32580.333333333332,24900.85,1,53.73357616602351,326.24477750318596,1.1885719463254476,0,3.95778364116095,-2.716049382716046,-2.716049382716046,-839.4166581571204,,-923.3583239728324,DART,TRAILING_DART,,-839.4166581571204,-46.937357767595294,-10072.999897885446,-125.56598958854175,5.0,1,3.0,66.54421175251503,35.77210587625751,제외,0.0,BULL,1.0,7.667116084725663,200일↑ | RSI우호 | MACD+,적자,67.39690721649485
2026-04-25,523,523,현대오토에버,307950,KS,IT서비스,429500.0,404000.0,420383.3333333333,356786.6666666667,278142.0,1,54.736004778507144,5319.488536761973,1.3067851945682252,0,-0.578703703703709,10.838709677419356,10.838709677419356,6811.167028916516,8097.0,8097.0,DART|DAILY_DISC,TRAILING_DART,,6811.167028916516,63.05820987454518,81734.00434699819,-80.9699640635627,5.0,0,3.0,66.30711598720382,35.65355799360191,제외,0.0,BULL,1.0,15.002925450414125,200일↑ | RSI우호 | MACD+,EPS스크랩,72.80927835051546
2026-04-25,524,524,S-Oil,010950,KS,석유와가스,119400.0,115500.0,112446.66666666667,97972.5,83887.75,1,55.08446381741327,70.17132523180044,0.7337697384598659,0,1.7902813299232712,8.842297174111202,8.842297174111202,1571.749970457297,10828.0,10828.0,DART,TRAILING_DART,,1571.749970457297,75.96628105248881,18860.999645487565,-84.20351788485128,5.0,0,3.0,66.15744825607732,35.57872412803866,제외,0.0,BULL,1.0,7.57314004680444,200일↑ | RSI우호 | MACD+,,32.34536082474227
2026-04-25,525,525,삼현,437730,KQ,자동차부품,54000.0,49565.0,53398.333333333336,50029.583333333336,37151.05,1,55.649517925600755,809.3221822018418,1.43151256722425,0,4.854368932038833,8.43373493975903,8.43373493975903,305.628149867191,,336.1909648539101,DART,TRAILING_DART,,305.628149867191,176.68529559029625,3667.5377984062916,-93.20826333628465,5.0,0,3.0,66.11832483870175,35.559162419350876,제외,0.0,BULL,1.0,8.065670984801612,200일↑ | RSI우호 | MACD+,,77.31958762886599
2026-04-25,526,526,엠디바이스,226590,KQ,반도체와반도체장비,27500.0,26320.0,25484.0,19826.0,17485.0,1,51.02946391878879,-18.260666670237242,0.7918428219926963,0,-3.677758318739055,1.1029411764705843,1.1029411764705843,1004.425075610604,,1104.8675831716646,DART,TRAILING_DART,,1004.425075610604,27.37884653395612,12053.100907327249,-56.17054215517364,5.0,0,3.0,66.09547389100796,35.54773694550398,제외,0.0,BULL,1.0,30.0,200일↑ | RSI우호,,37.88659793814433
2026-04-25,527,527,미래에셋증권,006800,KS,증권,66900.0,66640.0,62327.501171875,43423.58461914062,34259.78063476562,1,50.7956903124265,-266.51706939462247,0.5466505757983722,0,-4.9715909090909065,2.450229709035212,2.450229709035212,2828.823607287122,3466.0,3466.0,DART|DAILY_DISC,TRAILING_DART,,2828.823607287122,23.649406710147602,33945.88328744546,-49.258769376015756,5.0,0,3.0,65.8815997044785,35.44079985223925,제외,0.0,BULL,1.0,10.699733683069372,200일↑ | RSI우호,EPS스크랩,14.948453608247423
2026-04-25,528,528,필옵틱스,161580,KQ,전자장비와기기,48400.0,41767.5,45601.666666666664,44979.583333333336,40804.0,1,60.381818646755285,1318.0893823964823,0.7298951545778459,0,9.255079006772004,22.531645569620263,22.531645569620263,-1127.4324798301118,,-1240.175727813123,DART,TRAILING_DART,,-1127.4324798301118,-42.92940008903522,-13529.189757961341,-127.95287140074656,5.0,1,3.0,65.83514893264432,35.41757446632216,제외,0.0,BULL,1.0,30.0,200일↑ | RSI우호 | MACD+,적자,31.829896907216494
2026-04-25,529,529,강원랜드,035250,KS,"호텔,레스토랑,레저",16950.0,16918.5,17780.0,17816.25,18065.85,0,44.35695292074366,44.50914445517384,0.9558129255721641,0,-0.8191925102399078,-7.1741511500547634,-7.1741511500547634,1487.295431187643,1360.0,1360.0,DART,TRAILING_DART,,1487.295431187643,11.396525293206203,17847.545174251718,5.295251765496856,43.44191364757295,0,3.0,27.334079386059656,35.3879965168163,제외,0.0,BULL,1.0,13.705004763700991,MACD+,,53.47938144329897
2026-04-25,530,530,온코닉테라퓨틱스,476060,KQ,제약,22450.0,21890.0,21148.333333333332,19556.25,15681.425,1,51.38142794744387,0.754921098142006,0.798413457720785,0,-7.23140495867769,-2.6030368763557465,-2.6030368763557465,351.63178863139774,,386.7949674945376,DART,TRAILING_DART,,351.63178863139774,63.84519467758782,4219.581463576773,-81.20453691057116,5.0,0,3.0,65.49938244637397,35.249691223186986,제외,0.0,BULL,1.0,7.667116084725663,200일↑ | RSI우호 | MACD+,,38.78865979381443
2026-04-25,531,531,한온시스템,018880,KS,자동차부품,4230.0,3977.0,4046.75,3771.0343607584637,3625.095616455078,1,58.0300152575308,38.64403394035243,0.8224128681231677,0,1.6826923076923128,8.600770218228494,8.600770218228494,-192.2201044036536,196.0,196.0,DART|DAILY_DISC,TRAILING_DART,,-192.2201044036536,-22.00602279934876,-2306.641252843843,-154.53052607195846,5.0,1,3.0,65.46097768379691,35.230488841898456,제외,0.0,BULL,1.0,8.065670984801612,200일↑ | RSI우호 | MACD+,"EPS스크랩,적자",40.97938144329897
2026-04-25,532,532,아스트,067390,KQ,우주항공과국방,794.0,766.2,753.4333333333333,666.8833333333333,627.305,1,54.90860332043378,2.1768057770965843,0.622166629622293,0,-3.2886723507917215,9.366391184573008,9.366391184573008,-21.596888515659145,,-23.756577367225063,DART,TRAILING_DART,,-21.596888515659145,-36.76455520082435,-259.16266218790975,-132.64013377681482,5.0,1,3.0,65.09452574110296,35.04726287055148,제외,0.0,BULL,1.0,30.0,200일↑ | RSI우호 | MACD+,적자,22.036082474226802
2026-04-25,533,533,DXVX,180400,KQ,건강관리업체및서비스,4750.0,4876.0,4553.166666666667,3486.075,2985.215,1,49.778581096316856,-50.53482591553514,1.284265044708105,0,-5.566600397614319,0.9564293304994642,0.9564293304994642,-300.566988936805,,-330.6236878304855,DART,TRAILING_DART,,-300.566988936805,-15.803465366579895,-3606.8038672416596,-175.93271299456126,5.0,1,3.0,64.78107158115972,34.89053579057986,제외,0.0,BULL,1.0,5.0,200일↑ | RSI우호,적자,71.3917525773196
2026-04-25,534,534,세미파이브,490470,KQ,반도체와반도체장비,39000.0,30777.5,28450.833333333332,,,0,64.62411790093215,569.1370845623196,1.9757742151513888,1,2.3622047244094446,42.59597806215722,42.59597806215722,-1660.43124528926,,-1826.4743698181865,DART,TRAILING_DART,,-1660.43124528926,-23.487874075271268,-19925.17494347112,-151.09019216274646,5.0,1,3.0,64.71246396006777,34.85623198003388,제외,0.0,BULL,1.0,30.0,20일돌파 | 거래량x2.0 | RSI우호 | MACD+,적자,87.88659793814433
2026-04-25,535,535,리가켐바이오,141080,KQ,제약,200000.0,188785.0,190320.0,181067.5,165909.5,1,54.3145256123803,1433.7808176920475,0.5895098409177777,0,1.317122593718345,-6.323185011709597,-6.323185011709597,-2500.718270096277,865.0,865.0,DART,TRAILING_DART,,-2500.718270096277,-79.9770219586951,-30008.619241155327,-115.00430962057766,5.0,1,3.0,64.54696311846904,34.77348155923452,제외,0.0,BULL,1.0,7.667116084725663,200일↑ | RSI우호 | MACD+,적자,18.814432989690722
2026-04-25,536,536,SKC,011790,KS,화학,116100.0,100085.18359375,104236.72786458333,107890.86393229167,105642.518359375,1,61.176890555817344,2206.907306825222,1.1108882419643398,0,2.110817941952514,17.629179331306986,17.629179331306986,-18996.38190150505,,-20896.02009165556,DART|DAILY_DISC,TRAILING_DART,,-18996.38190150505,-6.111690141942324,-227956.5828180606,-296.3450325736956,5.0,1,3.0,64.47208226120522,34.73604113060261,제외,0.0,BULL,1.0,14.584285703179969,200일↑ | RSI우호 | MACD+,"EPS스크랩,적자",63.27319587628865
2026-04-25,537,537,제노코,361390,KQ,우주항공과국방,30300.0,29327.5,28624.166666666668,23295.166666666668,20746.1,1,53.10167601047308,24.06657588230155,0.534703042030353,0,-3.0399999999999983,-13.428571428571423,-13.428571428571423,-218.4523487613743,,-240.29758363751176,DART,TRAILING_DART,,-218.4523487613743,-138.70301771439458,-2621.4281851364917,-108.65157816876729,5.0,1,3.0,64.41907854209306,34.70953927104653,제외,0.0,BULL,1.0,30.0,200일↑ | RSI우호 | MACD+,적자,14.175257731958762
2026-04-25,538,538,케이카,381970,KS,자동차,11000.0,10806.5,13407.166666666666,14619.25,15048.6,0,41.01671889503018,177.14575070639785,0.873286790546513,0,4.2654028436019065,-22.480620155038757,-22.480620155038757,1042.305827502218,1179.0,1179.0,DART,TRAILING_DART,,1042.305827502218,10.553524416495303,12507.669930026617,13.706090272969252,48.908958677430014,0,3.0,20.372893991702956,34.64092633456649,제외,0.0,BULL,1.0,6.972710039133656,상승여력 14% | MACD+,,45.48969072164948
2026-04-25,539,539,클래시스,214150,KQ,건강관리장비와용품,59400.0,54695.0,58869.166666666664,57218.333333333336,56049.75,1,61.63664292075151,721.6960346306762,1.7801458149733855,1,2.0618556701030855,10.000000000000009,10.000000000000009,2022.977194849829,2830.0,2830.0,DART,TRAILING_DART,,2022.977194849829,29.362664172004877,24275.726338197946,-59.1317738414176,5.0,0,3.0,64.1826667118926,34.5913333559463,제외,0.0,BULL,1.0,9.791336353759029,200일↑ | 20일돌파 | 거래량x1.8 | RSI우호 | MACD+,,84.27835051546391
2026-04-25,540,540,아이쓰리시스템,214430,KQ,우주항공과국방,108400.0,99155.0,104995.0,90844.16666666667,91641.5,1,55.88209707006884,1392.5805134376774,0.8349168653749178,0,10.499490316004078,16.184351554126476,16.184351554126476,2570.517072509841,,2827.568779760825,DART,TRAILING_DART,,2570.517072509841,42.17050381002089,30846.20487011809,-71.54409144823055,5.0,0,3.0,63.96074618480704,34.480373092403525,제외,0.0,BULL,1.0,30.0,200일↑ | RSI우호 | MACD+,,41.75257731958763
2026-04-25,541,541,LG씨엔에스,064400,KS,IT서비스,66700.0,62385.0,65951.66666666667,64197.5,66328.5,1,55.603791607767036,845.3855130590225,0.8462083072737668,0,0.6033182503770718,9.165302782324058,9.165302782324058,4532.727449805208,5114.0,5114.0,DART,TRAILING_DART,,4532.727449805208,14.715201992316215,54392.7293976625,-18.451680063474505,23.854779944459807,0,3.0,45.08459029780828,34.46968512113405,제외,0.0,BULL,1.0,15.002925450414125,200일↑ | RSI우호 | MACD+,,43.427835051546396
2026-04-25,542,542,아모레퍼시픽,090430,KS,화장품,143900.0,133045.0,139111.66666666666,131320.0,129128.0,1,63.10125557613339,1053.0618961174366,3.415257709236492,0,8.52187028657616,-0.3462603878116366,-0.3462603878116366,4228.1518939805865,5086.0,5086.0,DART,TRAILING_DART,,4228.1518939805865,34.03378204195157,50737.82272776704,-64.74091540808406,5.0,0,3.0,63.880903933527726,34.44045196676386,제외,0.0,BULL,1.0,15.880089461626476,200일↑ | 거래량x3.4 | RSI우호 | MACD+,,95.4896907216495
2026-04-25,543,543,로보스타,090360,KQ,기계,65600.0,60710.0,69413.33333333333,73385.83333333333,59156.75,1,55.121176481735844,1093.8162961752878,1.321711511080282,1,1.5479876160990669,9.88274706867671,9.88274706867671,-533.3985068717949,,-586.7383575589745,DART,TRAILING_DART,,-533.3985068717949,-122.98497118921875,-6400.782082461539,-109.75728975984991,5.0,1,3.0,63.734659666472425,34.36732983323621,제외,0.0,BULL,1.0,11.980468360394822,200일↑ | 20일돌파 | RSI우호 | MACD+,적자,73.58247422680412
2026-04-25,544,544,광동제약,009290,KS,제약,8430.0,8341.0,8142.5,7023.25,6628.8,1,50.87017920344165,-16.752391314270298,0.9668986724868229,0,-0.35460992907800915,-5.067567567567566,-5.067567567567566,428.2907790327224,,471.1198569359947,DART,TRAILING_DART,,428.2907790327224,19.682889318884747,5139.489348392669,-39.03334106295766,5.845826569912047,0,3.0,62.84238984753718,34.34410820872461,제외,0.0,BULL,1.0,7.667116084725663,200일↑ | RSI우호,,54.25257731958762
2026-04-25,545,545,현대무벡스,319400,KQ,기계,30500.0,28777.5,30020.833333333332,22883.833333333332,16468.8,1,54.10292861161701,162.82619978872185,1.420190789064325,0,-5.864197530864201,18.217054263565903,18.217054263565903,101.4027367053339,,111.5430103758673,DART,TRAILING_DART,,101.4027367053339,300.78083679960156,1216.8328404640067,-96.0103841296262,5.0,0,3.0,63.294300396288165,34.14715019814408,제외,0.0,BULL,1.0,11.980468360394822,200일↑ | RSI우호 | MACD+,,77.0618556701031
2026-04-25,546,546,에이프릴바이오,397030,KQ,제약,61900.0,56130.0,61141.666666666664,52517.083333333336,41279.55,1,55.32450500368266,841.8464353191941,1.0065539724940034,0,3.685092127303191,-2.6729559748427723,-2.6729559748427723,-416.7487877756341,-271.0,-271.0,DART,TRAILING_DART,,-416.7487877756341,-148.53072598096009,-5000.9854533076095,-108.07913643506883,5.0,1,3.0,63.28809878054352,34.14404939027176,제외,0.0,BULL,1.0,7.667116084725663,200일↑ | RSI우호 | MACD+,적자,56.70103092783505
2026-04-25,547,547,서울보증보험,031210,KS,손해보험,50100.0,49315.0,53247.5,51560.0,49246.75,1,47.90481082363372,280.11545099545583,0.7995454392159423,0,0.8048289738430636,-6.8773234200743545,-6.8773234200743545,3844.2397252781298,,4228.663697805943,DART,TRAILING_DART,,3844.2397252781298,13.032485895862095,46130.876703337555,-7.922401789745404,33.06789843397277,0,3.0,35.201769772768316,34.134834103370544,제외,0.0,BULL,1.0,7.296791982808353,200일↑ | RSI우호 | MACD+,,38.91752577319588
2026-04-25,548,548,국일제지,078130,KQ,종이와목재,434.0,356.8,335.71666666666664,346.4,435.72249389648437,0,62.76271395456704,13.496101464323246,1.4583915029315797,0,13.020833333333325,30.330330330330323,30.330330330330323,-1.6469018077341553,,-1.8115919885075709,DART,TRAILING_DART,,-1.6469018077341553,-263.5251221183047,-19.762821692809865,-104.55364555133868,5.0,1,3.0,63.19305979957529,34.09652989978764,제외,0.0,BULL,1.0,5.0,RSI우호 | MACD+,적자,78.09278350515464
2026-04-25,549,549,삼성에스디에스,018260,KS,IT서비스,169800.0,162875.0,166400.0,169977.5,167027.5,1,52.46466636363958,2076.177367035016,1.8404132750091842,0,-6.958904109589037,8.63723608445297,8.63723608445297,10114.90659483728,10437.0,10437.0,DART|DAILY_DISC,TRAILING_DART,,10114.90659483728,16.787105091674015,121378.87913804737,-28.516561167227692,15.04800897867577,0,3.0,53.08626845713034,34.067138717903056,제외,0.0,BULL,1.0,15.002925450414125,200일↑ | 거래량x1.8 | RSI우호 | MACD+,EPS스크랩,85.69587628865979
2026-04-25,550,550,농심,004370,KS,식품,381500.0,374100.0,396058.3333333333,413587.5,414772.5,0,52.08585717430586,1923.465001550972,0.7951494203545726,1,0.39473684210526994,1.5978695073235683,1.5978695073235683,27957.33328477987,30570.0,30570.0,DART,TRAILING_DART,,27957.33328477987,13.645793613931367,335487.9994173584,-12.060812734637372,29.4467888571923,0,3.0,38.547290342214104,33.9970395997032,제외,0.0,BULL,1.0,7.681161075476895,20일돌파 | RSI우호 | MACD+,,38.01546391752577
2026-04-25,551,551,삼표시멘트,038500,KQ,건축자재,16190.0,15890.0,15208.416666666666,9578.708333333334,7058.05,1,51.401969170955844,-100.34520972312998,0.5636591661223963,0,2.27416298168035,-1.220256253813301,-1.220256253813301,378.10375431123447,,415.91412974235794,DART,TRAILING_DART,,378.10375431123447,42.8189347907751,4537.245051734813,-71.97501512208268,5.0,0,3.0,62.87002183849547,33.93501091924773,제외,0.0,BULL,1.0,5.9791646509456715,200일↑ | RSI우호,,16.752577319587626
2026-04-25,552,552,네오위즈,095660,KQ,게임엔터테인먼트,23700.0,23672.5,25784.166666666668,25551.25,25257.0,0,45.26079268594008,104.40274503810019,0.892823378873357,0,-1.2499999999999956,-5.5776892430278835,-5.5776892430278835,2061.9860445364047,1992.0,1992.0,DART|DAILY_DISC,TRAILING_DART,,2061.9860445364047,11.493773230326813,24743.832534436857,4.404356685387589,42.86283184550193,0,3.0,24.89586237859366,33.879347112047796,제외,0.0,BULL,1.0,10.647409226280267,RSI우호 | MACD+,EPS스크랩,47.29381443298969
2026-04-25,553,553,아세아,002030,KS,건축자재,266500.0,271675.0,281158.3333333333,313062.5,324870.0,0,42.9642324578006,-262.2745844484416,0.8564988730277986,0,0.37664783427495685,-4.308797127468578,-4.308797127468578,24905.06456996424,,27395.571026960664,DART,TRAILING_DART,,24905.06456996424,10.700634774559134,298860.77483957086,12.142879864754551,47.892871912090456,0,3.0,19.726370514017276,33.809621213053866,제외,0.0,BULL,1.0,5.9791646509456715,상승여력 12%,,44.329896907216494
2026-04-25,554,554,현대위아,011210,KS,자동차부품,82700.0,80250.0,83938.33333333333,76582.5,66264.5,1,50.918572991816866,805.4871189802918,1.1961793803292737,0,-0.6009615384615419,1.2239902080783294,1.2239902080783294,4299.7478625088215,7116.0,7116.0,DART|DAILY_DISC,TRAILING_DART,,4299.7478625088215,19.23368593798105,51596.974350105855,-37.60946269636535,7.09172014068032,0,3.0,60.46402744698466,33.77787379383249,제외,0.0,BULL,1.0,8.065670984801612,200일↑ | RSI우호 | MACD+,EPS스크랩,68.04123711340206
2026-04-25,555,555,HLB테라퓨틱스,115450,KQ,제약,3445.0,3351.75,3028.1865071614584,3038.0218200683594,3149.217852783203,1,54.611781714178456,-15.386989580798286,0.5784128291293673,0,-8.62068965517241,12.214983713355053,12.214983713355053,-109.14284849209206,,-120.05713334130128,DART,TRAILING_DART,,-109.14284849209206,-31.56413862745764,-1309.7141819051046,-138.0178282120495,5.0,1,3.0,62.395575526394815,33.69778776319741,제외,0.0,BULL,1.0,7.667116084725663,200일↑ | RSI우호,적자,18.170103092783503
2026-04-25,556,556,한화시스템,272210,KS,우주항공과국방,130400.0,130145.0,124770.0,92152.5,77291.75,1,50.0353984969489,-425.8117182805936,0.5564268399363521,0,0.6949806949806847,5.076551168412569,5.076551168412569,1107.0609349578194,1603.0,1603.0,DART,TRAILING_DART,,1107.0609349578194,117.78936089454591,13284.731219493833,-89.81232268443723,5.0,0,3.0,62.10688504959,33.553442524795,제외,0.0,BULL,1.0,30.0,200일↑ | RSI우호,,15.979381443298967
2026-04-25,557,557,페니트리움바이오,187660,KQ,제약,12000.0,12924.5,11201.0,6910.833333333333,5035.445,1,45.017502067302175,-351.919407276738,0.45751646328144085,0,-14.468995010691376,6.477373558118904,6.477373558118904,-267.3649322228419,,-294.1014254451261,DART,TRAILING_DART,,-267.3649322228419,-44.88247542500564,-3208.379186674103,-126.7364932222842,5.0,1,3.0,62.04518337072863,33.52259168536432,제외,0.0,BULL,1.0,7.667116084725663,200일↑ | RSI우호,적자,10.438144329896907
2026-04-25,558,558,포스코DX,022100,KS,IT서비스,34800.0,32305.0,34416.666666666664,31656.25,28486.25,1,58.741185906469475,469.94027428255663,0.6546079412003982,0,4.6616541353383445,13.911620294599025,13.911620294599025,346.1308198931311,,380.7439018824442,DART,TRAILING_DART,,346.1308198931311,100.54002128658928,4153.5698387175735,-88.06445448644375,5.0,0,3.0,62.00190521223484,33.50095260611742,제외,0.0,BULL,1.0,15.002925450414125,200일↑ | RSI우호 | MACD+,,25.0
2026-04-25,559,559,유니슨,018000,KQ,에너지장비및서비스,1386.0,1433.75,1271.6666666666667,1230.8166666666666,1225.25,1,50.44993205864926,-18.015260215975538,0.8395985933995438,0,7.27554179566563,-1.0000000000000009,-1.0000000000000009,-84.44266485730596,,-92.88693134303657,DART,TRAILING_DART,,-84.44266485730596,-16.41350379387137,-1013.3119782876715,-173.11053234398784,5.0,1,3.0,61.63265410929931,33.316327054649655,제외,0.0,BULL,1.0,30.0,200일↑ | RSI우호,적자,42.2680412371134
2026-04-25,560,560,파크시스템스,140860,KQ,전자장비와기기,284500.0,254275.0,264783.3333333333,247004.16666666666,253685.0,1,60.622171760782265,4921.771069504689,0.6131115343771834,0,8.380952380952378,11.350293542074375,11.350293542074375,4926.823154137937,7798.0,7798.0,DART,TRAILING_DART,,4926.823154137937,57.74512116617263,59121.87784965525,-79.21902360293312,5.0,0,3.0,61.62566542790515,33.312832713952574,제외,0.0,BULL,1.0,30.0,200일↑ | RSI우호 | MACD+,,21.1340206185567
2026-04-25,561,561,바이오솔루션,086820,KQ,생물공학,11070.0,11627.0,10472.0,9317.0,8999.3,1,45.926926845324175,-153.53206555697076,0.6408516956782568,0,-6.345177664974622,-14.119472459270755,-14.119472459270755,10.544672878522038,,11.599140166374244,DART,TRAILING_DART,,10.544672878522038,1049.8191956763285,126.53607454226446,-98.8569460294285,5.0,0,3.0,61.61487845042833,33.30743922521417,제외,0.0,BULL,1.0,5.0,200일↑ | RSI우호,,23.45360824742268
2026-04-25,562,562,에코프로비엠,247540,KQ,전기제품,208000.0,203945.0,204586.66666666666,180829.16666666666,157788.0,1,52.93876907685326,715.4165507375292,0.7455053280567866,0,0.0,2.716049382716057,2.716049382716057,936.1865336506634,302.0,302.0,DART,TRAILING_DART,,936.1865336506634,222.17794480433628,11234.23840380796,-94.5989238443231,5.0,0,3.0,61.35145185295467,33.175725926477334,제외,0.0,BULL,1.0,5.0,200일↑ | RSI우호 | MACD+,,33.50515463917525
2026-04-25,563,563,신성에스티,416180,KQ,전기제품,39400.0,35272.5,36116.666666666664,36316.25,37603.75,1,63.620132989155145,593.032855999899,1.7008662829047307,0,8.6896551724138,16.740740740740744,16.740740740740744,61.24965093169323,,67.37461602486256,DART,TRAILING_DART,,61.24965093169323,643.2689721601781,734.9958111803188,-98.1345283980195,5.0,0,3.0,61.19634678624926,33.098173393124625,제외,0.0,BULL,1.0,5.0,200일↑ | 거래량x1.7 | RSI우호 | MACD+,,82.4742268041237
2026-04-25,564,564,오리엔탈정공,014940,KQ,조선,8350.0,7067.0,7439.333333333333,7962.75,8017.8,1,65.63020318192329,231.4156582882159,1.8740552955580645,0,15.33149171270718,27.092846270928472,27.092846270928472,420.0342580553272,,462.03768386086,DART,TRAILING_DART,,420.0342580553272,19.879330887577584,5040.411096663926,-39.635795249533814,5.318679156657913,0,3.0,60.834527995037256,33.076603575847585,제외,0.0,BULL,1.0,22.008505802553593,200일↑ | 거래량x1.9 | RSI우호 | MACD+,,86.21134020618557
2026-04-25,565,565,롯데관광개발,032350,KS,"호텔,레스토랑,레저",21000.0,18070.5,20950.0,21037.083333333332,19613.05,1,62.307528519118186,490.222179227206,0.8978279988637077,1,5.846774193548376,5.793450881612094,5.793450881612094,346.68499759187875,1065.0,1065.0,DART,TRAILING_DART,,346.68499759187875,60.5737200798098,4160.219971102545,-80.1894287090355,5.0,0,3.0,61.081586807536596,33.0407934037683,제외,0.0,BULL,1.0,13.705004763700991,200일↑ | 20일돌파 | RSI우호 | MACD+,,48.324742268041234
2026-04-25,566,566,신영증권,001720,KS,증권,201000.0,199250.0,200373.33333333334,172377.5,158289.5,1,49.76185041040203,-43.180827973722444,1.3893940459564549,0,-3.597122302158273,-2.4271844660194164,-2.4271844660194164,6829.573249878345,,7512.53057486618,DART,TRAILING_DART,,6829.573249878345,29.430828639780735,81954.87899854014,-59.22642835893526,5.0,0,3.0,61.04326866711492,33.02163433355746,제외,0.0,BULL,1.0,10.699733683069372,200일↑ | RSI우호,,76.5463917525773
2026-04-25,567,567,에코프로,086520,KQ,화학,156600.0,149485.0,156276.66666666666,125560.0,96985.5,1,54.34234374630201,1599.16325743574,0.7971019961165723,0,3.094140882159313,5.100671140939594,5.100671140939594,-777.3058936594402,,-855.0364830253843,DART,TRAILING_DART,,-777.3058936594402,-201.46508765391005,-9327.670723913283,-105.95636700122178,5.0,1,3.0,60.95651213648767,32.97825606824384,제외,0.0,BULL,1.0,14.584285703179969,200일↑ | RSI우호 | MACD+,적자,38.659793814432994
2026-04-25,568,568,셀트리온,068270,KS,제약,209000.0,201485.0,212000.0,201453.33333333334,190675.5,1,54.904734832772114,1409.590736019913,1.0072103500704246,1,0.7228915662650603,1.4563106796116498,1.4563106796116498,4647.615893683153,6378.0,6378.0,DART,TRAILING_DART,,4647.615893683153,44.96929281184018,55771.390724197845,-73.31512405540774,5.0,0,3.0,60.94211764857075,32.97105882428538,제외,0.0,BULL,1.0,7.667116084725663,200일↑ | 20일돌파 | RSI우호 | MACD+,,56.829896907216494
2026-04-25,569,569,지아이이노베이션,358570,KQ,생물공학,16020.0,13797.0,14365.166666666666,15645.833333333334,16782.4,0,61.36399129630285,304.661504775778,1.257140643127804,1,8.905506458191702,9.128065395095364,9.128065395095364,-546.9519444342825,,-601.6471388777107,DART,TRAILING_DART,,-546.9519444342825,-29.28959328697448,-6563.42333321139,-140.97018310369157,5.0,1,3.0,60.84751494571998,32.92375747285999,제외,0.0,BULL,1.0,5.0,20일돌파 | RSI우호 | MACD+,적자,70.4896907216495
2026-04-25,570,570,한화오션,042660,KS,조선,134900.0,126300.0,130946.66666666667,127420.83333333333,118467.25,1,57.44318309591749,1504.7646892055946,0.7838841932459673,0,3.769230769230769,7.319013524264117,7.319013524264117,4066.145810218727,4475.0,4475.0,DART,TRAILING_DART,,4066.145810218727,33.17638036023687,48793.74972262472,-63.829688863880854,5.0,0,3.0,60.72962562981528,32.86481281490764,제외,0.0,BULL,1.0,22.008505802553593,200일↑ | RSI우호 | MACD+,,36.855670103092784
2026-04-25,571,571,유진로봇,056080,KQ,기계,25850.0,24820.0,29901.666666666668,22800.416666666668,18091.7,1,49.53937938691201,305.8440808086161,4.259065131453847,0,-0.3853564547206201,-1.3358778625954248,-1.3358778625954248,-186.1740659133605,,-204.7914725046966,DART,TRAILING_DART,,-186.1740659133605,-138.84855483593387,-2234.088790960326,-108.64250982963375,5.0,1,3.0,60.71094677614431,32.855473388072156,제외,0.0,BULL,1.0,11.980468360394822,200일↑ | 거래량x4.3 | RSI우호 | MACD+,적자,96.3917525773196
2026-04-25,572,572,펄어비스,263750,KQ,게임엔터테인먼트,57000.0,59195.0,56173.333333333336,47097.083333333336,42658.5,1,50.44720507334588,-304.3486793403121,0.3945364989971548,0,5.360443622920519,-3.0612244897959218,-3.0612244897959218,-130.9758782919679,3844.0,3844.0,DART,TRAILING_DART,,-130.9758782919679,-435.19463845806126,-1571.7105395036147,-102.75738691140985,5.0,1,3.0,60.11635083496042,32.558175417480214,제외,0.0,BULL,1.0,10.647409226280267,200일↑ | RSI우호,적자,7.216494845360824
2026-04-25,573,573,세아베스틸지주,001430,KS,철강,71100.0,68315.0,69970.0,56275.416666666664,45224.5,1,53.45131546547255,384.7508152703632,0.49205469366069765,0,-5.326231691078565,2.302158273381294,2.302158273381294,1565.3372286785395,2057.0,2057.0,DART,TRAILING_DART,,1565.3372286785395,45.42152240257056,18784.046744142473,-73.58080626702888,5.0,0,3.0,60.055549139938606,32.5277745699693,제외,0.0,BULL,1.0,21.676807840290483,200일↑ | RSI우호 | MACD+,,11.984536082474227
2026-04-25,574,574,강원에너지,114190,KQ,전자장비와기기,15290.0,14297.0,14598.666666666666,14936.833333333334,13711.2,1,56.839701916021916,194.85848368841607,0.3713289456396377,0,1.797603195739006,19.080996884735214,19.080996884735214,-324.1277985738106,,-356.5405784311917,DART,TRAILING_DART,,-324.1277985738106,-47.17275120269621,-3889.533582885727,-125.43841453816695,5.0,1,3.0,60.05466313344806,32.52733156672403,제외,0.0,BULL,1.0,30.0,200일↑ | RSI우호 | MACD+,적자,6.443298969072164
2026-04-25,575,575,바이오플러스,099430,KQ,건강관리장비와용품,5840.0,5390.75,5263.25,5396.291666666667,5918.375,0,63.328759571704964,36.40197160696681,1.2242903849072568,0,-0.34129692832765013,12.959381044487417,12.959381044487417,324.4003735063324,,356.84041085696566,DART,TRAILING_DART,,324.4003735063324,18.002445363664172,3892.8044820759887,-33.342389005548135,10.825409620145383,0,3.0,53.857256954388234,32.34133328726681,제외,0.0,BULL,1.0,9.791336353759029,RSI우호 | MACD+,,69.3298969072165
2026-04-25,576,576,케어젠,214370,KQ,건강관리업체및서비스,107900.0,95500.0,111816.66666666667,91258.33333333333,76456.5,1,55.94347721628159,2363.983258045765,0.7489124365336551,0,6.515301085883518,11.351909184726527,11.351909184726527,374.1701557293121,,411.58717130224335,DART|DAILY_DISC,TRAILING_DART,,374.1701557293121,288.3714757786793,4490.041868751745,-95.83870077038763,5.0,0,3.0,59.4792153182517,32.23960765912585,제외,0.0,BULL,1.0,5.0,200일↑ | RSI우호 | MACD+,EPS스크랩,33.891752577319586
2026-04-25,577,577,종근당,185750,KS,제약,89200.0,88595.0,88865.0,86934.16666666667,85317.5,1,52.22514621810899,-27.87336733272263,0.7842537685606846,0,-1.218161683277963,-2.726281352235549,-2.726281352235549,5638.483010958662,5216.0,5216.0,DART,TRAILING_DART,,5638.483010958662,15.819857899125621,67661.79613150394,-24.145968462439527,18.872277595365414,0,3.0,45.47686806222946,32.17457282879744,제외,0.0,BULL,1.0,7.667116084725663,200일↑ | RSI우호,,37.11340206185567
2026-04-25,578,578,한국항공우주,047810,KS,우주항공과국방,171400.0,185810.0,179535.0,149920.0,128348.0,1,40.07539144660652,-2134.0649657749836,4.502250924027456,0,-9.023354564755836,-8.096514745308314,-8.096514745308314,1921.6456556852,3750.0,3750.0,DART|DAILY_DISC,TRAILING_DART,,1921.6456556852,89.19438372673552,23059.7478682224,-86.54623811655637,5.0,0,3.0,59.10935852630687,32.05467926315343,제외,0.0,BULL,1.0,30.0,200일↑ | 거래량x4.5,EPS스크랩,97.0360824742268
2026-04-25,579,579,켄코아에어로스페이스,274090,KQ,우주항공과국방,22950.0,21588.0,22889.333333333332,18594.416666666668,15659.4,1,53.33946871768073,252.86162468461924,0.5964514451592876,0,-4.374999999999996,-2.1321961620469065,-2.1321961620469065,-1127.618654114495,,-1240.3805195259447,DART,TRAILING_DART,,-1127.618654114495,-20.35262534568688,-13531.42384937394,-158.96045250271868,5.0,1,3.0,58.966358840620565,31.983179420310282,제외,0.0,BULL,1.0,30.0,200일↑ | RSI우호 | MACD+,적자,19.329896907216497
2026-04-25,580,580,슈어소프트테크,298830,KQ,소프트웨어,7520.0,7162.5,7595.833333333333,7155.541666666667,6278.35,1,53.281596118378665,72.81101740995837,0.8592108913637986,0,0.2666666666666595,5.469845722300137,5.469845722300137,180.1835350446334,,198.2018885490968,DART,TRAILING_DART,,180.1835350446334,41.73522291111236,2162.202420535601,-71.2473082375585,5.0,0,3.0,58.900334253577775,31.950167126788887,제외,0.0,BULL,1.0,30.0,200일↑ | RSI우호 | MACD+,,44.58762886597938
2026-04-25,581,581,쿠콘,294570,KQ,IT서비스,31450.0,28407.5,30855.833333333332,30777.5,33500.0,0,59.389744723215486,543.0271309584447,0.9124698011522022,0,5.714285714285716,8.635578583765113,8.635578583765113,2128.992216796879,,2341.891438476567,DART,TRAILING_DART,,2128.992216796879,14.772247522500246,25547.906601562547,-18.7665926818361,23.57923140339341,0,3.0,40.15994331697777,31.86958736018559,제외,0.0,BULL,1.0,15.002925450414125,RSI우호 | MACD+,,49.355670103092784
2026-04-25,582,582,대명에너지,389260,KQ,에너지장비및서비스,23100.0,23205.0,20611.833333333332,19996.916666666668,21551.15,1,53.61759839032276,-177.21153675756022,0.3046835634716092,0,2.212389380530966,15.500000000000004,15.500000000000004,789.445728965064,,868.3903018615704,DART,TRAILING_DART,,789.445728965064,29.26103613263359,9473.348747580767,-58.98983226155512,5.0,0,3.0,58.55311398670986,31.77655699335493,제외,0.0,BULL,1.0,30.0,200일↑ | RSI우호,,3.479381443298969
2026-04-25,583,583,에코마케팅,230360,KQ,"섬유,의류,신발,호화품",16010.0,15983.5,15923.0,14172.833333333334,13388.15,1,64.73593403870991,-8.312158791552555,0.43461053256487,0,0.0,0.5021971123666091,0.5021971123666091,570.5787884146843,,627.6366672561527,DART,TRAILING_DART,,570.5787884146843,28.059227446016237,6846.945460976211,-57.233320043871274,5.0,0,3.0,58.134458022253696,31.567229011126848,제외,0.0,BULL,1.0,7.756921109950797,200일↑ | RSI우호,,9.278350515463918
2026-04-25,584,584,에코프로에이치엔,383310,KQ,상업서비스와공급품,32500.0,30750.0,33061.666666666664,29372.083333333332,27888.75,1,55.068892082382106,394.25219297277994,0.7742175728012167,0,3.0110935023771823,4.5016077170418,4.5016077170418,630.3224054313978,,693.3546459745376,DART,TRAILING_DART,,630.3224054313978,51.56091504911163,7563.868865176773,-76.72655733791763,5.0,0,3.0,57.91676791854111,31.458383959270556,제외,0.0,BULL,1.0,18.620430577385388,200일↑ | RSI우호 | MACD+,,36.340206185567006
2026-04-25,585,585,넥스틴,348210,KQ,반도체와반도체장비,76200.0,72215.0,78080.0,73252.5,63421.0,1,52.65143636174576,737.7808420771339,0.8941728740558255,0,-0.6518904823989535,4.383561643835621,4.383561643835621,-252.5287112108852,2436.0,2436.0,DART,TRAILING_DART,,-252.5287112108852,-301.7478671419894,-3030.3445345306227,-103.97683009780923,5.0,1,3.0,57.687451239746494,31.343725619873247,제외,0.0,BULL,1.0,30.0,200일↑ | RSI우호 | MACD+,적자,47.680412371134025
2026-04-25,586,586,에스티팜,237690,KQ,제약,148000.0,143190.0,149436.66666666666,132910.0,116363.0,1,52.720606683037715,637.0467515858172,0.7737098887043703,0,4.964539007092195,-7.093534212178277,-7.093534212178277,2618.339457674655,3094.0,3094.0,DART|DAILY_DISC,TRAILING_DART,,2618.339457674655,56.52437447184128,31420.07349209586,-78.77022061344874,5.0,0,3.0,57.213100425652634,31.106550212826317,제외,0.0,BULL,1.0,7.667116084725663,200일↑ | RSI우호 | MACD+,EPS스크랩,36.21134020618557
2026-04-25,587,587,스피어,347700,KQ,우주항공과국방,42600.0,44327.5,42308.333333333336,27202.75,20695.25,1,47.02354093342674,-326.3139803564973,0.5550046329086308,0,-7.491856677524433,-16.30648330058939,-16.30648330058939,3.399153147597664,,3.739068462357431,DART,TRAILING_DART,,3.399153147597664,12532.533295861458,40.78983777117197,-99.90424920710993,5.0,0,3.0,56.99871634943347,30.999358174716736,제외,0.0,BULL,1.0,30.0,200일↑ | RSI우호,,15.721649484536082
2026-04-25,588,588,토모큐브,475960,KQ,생명과학도구및서비스,55300.0,54120.0,55413.333333333336,51251.666666666664,45266.75,1,51.02776104178063,163.40212160808753,0.5606898542785073,0,-1.7761989342806372,-3.993055555555558,-3.993055555555558,-359.40475947813667,,-395.3452354259504,DART,TRAILING_DART,,-359.40475947813667,-153.8655194224383,-4312.85711373764,-107.7990182888565,5.0,1,3.0,56.98917004668831,30.994585023344154,제외,0.0,BULL,1.0,5.0,200일↑ | RSI우호 | MACD+,적자,16.108247422680414
2026-04-25,589,589,삼양식품,003230,KS,식품,1315000.0,1275250.0,1185600.0,1236516.6666666667,1318140.0,0,56.57514343288021,4803.127266286872,0.7895075792905268,0,-4.433139534883724,11.158072696534237,11.158072696534237,51596.03090196953,70582.0,70582.0,DART|DAILY_DISC,TRAILING_DART,,51596.03090196953,25.486456555126292,619152.3708236343,-52.916169519115265,5.0,0,3.0,56.65793450830173,30.828967254150864,제외,0.0,BULL,1.0,7.681161075476895,RSI우호 | MACD+,EPS스크랩,37.75773195876289
2026-04-25,590,590,코오롱티슈진,950160,KQ,생물공학,101000.0,102715.0,101088.33333333333,85003.75,67952.5,1,48.90583085602502,-408.7498733376566,0.6166722191207588,0,-5.4307116104868935,-20.472440944881885,-20.472440944881885,-1.5980598694416368,,-1.7578658563858007,DART,TRAILING_DART,,-1.5980598694416368,-63201.63714222388,-19.17671843329964,-100.01898684993395,5.0,1,3.0,56.414732345898884,30.707366172949442,제외,0.0,BULL,1.0,5.0,200일↑ | RSI우호,적자,21.391752577319586
2026-04-25,591,591,삼미금속,012210,KQ,기계,14550.0,13910.5,14909.333333333334,12621.333333333334,9511.575,1,51.762938424055825,161.01493694024887,0.31813411674243036,0,1.1118832522585054,10.646387832699622,10.646387832699622,76.16069683091375,,83.77676651400513,DART,TRAILING_DART,,76.16069683091375,191.04342010292808,913.9283619709649,-93.71870541600711,5.0,0,3.0,56.373921339638706,30.686960669819353,제외,0.0,BULL,1.0,11.980468360394822,200일↑ | RSI우호 | MACD+,,3.865979381443299
2026-04-25,592,592,에이치브이엠,295310,KQ,비철금속,85400.0,87030.0,88346.66666666667,65719.16666666667,50564.5,1,46.986925813305426,-111.09199146146858,1.338980845837501,0,-14.17085427135678,-10.29411764705882,-10.29411764705882,1048.5596299283022,,1153.4155929211329,DART,TRAILING_DART,,1048.5596299283022,81.44505811828692,12582.715559139626,-85.26614103145242,5.0,0,3.0,56.201062377617085,30.600531188808542,제외,0.0,BULL,1.0,19.13804753201511,200일↑ | RSI우호,,74.48453608247422
2026-04-25,593,593,고려아연,010130,KS,비철금속,1642000.0,1585400.0,1673600.0,1481858.3333333333,1253760.0,1,51.91804997142893,13003.574117022566,0.5512871913310106,0,-2.2036926742108442,10.721510451786909,10.721510451786909,36901.76213513276,65142.0,65142.0,DART,TRAILING_DART,,36901.76213513276,44.496520084516895,442821.1456215931,-73.03159892682136,5.0,0,3.0,56.04779928870392,30.52389964435196,제외,0.0,BULL,1.0,19.13804753201511,200일↑ | RSI우호 | MACD+,,15.592783505154639
2026-04-25,594,594,SK오션플랜트,100090,KS,에너지장비및서비스,23150.0,25397.5,21548.666666666668,20632.666666666668,21196.7,1,46.638060586779,-518.5750250052984,0.9777068370752713,0,0.21645021645022577,-19.33797909407665,-19.33797909407665,600.3835848861607,813.0,813.0,DART,TRAILING_DART,,600.3835848861607,38.55868245363419,7204.6030186339285,-68.87860467112775,5.0,0,3.0,56.03014587556641,30.515072937783206,제외,0.0,BULL,1.0,30.0,200일↑ | RSI우호,,55.28350515463918
2026-04-25,595,595,LG디스플레이,034220,KS,디스플레이패널,12770.0,12601.0,12268.333333333334,12453.583333333334,12200.25,1,49.59509638424456,104.5024401088275,1.3727870488586122,0,-11.38098542678695,10.754553339115347,10.754553339115347,607.614,1442.0,1442.0,DART|DAILY_DISC,TRAILING_DART,,607.614,21.0166322698292,7291.368,-42.90236491777604,5.0,0,3.0,55.83768842731461,30.418844213657305,제외,0.0,BULL,1.0,21.0166322698292,200일↑ | RSI우호 | MACD+,EPS스크랩,75.77319587628865
2026-04-25,596,596,셀바스AI,108860,KQ,건강관리장비와용품,13640.0,13513.5,12492.833333333334,12527.333333333334,12983.55,1,52.4754332608842,-49.537103196587395,0.18347453876478376,0,-4.548635409377189,-13.888888888888884,-13.888888888888884,-161.3781731531251,,-177.51599046843762,DART,TRAILING_DART,,-161.3781731531251,-84.52196312234597,-1936.538077837501,-114.19749323927786,5.0,1,3.0,55.70929676922468,30.35464838461234,제외,0.0,BULL,1.0,9.791336353759029,200일↑ | RSI우호,적자,1.5463917525773196
2026-04-25,597,597,한올바이오파마,009420,KS,제약,51600.0,49780.0,53599.166666666664,49832.083333333336,42012.0,1,51.375307653663825,456.29998225129475,0.8310268604855595,0,6.172839506172845,-19.875776397515533,-19.875776397515533,-106.41452414880538,151.0,151.0,DART,TRAILING_DART,,-106.41452414880538,-484.89621518059727,-1276.9742897856645,-102.47475637555361,5.0,1,3.0,55.66228308478095,30.331141542390476,제외,0.0,BULL,1.0,7.667116084725663,200일↑ | RSI우호 | MACD+,적자,41.49484536082475
2026-04-25,598,598,퍼시스,016800,KS,가구,36600.0,37870.0,39719.166666666664,42694.166666666664,43848.5,0,37.87900687982296,-39.06885939062033,1.6917799296539147,0,-4.935064935064936,-3.0463576158940353,-3.0463576158940353,3093.9279331304347,,3403.320726443478,DART,TRAILING_DART,,3093.9279331304347,11.829622664471096,37127.135197565214,1.440260102637203,40.93616906671418,0,3.0,19.557271204734075,30.246720135724125,제외,0.0,BULL,1.0,11.829622664471096,거래량x1.7,,82.34536082474226
2026-04-25,599,599,로킷헬스케어,376900,KQ,건강관리장비와용품,89000.0,106820.0,89481.66666666667,75946.25,53520.2,1,41.260176804661526,-3089.263330201631,0.3845785389524342,0,-12.6594700686948,-28.2258064516129,-28.2258064516129,-178.20640668861716,,-196.0270473574789,DART,TRAILING_DART,,-178.20640668861716,-499.4208774744619,-2138.476880263406,-102.40278301153192,5.0,1,3.0,55.47266082287781,30.236330411438907,제외,0.0,BULL,1.0,9.791336353759029,200일↑,적자,6.572164948453609
2026-04-25,600,600,애경산업,018250,KS,화장품,15500.0,14903.0,14509.166666666666,13988.0,14769.9,1,58.339386145684166,72.70463730385009,0.3579108432967501,0,3.402268178785861,1.3071895424836555,1.3071895424836555,572.7580544215652,,630.0338598637218,DART,TRAILING_DART,,572.7580544215652,27.062037592214434,6873.096653058783,-55.65744094800785,5.0,0,3.0,55.39708424609383,30.198542123046916,제외,0.0,BULL,1.0,15.880089461626476,200일↑ | RSI우호 | MACD+,,5.541237113402062
2026-04-25,601,601,대아티아이,045390,KQ,IT서비스,4410.0,4337.0,4387.083333333333,4201.625,4473.65,0,50.45288478328889,9.91612070857228,0.6933731066324279,0,-6.9620253164556996,7.038834951456319,7.038834951456319,289.4915858367338,,318.4407444204072,DART,TRAILING_DART,,289.4915858367338,15.233603378328006,3473.899030040806,-21.22677936415406,21.4265680563652,0,3.0,38.91730526724485,30.171936661805024,제외,0.0,BULL,1.0,15.002925450414125,RSI우호 | MACD+,,28.865979381443296
2026-04-25,602,602,레인보우로보틱스,277810,KQ,기계,612000.0,580600.0,670883.3333333334,560175.0,452217.5,1,50.28764001949756,7328.339149071824,1.2413737342146112,0,-0.4878048780487809,7.9365079365079305,7.9365079365079305,53.28059117752305,,58.60865029527536,DART,TRAILING_DART,,53.28059117752305,11486.3590375885,639.3670941302767,-99.8955282525931,5.0,0,3.0,55.24487458120511,30.122437290602555,제외,0.0,BULL,1.0,11.980468360394822,200일↑ | RSI우호 | MACD+,,69.9742268041237
2026-04-25,603,603,CJ제일제당,097950,KS,식품,236000.0,231800.0,218430.0,216519.16666666666,226359.0,1,58.88187328381258,-452.672165638397,0.5151536459347271,0,-0.42194092827003704,10.023310023310028,10.023310023310028,-27696.974648778752,22916.0,22916.0,DART|DAILY_DISC,TRAILING_DART,,-27696.974648778752,-8.520786222779966,-332363.69578534504,-240.83207448531567,5.0,1,3.0,55.13736051055548,30.06868025527774,제외,0.0,BULL,1.0,7.681161075476895,200일↑ | RSI우호,"EPS스크랩,적자",13.144329896907218
2026-04-25,604,604,제이앤티씨,204270,KQ,핸드셋,19980.0,17228.5,19486.0,20353.0,20150.15,0,63.136770419704824,469.3730466685929,1.0201000197872014,1,4.936974789915971,17.737183264584555,17.737183264584555,-1583.1111369314442,,-1741.4222506245887,DART,TRAILING_DART,,-1583.1111369314442,-12.620718491518781,-18997.33364317733,-195.0817499658525,5.0,1,3.0,55.078776813685245,30.039388406842622,제외,0.0,BULL,1.0,23.046435876701775,20일돌파 | RSI우호 | MACD+,적자,57.345360824742265
2026-04-25,605,605,부국증권,001270,KS,증권,74300.0,74790.0,77431.66666666667,69863.33333333333,66473.25,1,46.936103446474284,88.45976093610079,0.49094163502233223,0,-2.365308804204991,-1.978891820580475,-1.978891820580475,4401.29596506654,,4841.4255615731945,DART,TRAILING_DART,,4401.29596506654,16.881391433279067,52815.55158079848,-28.91581213889841,14.698664378463892,0,3.0,45.20859200958364,29.953628194023764,제외,0.0,BULL,1.0,10.699733683069372,200일↑ | RSI우호 | MACD+,,11.855670103092782
2026-04-25,606,606,원익IPS,240810,KQ,반도체와반도체장비,116100.0,117600.0,117651.66666666667,92565.83333333333,71871.25,1,47.569523580802226,-588.6309222373052,0.8428127580207853,0,-4.207920792079212,-4.049586776859504,-4.049586776859504,1711.9372024648162,3131.0,3131.0,DART,TRAILING_DART,,1711.9372024648162,67.81790817609509,20543.246429577794,-82.30555863085462,5.0,0,3.0,54.69808036220384,29.84904018110192,제외,0.0,BULL,1.0,30.0,200일↑ | RSI우호,,43.29896907216495
2026-04-25,607,607,파인엠텍,441270,KQ,핸드셋,10740.0,10265.0,10147.833333333334,9825.25,10090.95,1,52.65656734502878,87.4304892122754,0.485138296197603,0,-10.499999999999998,2.6768642447418722,2.6768642447418722,-370.4294987258498,,-407.4724485984348,DART,TRAILING_DART,,-370.4294987258498,-28.993371308013835,-4445.153984710198,-141.38877080735753,5.0,1,3.0,54.687179410075565,29.843589705037783,제외,0.0,BULL,1.0,23.046435876701775,200일↑ | RSI우호 | MACD+,적자,11.597938144329897
2026-04-25,608,608,SK아이이테크놀로지,361610,KS,전기제품,27700.0,23525.0,24156.666666666668,26024.166666666668,27177.25,1,67.72521673226558,653.2167639295424,0.9360815339471777,0,14.46280991735538,27.944572748267895,27.944572748267895,-2584.9789025408654,-2306.0,-2306.0,DART,TRAILING_DART,,-2584.9789025408654,-10.7157547679684,-31019.746830490385,-211.9846455974382,5.0,1,3.0,54.636988627093174,29.818494313546587,제외,0.0,BULL,1.0,5.0,200일↑ | RSI우호 | MACD+,적자,51.03092783505154
2026-04-25,609,609,지씨셀,144510,KQ,건강관리업체및서비스,25300.0,24007.5,24820.0,24788.333333333332,22963.55,1,54.92050933757354,210.27225480746387,0.7586369197612505,0,-3.802281368821292,-0.5893909626719096,-0.5893909626719096,-17311.449380089445,,-19042.594318098392,DART,TRAILING_DART,,-17311.449380089445,-1.4614605308033013,-207737.39256107336,-921.096413284875,5.0,1,3.0,54.31839513415514,29.65919756707757,제외,0.0,BULL,1.0,5.0,200일↑ | RSI우호 | MACD+,적자,34.79381443298969
2026-04-25,610,610,코오롱,002020,KS,복합기업,60300.0,62230.0,61185.0,54870.0,51167.75,1,48.95004482074584,-483.47644105519265,0.5215025842035396,0,-4.739336492891,-13.610315186246414,-13.610315186246414,-22979.015572201977,,-25276.91712942217,DART,TRAILING_DART,,-22979.015572201977,-2.624133301556474,-275748.1868664237,-557.2938422328751,5.0,1,3.0,53.746045656822474,29.373022828411237,제외,0.0,BULL,1.0,11.889597626439988,200일↑ | RSI우호,적자,13.530927835051546
2026-04-25,611,611,HLB제약,047920,KQ,제약,17300.0,17351.0,16502.166666666668,16361.0,15903.2,1,51.49122189983674,-81.07713789163745,0.3469186284976326,0,-5.361050328227568,6.461538461538452,6.461538461538452,139.38506673728594,,153.32357341101454,DART,TRAILING_DART,,139.38506673728594,124.11659588044087,1672.6208008474314,-90.33167167140212,5.0,0,3.0,53.658374386236986,29.329187193118493,제외,0.0,BULL,1.0,7.667116084725663,200일↑ | RSI우호,,5.283505154639175
2026-04-25,612,612,HK이노엔,195940,KQ,제약,52600.0,49870.0,52005.833333333336,51236.666666666664,48977.0,1,56.71191718073584,367.6005693364347,1.1947414364671176,0,0.5736137667303964,-0.941619585687381,-0.941619585687381,2672.0827350871205,3098.0,3098.0,DART,TRAILING_DART,,2672.0827350871205,19.68501922089064,32064.992821045445,-39.0399376025752,5.8400545977466995,0,3.0,52.812345363711636,29.326199980729168,제외,0.0,BULL,1.0,7.667116084725663,200일↑ | RSI우호 | MACD+,,67.91237113402062
2026-04-25,613,613,HL만도,204320,KS,자동차부품,53000.0,51077.5,55202.5,53016.666666666664,45812.75,1,51.927015514757294,560.0700818643681,0.695141361640775,0,0.1890359168241984,2.9126213592232997,2.9126213592232997,2615.200139212115,4351.0,4351.0,DART,TRAILING_DART,,2615.200139212115,20.26613535435471,31382.401670545383,-40.787921376329464,5.0,0,3.0,53.34490897432252,29.17245448716126,제외,0.0,BULL,1.0,8.065670984801612,200일↑ | RSI우호 | MACD+,,28.994845360824744
2026-04-25,614,614,아이에스동서,010780,KS,건설,27800.0,27877.5,28552.5,24616.833333333332,22676.7,1,47.02092856770197,19.737523684620527,0.6340003154818277,0,-4.957264957264962,3.3457249070631967,3.3457249070631967,-2379.0957638154946,1982.0,1982.0,DART,TRAILING_DART,,-2379.0957638154946,-11.685111807107553,-28549.149165785937,-202.69478117189186,5.0,1,3.0,53.16019352739375,29.080096763696876,제외,0.0,BULL,1.0,10.126848544904743,200일↑ | RSI우호 | MACD+,적자,22.938144329896907
2026-04-25,615,615,쎄트렉아이,099320,KQ,우주항공과국방,172600.0,170830.0,179548.33333333334,127005.41666666667,98178.25,1,49.10635994037016,939.7190845659327,0.45415978580980676,0,-7.946666666666669,-8.240297713981926,-8.240297713981926,1286.2228875022622,1756.0,1756.0,DART,TRAILING_DART,,1286.2228875022622,134.19136113739575,15434.674650027147,-91.05754655270732,5.0,0,3.0,52.99846795317511,28.999233976587554,제외,0.0,BULL,1.0,30.0,200일↑ | RSI우호 | MACD+,,9.922680412371134
2026-04-25,616,616,에스원,012750,KS,상업서비스와공급품,87500.0,88960.0,87018.33333333333,81128.33333333333,79347.0,1,46.91299763552394,-429.04726990356266,0.6655034745040256,0,-5.097613882863339,0.34403669724769603,0.34403669724769603,4699.139455253479,5211.0,5211.0,DART|DAILY_DISC,TRAILING_DART,,4699.139455253479,18.620430577385388,56389.67346304175,-35.554658899380854,8.889673463041753,0,3.0,48.77397898477815,28.83182622390995,제외,0.0,BULL,1.0,18.620430577385388,200일↑ | RSI우호,EPS스크랩,26.15979381443299
2026-04-25,617,617,한국가스공사,036460,KS,가스유틸리티,38400.0,36080.0,38210.833333333336,39499.583333333336,40283.25,0,61.80677850534614,362.9695195343397,1.8199007774673719,1,4.632152588555849,8.47457627118644,8.47457627118644,1432.636790051239,8295.0,8295.0,DART,TRAILING_DART,,1432.636790051239,26.80372322326485,17191.641480614868,-55.23010031089879,5.0,0,3.0,52.625090456013496,28.812545228006748,제외,0.0,BULL,1.0,6.145140153597196,20일돌파 | 거래량x1.8 | RSI우호 | MACD+,,85.05154639175258
2026-04-25,618,618,나우로보틱스,459510,KQ,기계,22900.0,21120.0,24421.333333333332,23901.666666666668,22240.9,1,54.466992046494305,384.7080199965867,0.8416383455294428,1,0.2188183807439792,17.25550435227854,17.25550435227854,-641.3466303426729,,-705.4812933769402,DART,TRAILING_DART,,-641.3466303426729,-35.706120398207254,-7696.159564112075,-133.60768368607893,5.0,1,3.0,52.544229084515656,28.772114542257828,제외,0.0,BULL,1.0,11.980468360394822,200일↑ | 20일돌파 | RSI우호 | MACD+,적자,42.65463917525773
2026-04-25,619,619,메디아나,041920,KQ,건강관리장비와용품,20050.0,19834.0,21056.333333333332,14806.916666666666,11073.65,1,50.21989113028653,79.00540231274402,0.5952356717580187,0,-3.605769230769229,0.7537688442211143,0.7537688442211143,283.60217161607324,,311.9623887776806,DART,TRAILING_DART,,283.60217161607324,70.69762507722511,3403.2260593928786,-83.02630394317767,5.0,0,3.0,51.49640536652878,28.24820268326439,제외,0.0,BULL,1.0,9.791336353759029,200일↑ | RSI우호 | MACD+,,19.072164948453608
2026-04-25,620,620,유진기업,023410,KQ,건축자재,4150.0,4055.5,4255.166666666667,3889.375,3728.55,1,50.937552437093856,21.303271364820223,1.1927657638002485,0,0.60606060606061,-3.3760186263096625,-3.3760186263096625,-316.7263316281956,,-348.3989647910152,DART,TRAILING_DART,,-316.7263316281956,-13.102794386137987,-3800.7159795383477,-191.5835175792373,5.0,1,3.0,51.02127731737492,28.01063865868746,제외,0.0,BULL,1.0,5.9791646509456715,200일↑ | RSI우호 | MACD+,적자,67.78350515463917
2026-04-25,621,621,롯데칠성,005300,KS,음료,123800.0,117865.0,126151.66666666667,126628.33333333333,125292.5,0,57.29504465851417,1255.406255537287,0.9424446762908866,1,1.6420361247947435,5.004240882103472,5.004240882103472,5517.727491258647,10718.0,10718.0,DART|DAILY_DISC,TRAILING_DART,,5517.727491258647,22.43677314548929,66212.72989510377,-46.51637326728291,5.0,0,3.0,50.962762843540474,27.981381421770237,제외,0.0,BULL,1.0,25.87033288269921,20일돌파 | RSI우호 | MACD+,EPS스크랩,51.80412371134021
2026-04-25,622,622,JYP Ent.,035900,KQ,방송과엔터테인먼트,63500.0,61350.0,65685.0,68060.0,70852.0,0,52.9272536546532,547.2111192461122,0.9517960703385775,0,0.4746835443038,-1.244167962674958,-1.244167962674958,4518.778927185856,3685.0,3685.0,DART,TRAILING_DART,,4518.778927185856,14.052468824702089,54225.34712623028,-14.605752557117668,27.219966512522042,0,3.0,28.660428328404702,27.94019742046337,제외,0.0,BULL,1.0,13.565426316295,RSI우호 | MACD+,,52.83505154639175
2026-04-25,623,623,차바이오텍,085660,KQ,건강관리업체및서비스,17940.0,17750.0,19374.833333333332,16760.0,14560.3,1,48.7160231849919,50.936139460641016,0.972201505622885,0,-1.4285714285714235,-8.841463414634143,-8.841463414634143,-1578.0244578762006,,-1735.8269036638208,DART,TRAILING_DART,,-1578.0244578762006,-11.368645086873192,-18936.293494514408,-205.55347544322413,5.0,1,3.0,50.547820684967874,27.773910342483937,제외,0.0,BULL,1.0,5.0,200일↑ | RSI우호 | MACD+,적자,54.51030927835051
2026-04-25,624,624,엘앤씨바이오,290650,KQ,건강관리장비와용품,69900.0,68860.0,80115.0,69590.0,58051.5,1,46.73704363178344,534.6410960978064,1.0745424672637183,0,-2.237762237762242,-4.768392370572205,-4.768392370572205,-5563.905327040061,,-6120.295859744068,DART,TRAILING_DART,,-5563.905327040061,-12.563118150176374,-66766.86392448073,-195.5176880178551,5.0,1,3.0,50.5345701543608,27.7672850771804,제외,0.0,BULL,1.0,9.791336353759029,200일↑ | RSI우호 | MACD+,적자,61.08247422680413
2026-04-25,625,625,HLB생명과학,067630,KQ,건강관리장비와용품,4275.0,4179.0,4067.0,4088.7916666666665,4078.775,1,53.212449254227685,-2.040803865062003,0.4974563666780773,0,-5.000000000000004,6.875000000000009,6.875000000000009,-819.7732725227014,,-901.7505997749716,DART,TRAILING_DART,,-819.7732725227014,-5.214856525932437,-9837.279270272416,-330.11179579584604,5.0,1,3.0,50.46808325857009,27.734041629285045,제외,0.0,BULL,1.0,9.791336353759029,200일↑ | RSI우호,적자,12.371134020618557
2026-04-25,626,626,코오롱생명과학,102940,KQ,제약,56700.0,56660.0,59608.333333333336,53157.916666666664,44838.0,1,48.59397994800228,43.0644941240987,0.4889772991082606,0,-3.73514431239389,-12.09302325581395,-12.09302325581395,1906.7271927045683,,2097.399911975025,DART,TRAILING_DART,,1906.7271927045683,29.736818259551196,22880.72631245482,-59.64598533958585,5.0,0,3.0,50.188786211458954,27.594393105729477,제외,0.0,BULL,1.0,7.667116084725663,200일↑ | RSI우호 | MACD+,,11.72680412371134
2026-04-25,627,627,유일로보틱스,388720,KQ,기계,97000.0,90335.0,107043.33333333333,96469.16666666667,87071.0,1,52.61945750526799,1817.8851883143248,1.2097450488361252,0,0.9365244536940764,4.413347685683533,4.413347685683533,-2094.0073090975607,,-2303.408040007317,DART,TRAILING_DART,,-2094.0073090975607,-46.3226654360645,-25128.08770917073,-125.90524506100076,5.0,1,3.0,50.11192710554239,27.555963552771196,제외,0.0,BULL,1.0,11.980468360394822,200일↑ | RSI우호 | MACD+,적자,68.81443298969072
2026-04-25,628,628,재영솔루텍,049630,KQ,핸드셋,14650.0,14631.25,20364.166666666668,15825.708333333334,11156.0,1,44.147859896513495,224.76268939815668,0.0,0,-1.180438448566612,-9.147286821705425,-9.147286821705425,72.31973677637069,,79.55171045400776,DART,TRAILING_DART,,72.31973677637069,202.57263995997636,867.8368413164483,-94.0761990353826,5.0,0,3.0,50.05280710589768,27.52640355294884,제외,0.0,BULL,1.0,23.046435876701775,200일↑ | MACD+,,0.3865979381443299
2026-04-25,629,629,드림텍,192650,KS,핸드셋,6850.0,6582.5,7202.333333333333,7132.0,6783.35,1,52.56055006257052,56.13799739636522,1.148065137946412,1,1.1816838995568624,0.14619883040936088,0.14619883040936088,192.0530053708924,,211.25830590798168,DART,TRAILING_DART,,192.0530053708924,35.667236692137635,2304.636064450709,-66.35567789123053,5.0,0,3.0,49.68534960768689,27.342674803843444,제외,0.0,BULL,1.0,23.046435876701775,200일↑ | 20일돌파 | RSI우호 | MACD+,,65.85051546391753
2026-04-25,630,630,씨앤씨인터내셔널,352480,KQ,화장품,29650.0,26842.5,29360.833333333332,30890.416666666668,35282.0,0,65.20979976082464,417.3845297982299,3.4740705630704536,1,8.211678832116798,10.22304832713754,10.22304832713754,1048.186336349765,,1153.0049699847416,DART,TRAILING_DART,,1048.186336349765,28.28695525955245,12578.23603619718,-57.577618764933625,5.0,0,3.0,49.54557702544038,27.27278851272019,제외,0.0,BULL,1.0,15.880089461626476,20일돌파 | 거래량x3.5 | RSI우호 | MACD+,,95.87628865979381
2026-04-25,631,631,한국피아이엠,448900,KQ,자동차부품,91700.0,97915.0,99361.66666666667,75968.33333333333,51922.05,1,44.804067997844264,-99.37550442460861,0.7361141380585019,0,-14.379084967320265,-24.214876033057852,-24.214876033057852,-8.928861295750385,,-9.821747425325425,DART,TRAILING_DART,,-8.928861295750385,-10270.066581014516,-107.14633554900462,-100.11684442262705,5.0,1,3.0,49.37657716765527,27.188288583827635,제외,0.0,BULL,1.0,8.065670984801612,200일↑,적자,32.7319587628866
2026-04-25,632,632,한미약품,128940,KS,제약,497500.0,509475.0,530758.3333333334,488541.6666666667,417782.5,1,45.66778341445946,-1165.3820269155012,0.8889625116625782,0,-6.660412757973733,-9.38069216757741,-9.38069216757741,14607.420576519022,14682.0,14682.0,DART|DAILY_DISC,TRAILING_DART,,14607.420576519022,34.05803217576386,175289.04691822827,-64.76602071995413,5.0,0,3.0,49.14671901380831,27.073359506904154,제외,0.0,BULL,1.0,7.667116084725663,200일↑ | RSI우호,EPS스크랩,46.90721649484536
2026-04-25,633,633,메지온,140410,KQ,식품,91100.0,88525.0,115616.66666666667,99085.83333333333,78741.25,1,46.45361538363098,1701.7638515576837,0.6827028921869515,0,-0.6543075245365348,-7.040816326530608,-7.040816326530608,-1149.2718623848043,,-1264.1990486232849,DART,TRAILING_DART,,-1149.2718623848043,-79.26758061487935,-13791.262348617653,-115.13859752866922,5.0,1,3.0,49.00696431476914,27.00348215738457,제외,0.0,BULL,1.0,7.681161075476895,200일↑ | RSI우호 | MACD+,적자,28.09278350515464
2026-04-25,634,634,하나투어,039130,KS,"호텔,레스토랑,레저",42550.0,41502.5,43990.0,45620.833333333336,48361.0,0,52.105932419364144,263.69985247752885,0.6559496395215166,0,-1.504629629629628,2.6537997587454676,2.6537997587454676,3104.705232405152,3711.0,3711.0,DART,TRAILING_DART,,3104.705232405152,13.705004763700991,37256.46278886183,-12.440745502087358,29.11434768567356,0,3.0,24.501328758591093,26.807838222132325,제외,0.0,BULL,1.0,13.705004763700991,RSI우호 | MACD+,,25.257731958762886
2026-04-25,635,635,KCC글라스,344820,KS,건축자재,28700.0,26910.0,27202.5,26872.916666666668,28177.75,1,63.67959121778873,243.45010490390928,0.6399603448950575,0,-1.2048192771084376,13.214990138067062,13.214990138067062,-5237.333611971864,,-5761.066973169051,DART,TRAILING_DART,,-5237.333611971864,-5.479887692163724,-62848.00334366237,-318.98259004760405,5.0,1,3.0,48.51759969361769,26.758799846808845,제외,0.0,BULL,1.0,5.9791646509456715,200일↑ | RSI우호 | MACD+,적자,23.195876288659793
2026-04-25,636,636,대한제강,084010,KS,철강,11590.0,11279.5,11656.666666666666,10935.44969889323,10456.24107421875,1,51.70443616883919,13.743977088068014,0.5617948309882742,0,1.6666666666666607,10.066476733143404,10.066476733143404,402.9178071626351,718.0,718.0,DART,TRAILING_DART,,402.9178071626351,28.76517193821065,4835.013685951621,-58.28288450430008,5.0,0,3.0,48.471602296715815,26.735801148357908,제외,0.0,BULL,1.0,21.676807840290483,200일↑ | RSI우호 | MACD+,,16.237113402061855
2026-04-25,637,637,오름테라퓨틱,475830,KQ,제약,84300.0,83695.0,107073.33333333333,96235.83333333333,68796.5,1,41.75785992013225,1084.5167082677626,0.5739448159053697,0,-1.8626309662398088,-25.0,-25.0,-1976.6599729243576,,-2174.3259702167934,DART,TRAILING_DART,,-1976.6599729243576,-42.647699227339984,-23719.919675092293,-128.13750851137874,5.0,1,3.0,48.34522243910796,26.67261121955398,제외,0.0,BULL,1.0,7.667116084725663,200일↑ | MACD+,적자,17.2680412371134
2026-04-25,638,638,클로봇,466100,KQ,기계,48300.0,47015.0,57851.666666666664,55142.916666666664,42920.3,1,47.25683300885873,920.725153941451,1.0788494229259715,0,-3.0120481927710885,-4.921259842519687,-4.921259842519687,-138.30958782679625,,-152.14054660947588,DART,TRAILING_DART,,-138.30958782679625,-349.2165710195422,-1659.715053921555,-103.43626305159744,5.0,1,3.0,48.217576923052874,26.608788461526437,제외,0.0,BULL,1.0,11.980468360394822,200일↑ | RSI우호 | MACD+,적자,61.34020618556701
2026-04-25,639,639,한일시멘트,300720,KS,건축자재,17080.0,16842.5,17142.166666666668,17515.166666666668,18230.5,0,51.78434252768951,22.67082193872102,0.6468191961667192,0,0.47058823529411153,3.3272837265577726,3.3272837265577726,1103.2930256952563,,1213.622328264782,DART,TRAILING_DART,,1103.2930256952563,15.48092809635662,13239.516308343076,-22.485267515555762,20.32539092388871,0,3.0,32.854590011792276,26.589990467840494,제외,0.0,BULL,1.0,5.9791646509456715,RSI우호 | MACD+,,23.969072164948454
2026-04-25,640,640,에코앤드림,101360,KQ,화학,20550.0,18344.5,19155.333333333332,19785.25,20503.3,1,65.31720583174923,364.4673158873956,0.6932051048507949,0,9.308510638297873,18.58049624927871,18.58049624927871,-483.3500891200855,,-531.6850980320941,DART,TRAILING_DART,,-483.3500891200855,-42.515767479034174,-5800.2010694410255,-128.22482272234078,5.0,1,3.0,48.14960292340231,26.574801461701156,제외,0.0,BULL,1.0,14.584285703179969,200일↑ | RSI우호 | MACD+,적자,28.737113402061855
2026-04-25,641,641,링크솔루션,474650,KQ,기계,58600.0,59590.0,65868.33333333333,56880.833333333336,42950.25,1,45.77127650398663,146.28526438542576,0.9988303340523023,0,-6.08974358974359,-5.787781350482312,-5.787781350482312,-1216.6586586872531,,-1338.3245245559783,DART,TRAILING_DART,,-1216.6586586872531,-48.16470057692933,-14599.903904247038,-124.91451178199154,5.0,1,3.0,47.730240000638574,26.365120000319287,제외,0.0,BULL,1.0,11.980468360394822,200일↑ | RSI우호 | MACD+,적자,56.05670103092783
2026-04-25,642,642,파마리서치,214450,KQ,건강관리장비와용품,323000.0,301025.0,336750.0,386370.8333333333,470802.5,0,56.94727211057646,4063.8155951145554,2.419872772823457,1,3.3600000000000074,3.0303030303030276,3.0303030303030276,16194.526982434823,18767.0,18767.0,DART,TRAILING_DART,,16194.526982434823,19.945009838838615,194334.3237892179,-39.834574678260715,5.144747156521874,0,3.0,47.2691099306835,26.206928543602686,제외,0.0,BULL,1.0,9.791336353759029,20일돌파 | 거래량x2.4 | RSI우호 | MACD+,,91.49484536082474
2026-04-25,643,643,덴티움,145720,KS,건강관리장비와용품,54000.0,52547.5,51145.0,50565.833333333336,54531.5,0,54.42889230609342,60.88136955796119,0.7056137822873089,0,-3.7433155080213942,1.8867924528301883,1.8867924528301883,1893.298227215534,6556.0,6556.0,DART,TRAILING_DART,,1893.298227215534,28.52165560806423,22719.57872658641,-57.92670606187702,5.0,0,3.0,46.62541028514681,25.812705142573407,제외,0.0,BULL,1.0,9.791336353759029,RSI우호 | MACD+,,29.63917525773196
2026-04-25,644,644,큐리옥스바이오시스템즈,445680,KQ,생명과학도구및서비스,90600.0,87290.0,104268.33333333333,99375.83333333333,79955.75,1,47.6329168915185,1459.860427537782,0.4060177378326575,0,-0.22026431718061845,-19.96466431095406,-19.96466431095406,-1587.4902189174393,,-1746.2392408091837,DART,TRAILING_DART,,-1587.4902189174393,-57.071217775302614,-19049.882627009272,-121.02636051546276,5.0,1,3.0,46.610146392352874,25.805073196176437,제외,0.0,BULL,1.0,5.0,200일↑ | RSI우호 | MACD+,적자,7.345360824742269
2026-04-25,645,645,한스바이오메드,042520,KQ,건강관리장비와용품,30200.0,33490.0,40701.666666666664,34772.5,26045.1,1,37.244131962470355,36.32465027941362,1.8102935644584783,0,-11.953352769679304,-26.520681265206814,-26.520681265206814,-2249.091855430128,,-2474.001040973141,DART,TRAILING_DART,,-2249.091855430128,-13.427641884472699,-26989.102265161535,-189.36788829523687,5.0,1,3.0,46.390990105424414,25.695495052712207,제외,0.0,BULL,1.0,9.791336353759029,200일↑ | 거래량x1.8 | MACD+,적자,84.66494845360825
2026-04-25,646,646,신도리코,029530,KS,사무용전자제품,51200.0,51105.0,54020.833333333336,50688.333333333336,48974.0,1,45.91468911101908,181.8215808384448,2.500043012232679,0,-2.6615969581749055,-1.538461538461533,-1.538461538461533,2065.599573228113,,2272.1595305509245,DART,TRAILING_DART,,2065.599573228113,24.786991953132905,24787.194878737355,-51.58751000246611,5.0,0,3.0,46.337744017249676,25.668872008624838,제외,0.0,BULL,1.0,24.786991953132905,200일↑ | 거래량x2.5 | RSI우호 | MACD+,,92.26804123711341
2026-04-25,647,647,신라젠,215600,KQ,제약,3655.0,3801.75,3729.3333333333335,3462.6666666666665,3296.65,1,46.33526057211708,-26.23919234227369,0.5384572741475541,0,-7.9345088161209105,-8.625000000000005,-8.625000000000005,-175.12483006205844,,-192.6373130682643,DART,TRAILING_DART,,-175.12483006205844,-20.870826819388142,-2101.4979607447012,-157.49652423378114,5.0,1,3.0,45.964453495761774,25.482226747880887,제외,0.0,BULL,1.0,7.667116084725663,200일↑ | RSI우호,적자,14.561855670103094
2026-04-25,648,648,미래나노텍,095500,KQ,디스플레이장비및부품,10660.0,9888.0,10355.333333333334,10936.166666666666,10682.6,0,59.04351942892659,148.18615917997076,0.38708664006413157,0,0.9469696969697017,17.920353982300874,17.920353982300874,438.54349850188646,,482.39784835207513,DART,TRAILING_DART,,438.54349850188646,24.30773694380546,5262.5219820226375,-50.633002044815775,5.0,0,3.0,45.86254926880576,25.43127463440288,제외,0.0,BULL,1.0,15.281955431289658,RSI우호 | MACD+,,6.958762886597938
2026-04-25,649,649,카카오뱅크,323410,KS,은행,25300.0,24735.0,25088.333333333332,23445.833333333332,24453.0,1,54.538847045149524,39.62804372401884,0.8347467468911834,0,-0.19723865877712132,2.6369168356997985,2.6369168356997985,1006.62214978647,1229.0,1229.0,DART,TRAILING_DART,,1006.62214978647,25.133561789164652,12079.46579743764,-52.255075899455974,5.0,0,3.0,45.762868080119866,25.381434040059933,제외,0.0,BULL,1.0,8.380623511050532,200일↑ | RSI우호 | MACD+,,41.623711340206185
2026-04-25,650,650,엔젤로보틱스,455900,KQ,건강관리장비와용품,29050.0,27327.5,30301.666666666668,30727.083333333332,28097.5,1,55.197375154714045,364.23476356990227,1.228899863580123,0,-0.34305317324184736,8.395522388059696,8.395522388059696,-637.1730700024812,,-700.8903770027293,DART,TRAILING_DART,,-637.1730700024812,-45.59200846308033,-7646.076840029774,-126.3204022032006,5.0,1,3.0,45.716128971171386,25.358064485585693,제외,0.0,BULL,1.0,9.791336353759029,200일↑ | RSI우호 | MACD+,적자,69.71649484536083
2026-04-25,651,651,오스코텍,039200,KQ,제약,50900.0,51877.5,52451.666666666664,51173.75,45542.0,1,46.426642099547564,-277.1309326460972,0.7079661740752092,0,-6.946983546617913,-6.261510128913439,-6.261510128913439,1421.8366201253295,,1564.0202821378623,DART,TRAILING_DART,,1421.8366201253295,35.79876849388881,17062.039441503955,-66.47929382808653,5.0,0,3.0,45.32700757246739,25.163503786233694,제외,0.0,BULL,1.0,7.667116084725663,200일↑ | RSI우호,,29.896907216494846
2026-04-25,652,652,와이바이오로직스,338840,KQ,생물공학,24450.0,26310.0,26730.833333333332,25475.25,20501.25,1,43.823944666184296,-207.51246723487293,0.45768549355410715,0,-4.4921875,-30.04291845493562,-30.04291845493562,-2768.7729762412,,-3045.6502738653203,DART,TRAILING_DART,,-2768.7729762412,-8.830626494048117,-33225.2757148944,-235.890698220427,5.0,1,3.0,44.70392860763042,24.85196430381521,제외,0.0,BULL,1.0,5.0,200일↑,적자,10.56701030927835
2026-04-25,653,653,신대양제지,016590,KS,포장재,13320.0,13191.5,13268.666666666666,13368.5,12657.6,1,50.87086935905743,-2.9254835605372733,0.23183493134768043,0,-0.5970149253731294,2.22563315425941,2.22563315425941,552.6959035501176,,607.9654939051294,DART,TRAILING_DART,,552.6959035501176,24.10005197151269,6632.3508426014105,-50.207576256746165,5.0,0,3.0,44.55151697218485,24.775758486092425,제외,0.0,BULL,1.0,21.482478727116607,200일↑ | RSI우호,,2.0618556701030926
2026-04-25,654,654,휴젤,145020,KQ,생물공학,267000.0,254400.0,258033.33333333334,245391.66666666666,274517.5,0,56.01055091876527,1351.226798464696,1.0667439464193715,0,-0.927643784786647,2.8901734104046284,2.8901734104046284,11945.21272008942,13420.0,13420.0,DART,TRAILING_DART,,11945.21272008942,22.352050671392423,143342.55264107304,-46.31365069622733,5.0,0,3.0,44.49933847932631,24.749669239663156,제외,0.0,BULL,1.0,5.0,RSI우호 | MACD+,,60.18041237113402
2026-04-25,655,655,펩트론,087010,KQ,생물공학,278500.0,272375.0,282675.0,277625.0,279331.0,0,51.682346826541135,-475.06763385879367,2.324352358456305,0,5.492424242424243,-8.085808580858089,-8.085808580858089,-592.8539311714238,,-652.1393242885663,DART,TRAILING_DART,,-592.8539311714238,-469.76158098456074,-7114.247174057085,-102.5544873156399,5.0,1,3.0,44.33360520158611,24.666802600793055,제외,0.0,BULL,1.0,5.0,거래량x2.3 | RSI우호,적자,90.97938144329896
2026-04-25,656,656,GRT,900290,KQ,화학,4425.0,5270.75,5119.333333333333,4104.25,3672.25,1,35.11589180379839,-134.4640625679379,0.7968457616980645,0,-17.903525046382185,-18.508287292817684,-18.508287292817684,6.134013271490415,,6.747414598639457,DART,TRAILING_DART,,6.134013271490415,721.387418668697,73.60815925788498,-98.3365387738331,5.0,0,3.0,44.26152160713731,24.630760803568656,제외,0.0,BULL,1.0,14.584285703179969,200일↑,,38.53092783505155
2026-04-25,657,657,앱클론,174900,KQ,생물공학,51700.0,53617.5,62527.5,51257.083333333336,36059.85,1,43.348536343204096,5.179460352741444,0.5559435500459958,0,-7.347670250896055,-27.99442896935933,-27.99442896935933,-898.6951772878084,,-988.5646950165892,DART,TRAILING_DART,,-898.6951772878084,-57.527848492551776,-10784.342127453701,-120.85946252892398,5.0,1,3.0,43.80740760250568,24.40370380125284,제외,0.0,BULL,1.0,5.0,200일↑ | MACD+,적자,15.850515463917525
2026-04-25,658,658,티엠씨,217590,KS,조선,29600.0,25827.0,19628.333333333332,,,0,60.186926702248755,27.331941641036337,0.3080391198605848,0,-2.471169686985175,42.307692307692314,42.307692307692314,-24.293163942812026,,-26.72248033709323,DART,TRAILING_DART,,-24.293163942812026,-1218.4497692305818,-291.5179673137443,-100.98485799768157,5.0,1,3.0,43.58830531191359,24.294152655956793,제외,0.0,BULL,1.0,22.008505802553593,RSI우호 | MACD+,적자,3.608247422680412
2026-04-25,659,659,씨메스,475400,KQ,기계,31700.0,30575.0,34900.0,34202.5,30492.5,1,48.749896501148065,424.329565305439,1.5035827858497197,0,-1.8575851393188847,0.9554140127388644,0.9554140127388644,-1427.0359132165177,,-1569.7395045381695,DART,TRAILING_DART,,-1427.0359132165177,-22.213876824269036,-17124.430958598212,-154.02028693564105,5.0,1,3.0,42.33295071346741,23.666475356733706,제외,0.0,BULL,1.0,11.980468360394822,200일↑ | 거래량x1.5 | RSI우호 | MACD+,적자,79.63917525773195
2026-04-25,660,660,에이비엘바이오,298380,KQ,생물공학,157200.0,159565.0,180086.66666666666,178290.0,141307.0,1,44.01813858496936,492.76406538446463,1.2598687756147666,0,-2.6625386996903977,-12.715158245419211,-12.715158245419211,-676.5353762502151,-3830.0,-3830.0,DART,TRAILING_DART,,-676.5353762502151,-232.36035471094112,-8118.424515002582,-105.16439218511616,5.0,1,3.0,41.980466951539306,23.490233475769653,제외,0.0,BULL,1.0,5.0,200일↑ | MACD+,적자,70.61855670103093
2026-04-25,661,661,HL홀딩스,060980,KS,자동차부품,43100.0,41997.5,44444.166666666664,44591.666666666664,42866.25,1,51.40949360431916,235.2256582087881,0.5878164459501078,0,1.891252955082745,-4.751381215469608,-4.751381215469608,2368.0841704899312,,2604.8925875389245,DART,TRAILING_DART,,2368.0841704899312,18.200366582021903,28417.010045879175,-34.06726207452627,10.191145684789515,0,3.0,36.484259178783105,23.33770243178631,제외,0.0,BULL,1.0,8.065670984801612,200일↑ | RSI우호 | MACD+,,18.685567010309278
2026-04-25,662,662,HEM파마,376270,KQ,건강관리업체및서비스,58800.0,64590.0,73780.0,58888.333333333336,44270.05,1,37.44556717651612,-416.79659411754346,1.0746975559785832,0,-3.9215686274509776,-24.615384615384617,-24.615384615384617,-3301.288154483038,,-3631.416969931342,DART,TRAILING_DART,,-3301.288154483038,-17.811229207650833,-39615.457853796455,-167.37322764251098,5.0,1,3.0,41.32218834343956,23.16109417171978,제외,0.0,BULL,1.0,5.0,200일↑,적자,61.21134020618557
2026-04-25,663,663,CJ CGV,079160,KS,방송과엔터테인먼트,4955.0,4781.75,5228.416666666667,5463.375,5287.55,0,53.56230273067824,46.78407097175592,0.7342857022621341,1,2.0597322348094638,3.9874081846799525,3.9874081846799525,-865.8487901631604,-343.0,-343.0,DART,TRAILING_DART,,-865.8487901631604,-5.722708233000223,-10390.185481957924,-309.6909279910782,5.0,1,3.0,40.86194661784556,22.93097330892278,제외,0.0,BULL,1.0,13.565426316295,20일돌파 | RSI우호 | MACD+,적자,32.47422680412371
2026-04-25,664,664,케이아이엔엑스,093320,KQ,IT서비스,108000.0,106110.0,113506.66666666667,110953.33333333333,102043.0,1,50.261250299319364,570.6235311120283,0.7955947702161957,0,-4.424778761061942,3.8461538461538547,3.8461538461538547,4012.026929713115,,4413.229622684426,DART,TRAILING_DART,,4012.026929713115,26.91906158459477,48144.32315655738,-55.421923003187615,5.0,0,3.0,40.72716908228987,22.863584541144935,제외,0.0,BULL,1.0,15.002925450414125,200일↑ | RSI우호 | MACD+,,38.27319587628865
2026-04-25,665,665,GKL,114090,KS,"호텔,레스토랑,레저",11890.0,11782.5,12383.0,13355.083333333334,14562.95,0,47.8858050440664,46.35731686763624,1.1081746198314455,0,-0.6683375104427736,0.08417508417508657,0.08417508417508657,761.0031827640053,868.0,868.0,DART,TRAILING_DART,,761.0031827640053,15.624113366799424,9132.038193168064,-23.195641773187013,19.703813448461364,0,3.0,24.547477732329213,22.125645590395287,제외,0.0,BULL,1.0,13.705004763700991,RSI우호 | MACD+,,63.144329896907216
2026-04-25,666,666,컴투스,078340,KQ,게임엔터테인먼트,33900.0,33242.5,33960.0,32564.583333333332,34979.25,0,53.59077471168345,84.21799324023786,1.057035504526763,0,1.0432190760059523,2.7272727272727337,2.7272727272727337,774.4168606006643,2913.0,2913.0,DART,TRAILING_DART,,774.4168606006643,43.77487335916989,9293.002327207972,-72.58701378404729,5.0,0,3.0,39.213353851564804,22.106676925782402,제외,0.0,BULL,1.0,10.647409226280267,RSI우호 | MACD+,,59.5360824742268
2026-04-25,667,667,씨젠,096530,KQ,생명과학도구및서비스,25000.0,23762.5,24634.166666666668,24752.5,25914.75,0,55.55773944156197,185.89810503257854,0.5431020287787311,0,-8.59232175502742,7.066381156316925,7.066381156316925,927.6098085371052,,1020.3707893908158,DART,TRAILING_DART,,927.6098085371052,26.950987117553726,11131.317702445263,-55.47472919021894,5.0,0,3.0,39.161269621435224,22.080634810717612,제외,0.0,BULL,1.0,5.0,RSI우호 | MACD+,,14.690721649484537
2026-04-25,668,668,안트로젠,065660,KQ,제약,37250.0,39642.5,41769.166666666664,37572.083333333336,32374.0,1,41.48041908706578,-154.3496901492158,0.461104657114752,0,-1.0624169986719778,-21.578947368421055,-21.578947368421055,-137.3005968359301,,-151.03065651952312,DART,TRAILING_DART,,-137.3005968359301,-271.30253515585645,-1647.6071620311611,-104.42310647525144,5.0,1,3.0,39.153118865783924,22.076559432891962,제외,0.0,BULL,1.0,7.667116084725663,200일↑,적자,10.695876288659793
2026-04-25,669,669,조광피혁,004700,KS,"섬유,의류,신발,호화품",68500.0,67585.0,69526.66666666667,68943.33333333333,67728.0,1,51.166170676197055,193.89521640957452,0.4252577319587629,0,-0.5805515239477477,-2.560455192034139,-2.560455192034139,1735.7999430903676,,1909.3799373994043,DART,TRAILING_DART,,1735.7999430903676,39.463073076292766,20829.599317084412,-69.59182581447531,5.0,0,3.0,38.93374217029299,21.966871085146494,제외,0.0,BULL,1.0,7.756921109950797,200일↑ | RSI우호 | MACD+,,8.6340206185567
2026-04-25,670,670,삼양사,145990,KS,식품,47750.0,46205.0,47654.166666666664,48638.333333333336,50018.0,0,56.006571531383244,227.96341802034266,0.9591408277064495,0,-0.31315240083507057,4.48577680525164,4.48577680525164,-29317.37433355224,,-32249.111766907467,DART,TRAILING_DART,,-29317.37433355224,-1.6287270291239062,-351808.4920026269,-836.7717110002659,5.0,1,3.0,38.62241256430771,21.811206282153854,제외,0.0,BULL,1.0,7.681161075476895,RSI우호 | MACD+,적자,53.73711340206185
2026-04-25,671,671,위메이드맥스,101730,KQ,게임엔터테인먼트,5980.0,5262.25,5811.666666666667,6132.916666666667,6588.35,0,56.95363362000547,189.93657022786857,1.0592359367404227,0,19.123505976095622,18.41584158415841,18.41584158415841,-427.03465929725,,-469.7381252269751,DART,TRAILING_DART,,-427.03465929725,-14.00354718242541,-5124.415911567,-185.69257377202342,5.0,1,3.0,38.60265531314137,21.801327656570685,제외,0.0,BULL,1.0,10.647409226280267,RSI우호 | MACD+,적자,59.79381443298969
2026-04-25,672,672,삼천당제약,000250,KQ,제약,411500.0,569200.0,651500.0,445429.1666666667,345875.0,1,35.05575814355231,-18174.415287151074,0.9055268848773239,0,-15.242018537590118,-62.96129612961296,-62.96129612961296,512.8364480622635,,564.1200928684899,DART,TRAILING_DART,,512.8364480622635,802.4000664438729,6154.037376747161,-98.50448666421697,5.0,0,3.0,38.41366414460798,21.70683207230399,제외,0.0,BULL,1.0,7.667116084725663,200일↑,,48.96907216494845
2026-04-25,673,673,동서,026960,KS,식품,26550.0,27285.0,26895.0,27060.416666666668,27626.5,0,43.75719017672843,-116.60377338393417,0.8131879355719505,0,-4.151624548736466,-3.1021897810219023,-3.1021897810219023,1469.0440861584757,,1615.9484947743233,DART,TRAILING_DART,,1469.0440861584757,18.072977012846348,17628.52903390171,-33.60252717927793,10.597788718131813,0,3.0,32.647017375930936,21.622403047031376,제외,0.0,BULL,1.0,7.681161075476895,,,39.69072164948454
2026-04-25,674,674,넥슨게임즈,225570,KQ,게임엔터테인먼트,12100.0,11761.0,11801.333333333334,12273.083333333334,12979.0,0,58.873842164370934,49.19065610734353,0.4545132560999955,0,-0.2473206924979432,5.954465849387036,5.954465849387036,-938.6532259389415,,-1032.518548532836,DART,TRAILING_DART,,-938.6532259389415,-12.89080958294932,-11263.838711267299,-193.08957612617604,5.0,1,3.0,38.12688438601595,21.563442193007976,제외,0.0,BULL,1.0,10.647409226280267,RSI우호 | MACD+,적자,10.051546391752577
2026-04-25,675,675,씨엠티엑스,388210,KQ,반도체와반도체장비,148800.0,136225.0,138800.0,,,0,54.98344173270558,1998.9770662255942,0.6262017182140861,0,-8.430769230769231,2.268041237113394,2.268041237113394,-2248.159868155967,7139.0,7139.0,DART,TRAILING_DART,,-2248.159868155967,-66.18746384884624,-26977.918417871606,-118.13032151738683,5.0,1,3.0,38.125152849104516,21.562576424552258,제외,0.0,BULL,1.0,30.0,RSI우호 | MACD+,적자,22.422680412371136
2026-04-25,676,676,동아에스티,170900,KS,제약,46200.0,44775.0,47209.44446614583,48862.65869140625,47109.49994140625,0,54.60525734741484,233.9393939308574,1.0016492660392988,0,-0.8583690987124415,0.7633587786259444,0.7633587786259444,-3866.3649482993055,,-4253.001443129237,DART|DAILY_DISC,TRAILING_DART,,-3866.3649482993055,-11.949208266105856,-46396.379379591664,-200.42506359218973,5.0,1,3.0,37.95904167268304,21.47952083634152,제외,0.0,BULL,1.0,7.667116084725663,RSI우호 | MACD+,"EPS스크랩,적자",56.44329896907217
2026-04-25,677,677,대상,001680,KS,식품,21150.0,20500.0,21311.666666666668,21236.916666666668,21793.15,0,54.831168153529674,93.47796175211721,0.7314613764047969,0,-0.47058823529412264,0.7142857142857117,0.7142857142857117,-8747.655523799696,,-9622.421076179668,DART,TRAILING_DART,,-8747.655523799696,-2.417790680309406,-104971.86628559636,-596.3208807829616,5.0,1,3.0,37.24320799907454,21.12160399953727,제외,0.0,BULL,1.0,7.681161075476895,RSI우호 | MACD+,적자,32.08762886597938
2026-04-25,678,678,카프로,006380,KS,화학,3660.0,3660.0,3660.0,3660.0,3660.0,0,,0.0,,1,0.0,0.0,0.0,-191.4799804847333,,-210.62797853320663,DART,TRAILING_DART,,-191.4799804847333,-19.114269756737375,-2297.7597658167997,-162.78032147040435,5.0,1,3.0,37.103896103896105,21.051948051948052,제외,0.0,BULL,1.0,14.584285703179969,20일돌파,적자,
2026-04-25,679,679,금양,001570,KS,화학,9900.0,9900.0,9900.0,9900.0,9900.0,0,,0.0,,1,0.0,0.0,0.0,-1079.3320864650686,,-1187.2652951115756,DART,TRAILING_DART,,-1079.3320864650686,-9.172339193976518,-12951.985037580824,-230.82813169273558,5.0,1,3.0,37.103896103896105,21.051948051948052,제외,0.0,BULL,1.0,14.584285703179969,20일돌파,적자,
2026-04-25,680,680,셀트리온제약,068760,KQ,제약,58300.0,56550.0,63465.0,62568.12080078125,58866.3626953125,0,50.22667505166473,518.221124984776,1.4730532524312812,0,-0.34188034188034067,-0.34188034188034067,-0.34188034188034067,872.7401740971623,,960.0141915068784,DART,TRAILING_DART,,872.7401740971623,66.80109582478032,10472.882089165947,-82.0362228316193,5.0,0,3.0,36.6815725919551,20.84078629597755,제외,0.0,BULL,1.0,7.667116084725663,RSI우호 | MACD+,,78.73711340206185
2026-04-25,681,681,삼양컴텍,484590,KQ,우주항공과국방,13050.0,12340.5,12594.666666666666,12911.166666666666,,0,55.30151500188246,166.84043568261828,0.8212462871299132,0,5.4119547657512035,9.388097233864201,9.388097233864201,550.0936418068718,,605.1030059875591,DART,TRAILING_DART,,550.0936418068718,23.72323366097299,6601.123701682462,-49.41667661546006,5.0,0,3.0,36.44199276429454,20.72099638214727,제외,0.0,BULL,1.0,30.0,RSI우호 | MACD+,,40.72164948453608
2026-04-25,682,682,에스디바이오센서,137310,KS,건강관리장비와용품,8500.0,8135.0,8317.833333333334,8716.083333333334,9275.7,0,54.42712302692341,62.29032479175578,0.4671227481905109,0,-8.700322234156822,4.5510455104551095,4.5510455104551095,-4251.697128762084,,-4676.8668416382925,DART,TRAILING_DART,,-4251.697128762084,-1.9992016699634587,-51020.365545145,-700.2395946487648,5.0,1,3.0,35.319635627676774,20.159817813838387,제외,0.0,BULL,1.0,9.791336353759029,RSI우호 | MACD+,적자,11.082474226804123
2026-04-25,683,683,율촌화학,008730,KS,포장재,26500.0,25880.0,25915.833333333332,27455.416666666668,29204.25,0,53.26168914201903,117.42851415634834,0.7361162388879041,0,0.1890359168241984,10.647181628392488,10.647181628392488,167.94407262096777,,184.73847988306457,DART,TRAILING_DART,,167.94407262096777,157.79062390494562,2015.3288714516134,-92.39498539074863,5.0,0,3.0,35.07888477918087,20.039442389590434,제외,0.0,BULL,1.0,21.482478727116607,RSI우호 | MACD+,,32.86082474226804
2026-04-25,684,684,아스테라시스,450950,KQ,건강관리장비와용품,11750.0,11140.5,12304.0,12931.833333333334,12381.0,0,53.68511199981627,154.19252859357167,0.9036687385786641,0,1.2931034482758674,4.5373665480427094,4.5373665480427094,244.77274657915925,444.0,444.0,DART,TRAILING_DART,,244.77274657915925,48.00371023413778,2937.272958949911,-75.00193226425608,5.0,0,3.0,34.958040327781575,19.979020163890787,제외,0.0,BULL,1.0,9.791336353759029,RSI우호 | MACD+,,48.840206185567006
2026-04-25,685,685,디앤디파마텍,347850,KQ,생물공학,81800.0,74675.0,81110.0,100936.04166666667,122429.125,0,55.67855747436429,1196.1482592989187,1.2510849656970788,0,3.675538656527255,5.4123711340206215,5.4123711340206215,-547.4293430254446,,-602.1722773279891,DART,TRAILING_DART,,-547.4293430254446,-149.42567665065394,-6569.152116305335,-108.03074830844173,5.0,1,3.0,34.845014320314434,19.922507160157217,제외,0.0,BULL,1.0,5.0,RSI우호 | MACD+,적자,70.36082474226805
2026-04-25,686,686,인벤티지랩,389470,KQ,제약,62400.0,63050.0,74718.33333333333,74535.0,60240.5,1,42.88138999841739,555.2321558194844,0.9549812375971898,0,-0.16000000000000458,-18.75,-18.75,-1198.3313724198003,,-1318.1645096617806,DART,TRAILING_DART,,-1198.3313724198003,-52.07240787996326,-14379.976469037603,-123.04483408499615,5.0,1,3.0,34.612796820113196,19.806398410056598,제외,0.0,BULL,1.0,7.667116084725663,200일↑ | MACD+,적자,53.350515463917525
2026-04-25,687,687,메디톡스,086900,KQ,생물공학,107700.0,103020.0,116406.66666666667,119208.33333333333,124970.5,0,52.112589727599214,1375.264436793911,0.7545135620775221,1,0.4664179104477695,3.9575289575289663,3.9575289575289663,2145.508801606687,,2360.059681767356,DART,TRAILING_DART,,2145.508801606687,50.19788309390654,25746.105619280243,-76.09460945285028,5.0,0,3.0,34.53684809529008,19.76842404764504,제외,0.0,BULL,1.0,5.0,20일돌파 | RSI우호 | MACD+,,34.27835051546392
2026-04-25,688,688,삼성에피스홀딩스,0126Z0,KS,제약,574000.0,542150.0,567450.0,,,0,53.89695931090862,5790.029737953448,1.3804186370522171,0,-2.876480541455162,8.097928436911484,8.097928436911484,,,-8583.300000000001,SCRAPE,FORWARD_AUTO,,-8583.300000000001,-66.87404611280043,-65809.1574900258,-111.46501001568394,5.0,1,3.0,34.38319525475472,19.69159762737736,제외,0.0,BULL,1.0,7.667116084725663,RSI우호 | MACD+,"EPS스크랩,적자",76.15979381443299
2026-04-25,689,689,다날,064260,KQ,IT서비스,7720.0,7342.5,7827.333333333333,7485.5,7976.35,0,53.0238391108734,44.81686066667919,0.18143054862464836,0,-3.6204744069912587,20.062208398133752,20.062208398133752,-903.7482866552052,,-994.1231153207258,DART,TRAILING_DART,,-903.7482866552052,-8.542201533318432,-10844.979439862462,-240.47900828837382,5.0,1,3.0,34.21427050231764,19.60713525115882,제외,0.0,BULL,1.0,15.002925450414125,RSI우호 | MACD+,적자,1.4175257731958764
2026-04-25,690,690,하이젠알앤엠,160190,KQ,기계,42100.0,37925.0,53890.0,55628.333333333336,49184.25,0,49.491672980766204,1382.4718701481152,0.9722074748022603,1,2.933985330073341,11.375661375661373,11.375661375661373,-229.9128583268584,,-252.90414415954424,DART,TRAILING_DART,,-229.9128583268584,-183.11285548087102,-2758.954299922301,-106.55333562926911,5.0,1,3.0,33.92029848833065,19.460149244165326,제외,0.0,BULL,1.0,11.980468360394822,20일돌파 | RSI우호 | MACD+,적자,54.63917525773196
2026-04-25,691,691,유티아이,179900,KQ,핸드셋,20650.0,19043.5,20662.166666666668,22449.833333333332,23185.9,0,53.858070142298345,323.5316062050205,1.069715610905723,0,-3.2786885245901676,19.77958236658932,19.77958236658932,-1889.2869399586025,,-2078.215633954463,DART,TRAILING_DART,,-1889.2869399586025,-10.930049619912408,-22671.44327950323,-209.7890715714442,5.0,1,3.0,33.833709885788245,19.416854942894123,제외,0.0,BULL,1.0,23.046435876701775,RSI우호 | MACD+,적자,60.69587628865979
2026-04-25,692,692,카카오페이,377300,KS,IT서비스,55300.0,52777.5,58922.5,54602.083333333336,56945.75,0,50.69955784210464,717.642572758061,0.6860184670044541,0,-2.4691358024691357,3.364485981308407,3.364485981308407,411.7767402043429,673.0,673.0,DART|DAILY_DISC,TRAILING_DART,,411.7767402043429,134.2960750346354,4941.320882452115,-91.06451919990576,5.0,0,3.0,33.772729013147924,19.386364506573962,제외,0.0,BULL,1.0,15.002925450414125,RSI우호 | MACD+,EPS스크랩,28.350515463917525
2026-04-25,693,693,노타,486990,KQ,IT서비스,36450.0,33735.0,37572.5,,,0,53.203799354786824,393.0177108559876,1.9671028784619233,0,7.840236686390534,-7.838179519595445,-7.838179519595445,-779.0428839659274,,-856.9471723625203,DART,TRAILING_DART,,-779.0428839659274,-46.78818169089931,-9348.514607591129,-125.64750235278774,5.0,1,3.0,33.57651193639837,19.288255968199184,제외,0.0,BULL,1.0,15.002925450414125,거래량x2.0 | RSI우호 | MACD+,적자,87.75773195876289
2026-04-25,694,694,신성델타테크,065350,KQ,가정용기기와용품,59900.0,57140.0,64453.333333333336,61095.833333333336,61618.5,0,51.541010347742336,767.2948579979541,0.668298308559713,0,-0.4983388704318914,3.275862068965507,3.275862068965507,880.7698909559864,,968.8468800515852,DART,TRAILING_DART,,880.7698909559864,68.00868264806898,10569.238691471837,-82.35519417116555,5.0,0,3.0,33.38903448275266,19.19451724137633,제외,0.0,BULL,1.0,9.844247281500005,RSI우호 | MACD+,,26.54639175257732
2026-04-25,695,695,콜마비앤에이치,200130,KQ,건강관리업체및서비스,12090.0,11465.0,12599.5,12794.75,13717.35,0,56.25559819897266,122.6008245681868,1.8839865767793524,0,2.8936170212765955,4.404145077720201,4.404145077720201,-769.6272657822775,,-846.5899923605053,DART,TRAILING_DART,,-769.6272657822775,-15.708902916415362,-9235.52718938733,-176.3898030553129,5.0,1,3.0,33.38869032024273,19.194345160121365,제외,0.0,BULL,1.0,5.0,거래량x1.9 | RSI우호 | MACD+,적자,86.46907216494846
2026-04-25,696,696,삼양홀딩스,000070,KS,화학,69900.0,67500.0,67978.33333333333,71873.35234375,83282.83890625,0,55.585594926665266,296.1390467010283,0.7617909629143549,0,1.4513788098693858,-0.8510638297872353,-0.8510638297872353,-38403.39315443869,,-42243.73246988256,DART,TRAILING_DART,,-38403.39315443869,-1.820151665216096,-460840.71785326424,-759.2857193895053,5.0,1,3.0,33.21259182085813,19.106295910429065,제외,0.0,BULL,1.0,14.584285703179969,RSI우호 | MACD+,적자,35.30927835051546
2026-04-25,697,697,녹십자홀딩스,005250,KS,제약,14390.0,13931.0,14616.333333333334,15287.166666666666,15515.5,0,54.42005750884216,96.11284706790319,0.8574680055868311,0,-0.9635237439779787,0.911640953716697,0.911640953716697,-889.2431566287554,,-978.167472291631,DART,TRAILING_DART,,-889.2431566287554,-16.18230052458823,-10670.917879545064,-174.1550929780755,5.0,1,3.0,33.19311157635727,19.096555788178634,제외,0.0,BULL,1.0,7.667116084725663,RSI우호 | MACD+,적자,44.45876288659794
2026-04-25,698,698,한미사이언스,008930,KS,제약,39000.0,38612.5,40155.0,39178.333333333336,40362.0,0,50.61311716037272,86.87543536304017,0.7706824370230775,0,-2.7431421446383997,1.5625,1.5625,1721.1074393547156,,1893.2181832901872,DART|DAILY_DISC,TRAILING_DART,,1721.1074393547156,22.659828845212612,20653.28927225659,-47.0428480198549,5.0,0,3.0,33.17563877795848,19.08781938897924,제외,0.0,BULL,1.0,7.667116084725663,RSI우호 | MACD+,EPS스크랩,35.95360824742268
2026-04-25,699,699,LG생활건강,051900,KS,화장품,253000.0,248275.0,254675.0,264504.1666666667,279492.5,0,53.331577861873924,670.3058188907021,1.1705675595836953,0,-0.7843137254901933,2.2222222222222143,2.2222222222222143,-5605.568608875215,7409.0,7409.0,DART,TRAILING_DART,,-5605.568608875215,-45.13369073735513,-67266.82330650259,-126.58767719624609,5.0,1,3.0,32.777136907140004,18.888568453570002,제외,0.0,BULL,1.0,15.880089461626476,RSI우호 | MACD+,적자,67.0103092783505
2026-04-25,700,700,시노펙스,025320,KQ,핸드셋,6140.0,5990.0,6398.0,6214.785725911458,6365.728581542969,0,52.16431312921893,37.6224538632969,0.7480510085726569,0,0.9868421052631637,4.421768707482987,4.421768707482987,77.71876216401493,,85.49063838041643,DART,TRAILING_DART,,77.71876216401493,79.00280227112162,932.6251459681791,-84.81066537511109,5.0,0,3.0,32.66876163689262,18.83438081844631,제외,0.0,BULL,1.0,23.046435876701775,RSI우호 | MACD+,,33.76288659793815
2026-04-25,701,701,원텍,336570,KQ,건강관리장비와용품,7600.0,7235.5,7609.833333333333,7730.833333333333,8919.6,0,56.621330014926905,48.36093587612363,1.0514680789287532,0,-0.6535947712418277,5.84958217270195,5.84958217270195,391.4794599182426,546.0,546.0,DART,TRAILING_DART,,391.4794599182426,19.41353449702623,4697.753519018911,-38.18745369711959,6.585978015020362,0,3.0,30.931246165848805,18.758612090434582,제외,0.0,BULL,1.0,9.791336353759029,RSI우호 | MACD+,,58.891752577319586
2026-04-25,702,702,오뚜기,007310,KS,식품,368500.0,363300.0,375816.6666666667,381141.6666666667,388525.0,0,51.9729580822524,1055.2599614382448,0.6038419443710609,0,-0.13550135501354532,2.5034770514603677,2.5034770514603677,17998.68295012513,,19798.551245137645,DART,TRAILING_DART,,17998.68295012513,20.473720272817967,215984.19540150155,-41.38827804572549,5.0,0,3.0,32.2566003748127,18.62830018740635,제외,0.0,BULL,1.0,7.681161075476895,RSI우호 | MACD+,,20.2319587628866
2026-04-25,703,703,알지노믹스,476830,KQ,생물공학,185200.0,195435.0,174548.33333333334,,,0,47.29824258324785,-2887.208505804645,0.6108004990874125,0,-7.307307307307309,-18.41409691629956,-18.41409691629956,-7450.241896312589,,-8195.26608594385,DART,TRAILING_DART,,-7450.241896312589,-24.858253272509526,-89402.90275575107,-148.27370559165826,5.0,1,3.0,32.213708998324854,18.606854499162427,제외,0.0,BULL,1.0,5.0,RSI우호,적자,20.747422680412374
2026-04-25,704,704,아세아시멘트,183190,KS,건축자재,11750.0,11200.0,12073.333333333334,12071.75,12443.8,0,53.08194523926061,102.78879255103814,0.5479056185881607,0,-0.3392705682782049,4.5373665480427094,4.5373665480427094,450.1711315059365,,495.1882446565302,DART,TRAILING_DART,,450.1711315059365,26.101185033107903,5402.053578071238,-54.025075931308606,5.0,0,3.0,32.15949677418806,18.57974838709403,제외,0.0,BULL,1.0,5.9791646509456715,RSI우호 | MACD+,,15.077319587628866
2026-04-25,705,705,넷마블,251270,KS,게임엔터테인먼트,50400.0,50335.0,52450.833333333336,51902.083333333336,55236.0,0,47.566262018713815,85.51958163087005,0.8196787298703015,0,-2.3255813953488413,-3.4482758620689613,-3.4482758620689613,2816.2225225896063,4052.0,4052.0,DART,TRAILING_DART,,2816.2225225896063,17.896313091642913,33794.67027107527,-32.94708279548557,11.171302553950126,0,3.0,25.910032300896614,18.54066742742337,제외,0.0,BULL,1.0,10.647409226280267,RSI우호 | MACD+,,40.59278350515464
2026-04-25,706,706,한진칼,180640,KS,항공사,114200.0,113350.0,122430.0,117322.5,114864.0,0,47.316630340817966,809.0492435365429,0.6248866225942555,0,-2.3931623931623958,-2.5597269624573427,-2.5597269624573427,2384.3059941078404,,2622.736593518625,DART,TRAILING_DART,,2384.3059941078404,47.89653688839186,28611.671929294083,-74.94599655928714,5.0,0,3.0,31.80607358663073,18.403036793315366,제외,0.0,BULL,1.0,5.0,RSI우호 | MACD+,,22.29381443298969
2026-04-25,707,707,SK케미칼,285130,KS,화학,58700.0,55675.0,59861.666666666664,64890.0,64917.5,0,55.366525396711964,588.3465750814764,0.9287829469081371,0,-1.0118043844856706,6.727272727272737,6.727272727272737,1577.992536519657,,1735.791790171623,DART,TRAILING_DART,,1577.992536519657,37.19916199950213,18935.910438235886,-67.74120879346528,5.0,0,3.0,31.71660069340643,18.358300346703217,제외,0.0,BULL,1.0,14.584285703179969,RSI우호 | MACD+,,50.25773195876289
2026-04-25,708,708,루닛,328130,KQ,건강관리기술,36450.0,35287.5,38043.333333333336,38965.416666666664,40650.5,0,50.95841548297739,203.8117277478596,1.9981683409581519,0,-2.147651006711404,5.346820809248554,5.346820809248554,-1618.2511744949595,,-1780.0762919444555,DART,TRAILING_DART,,-1618.2511744949595,-22.524315492232343,-19419.014093939513,-153.27575883110978,5.0,1,3.0,31.70992645893316,18.35496322946658,제외,0.0,BULL,1.0,5.0,거래량x2.0 | RSI우호 | MACD+,적자,88.53092783505154
2026-04-25,709,709,하이트진로,000080,KS,음료,17180.0,17051.5,17234.833333333332,17909.083333333332,18647.2,0,52.037007329562954,17.51248516382941,0.6307425262081103,0,-1.7162471395881007,2.689778840406465,2.689778840406465,586.2702345669895,1526.0,1526.0,DART,TRAILING_DART,,586.2702345669895,29.30389261990913,7035.242814803874,-59.04980899415673,5.0,0,3.0,31.698858881731372,18.349429440865684,제외,0.0,BULL,1.0,25.87033288269921,RSI우호 | MACD+,,22.551546391752577
2026-04-25,710,710,롯데지주,004990,KS,복합기업,28950.0,28250.0,30965.0,29763.75,29641.5,0,48.97467056907779,174.07352185404204,0.8153815809212759,0,0.0,-6.462035541195476,-6.462035541195476,-5970.105804369684,,-6567.116384806653,DART,TRAILING_DART,,-5970.105804369684,-4.8491602910639715,-71641.26965243621,-347.46552556972784,5.0,1,3.0,31.36389267630303,18.181946338151516,제외,0.0,BULL,1.0,11.889597626439988,RSI우호 | MACD+,적자,39.948453608247426
2026-04-25,711,711,그린광학,0015G0,KQ,우주항공과국방,34850.0,31270.0,35428.333333333336,,,0,55.570812179071304,774.4162094199742,0.8896274259893561,0,10.459587955625981,4.8120300751879785,4.8120300751879785,,,228.8,SCRAPE,FORWARD_AUTO,,228.8,152.31643356643355,5720.0,-83.5868005738881,5.0,0,3.0,31.361967265017213,18.180983632508607,제외,0.0,BULL,1.0,30.0,RSI우호 | MACD+,EPS스크랩,47.0360824742268
2026-04-25,712,712,SK바이오팜,326030,KS,제약,102300.0,99805.0,104690.0,115609.16666666667,110292.0,0,51.79650450535079,687.0822852148663,0.6645706664773505,0,-3.033175355450235,1.9940179461615193,1.9940179461615193,3233.8569478217287,3458.0,3458.0,DART,TRAILING_DART,,3233.8569478217287,31.634052356245242,38806.283373860744,-62.06619416044893,5.0,0,3.0,30.779014225191826,17.889507112595915,제외,0.0,BULL,1.0,7.667116084725663,RSI우호 | MACD+,,26.03092783505155
2026-04-25,713,713,SPC삼립,005610,KS,식품,49850.0,49732.5,50714.166666666664,51361.25,52558.75,0,46.17699663696071,69.33362707017596,0.5772794784505987,0,-0.2002002002001957,-1.870078740157477,-1.870078740157477,1626.502234265835,,1789.1524576924187,DART,TRAILING_DART,,1626.502234265835,30.648589931080615,19518.026811190022,-60.84648583512533,5.0,0,3.0,30.73952956226181,17.869764781130904,제외,0.0,BULL,1.0,7.681161075476895,RSI우호 | MACD+,,18.04123711340206
2026-04-25,714,714,비츠로넥스텍,488900,KQ,우주항공과국방,20000.0,18655.0,19903.833333333332,,,0,54.10603335041956,278.9983221028514,0.47537034618103946,0,-2.9126213592232997,-0.7444168734491274,-0.7444168734491274,-227.6582010773372,,-250.42402118507093,DART,TRAILING_DART,,-227.6582010773372,-87.85099726412162,-2731.898412928046,-113.65949206464023,5.0,1,3.0,30.33687077917723,17.668435389588616,제외,0.0,BULL,1.0,30.0,RSI우호 | MACD+,적자,11.469072164948454
2026-04-25,715,715,녹십자,006280,KS,제약,142900.0,144095.0,154606.66666666666,150770.83333333334,144426.0,0,44.8299311363906,283.61110790312136,1.0922739167073225,0,-5.489417989417989,-5.364238410596023,-5.364238410596023,-2540.115767817638,3616.0,3616.0,DART,TRAILING_DART,,-2540.115767817638,-56.25727843214554,-30481.389213811653,-121.33057327768486,5.0,1,3.0,30.280116565443354,17.640058282721675,제외,0.0,BULL,1.0,7.667116084725663,MACD+,적자,62.371134020618555
2026-04-25,716,716,제주항공,089590,KS,항공사,5370.0,5240.5,5479.25,5474.875,5940.575,0,51.96079924758117,38.04538543352851,0.8952812564099415,0,-1.6483516483516536,5.7086614173228245,5.7086614173228245,-1443.4417032604451,-182.0,-182.0,DART,TRAILING_DART,,-1443.4417032604451,-3.7202749427775625,-17321.30043912534,-422.55680519786483,5.0,1,3.0,30.258501989903273,17.629250994951636,제외,0.0,BULL,1.0,5.0,RSI우호 | MACD+,적자,47.80927835051546
2026-04-25,717,717,지투지바이오,456160,KQ,제약,81400.0,71835.0,84508.33333333333,80368.33336588541,,0,55.36393850524313,2064.899156220221,0.9453069392395193,0,13.687150837988838,3.9591315453384457,3.9591315453384457,-730.5622296862824,,-803.6184526549107,DART,TRAILING_DART,,-730.5622296862824,-111.4210353236503,-8766.746756235389,-110.76995915999433,5.0,1,3.0,30.186314693161236,17.593157346580618,제외,0.0,BULL,1.0,7.667116084725663,RSI우호 | MACD+,적자,52.0618556701031
2026-04-25,718,718,케이뱅크,279570,KS,은행,6510.0,6209.5,,,,0,37.45727931930114,88.75976482684263,1.158662320320168,1,3.1695721077654504,3.8277511961722466,3.8277511961722466,277.57048543082044,,305.3275339739025,DART,TRAILING_DART,,277.57048543082044,23.45350223348045,3330.8458251698453,-48.834933561139096,5.0,0,3.0,30.057391035189276,17.528695517594638,제외,0.0,BULL,1.0,8.380623511050532,20일돌파 | MACD+,,66.49484536082474
2026-04-25,719,719,웹젠,069080,KQ,게임엔터테인먼트,12310.0,12272.5,13172.5,13167.5,13506.4,0,47.748613998237914,54.80662495308347,0.9113674193881008,0,-2.917981072555209,-1.0450160771704131,-1.0450160771704131,680.1698923067977,,748.1868815374776,DART,TRAILING_DART,,680.1698923067977,18.098419437900446,8162.038707681572,-33.69586752492631,10.516115915689483,0,3.0,24.254244216655156,17.385180066172317,제외,0.0,BULL,1.0,10.647409226280267,RSI우호 | MACD+,,49.22680412371135
2026-04-25,720,720,바이오노트,377740,KS,건강관리장비와용품,5190.0,5058.75,5413.416666666667,5461.291666666667,5496.175,0,51.09146451041156,34.36883887927,0.5177316828370693,0,-1.7045454545454586,-5.29197080291971,-5.29197080291971,-860.1325936106355,,-946.1458529716992,DART,TRAILING_DART,,-860.1325936106355,-6.033953414337659,-10321.591123327626,-298.87458811806596,5.0,1,3.0,29.61508003239385,17.307540016196924,제외,0.0,BULL,1.0,9.791336353759029,RSI우호 | MACD+,적자,13.27319587628866
2026-04-25,721,721,신풍제약,019170,KS,제약,11570.0,11077.5,11596.666666666666,12775.083333333334,12940.1,0,51.94357838417548,104.08654614094291,0.3462488431291666,0,-17.88502484031228,4.89573889392565,4.89573889392565,160.04206116303698,,176.0462672793407,DART,TRAILING_DART,,160.04206116303698,72.2934953219172,1920.5047339564437,-83.40099624929607,5.0,0,3.0,29.596826154168657,17.298413077084327,제외,0.0,BULL,1.0,7.667116084725663,RSI우호 | MACD+,,5.154639175257731
2026-04-25,722,722,스틱인베스트먼트,026890,KS,창업투자,9750.0,9412.0,10449.166666666666,10351.666666666666,10377.8,0,51.0131406897373,89.19617056622019,0.8234785222548883,0,-0.30674846625766694,3.1746031746031855,3.1746031746031855,356.43601815578535,,392.0796199713639,DART,TRAILING_DART,,356.43601815578535,27.354137919189263,4277.232217869424,-56.13095161159565,5.0,0,3.0,29.546826239230384,17.273413119615192,제외,0.0,BULL,1.0,27.354137919189263,RSI우호 | MACD+,,41.108247422680414
2026-04-25,723,723,SK바이오사이언스,302440,KS,제약,44300.0,42875.0,45400.833333333336,48526.25,48315.5,0,53.08514492854706,346.23193958609824,0.5135164811436348,0,-4.935622317596566,2.546296296296302,2.546296296296302,-715.9785644928857,,-787.5764209421743,DART,TRAILING_DART,,-715.9785644928857,-61.87336073584391,-8591.742773914628,-119.39445321425424,5.0,1,3.0,29.536774993787873,17.268387496893936,제외,0.0,BULL,1.0,7.667116084725663,RSI우호 | MACD+,적자,13.015463917525775
2026-04-25,724,724,솔트룩스,304100,KQ,IT서비스,24100.0,22545.0,24557.166666666668,26723.166666666668,30033.9,0,54.484500864992754,347.47765257522053,0.6632886733123626,0,-1.2295081967213073,4.7826086956521685,4.7826086956521685,-952.7149054836664,,-1047.986396032033,DART,TRAILING_DART,,-952.7149054836664,-25.296129892882398,-11432.578865803996,-147.4380865800996,5.0,1,3.0,29.393706889811543,17.19685344490577,제외,0.0,BULL,1.0,15.002925450414125,RSI우호 | MACD+,적자,25.773195876288657
2026-04-25,725,725,바이오다인,314930,KQ,건강관리장비와용품,12390.0,12157.5,12818.5,13244.166666666666,13778.15,0,50.961049600229,65.2256340399729,1.29646735659292,0,-1.3535031847133783,-1.4319809069212375,-1.4319809069212375,28.61143569487043,,31.47257926435748,DART,TRAILING_DART,,28.61143569487043,433.0436309500305,343.33722833844513,-97.228916639722,5.0,0,3.0,29.323852434055137,17.16192621702757,제외,0.0,BULL,1.0,9.791336353759029,RSI우호 | MACD+,,71.90721649484536
2026-04-25,726,726,NAVER,035420,KS,양방향미디어와서비스,214000.0,206475.0,229625.0,240341.66666666666,240146.25,0,50.95733365273424,2562.8128925627952,0.6588379929226561,0,-1.1547344110854452,1.1820330969267046,1.1820330969267046,11595.25484050195,13899.0,13899.0,DART,TRAILING_DART,,11595.25484050195,18.455825503075886,139143.0580860234,-34.97987939905448,9.392605525827328,0,3.0,24.875804408177864,17.134204967002596,제외,0.0,BULL,1.0,29.742394737069002,RSI우호 | MACD+,,25.386597938144327
2026-04-25,727,727,SG,255220,KQ,건축자재,2565.0,2714.75,2817.9166666666665,2613.5833333333335,2458.0,1,40.6088086968311,-17.830827333363573,0.42355023788506363,0,-7.4007220216606555,-5.175600739371533,-5.175600739371533,-22.471962206935725,,-24.7191584276293,DART,TRAILING_DART,,-22.471962206935725,-114.14223539448375,-269.6635464832287,-110.51319869330327,5.0,1,3.0,28.73065637440051,16.865328187200255,제외,0.0,BULL,1.0,5.9791646509456715,200일↑,적자,8.376288659793813
2026-04-25,728,728,카페24,042000,KQ,IT서비스,26950.0,26580.0,30530.0,31578.333333333332,35383.75,0,45.59637966005044,254.2611924859168,0.623053379737463,0,-2.3550724637681153,-3.0575539568345356,-3.0575539568345356,1610.647456811006,,1771.7122024921066,DART,TRAILING_DART,,1610.647456811006,16.732401548231746,19327.76948173207,-28.282859065929244,15.252498317311911,0,3.0,18.465290209192762,16.85889426325234,제외,0.0,BULL,1.0,15.002925450414125,RSI우호 | MACD+,,22.164948453608247
2026-04-25,729,729,알테오젠,196170,KQ,생물공학,369000.0,361850.0,374900.0,429929.1666666667,438845.0,0,51.412688885323085,1084.9845213202052,1.1984343665410913,0,0.8196721311475308,-3.149606299212604,-3.149606299212604,2711.798253116258,,2982.978078427884,DART,TRAILING_DART,,2711.798253116258,136.0720693642915,32541.579037395095,-91.18114389230485,5.0,0,3.0,28.517683805412297,16.75884190270615,제외,0.0,BULL,1.0,5.0,RSI우호 | MACD+,,68.29896907216495
2026-04-25,730,730,한라캐스트,125490,KQ,자동차부품,15740.0,14334.0,16719.333333333332,16120.75,,0,53.94133547736776,372.12575896170375,1.0048881378350119,0,8.852005532503448,1.287001287001277,1.287001287001277,100.20487564746512,,110.22536321221163,DART,TRAILING_DART,,100.20487564746512,157.0781850513496,1202.4585077695815,-92.36049232674979,5.0,0,3.0,28.505905566319342,16.75295278315967,제외,0.0,BULL,1.0,8.065670984801612,RSI우호 | MACD+,,56.572164948453604
2026-04-25,731,731,큐리오시스,494120,KQ,생명과학도구및서비스,60100.0,56440.0,65241.666666666664,,,0,51.32578152319168,1000.2286133368198,1.4391768307592994,0,7.899461400359065,-8.103975535168196,-8.103975535168196,-1032.533423830057,,-1135.7867662130627,DART,TRAILING_DART,,-1032.533423830057,-58.20634820427059,-12390.401085960684,-120.61630796332892,5.0,1,3.0,28.477873827150525,16.738936913575262,제외,0.0,BULL,1.0,5.0,RSI우호 | MACD+,적자,77.70618556701031
2026-04-25,732,732,위메이드,112040,KQ,게임엔터테인먼트,23150.0,21525.0,24429.166666666668,25598.75,27220.5,0,53.58630354976135,443.62488581171647,0.9380447513728115,0,6.436781609195408,6.436781609195408,6.436781609195408,-796.5140476232767,,-876.1654523856045,DART,TRAILING_DART,,-796.5140476232767,-29.06414528290798,-9558.16857147932,-141.28798518997547,5.0,1,3.0,28.45088965881262,16.72544482940631,제외,0.0,BULL,1.0,10.647409226280267,RSI우호 | MACD+,적자,51.28865979381443
2026-04-25,733,733,일동제약,249420,KS,제약,27800.0,27857.5,32448.333333333332,33105.0,28770.5,0,42.98367551725373,242.79111874587284,1.0381228602565076,0,-5.281090289608182,-8.099173553719009,-8.099173553719009,749.0210709491788,,823.9231780440967,DART,TRAILING_DART,,749.0210709491788,37.11511074684604,8988.252851390145,-67.66815521082681,5.0,0,3.0,28.063087251089573,16.531543625544785,제외,0.0,BULL,1.0,7.667116084725663,MACD+,,58.11855670103093
2026-04-25,734,734,네이처셀,007390,KQ,생물공학,20100.0,19146.5,20489.833333333332,21654.0,22661.1,0,54.133771171503234,205.4429502471984,0.5504705472338645,0,-2.4271844660194164,9.956236323851208,9.956236323851208,-44.04914025371531,,-48.45405427908684,DART,TRAILING_DART,,-44.04914025371531,-456.30856548453687,-528.5896830445837,-102.62979941813227,5.0,1,3.0,27.926850041246293,16.46342502062315,제외,0.0,BULL,1.0,5.0,RSI우호 | MACD+,적자,15.463917525773196
2026-04-25,735,735,골프존,215000,KQ,"호텔,레스토랑,레저",51500.0,49962.5,52947.5,55669.583333333336,59213.25,0,56.38912886042491,354.16381927807606,0.8504015884657352,0,-0.3868471953578312,5.967078189300401,5.967078189300401,2049.586797367186,,2254.545477103905,DART,TRAILING_DART,,2049.586797367186,25.12701587761726,24595.04156840623,-52.24263773125004,5.0,0,3.0,27.70639316093262,16.35319658046631,제외,0.0,BULL,1.0,13.705004763700991,RSI우호 | MACD+,,43.94329896907217
2026-04-25,736,736,제주은행,006220,KS,은행,13010.0,12710.0,14055.833333333334,13064.416666666666,13670.85,0,49.18839840389286,86.5357386864516,0.6404887222604655,0,-1.7371601208459264,1.5612802498048417,1.5612802498048417,368.5325871037881,,405.3858458141669,DART,TRAILING_DART,,368.5325871037881,35.30216989016511,4422.3910452454575,-66.00775522486198,5.0,0,3.0,27.637751062526096,16.318875531263046,제외,0.0,BULL,1.0,8.380623511050532,RSI우호 | MACD+,,23.324742268041238
2026-04-25,737,737,풀무원,017810,KS,식품,12090.0,12149.0,12453.833333333334,12814.666666666666,13341.5,0,46.687390645504784,4.139083920736489,1.0701298118960607,0,-2.7353177795655714,-0.16515276630884035,-0.16515276630884035,397.6842979567289,,437.4527277524018,DART,TRAILING_DART,,397.6842979567289,30.400999139562416,4772.211575480747,-60.52761310603187,5.0,0,3.0,27.554219604232966,16.277109802116485,제외,0.0,BULL,1.0,7.681161075476895,RSI우호 | MACD+,,60.824742268041234
2026-04-25,738,738,엠앤씨솔루션,484870,KS,우주항공과국방,117100.0,110250.0,122878.33333333333,136960.83333333334,155402.5,0,51.9363825350166,1797.6280943357845,0.616654286852948,0,0.25684931506848585,13.468992248062017,13.468992248062017,4980.139806749036,,5478.15378742394,DART,TRAILING_DART,,4980.139806749036,23.513396118178697,59761.67768098843,-48.96526244151287,5.0,0,3.0,26.53401955273712,15.76700977636856,제외,0.0,BULL,1.0,30.0,RSI우호 | MACD+,,21.262886597938145
2026-04-25,739,739,한글과컴퓨터,030520,KQ,소프트웨어,21000.0,20172.0,21571.5,22577.0,24038.7,0,53.78831346768112,185.3242585722062,0.6051418187795542,0,1.2048192771084265,2.689486552567244,2.689486552567244,1016.4595808375803,,1118.1055389213386,DART|DAILY_DISC,TRAILING_DART,,1016.4595808375803,20.65994594954345,12197.514970050965,-41.91659538070969,5.0,0,3.0,26.064695473036384,15.532347736518192,제외,0.0,BULL,1.0,30.0,RSI우호 | MACD+,EPS스크랩,20.36082474226804
2026-04-25,740,740,에임드바이오,0009K0,KQ,생물공학,50200.0,48280.0,53871.666666666664,,,0,49.923241581365296,433.97783383840965,1.3054969596746946,0,-0.7905138339920903,-5.6390977443609,-5.6390977443609,,,101.2,SCRAPE,FORWARD_AUTO,,101.2,496.0474308300395,506.0,-98.99203187250995,5.0,0,3.0,25.457771315782825,15.228885657891412,제외,0.0,BULL,1.0,5.0,RSI우호 | MACD+,EPS스크랩,72.55154639175258
2026-04-25,741,741,덕양에너젠,0001A0,KQ,석유와가스,17400.0,16951.0,,,,0,51.40099991957319,296.82127630999025,1.0674042794952687,0,-2.5210084033613467,-9.563409563409564,-9.563409563409564,,,276.1,SCRAPE,FORWARD_AUTO,,276.1,63.02064469395146,2090.943966922706,-87.9830806498695,5.0,0,3.0,25.103236780649734,15.051618390324867,제외,0.0,BULL,1.0,7.57314004680444,RSI우호 | MACD+,EPS스크랩,60.30927835051546
2026-04-25,742,742,엔켐,348370,KQ,전기제품,50600.0,40937.5,58678.333333333336,64109.166666666664,67644.0,0,56.71892960522091,2549.157401605332,0.7029206814544033,0,21.052631578947366,18.501170960187352,18.501170960187352,-3220.623633745108,,-3542.685997119619,DART,TRAILING_DART,,-3220.623633745108,-15.711242838133092,-38647.48360494129,-176.3784260967219,5.0,1,3.0,25.08416265613591,15.042081328067955,제외,0.0,BULL,1.0,5.0,RSI우호 | MACD+,적자,29.25257731958763
2026-04-25,743,743,아시아나항공,020560,KS,항공사,7130.0,7078.0,7286.833333333333,7711.25,8413.7,0,49.92837236519598,17.85399566652945,0.6699943310330145,0,-1.5193370165745845,0.9915014164305846,0.9915014164305846,-1419.9696119841055,,-1561.9665731825162,DART,TRAILING_DART,,-1419.9696119841055,-5.021234215031786,-17039.635343809266,-338.98506793561387,5.0,1,3.0,25.076652421485413,15.038326210742706,제외,0.0,BULL,1.0,5.0,RSI우호 | MACD+,적자,26.932989690721648
2026-04-25,744,744,나이벡,138610,KQ,건강관리장비와용품,27650.0,26555.0,29696.666666666668,34521.25,31873.25,0,50.69047012493454,296.8224272314608,0.9294580736794767,0,1.0968921389396646,-4.490500863557855,-4.490500863557855,408.3453493567309,,449.179884292404,DART,TRAILING_DART,,408.3453493567309,67.71229314490107,4900.144192280771,-82.27795952158853,5.0,0,3.0,24.536593085257486,14.768296542628743,제외,0.0,BULL,1.0,9.791336353759029,RSI우호 | MACD+,,50.38659793814433
2026-04-25,745,745,갤럭시아머니트리,094480,KQ,IT서비스,8750.0,8405.0,9330.833333333334,9423.416666666666,9886.5,0,51.43295093160078,98.02945955501465,0.6311244202215524,0,-1.4639639639639657,3.5502958579881616,3.5502958579881616,208.9705359986447,,229.8675895985092,DART,TRAILING_DART,,208.9705359986447,41.87193164904716,2507.6464319837364,-71.34118363447158,5.0,0,3.0,24.37825548708771,14.689127743543855,제외,0.0,BULL,1.0,15.002925450414125,RSI우호 | MACD+,,22.68041237113402
2026-04-25,746,746,와이지엔터테인먼트,122870,KQ,방송과엔터테인먼트,54600.0,52660.0,62548.333333333336,64875.833333333336,76583.0,0,47.39710749010811,839.6505613503655,0.3607772766982268,0,-2.3255813953488413,-2.8469750889679735,-2.8469750889679735,2875.421160845493,3421.0,3421.0,DART,TRAILING_DART,,2875.421160845493,18.98852270529488,34505.053930145914,-36.80393053086829,7.796560785490244,0,3.0,21.21325267503861,14.504906730264427,제외,0.0,BULL,1.0,13.565426316295,RSI우호 | MACD+,,5.670103092783505
2026-04-25,747,747,삼성바이오로직스,207940,KS,제약,1528000.0,1566800.0,1634733.3333333333,1710638.6114583334,1672663.33625,0,42.26252760328169,-1585.5725369681768,1.2383853182711957,0,-4.559650218613365,-4.856787048567868,-4.856787048567868,38546.45502083118,39968.0,39968.0,DART,TRAILING_DART,,38546.45502083118,39.64048053638764,462557.46024997416,-69.7279149051064,5.0,0,3.0,23.359580814755052,14.179790407377526,제외,0.0,BULL,1.0,7.667116084725663,,,69.84536082474226
2026-04-25,748,748,풍산,103140,KS,비철금속,100500.0,99195.0,107041.66666666667,107450.83333333333,116265.5,0,49.022490039206104,482.24515356545817,0.34153649508546013,0,-1.3738959764474923,9.596510359869148,9.596510359869148,5251.319385213064,8676.0,8676.0,DART|DAILY_DISC,TRAILING_DART,,5251.319385213064,19.13804753201511,63015.83262255677,-37.29767898253058,7.364530890285745,0,3.0,20.364497844220143,13.864514367252944,제외,0.0,BULL,1.0,19.13804753201511,RSI우호 | MACD+,EPS스크랩,4.768041237113402
2026-04-25,749,749,그래피,318060,KQ,건강관리장비와용품,41350.0,39255.0,46654.166666666664,34045.833333333336,,0,51.064932295410806,731.7494433914476,0.6203096821931516,0,13.44307270233196,-10.400866738894909,-10.400866738894909,-1048.7144380229763,,-1153.585881825274,DART,TRAILING_DART,,-1048.7144380229763,-39.42922734805913,-12584.573256275715,-130.43427631505614,5.0,1,3.0,22.63008316967834,13.81504158483917,제외,0.0,BULL,1.0,9.791336353759029,RSI우호 | MACD+,적자,21.778350515463917
2026-04-25,750,750,지노믹트리,228760,KQ,건강관리장비와용품,18100.0,17473.5,19783.666666666668,22896.166666666668,20933.8,0,49.55239781390506,216.99272393897468,0.7114378865789114,0,1.9718309859154903,-5.185961236249348,-5.185961236249348,-367.0689056712279,,-403.7757962383507,DART,TRAILING_DART,,-367.0689056712279,-49.30954303226,-4404.826868054735,-124.33606004450131,5.0,1,3.0,22.38057870949525,13.690289354747625,제외,0.0,BULL,1.0,9.791336353759029,RSI우호 | MACD+,적자,30.283505154639172
2026-04-25,751,751,프로티나,468530,KQ,생물공학,63700.0,62020.0,72251.66666666667,78380.83333333333,,0,47.3794332298039,759.9573683785902,1.0386290339881152,0,1.1111111111111072,-17.165149544863457,-17.165149544863457,-823.7989096373868,,-906.1788006011255,DART,TRAILING_DART,,-823.7989096373868,-77.32469569307752,-9885.586915648642,-115.51897474984088,5.0,1,3.0,22.287617086477994,13.643808543238997,제외,0.0,BULL,1.0,5.0,RSI우호 | MACD+,적자,58.24742268041238
2026-04-25,752,752,엠로,058970,KQ,소프트웨어,29450.0,27857.5,33587.5,35892.083333333336,39464.75,0,50.08610837099569,613.3399303254566,0.4611060972048947,0,1.7271157167530138,2.9720279720279796,2.9720279720279796,205.0812151764952,,225.58933669414472,DART,TRAILING_DART,,205.0812151764952,143.60164569268326,2460.974582117942,-91.64354980605113,5.0,0,3.0,22.17361013249846,13.58680506624923,제외,0.0,BULL,1.0,30.0,RSI우호 | MACD+,,10.824742268041238
2026-04-25,753,753,퓨쳐켐,220100,KQ,제약,19270.0,18887.5,21183.666666666668,24549.75,22137.75,0,47.92942254663999,149.9411441536082,1.009060965850795,0,-0.10368066355624928,-3.165829145728638,-3.165829145728638,-615.9001552563782,,-677.4901707820161,DART,TRAILING_DART,,-615.9001552563782,-31.287538792677456,-7390.801863076538,-138.3539276755399,5.0,1,3.0,21.327592178872617,13.163796089436309,제외,0.0,BULL,1.0,7.667116084725663,RSI우호 | MACD+,적자,56.95876288659794
2026-04-25,754,754,트리니티항공,091810,KS,항공사,986.0,940.05,1167.2247233072917,1602.1441416422526,1827.4114849853515,0,46.75775441304269,19.539574525870776,0.3313726477082986,0,-3.048180924287114,-12.355555555555553,-12.355555555555553,-819.0914263774235,,-901.000569015166,DART,TRAILING_DART,,-819.0914263774235,-1.2037728246781425,-9829.097116529083,-1096.8658333193796,5.0,1,3.0,20.98491229037239,12.992456145186194,제외,0.0,BULL,1.0,5.0,RSI우호 | MACD+,적자,4.252577319587629
2026-04-25,755,755,바이오니아,064550,KQ,생물공학,10970.0,10792.5,11970.0,12678.75,13371.8,0,47.72402415506748,97.92681500827385,0.7507584773737795,0,-10.667752442996747,-8.583333333333332,-8.583333333333332,66.13643147223718,,72.7500746194609,DART,TRAILING_DART,,66.13643147223718,165.86924567596301,793.6371776668461,-92.76538580066685,5.0,0,3.0,20.816311188226678,12.908155594113339,제외,0.0,BULL,1.0,5.0,RSI우호 | MACD+,,34.02061855670103
2026-04-25,756,756,유한양행,000100,KS,제약,94800.0,94945.0,101175.0,108142.5,111558.0,0,45.38536270457434,401.64201983299677,0.9016395833592988,0,-2.7692307692307683,-5.5776892430278835,-5.5776892430278835,2326.7367031808026,2025.0,2025.0,DART,TRAILING_DART,,2326.7367031808026,40.74375921882444,27920.84043816963,-70.54763666859743,5.0,0,3.0,20.299111436184607,12.649555718092303,제외,0.0,BULL,1.0,7.667116084725663,RSI우호 | MACD+,,48.71134020618557
2026-04-25,757,757,바이넥스,053030,KQ,제약,11570.0,11333.5,13198.0,14017.416666666666,15039.5,0,46.25600782720673,136.12756353539032,0.7182622073948577,0,-2.8547439126784258,-2.4451939291736946,-2.4451939291736946,-100.63743777266242,,-110.70118154992868,DART,TRAILING_DART,,-100.63743777266242,-114.96715592199749,-1207.649253271949,-110.4377636410713,5.0,1,3.0,20.134374938693444,12.567187469346722,제외,0.0,BULL,1.0,7.667116084725663,RSI우호 | MACD+,적자,30.541237113402065
2026-04-25,758,758,디어유,376300,KQ,양방향미디어와서비스,32200.0,31455.0,35886.666666666664,35373.75,40714.25,0,46.8321403321054,375.56836642522853,0.6446720055327209,0,-6.936416184971095,-0.7704160246533087,-0.7704160246533087,784.8114327895479,1808.0,1808.0,DART,TRAILING_DART,,784.8114327895479,41.02896397106212,9417.737193474575,-70.75236896436468,5.0,0,3.0,19.912040054285928,12.456020027142964,제외,0.0,BULL,1.0,29.742394737069002,RSI우호 | MACD+,,23.711340206185564
2026-04-25,759,759,펌텍코리아,251970,KQ,포장재,43950.0,44555.0,50401.666666666664,52182.5,56036.5,0,42.15177756502997,175.94775264999976,0.9372845159833123,0,-1.3468013468013518,-7.668067226890751,-7.668067226890751,2329.722777580645,3568.0,3568.0,DART,TRAILING_DART,,2329.722777580645,18.864905482720523,27956.67333096774,-36.38982177254212,8.158905949025645,0,3.0,16.716446956025266,12.437676452525455,제외,0.0,BULL,1.0,21.482478727116607,MACD+,,51.15979381443299
2026-04-25,760,760,카카오,035720,KS,양방향미디어와서비스,48050.0,47687.5,52525.833333333336,56332.916666666664,57985.25,0,46.00179147374602,327.5126978254523,0.8420753404550381,0,-3.9000000000000035,-1.2332990750256956,-1.2332990750256956,1169.206374540987,1485.0,1485.0,DART,TRAILING_DART,,1169.206374540987,41.09625216409183,14030.476494491846,-70.80025703539678,5.0,0,3.0,19.723708814513056,12.361854407256528,제외,0.0,BULL,1.0,29.742394737069002,RSI우호 | MACD+,,43.04123711340206
2026-04-25,761,761,인투셀,287840,KQ,제약,39800.0,40837.5,45474.166666666664,52228.333333333336,44677.25,0,43.130753912963016,157.64218642438402,1.1060069243308053,0,-12.23814773980154,-11.259754738015603,-11.259754738015603,-705.8645347211682,,-776.4509881932851,DART,TRAILING_DART,,-705.8645347211682,-56.384756624331416,-8470.374416654018,-121.28234778053772,5.0,1,3.0,19.02046306127294,12.01023153063647,제외,0.0,BULL,1.0,7.667116084725663,MACD+,적자,62.75773195876289
2026-04-25,762,762,리브스메드,491000,KQ,건강관리장비와용품,61000.0,63005.0,75298.33333333333,,,0,43.03039648178654,102.01384812158994,1.4761230594801373,0,-0.6514657980456029,-18.990703851261625,-18.990703851261625,-916.6493733456908,,-1008.31431068026,DART,TRAILING_DART,,-916.6493733456908,-66.54670997848969,-10999.79248014829,-118.03244668876769,5.0,1,3.0,18.93383029284444,11.96691514642222,제외,0.0,BULL,1.0,9.791336353759029,MACD+,적자,78.8659793814433
2026-04-25,763,763,스튜디오드래곤,253450,KQ,방송과엔터테인먼트,35700.0,35112.5,40585.0,41168.333333333336,43150.25,0,45.103857833749316,372.2984243634696,0.5075621867301314,0,-1.6528925619834656,-5.305039787798405,-5.305039787798405,343.31802111336367,1316.0,1316.0,DART,TRAILING_DART,,343.31802111336367,103.9852201297987,4119.8162533603645,-88.45989844997096,5.0,0,3.0,18.56564585786251,11.782822928931255,제외,0.0,BULL,1.0,13.565426316295,RSI우호 | MACD+,,12.628865979381443
2026-04-25,764,764,스맥,099440,KQ,기계,4430.0,4516.0,5423.333333333333,5554.5,4885.7,0,39.63658799583185,32.46462112049585,0.6683831311985353,0,-1.7738359201773801,-10.685483870967738,-10.685483870967738,-314.9671561323577,,-346.46387174559345,DART,TRAILING_DART,,-314.9671561323577,-14.06495856392847,-3779.605873588292,-185.31841701102238,5.0,1,3.0,18.405672296574693,11.702836148287346,제외,0.0,BULL,1.0,11.980468360394822,MACD+,적자,26.675257731958762
2026-04-25,765,765,아크릴,0007C0,KQ,IT서비스,36350.0,35907.5,39040.833333333336,,,0,47.06931178700461,98.57138589607891,0.23824308388086446,0,-10.024752475247523,6.13138686131387,6.13138686131387,,,-525.8000000000001,SCRAPE,FORWARD_AUTO,,-525.8000000000001,-69.13275009509319,-7888.538201827748,-121.701618161837,5.0,1,3.0,18.29972276705144,11.64986138352572,제외,0.0,BULL,1.0,15.002925450414125,RSI우호 | MACD+,"EPS스크랩,적자",2.190721649484536
2026-04-25,766,766,아난티,025980,KQ,"호텔,레스토랑,레저",7070.0,7118.5,7756.333333333333,7647.416666666667,8372.2,0,45.09735286866766,30.01329921015254,0.8419201907810685,0,-7.460732984293195,0.7122507122507171,0.7122507122507171,-391.0018168879885,,-430.1019985767874,DART,TRAILING_DART,,-391.0018168879885,-18.081757410414706,-4692.021802655862,-166.36523058919184,5.0,1,3.0,18.148229921922336,11.574114960961168,제외,0.0,BULL,1.0,13.705004763700991,RSI우호 | MACD+,적자,42.91237113402062
2026-04-25,767,767,카카오게임즈,293490,KQ,게임엔터테인먼트,12350.0,12185.5,13862.0,14731.25,15447.85,0,44.814239223376575,114.3656594913798,0.576601707534349,0,-0.7234726688102877,-6.439393939393945,-6.439393939393945,-1593.6024024147573,-111.0,-111.0,DART,TRAILING_DART,,-1593.6024024147573,-7.749737312949745,-19123.228828977088,-254.84395812936916,5.0,1,3.0,17.99495063733505,11.497475318667526,제외,0.0,BULL,1.0,10.647409226280267,MACD+,적자,17.65463917525773
2026-04-25,768,768,CJ ENM,035760,KQ,방송과엔터테인먼트,55100.0,54510.0,63635.0,63782.5,66723.0,0,43.1205393601184,555.4036269821827,0.5754697703345031,0,-1.2544802867383464,-7.082630691399661,-7.082630691399661,775.8476348882406,3197.0,3197.0,DART,TRAILING_DART,,775.8476348882406,71.01909901154374,9310.171618658887,-83.10313680824159,5.0,0,3.0,17.71787516828214,11.35893758414107,제외,0.0,BULL,1.0,13.565426316295,MACD+,,17.396907216494846
2026-04-25,769,769,이뮨온시아,424870,KQ,제약,7220.0,7612.5,8469.666666666666,9380.25,7879.575,0,40.70170450603404,13.866923203513807,0.41653156114553613,0,-5.9895833333333375,-26.024590163934423,-26.024590163934423,-367.9616951542396,,-404.7578646696636,DART,TRAILING_DART,,-367.9616951542396,-19.621607615905702,-4415.540341850875,-161.15706844668802,5.0,1,3.0,17.219595334806083,11.109797667403042,제외,0.0,BULL,1.0,7.667116084725663,MACD+,적자,7.989690721649484
2026-04-25,770,770,나라스페이스테크놀로지,478340,KQ,우주항공과국방,35300.0,37065.0,44354.166666666664,,,0,42.89675053850197,233.81798068672242,0.3646868135487633,0,-7.953063885267275,-22.417582417582416,-22.417582417582416,-665.7992930389156,,-732.3792223428072,DART,TRAILING_DART,,-665.7992930389156,-53.01898089870266,-7989.591516466988,-122.63340372936824,5.0,1,3.0,16.255477867040153,10.627738933520076,제외,0.0,BULL,1.0,30.0,MACD+,적자,6.185567010309279
2026-04-25,771,771,한샘,009240,KS,가구,39200.0,39560.0,43187.5,44377.5,44579.75,0,41.92761634300695,134.07669388317254,0.6804125497977761,0,-1.1349306431273631,-8.62470862470862,-8.62470862470862,1966.5686221611625,999.0,999.0,DART,TRAILING_DART,,1966.5686221611625,19.933197122265238,23598.82346593395,-39.79891972976033,5.175945236459713,0,3.0,15.574173960960923,10.375059598710319,제외,0.0,BULL,1.0,11.829622664471096,MACD+,,27.835051546391753
2026-04-25,772,772,넥스트바이오메디컬,389650,KQ,건강관리장비와용품,62500.0,65330.0,71270.0,74825.83333333333,68938.25,0,42.556281561940715,-98.24965596389211,0.45186645736204356,0,-2.0376175548589393,-21.185372005044133,-21.185372005044133,-37.919043121759614,-509.0,-509.0,DART,TRAILING_DART,,-37.919043121759614,-1648.2483431691544,-455.02851746111537,-100.72804562793777,5.0,1,3.0,15.516433505557147,10.258216752778573,제외,0.0,BULL,1.0,9.791336353759029,,적자,9.664948453608249
2026-04-25,773,773,프레스티지바이오파마,950210,KS,제약,9220.0,9458.5,10319.333333333334,11455.916666666666,12738.4,0,42.48639649285725,31.294406037681682,0.5999106878620047,0,-7.243460764587528,-10.311284046692604,-10.311284046692604,0.0494923344097471,,0.0544415678507218,DART,TRAILING_DART,,0.0494923344097471,186291.47543673345,0.5939080129169653,-99.99355848142173,5.0,0,3.0,14.817102201206513,9.908551100603257,제외,0.0,BULL,1.0,7.667116084725663,MACD+,,19.84536082474227
2026-04-25,774,774,하이브,352820,KS,방송과엔터테인먼트,252000.0,263025.0,328350.0,322541.6666666667,305392.5,0,35.851300013363215,2253.874133650792,0.5624489781742226,0,-4.0000000000000036,-17.915309446254067,-17.915309446254067,-5901.903587443894,9772.0,9772.0,DART,TRAILING_DART,,-5901.903587443894,-42.69808821277964,-70822.84304932674,-128.10430279735186,5.0,1,3.0,14.667327994694467,9.833663997347234,제외,0.0,BULL,1.0,13.565426316295,MACD+,적자,16.49484536082474
2026-04-25,775,775,메쥬,0088M0,KQ,건강관리장비와용품,43550.0,35517.5,,,,0,65.00517110331802,,0.6087531319371826,0,13.263979193758125,11.66666666666667,11.66666666666667,,,457.6,SCRAPE,FORWARD_AUTO,,457.6,95.17045454545455,4480.515515480131,-89.71178986112484,5.0,0,3.0,12.544222292845276,8.772111146422638,제외,0.0,BULL,1.0,9.791336353759029,RSI우호,EPS스크랩,20.618556701030926
2026-04-25,776,776,삼양바이오팜,0120G0,KS,건강관리장비와용품,79600.0,89240.0,96391.66666666667,,,0,42.4941008745857,-466.1454425527327,0.34597051762969605,0,-4.326923076923073,-42.56854256854257,-42.56854256854257,,,2047.1,SCRAPE,FORWARD_AUTO,,2047.1,38.884275316301114,20043.844649780105,-74.81929064097976,5.0,0,3.0,11.11973947396788,8.05986973698394,제외,0.0,BULL,1.0,9.791336353759029,,EPS스크랩,5.025773195876289
2026-04-25,777,777,젬백스,082270,KQ,반도체와반도체장비,24400.0,28097.5,36314.166666666664,34431.666666666664,41599.0,0,33.685135215400805,-96.73092941752657,0.4344019980340846,0,-5.2427184466019465,-40.56029232643118,-40.56029232643118,-256.08408615352755,,-281.69249476888035,DART,TRAILING_DART,,-256.08408615352755,-95.28120378933546,-3073.0090338423306,-112.59429931902594,5.0,1,3.0,8.730366778515075,6.865183389257537,제외,0.0,BULL,1.0,30.0,,적자,9.149484536082474
2026-04-25,778,778,카나프테라퓨틱스,0082N0,KQ,제약,37650.0,37665.0,,,,0,32.0469869081262,,0.7323050921337926,0,-0.3968253968253954,-18.594594594594593,-18.594594594594593,,,-3982.000000000001,SCRAPE,FORWARD_AUTO,,-3982.000000000001,-9.45504771471622,-30530.456249377596,-181.09018924137476,5.0,1,3.0,6.427409343080069,5.713704671540034,제외,0.0,BULL,1.0,7.667116084725663,,"EPS스크랩,적자",32.21649484536083
2026-04-25,779,779,아이엠바이오로직스,493280,KQ,제약,53600.0,54140.0,,,,0,15.572359440236255,,0.41587718137668434,0,-7.903780068728528,-28.43791722296395,-28.43791722296395,59.345032488253,,65.2795357370783,DART,TRAILING_DART,,59.345032488253,903.1926978995219,712.140389859036,-98.67137986966597,5.0,0,3.0,0.0,2.5,제외,0.0,BULL,1.0,7.667116084725663,,,7.860824742268041
